round,driver,lap,c_old,c_new,age_old,age_new,t_old,t_new,fuel_old,fuel_new,close_old,close_new,step_obs,pair,d_fuel,d_close,tt,horizon,age,progress,race_laps,n_recent,spread,last_minus_median,median3_minus_last,median8_minus_last,slope,slope_h,kalman_minus_last,kalman_trend,kalman_h,last_delta,field_delta,soft,medium,hard,pace_scale,innovation,median5_minus_last,mean3_minus_last,mean8_minus_last,field_relative,field_spread,trend_change,history_span,position,track_temp_c,air_temp_c,track_temp_change_c,weather_missing,rainfall,humidity_pct,wind_speed_ms,traffic_close,traffic_near,traffic_gap_s,traffic_missing,traffic_change,thermal_age,traffic_age,field_laps_log,target_lap,issued_s,segment,compound,current_s,mean,existing_factorized,age_a16_seconds,age_a16_normalized,age_a64_seconds,age_a64_normalized,age_a256_seconds,age_a256_normalized,state_a16_seconds,state_a16_normalized,state_a64_seconds,state_a64_normalized,state_a256_seconds,state_a256_normalized,environment_a16_seconds,environment_a16_normalized,environment_a64_seconds,environment_a64_normalized,environment_a256_seconds,environment_a256_normalized,environment_a64_balanced,environment_a256_balanced
4,ALB,26.0,MEDIUM,HARD,25.0,3.0,95.32799999999999,93.832,40.52631578947368,34.385964912280706,0.27918494152046786,0.33886107634543183,1.4959999999999951,MEDIUM>HARD,6.140350877192972,-0.05967613482496398,38.45361423264986,1,26.0,0.45614035087719296,57,8,0.11999999999999744,-0.13299999999999557,0.15500000000000114,0.07399999999999807,0.014000000000000767,0.014000000000000767,0.19495167432378935,0.0007956030975121535,0.0007956030975121535,-0.15500000000000114,0.005000000000009663,0,1,0,94.964,-0.3264663434971453,0.13299999999999557,0.3639999999999901,0.1548750000000041,-0.03700000000000614,1.036999999999992,-0.013204396902488614,7.0,10.0,37.5,27.6,0.10000000000000142,0,0,68.5,0.9,0.063158,0.394737,3.040145,0,-0.305263,2.6,0.06568432,6.182084906716632,27,6191.349,8,MEDIUM,94.964,0.9663434343434372,0.8938054828308166,0.9396661168827588,0.9809169286868876,0.8880182398898009,0.9336848728305115,0.9004563485779813,0.95313264814967,1.146652214022464,1.1541244536644542,1.0097572417960594,1.037881793400403,0.9444138786398134,0.9904036904989674,0.8415931987441766,0.8757222313599647,0.8317188091106203,0.8726989380209454,0.8711589768605833,0.9212540432983979,0.8228760241625458,0.9187624803908518
4,ALO,40.0,MEDIUM,SOFT,39.0,3.0,96.99366666666667,94.552,23.333333333333332,17.19298245614035,0.121606249574841,0.46568949648715585,2.441666666666663,MEDIUM>SOFT,6.140350877192983,-0.34408324691231484,38.51611943297426,1,40.0,0.7017543859649122,57,8,0.15699999999999648,1.1589999999999918,-0.8469999999999942,-1.1664999999999992,0.12657142857142828,0.12657142857142828,-0.7445714076873458,0.08714186288966748,0.08714186288966748,1.3229999999999933,0.0799999999999983,0,1,0,97.717,1.1468188760862859,-1.1589999999999918,-0.7233333333333292,-1.1063749999999999,3.7055000000000007,0.7519999999999953,-0.0394295656817608,7.0,15.0,39.4,28.0,0.19999999999999574,0,0,67.7,0.8,0.328205,0.65641,1.262288,0,0.266029,7.039999999999997,0.525128,6.610696044717759,41,7567.875,8,MEDIUM,97.717,0.9663434343434372,2.3586068442621597,1.9675385132927652,2.082505102605955,1.473725003191249,1.577706532094442,1.1562406384643427,1.2517266272005392,2.237035892717154,2.2776445691343112,1.799490257306874,1.8692494282336618,1.3555883995610813,1.4414635014583905,1.8394717627265487,2.032808064483411,1.5338967549928961,1.6853403211287563,1.2471291537273228,1.3606990620027495,1.5500734056945056,1.347444196722266
4,ANT,25.0,MEDIUM,HARD,24.0,3.0,92.95466666666668,92.485,41.75438596491228,35.614035087719294,0.08602150537634408,0.4319283870125385,0.4696666666666829,MEDIUM>HARD,6.1403508771929864,-0.34590688163619443,38.53057167034027,1,25.0,0.43859649122807015,57,8,0.15699999999999648,0.07399999999999807,-0.07399999999999807,-0.028499999999993975,-0.05112499999999862,-0.05112499999999862,-0.15726387852964763,-0.036761018238614454,-0.036761018238614454,0.26599999999999113,0.20299999999999585,0,1,0,93.068,0.27065871681475073,-0.07399999999999807,-0.11333333333334394,-0.018999999999991246,-1.7420000000000044,1.1304999999999978,0.014363981761384169,7.0,2.0,37.0,27.5,0.0,0,0,68.8,0.6,0.155914,0.543011,2.299924,0,0.043010999999999994,2.0,0.155914,6.126869184114185,26,6066.067,8,MEDIUM,93.068,0.9663434343434372,0.6889411659848175,0.9141001587950055,0.9365617447341547,0.8727244638130485,0.9001989925000762,0.8937795307538591,0.9275726320428348,0.8486581505092127,0.8196384756763537,0.8217097989596057,0.8258452170382573,0.8571186967482806,0.8826213174638923,0.6662884706753036,0.6864529245671261,0.7322796097561151,0.7605247820788897,0.8271245166392222,0.8609809642393568,0.8385986375414574,0.9389462099793531
4,BEA,25.0,MEDIUM,HARD,24.0,3.0,95.55033333333334,93.882,41.75438596491228,35.614035087719294,0.30599036451231704,0.46276595744680854,1.6683333333333366,MEDIUM>HARD,6.1403508771929864,-0.1567755929344915,38.53057167034027,1,25.0,0.43859649122807015,57,8,0.08050000000000068,-0.09199999999999875,0.09199999999999875,0.09099999999999397,-0.01258333333333302,-0.01258333333333302,0.34048268390850467,0.019268076860537504,0.019268076860537504,-0.09199999999999875,0.2389999999999901,0,1,0,95.015,-0.5859871140526707,0.09199999999999875,0.535333333333341,0.2688749999999942,0.009500000000002728,1.116500000000002,0.03185141019387053,7.0,11.0,37.4,27.5,0.3999999999999986,0,0,68.7,1.7,0.2,0.752632,1.761029,0,0.0,2.3999999999999986,0.2,6.1463292576688975,26,6098.175,8,MEDIUM,95.015,0.9663434343434372,0.8563384170303914,0.9141001587950055,0.9561547919361726,0.8727244638130485,0.9190313241113459,0.8937795307538591,0.9469776253228818,1.12947142710672,1.1221796764402345,0.9530807309601182,0.9787450536371324,0.9006121446336417,0.9465681353671264,1.0390635458132746,1.1016836046223086,0.8873987676152814,0.943022416212979,0.8767450191593976,0.9323009206646511,0.8943313243440977,0.9514036823199916
4,BOR,31.0,MEDIUM,HARD,30.0,3.0,95.08433333333333,93.68366666666668,34.38596491228069,28.245614035087716,0.052539726279048404,0.04981605795122691,1.4006666666666518,MEDIUM>HARD,6.140350877192976,0.0027236683278214976,38.37182574836945,1,31.0,0.543859649122807,57,8,0.02750000000000341,0.17799999999999727,-0.17799999999999727,-0.19199999999999307,0.015999999999998238,0.015999999999998238,-0.20419716768363116,-0.02114497553486403,-0.02114497553486403,0.17799999999999727,-0.09099999999999397,0,1,0,95.204,0.3174137806913535,-0.17799999999999727,-0.11966666666666015,-0.1557499999999976,1.4199999999999875,0.9200000000000017,-0.03714497553486227,7.0,9.0,38.9,28.0,0.10000000000000142,0,0,66.6,1.7,0.068063,0.282723,3.742947,0,-0.0003579999999999972,4.835999999999998,0.08439812,6.35088571671474,32,6676.028,8,MEDIUM,95.204,0.9663434343434372,1.2338473066626992,1.0722896027173967,1.1148046495516748,0.9690660469167233,1.0166247321015878,0.9364192120823828,0.9915920008856679,1.299951500477524,1.2945657769529297,1.1641069631084682,1.185916060673413,1.0367474459550554,1.0823441748338858,0.9257950914738617,0.9921090183706028,0.9233171040441837,0.9855775210384071,0.9390101514172057,0.9991248476277126,0.9024967075277832,0.9784226681490357
4,BOT,20.0,SOFT,MEDIUM,13.0,3.0,97.175,96.75733333333334,47.89473684210526,41.75438596491228,0.18465939337649487,0.49876859970771886,0.41766666666666197,SOFT>MEDIUM,6.140350877192979,-0.31410920633122397,39.17176563179955,1,14.0,0.3508771929824561,57,5,0.13599999999999568,1.137999999999991,-1.0019999999999953,-1.137999999999991,0.34941666666666416,0.34941666666666416,-0.5511939930543122,0.18469294913754183,0.18469294913754183,1.0019999999999953,0.09300000000000352,1,0,0,97.904,1.0498184229073075,-1.137999999999991,-0.7289999999999992,-1.0297999999999945,2.7989999999999924,1.2430000000000092,-0.16472371752912232,4.0,17.0,37.4,27.8,-1.0,0,0,67.8,1.2,0.357143,0.704082,1.31969,0,0.290133,1.3439999999999992,0.20000008000000002,5.948034989180646,21,5640.184,8,SOFT,97.904,0.9663434343434372,,,,,,,,,,,,,,,,,,,,,
4,BOT,29.0,MEDIUM,MEDIUM,7.0,12.0,96.56700000000001,98.42900000000002,36.84210526315789,30.701754385964914,0.08808290155440414,0.16696057910343623,-1.862000000000009,MEDIUM>MEDIUM,6.140350877192976,-0.07887767754903209,38.35043380992113,1,8.0,0.5087719298245614,57,7,0.10599999999999454,0.0,0.09000000000000341,0.0,0.01766666666666576,0.01766666666666576,-0.012690104067900165,-0.06116244408606012,-0.06116244408606012,-0.16800000000000637,0.04999999999999716,0,1,0,96.481,0.023293549888634857,0.0,0.08600000000001273,0.12400000000000944,2.2889999999999873,1.3099999999999952,-0.07882911075272588,6.0,18.0,38.3,27.8,0.29999999999999716,0,0,66.8,0.8,0.067358,0.378238,3.142897,0,-0.010361999999999996,1.0559999999999992,0.02155456,6.302618975744905,30,6530.864,9,MEDIUM,96.481,0.9663434343434372,,,,,,,,,,,,,,,,,,,,,
4,COL,30.0,MEDIUM,HARD,29.0,3.0,94.302,93.089,35.614035087719294,29.473684210526315,0.051334008780817286,0.057347670250896064,1.213000000000008,MEDIUM>HARD,6.140350877192979,-0.006013661470078778,38.3474259402172,1,30.0,0.5263157894736842,57,8,0.07900000000000063,-0.08300000000001262,0.13100000000000023,0.028000000000005798,0.02507142857142851,0.02507142857142851,-0.0028084976690365693,-0.023961694361626644,-0.023961694361626644,-0.13100000000000023,-0.08599999999999852,0,1,0,94.192,0.0044180532585045285,0.08300000000001262,0.11000000000001364,0.010625000000004547,0.07549999999999102,1.3699999999999974,-0.04903312293305515,7.0,4.0,38.8,27.9,0.7999999999999972,0,0,66.4,0.0,0.069149,0.12234,5.845702,0,0.005656999999999995,4.559999999999997,0.0829788,6.309918278226516,31,6556.866,8,MEDIUM,94.192,0.9663434343434372,1.0297070287452263,1.0451108549974684,1.0763164627270738,0.952248291453243,0.9892627808954116,0.9288879416958437,0.973574219526246,1.1974646446990262,1.1968123696054147,1.0781813598974224,1.096479055205874,0.9908621875519161,1.0280232065549535,0.8737917930130662,0.9376332549828753,0.8905438477285668,0.9474230465304746,0.9222274991469896,0.9736527875597945,0.8459611541838474,0.9402963840412629
4,HAM,26.0,MEDIUM,HARD,25.0,3.0,94.41033333333333,92.75066666666667,40.52631578947368,34.385964912280706,0.08630085852930197,0.05216506829410056,1.6596666666666522,MEDIUM>HARD,6.140350877192972,0.03413579023520141,38.45361423264986,1,26.0,0.45614035087719296,57,8,0.0799999999999983,0.8169999999999931,-0.7939999999999969,-0.805499999999995,0.017666666666665755,0.017666666666665755,-0.5313108579954644,0.05665034052175901,0.05665034052175901,0.7939999999999969,-0.09199999999999875,0,1,0,94.984,0.8897338977557041,-0.8169999999999931,-0.5736666666666679,-0.7637500000000017,-0.03100000000000591,0.9440000000000026,0.03898367385509326,7.0,5.0,36.8,27.6,-0.6000000000000014,0,0,67.9,0.9,0.168421,0.342105,3.574256,0,0.10459099999999999,1.871999999999997,0.17515784,6.171700597410915,27,6175.193,8,MEDIUM,94.984,0.9663434343434372,1.0442677552853357,0.9396661168827588,0.9811235157996222,0.8880182398898009,0.9338815125830134,0.9004563485779813,0.9533333837227607,1.201241957845536,1.1948694067066574,1.1042030033352592,1.118848776966487,1.0117901939635139,1.0519284280757593,0.9750450169934068,1.0194439998393297,0.9618815561111064,1.0070357109283947,0.9570432367256309,1.0076690146812604,1.0076868142218147,1.0487451540992374
4,LEC,20.0,MEDIUM,HARD,19.0,3.0,93.64,93.48666666666666,47.89473684210526,41.75438596491228,0.04982553950013274,0.7775793789157267,0.15333333333333599,MEDIUM>HARD,6.140350877192979,-0.727753839415594,39.17176563179955,1,20.0,0.3508771929824561,57,4,0.0764999999999958,-0.0014999999999929514,0.0,0.0014999999999929514,-0.3711666666666626,-0.3711666666666626,-0.018115622383987784,-0.08951043397592581,-0.08951043397592581,0.14999999999999147,-0.15100000000000335,0,1,0,93.689,0.03457909990021335,0.0014999999999929514,-0.049000000000006594,0.4052499999999952,-1.180499999999995,1.1659999999999897,0.2816562326907368,3.0,3.0,37.4,27.8,-1.3000000000000043,0,0,67.8,1.2,0.058824,0.229947,3.999103,0,-0.0053470000000000045,1.9199999999999988,0.047059199999999995,5.910796644040527,21,5605.776,8,MEDIUM,93.689,0.9663434343434372,0.5446255018188344,0.7907850346683478,0.8225072825306157,0.8008781598866201,0.8361303404156308,0.8630705081510165,0.9036055333135105,0.63294361617277,0.6278800402535557,0.7514467646696117,0.7652696077983325,0.8448216393036226,0.8770861861183612,0.2965427116548984,0.3126804506420981,0.5573812815388421,0.5863920025673887,0.7619646399187574,0.8006888538735599,0.5454017902981344,0.7900135406628158
4,LIN,27.0,MEDIUM,HARD,26.0,3.0,95.981,94.20366666666666,39.29824561403509,33.1578947368421,0.04860296345025273,0.10983526586363467,1.7773333333333312,MEDIUM>HARD,6.1403508771929864,-0.061232302413381935,38.40945789136108,1,27.0,0.47368421052631576,57,8,0.08949999999999392,0.17899999999998784,-0.031999999999996476,-0.08749999999999147,-0.030250000000000554,-0.030250000000000554,-0.17291946910741274,-0.03453030160786201,-0.03453030160786201,0.23499999999999943,-0.1869999999999976,0,1,0,96.07,0.283202952700492,-0.17899999999998784,-0.08899999999999864,-0.08012499999999534,0.8179999999999978,1.0100000000000051,-0.004280301607861456,7.0,13.0,37.3,27.7,-0.20000000000000284,0,0,67.4,2.4,0.067708,0.125,6.676921,0,0.00488100000000001,2.483999999999997,0.07312464,6.22455842927536,28,6303.374,9,MEDIUM,96.07,0.9663434343434372,1.0582226586773489,0.9655454726997145,1.0182220163216233,0.9036182448160521,0.9601968316422914,0.9073072180722959,0.9711548987139123,1.1563505454819285,1.1642092673778424,1.0821554368126785,1.1135012451690842,1.0002470762095221,1.0548246940364339,0.8651095714750627,0.9192483838103035,0.9041357825326423,0.9614488321551959,0.9335006288746256,0.9966233994582785,0.8636445997666913,0.9661265391326151
4,NOR,26.0,MEDIUM,HARD,25.0,3.0,93.17866666666667,92.589,40.52631578947368,34.385964912280706,0.04999712494968662,0.5275807951639154,0.5896666666666732,MEDIUM>HARD,6.140350877192972,-0.4775836702142288,38.45361423264986,1,26.0,0.45614035087719296,57,8,0.047999999999994714,-0.034000000000006025,0.034000000000006025,0.016999999999995907,0.01975000000000122,0.01975000000000122,0.10382990417960514,0.016798908699679975,0.016798908699679975,-0.32500000000000284,0.01950000000000074,0,1,0,93.059,-0.17387370116593104,0.034000000000006025,0.11966666666667436,0.03650000000000375,-1.9490000000000123,0.9714999999999918,-0.0029510913003212465,7.0,1.0,36.8,27.6,-0.20000000000000284,0,0,67.9,0.9,0.064171,0.128342,12.596092,0,0.005031000000000008,1.871999999999997,0.06673784,6.163314804034641,27,6156.959,8,MEDIUM,93.059,0.9663434343434372,0.6914878264688377,0.9396661168827588,0.9612395061989076,0.8880182398898009,0.9149549364046855,0.9004563485779813,0.9340125848127725,0.9759099995837827,0.9711697914547807,0.9111666778210106,0.9216935056601591,0.9044551115722457,0.9309439095682752,0.7327900185049228,0.7617327757757517,0.7803960334945452,0.8102727384524017,0.8572778022534016,0.8906505979329886,0.8074547528523143,0.9229947682314882
4,OCO,30.0,MEDIUM,HARD,29.0,3.0,95.46233333333333,93.87766666666668,35.614035087719294,29.473684210526315,0.09598603839441537,0.04787234042553192,1.5846666666666493,MEDIUM>HARD,6.140350877192979,0.04811369796888345,38.3474259402172,1,30.0,0.5263157894736842,57,8,0.09949999999999903,-0.07500000000000284,0.07500000000000284,0.0049999999999954525,0.05699999999999607,0.05699999999999607,0.056398123170239955,0.021874615535098358,0.021874615535098358,-0.13299999999999557,-0.12100000000000932,0,1,0,95.393,-0.08871999951887233,0.07500000000000284,0.0693333333333328,-0.08250000000001023,1.3319999999999936,1.3319999999999936,-0.03512538446489771,7.0,9.0,38.8,27.9,0.7999999999999972,0,0,66.4,0.0,0.068063,0.13089,6.857833,0,-0.0052350000000000035,4.559999999999997,0.0816756,6.318968113746434,31,6576.641,8,MEDIUM,95.393,0.9663434343434372,1.1911187384664532,1.0451108549974684,1.0900400918222755,0.952248291453243,1.0018764274880672,0.9288879416958437,0.9859878283003567,1.3714787440685732,1.3860478252258899,1.1928569030958973,1.2243451424465868,1.0445114336394452,1.0946055692736414,1.0568540356508882,1.137444278889411,0.998050172914849,1.0683354634421036,0.9721918816174808,1.0362743255883475,0.9314542967292996,0.9870077375456258
4,PER,28.0,MEDIUM,HARD,27.0,3.0,96.52733333333333,95.09499999999998,38.070175438596486,31.929824561403507,0.04836907008766151,0.049049324882887844,1.4323333333333466,MEDIUM>HARD,6.140350877192979,-0.0006802547952263344,38.37180368993304,1,28.0,0.49122807017543857,57,8,0.16949999999999932,0.5339999999999918,-0.5339999999999918,-0.46649999999999636,0.04875000000000185,0.04875000000000185,-0.31506440798739277,0.021740939706185517,0.021740939706185517,0.5339999999999918,-0.09949999999999903,0,1,0,96.919,0.5004758175863628,-0.5339999999999918,-0.3916666666666657,-0.4116250000000008,2.2369999999999948,1.2624999999999957,-0.02700906029381633,7.0,15.0,37.8,27.8,0.3999999999999986,0,0,66.9,2.1,0.07732,0.123711,5.742775,0,-0.0060130000000000045,3.135999999999997,0.08659839999999999,6.263398262591624,29,6408.265,8,MEDIUM,96.919,0.9663434343434372,1.2985678367350446,0.9917430352173459,1.0536483888570989,0.9195237263020826,0.9847745685524387,0.9143304796745839,0.986900400113348,1.365926729608885,1.375418435685076,1.213196153321818,1.251472124306767,1.0593944406378886,1.1228357417193704,1.078269460116134,1.145038768957185,1.0368916672565558,1.106595044162087,0.9969954544013195,1.070853893188012,1.0483362072740947,1.065686404970743
4,PIA,27.0,MEDIUM,HARD,26.0,3.0,94.19066666666667,92.26199999999999,39.29824561403509,33.1578947368421,0.04949608062709967,0.3464061887974932,1.928666666666686,MEDIUM>HARD,6.1403508771929864,-0.29691010817039354,38.40945789136108,1,27.0,0.47368421052631576,57,8,0.2154999999999987,0.0,0.12099999999999511,-0.09799999999999898,0.07425000000000044,0.07425000000000044,0.0921692801063756,0.03105832499024664,0.03105832499024664,-0.12099999999999511,-0.12099999999999511,0,1,0,93.95,-0.15095241969652307,0.0,0.24066666666666947,-0.08325000000000671,-1.0339999999999918,1.0400000000000063,-0.0431916750097538,7.0,2.0,37.3,27.7,0.5,0,0,67.4,2.4,0.069149,0.132979,11.872433,0,0.005319000000000004,2.483999999999997,0.07468092,6.202535517187923,28,6264.02,8,MEDIUM,93.95,0.9663434343434372,0.8563933320243378,0.9655454726997145,0.9957526640305665,0.9036182448160521,0.9390079351805275,0.9073072180722959,0.9497241879272619,1.1947625307468486,1.2149820333004517,1.052493989039607,1.0770767334147795,0.9723113073259484,1.009441202481646,0.950933526989668,1.0083231394267327,0.9259145510291185,0.9750095823624283,0.9317051622469167,0.9776830021876611,0.8588666556367793,0.9456230064098674
4,RUS,19.0,MEDIUM,HARD,18.0,3.0,93.97366666666666,93.58366666666666,49.122807017543856,42.98245614035088,0.4184397163120568,0.6994175026089918,0.39000000000000057,MEDIUM>HARD,6.140350877192979,-0.28097778629693504,39.24912708405993,1,19.0,0.3333333333333333,57,3,0.06800000000001205,-0.11699999999999022,0.11699999999999022,0.11699999999999022,-0.05849999999999511,-0.05849999999999511,0.0833278306039773,-0.013726925221576973,-0.013726925221576973,-0.18500000000000227,0.04449999999999932,0,1,0,93.873,-0.17405747126437632,0.11699999999999022,0.10066666666665469,0.10066666666665469,-1.3094999999999999,1.3329999999999984,0.04477307477841814,2.0,5.0,38.7,27.9,0.10000000000000142,0,0,68.8,1.3,0.409574,1.0,1.133547,0,-0.106383,2.812000000000002,0.31127624,5.8664680569332965,20,5514.22,8,MEDIUM,93.873,0.9663434343434372,0.5946667273124487,0.7669837449827541,0.8008529969353055,0.7874398592062777,0.8246692495884277,0.8574779342876035,0.8998962835521623,0.7806423372971576,0.7713035893401878,0.7868041499997865,0.8008448271989704,0.8434766566637074,0.8770249811527503,0.695615220667386,0.7443634700768668,0.7223115932575574,0.7691662354649499,0.8070587581731729,0.8533249444606966,0.6918262881070243,0.8398608317183054
4,SAI,27.0,MEDIUM,HARD,26.0,3.0,95.425,93.35799999999999,39.29824561403509,33.1578947368421,0.23693300113284957,0.1440173873255548,2.0670000000000073,MEDIUM>HARD,6.1403508771929864,0.09291561380729477,38.40945789136108,1,27.0,0.47368421052631576,57,8,0.18350000000000222,0.0,0.4549999999999983,-0.021000000000000796,0.04909999999999855,0.04909999999999855,0.3629062757046597,0.03946902385350173,0.03946902385350173,-1.293999999999997,-0.20550000000000068,0,1,0,94.842,-0.5943583412765037,0.0,0.5829999999999984,0.1478749999999991,-0.09550000000000125,1.036999999999999,-0.009630976146496821,7.0,9.0,37.3,27.7,-0.20000000000000284,0,0,67.4,2.4,0.2,0.752632,1.331684,0,-0.2375,2.483999999999997,0.21600000000000003,6.2166061010848646,28,6283.199,8,MEDIUM,94.842,0.9663434343434372,0.9591798621483272,0.9655454726997145,1.0052067499945396,0.9036182448160521,0.9479232633144395,0.9073072180722959,0.9587412605790036,1.3089432109115786,1.3504343425927392,1.1196516091065698,1.158990776714192,1.0009527689870925,1.049419346081552,1.1066089749067023,1.1844744823802216,0.9735725352192118,1.0344328350545442,0.9325668266722779,0.9884144123551358,0.8030639398125473,0.900670056154331
4,STR,20.0,MEDIUM,SOFT,19.0,6.0,96.80399999999999,96.15066666666667,47.89473684210526,41.75438596491228,0.04819981400292281,0.3294281843915487,0.6533333333333218,MEDIUM>SOFT,6.140350877192979,-0.2812283703886259,39.17176563179955,1,20.0,0.3508771929824561,57,5,0.17100000000000648,0.0,0.0,0.0,0.0859999999999997,0.0859999999999997,-0.027606396190037685,0.06031302069764143,0.06031302069764143,-0.17100000000000648,0.08599999999999852,0,1,0,96.851,0.05257986058552433,0.0,-0.04699999999998283,-0.09959999999999525,1.7459999999999951,1.2430000000000092,-0.02568697930235827,4.0,18.0,37.4,27.8,-1.0,0,0,67.8,1.2,0.056995,0.367876,3.263742,0,-0.0148,1.9199999999999988,0.045596,5.950642552587727,21,5643.321,8,MEDIUM,96.851,0.9663434343434372,1.4131294575935098,1.4259275918330205,1.51825327561584,1.1406152022399467,1.226706858502837,1.0077594918655841,1.0891426007664953,1.4092255200346027,1.4342897729233115,1.2359679797610224,1.289750777232462,1.0693396761260758,1.1402002818578576,0.9874971876428306,1.044433876405619,1.0164179276226737,1.087037756241736,0.9850902053379127,1.0614542558899207,1.0872158833210732,1.0920269207642572
4,STR,36.0,SOFT,SOFT,17.0,3.0,96.79333333333334,95.07133333333333,28.245614035087716,22.10526315789473,0.07870913284786633,0.05087719298245614,1.7220000000000084,SOFT>SOFT,6.1403508771929864,0.027831939865410195,38.442248691280795,1,18.0,0.631578947368421,57,8,0.2184999999999988,0.16899999999999693,0.0,-0.33100000000000307,0.08575000000000146,0.08575000000000146,-0.15405911461340338,0.005109976519886022,0.005109976519886022,-2.4950000000000045,-0.09350000000001302,1,0,0,96.018,0.2716071869875094,-0.16899999999999693,0.7753333333333359,-0.03125,2.2480000000000047,0.5024999999999977,-0.08064002348011544,7.0,17.0,39.2,27.9,0.10000000000000142,0,0,67.7,0.0,0.0625,0.302083,3.343526,0,-0.09486,3.0240000000000022,0.045,6.511745329644728,37,7199.423,9,SOFT,96.018,0.9663434343434372,,,,,,,,,,,,,,,,,,,,,
5,ANT,29.0,SOFT,MEDIUM,32.0,3.0,76.05,77.21866666666666,42.20588235294118,36.029411764705884,0.927556305818869,0.18543084566715873,-1.1686666666666667,SOFT>MEDIUM,6.176470588235297,0.7421254601517103,17.91448844446752,1,33.0,0.4264705882352941,68,8,0.25450000000000017,-0.6750000000000114,0.2190000000000083,0.5525000000000091,-0.017999999999998906,-0.017999999999998906,0.5353900737342769,0.03186844353121168,0.03186844353121168,-0.6750000000000114,-0.06900000000000261,1,0,0,75.752,-0.9022816315574715,0.6750000000000114,0.29800000000001603,0.6521249999999981,-1.3130000000000024,0.8780000000000001,0.04986844353121059,7.0,2.0,18.1,13.4,-0.1999999999999993,0,0,67.5,4.5,0.887417,1.0,0.578352,0,-0.021079999999999988,-22.307999999999996,1.17139044,6.331501849893691,30,5984.17,3,SOFT,75.752,1.021006410256412,0.8257419842527496,1.6357394035440245,1.2652703359804538,1.4473166270746813,1.1471996614028428,1.2177000920388474,0.990076950069614,0.9108540635308979,0.8579935939528461,1.053688561450076,0.9145612170477727,1.0567966783895983,0.8885863962381537,1.5017858332020588,1.6836837905110928,0.9269205719561999,0.9666478104187988,0.9137055142127881,0.831646280384377,0.6373134137975389,0.9495725567126558
5,BEA,28.0,SOFT,MEDIUM,32.0,3.0,77.521,78.63600000000001,43.23529411764705,37.05882352941177,0.13763440860215054,0.22393542025736912,-1.115000000000009,SOFT>MEDIUM,6.176470588235283,-0.08630101165521858,17.907564960378515,1,33.0,0.4117647058823529,68,8,0.08200000000000074,-0.023000000000010346,0.14500000000001023,0.09350000000000591,-0.0004333333333344548,-0.0004333333333344548,0.08496871853930088,-0.009136933337756491,-0.009136933337756491,-0.2960000000000065,0.2580000000000098,1,0,0,77.374,-0.14228873360221428,0.023000000000010346,0.14700000000000557,0.09950000000000614,0.3089999999999975,0.6650000000000063,-0.008703600004422036,7.0,10.0,18.4,13.2,0.09999999999999787,0,0,68.0,4.5,0.070968,0.529032,2.470347,0,-0.07741899999999999,-21.912000000000003,0.09367776000000001,6.324358962381311,29,5971.368,4,SOFT,77.374,1.021006410256412,1.1265705893180744,1.6357394035440245,1.2923622739485643,1.4473166270746813,1.1717634729298707,1.2177000920388474,1.0112764538848653,0.809926013099291,0.7472928870023041,0.9559621022785404,0.8327167031891229,1.006839566507885,0.8595237637854227,0.707053113198675,0.9572599945476991,0.514701291421486,0.5877433042622555,0.7837974686102475,0.7196873213727285,0.6330914406937078,1.0273524781148302
5,BOR,17.0,SOFT,MEDIUM,14.0,3.0,77.78566666666666,79.06,54.55882352941177,49.411764705882355,0.0256961676316515,0.15058287352591151,-1.2743333333333453,SOFT>MEDIUM,5.147058823529413,-0.12488670589426001,17.599842423457087,1,15.0,0.25,68,4,0.027000000000001023,-0.02549999999999386,0.05100000000000193,0.02549999999999386,-0.02500000000000095,-0.02500000000000095,0.0541786064798373,-0.017306086807422374,-0.017306086807422374,-0.05100000000000193,-0.04100000000001103,1,0,0,77.701,-0.10341612373069609,0.02549999999999386,0.08466666666667777,0.06274999999999409,0.4364999999999952,0.5739999999999981,0.007693913192578575,3.0,15.0,18.4,12.9,0.3999999999999986,0,0,72.0,2.0,0.03871,0.277419,3.3976,0,-0.006162000000000001,-9.96,0.023226,5.8522024797744745,18,5142.547,3,SOFT,77.701,1.021006410256412,0.46626427107684937,0.7705646388529848,0.6266013493462761,0.8321621389466274,0.6954889349388947,0.9320528604294882,0.7903178442401302,0.15570663658561945,0.22976926038735682,0.5194587914589421,0.48654655993663576,0.795581051140942,0.6935393618498129,0.3121383148632666,0.46263451414207163,0.42925962098851245,0.4459405534581782,0.761266545600484,0.6759469501659139,0.5081066089225231,0.9198749262355056
5,BOT,27.0,MEDIUM,SOFT,17.0,3.0,79.78899999999999,80.09233333333333,44.26470588235295,38.08823529411765,0.10784275427425549,0.051855107568890974,-0.30333333333334167,MEDIUM>SOFT,6.176470588235297,0.05598764670536452,17.89146388729478,1,18.0,0.39705882352941174,68,8,1.048499999999997,-1.1359999999999957,0.12199999999999989,1.1864999999999952,-0.3317999999999993,-0.3317999999999993,0.6166357874290185,-0.10354437296828922,-0.10354437296828922,-0.12199999999999989,-0.018000000000000682,0,1,0,79.336,-1.0349199375381914,1.1359999999999957,0.45300000000000296,1.2506249999999994,2.271000000000001,0.7689999999999912,0.2282556270317101,7.0,19.0,18.1,13.4,-0.29999999999999716,0,0,67.5,4.5,0.044025,0.119497,6.332471,0,0.0,-12.168,0.031698,6.343880434126331,28,6012.859,6,MEDIUM,79.336,1.021006410256412,0.7121030016032059,1.1265107193345323,0.9641083127281097,1.0952230290576321,0.9427357990790218,1.0526430516175354,0.9090449422622451,0.8047932367961617,0.8157474033153089,0.8999054654514903,0.8524614555575355,0.9302960806317485,0.839974745143677,1.3355319184978525,1.2233959327254604,1.1656065544198313,1.0438715163209442,1.0378879874658664,0.9155531509063191,1.2753628976033966,1.1991628483807353
5,BOT,48.0,SOFT,MEDIUM,17.666666666666668,3.0,79.35199999999999,81.99066666666666,22.99019607843138,17.500000000000004,0.19192446228285356,0.1618252149703107,-2.6386666666666656,SOFT>MEDIUM,5.490196078431378,0.030099247312542876,18.23281289835548,1,19.0,0.7058823529411765,68,5,1.6119999999999948,-1.6119999999999948,1.6119999999999948,1.6119999999999948,-0.4,-0.4,0.7908327946525304,-0.1836582332066956,-0.1836582332066956,-1.6119999999999948,-0.3230000000000004,1,0,0,78.67,-1.6224768761925645,1.6119999999999948,2.7446666666666744,2.4226000000000028,2.3585000000000065,0.6255000000000024,0.2163417667933044,4.0,16.0,18.7,13.6,0.0,0,0,66.4,2.7,0.191083,0.649682,1.80189,0,-0.21885500000000002,-12.388,0.14522308,6.849066282633458,49,7771.542,11,SOFT,78.67,1.021006410256412,0.3212748004399908,0.9525718912210276,0.7766021060608839,0.9561130920564876,0.8018051437820931,0.9880463901077308,0.8446475217796978,1.29073826425096,1.3007143691723437,1.0931337428716534,1.0534211198618748,0.9784921422854851,0.8946022155192154,1.398387749581851,1.5650111235663218,0.9814205181079139,1.0233227241869696,0.9157950357113183,0.862428354673481,0.4493615702170868,0.7085283804538455
5,COL,29.0,MEDIUM,HARD,28.0,4.0,77.08133333333332,77.98466666666667,42.20588235294118,36.029411764705884,0.047761248520261805,0.034175302358988406,-0.9033333333333502,MEDIUM>HARD,6.176470588235297,0.013585946161273399,17.91448844446752,1,29.0,0.4264705882352941,68,8,0.04000000000001336,-0.3810000000000002,0.35999999999999943,0.37349999999999284,-0.009958333333334107,-0.009958333333334107,0.31581372184103884,-0.004223099096591083,-0.004223099096591083,-0.35999999999999943,-0.12199999999999989,0,1,0,76.705,-0.5288620954566738,0.3810000000000002,0.37633333333332075,0.35325000000000273,-0.3539999999999992,0.6850000000000023,0.005735234236743023,7.0,7.0,18.1,13.4,-0.29999999999999716,0,0,67.5,4.5,0.111111,0.823529,1.810121,0,0.06565599999999999,-19.604,0.12888876,6.35088571671474,30,6028.178,4,MEDIUM,76.705,1.021006410256412,1.1006649236627175,1.3245129144492993,1.0746810714436505,1.212286501831506,0.990176229024285,1.0933265623120207,0.9028156125445252,1.0513461361217176,0.961598175558436,1.0730318022206045,0.9318584924479927,1.025827422115918,0.8675242698689819,2.094176300986739,1.8055792558599493,1.4644367848992674,1.2319965145726377,1.1431422007335674,0.9524517415823079,1.6247571164483456,1.3709293505384743
5,HAD,29.0,SOFT,MEDIUM,32.0,3.0,76.68,77.50866666666666,42.20588235294118,36.029411764705884,0.11096964038140507,0.1560597594435251,-0.8286666666666491,SOFT>MEDIUM,6.176470588235297,-0.04509011906212003,17.91448844446752,1,33.0,0.4264705882352941,68,8,0.19200000000000017,0.5330000000000013,-0.46399999999999864,-0.7184999999999917,0.08496666666666688,0.08496666666666688,-0.3720536208047065,0.065840419910712,0.065840419910712,0.46399999999999864,0.06999999999999318,1,0,0,77.093,0.6230415080572556,-0.5330000000000013,-0.4129999999999967,-0.6332500000000039,0.0,0.796999999999997,-0.01912624675595488,7.0,6.0,18.1,13.4,-0.29999999999999716,0,0,67.5,4.5,0.090909,0.584416,2.167081,0,-0.03981,-22.307999999999996,0.11999988,6.340359303727752,30,6001.044,3,SOFT,77.093,1.021006410256412,1.275887058472215,1.6357394035440245,1.2876687877777635,1.4473166270746813,1.16750796674054,1.2177000920388474,1.0076037901536166,1.1993404070300997,1.071359921670689,1.2014032747326915,1.0286174007613724,1.135032649366015,0.9580474746951332,1.009077888169903,1.2109967478765076,0.7138964068385886,0.7509627160132929,0.8869407952637681,0.8007501878325047,0.8191312930868556,1.1321714126846025
5,HAD,51.0,MEDIUM,SOFT,19.0,7.0,75.58333333333333,76.26066666666667,19.558823529411768,14.41176470588236,0.2185430463576159,0.05478182636077372,-0.6773333333333369,MEDIUM>SOFT,5.147058823529408,0.16376121999684218,18.253189513261653,1,20.0,0.75,68,5,0.06400000000000716,-0.06400000000000716,0.05500000000000682,0.06400000000000716,-0.0940000000000012,-0.0940000000000012,0.02558545153084424,-0.07051913223137193,-0.07051913223137193,-0.05500000000000682,-0.19650000000000034,0,1,0,75.511,-0.048730716796541174,0.06400000000000716,0.07233333333333292,0.33159999999999457,-0.8985000000000127,0.8045000000000044,0.02348086776862926,4.0,5.0,18.7,13.6,0.0,0,0,66.4,2.7,0.390728,0.953642,1.205433,0,0.284768,-13.04,0.3125824,6.844815479208263,52,7757.727,8,MEDIUM,75.511,1.021006410256412,0.8882772492056727,1.218556603334749,0.9875243499063758,1.1579558728139656,0.9449911985683601,1.0816126857760509,0.8873212057116201,0.6890753597172163,0.6725741615338767,0.9904274835783443,0.8641238637190561,1.054724212556957,0.8848828199473521,1.476575954797213,1.3046599726872192,1.3642229488263098,1.1563945304956464,1.1984046025249688,0.9948059726179768,1.5327732062582902,1.3910957253298482
5,HAD,60.0,SOFT,SOFT,11.0,17.0,75.00699999999999,75.54633333333334,10.294117647058828,4.117647058823536,0.24128371137482651,0.18901882188915997,-0.5393333333333459,SOFT>SOFT,6.176470588235292,0.052264889485666544,18.299276802567363,1,12.0,0.8823529411764706,68,7,0.15500000000000114,-0.0020000000000095497,0.0,0.15500000000000114,-0.2469999999999999,-0.2469999999999999,-0.13651474736580838,-0.16022461352324407,-0.16022461352324407,-0.2469999999999999,-0.16550000000000864,1,0,0,75.008,0.25058211195779734,0.0020000000000095497,-0.0010000000000047748,0.5367142857142824,-1.2010000000000076,0.775500000000001,0.08677538647675581,6.0,5.0,18.6,13.4,0.0,0,0,66.8,3.3,0.086667,0.46,2.603051,0,-0.5266660000000001,-7.871999999999999,0.04160016,6.9874902470009905,61,8494.53,10,SOFT,75.008,1.021006410256412,0.6789014019693109,1.1744680841755026,0.9591715414913853,1.0806993847711328,0.8863931688354699,1.0283368338415886,0.8452270349203592,0.5732536766845366,0.5834563207834801,0.8545983202994207,0.7594293841236768,0.9691873018460991,0.8185821982423686,0.8703857868752731,0.8746974035679013,0.8872320941695521,0.7967451879625629,0.9544401302227059,0.8103110364187721,1.0191950441657969,1.0943198135369971
5,HAM,29.0,SOFT,MEDIUM,31.0,3.0,76.323,76.74833333333333,42.20588235294118,36.029411764705884,0.02620112372434354,0.036871653744718756,-0.42533333333334156,SOFT>MEDIUM,6.176470588235297,-0.010670530020375216,17.91448844446752,1,32.0,0.4264705882352941,68,8,0.054999999999999716,-0.030000000000001137,0.0,0.05000000000001137,-0.03749999999999787,-0.03749999999999787,-0.12676137981742386,-0.07759197367225909,-0.07759197367225909,0.1939999999999884,0.15000000000000568,1,0,0,76.374,0.21296889942647113,0.030000000000001137,-0.05099999999998772,0.5,-0.6910000000000025,0.6910000000000025,-0.04009197367226122,7.0,4.0,18.1,13.4,-0.29999999999999716,0,0,67.5,4.5,0.045752,0.163399,4.558785,0,0.006277999999999999,-21.631999999999998,0.05856256,6.336825731146441,30,5995.834,3,SOFT,76.374,1.021006410256412,0.8941037685835876,1.5841059479624422,1.2360970483514746,1.4090571132757854,1.127067751336514,1.1995083659883374,0.9840497384756285,0.44667445129700367,0.4480634732250885,0.7783973939278743,0.6811704214539233,0.9357153716524189,0.7923963527789445,0.2685550659012981,0.5895982055558713,0.2980517245366979,0.40646702832890663,0.699215598283512,0.6430174556867068,0.41865699344258633,0.9251379093461354
5,LEC,29.0,SOFT,MEDIUM,32.0,3.0,76.28233333333334,76.97433333333333,42.20588235294118,36.029411764705884,0.08949661736039445,0.7697522801887128,-0.6919999999999931,SOFT>MEDIUM,6.176470588235297,-0.6802556628283183,17.91448844446752,1,33.0,0.4264705882352941,68,8,0.10000000000000142,0.017000000000010118,0.0,-0.03350000000001785,0.031142857142858662,0.031142857142858662,0.004509174103688451,0.01511418353325268,0.01511418353325268,-0.16499999999999204,0.06999999999999318,1,0,0,76.296,-0.007551069191521265,-0.017000000000010118,-0.013666666666679816,-0.0662500000000108,-0.7689999999999912,0.7689999999999912,-0.016028673609605984,7.0,5.0,18.1,13.4,-0.29999999999999716,0,0,67.5,4.5,0.092105,0.539474,2.330019,0,-0.032077999999999995,-22.307999999999996,0.12157860000000001,6.338594078203183,30,5998.123,3,SOFT,76.296,1.021006410256412,1.075088527952901,1.6357394035440245,1.2743566579623604,1.4473166270746813,1.1554380790789855,1.2177000920388474,0.9971870179336689,0.9244393671718427,0.8453575122649797,1.0452384872443956,0.8978986399602455,1.0586521094860248,0.8897022372526641,0.7669001127861983,1.0129671316197286,0.5670003500679337,0.6310143686753202,0.8144174012846488,0.7369347431176151,0.6366834713046033,1.0250037559208804
5,OCO,28.0,MEDIUM,SOFT,11.0,3.0,78.66866666666665,79.34566666666666,43.23529411764705,37.05882352941177,0.2137440334772386,0.4866213223473273,-0.6770000000000067,MEDIUM>SOFT,6.176470588235283,-0.27287728887008866,17.907564960378515,1,12.0,0.4117647058823529,68,8,0.15149999999999864,0.033999999999991815,0.0,-0.016999999999995907,0.005523809523807478,0.005523809523807478,0.011976062597241821,0.00411754239076173,0.00411754239076173,-0.5300000000000011,-0.12199999999999989,0,1,0,78.606,-0.020055130991707415,-0.033999999999991815,0.06266666666665799,-0.04974999999998886,1.5409999999999968,0.6910000000000025,-0.0014062671330457473,7.0,16.0,18.1,13.4,-0.29999999999999716,0,0,67.5,4.5,0.458599,0.949045,1.036608,0,0.288788,-8.112,0.22012752,6.349138991379798,29,6026.984,5,MEDIUM,78.606,1.021006410256412,0.9184788205073192,0.8571968753407115,0.7426434674276795,0.91761656277358,0.7938931429082985,0.9719635916271957,0.8368759626379789,0.628675013017541,0.631167475205498,0.8635538210219147,0.7861959977325835,0.965937214077887,0.8456637876306008,1.3681995642045468,1.23969941233158,1.2265084241443034,1.0782752929560102,1.1100472515590671,0.9600166343400908,1.3251004868291631,1.279754710444623
5,PER,28.0,MEDIUM,SOFT,12.0,4.0,78.18966666666665,79.53766666666667,43.23529411764705,37.05882352941177,0.027723338232892372,0.7339347894903451,-1.3480000000000132,MEDIUM>SOFT,6.176470588235283,-0.7062114512574527,17.907564960378515,1,13.0,0.4117647058823529,68,8,0.21000000000000085,-0.22500000000000853,0.11700000000000443,0.17100000000000648,-0.009749999999993264,-0.009749999999993264,0.11854958869139409,-0.058918723746513225,-0.058918723746513225,-0.49099999999999966,-0.16499999999999204,0,1,0,77.987,-0.19852330521095496,0.22500000000000853,0.20266666666667277,0.32900000000000773,0.9279999999999973,0.6850000000000023,-0.04916872374651996,7.0,17.0,18.3,13.4,-0.09999999999999787,0,0,67.8,1.9,0.051282,0.128205,7.653003,0,-0.006043,-8.684,0.02666664,6.352629396319567,29,6037.565,5,MEDIUM,77.987,1.021006410256412,0.7927481763375894,0.9014820273720141,0.7714420305852372,0.946158627145089,0.8099378670441656,0.9847731064772606,0.8403029787024902,0.4757957729405078,0.5064202959459964,0.7793820081381746,0.7158114736843622,0.9241920463032346,0.8074480430692995,1.009782607603065,0.9018436494446535,1.0375903428255588,0.896059880561539,1.03098022871835,0.881060118083919,1.23446237825408,1.2205015262796706
5,PIA,11.0,MEDIUM,MEDIUM,9.0,7.0,77.561,78.05766666666666,60.73529411764705,55.58823529411765,0.4051781551781552,0.17333605553287054,-0.4966666666666555,MEDIUM>MEDIUM,5.147058823529399,0.23184209964528465,17.437762239436914,1,10.0,0.16176470588235295,68,8,0.2819999999999965,-0.7740000000000009,0.847999999999999,0.8580000000000041,-0.36587500000000084,-0.36587500000000084,-0.0029511720980224254,-0.37517556234309507,-0.37517556234309507,-0.847999999999999,-0.17300000000000182,0,1,0,76.989,0.005079540933124349,0.7740000000000009,0.5720000000000027,1.2434999999999974,-0.9429999999999978,0.9344999999999999,-0.009300562343094232,7.0,13.0,17.8,12.5,0.0,0,0,76.0,1.5,0.318182,1.0,1.335899,0,-0.13053599999999999,-6.88,0.1272728,5.4116460518550396,12,4650.366,1,MEDIUM,76.989,1.021006410256412,-0.3789110814193827,0.23144521261595186,0.19388181186639628,0.5244676328376578,0.44572019998917833,0.8114881979343129,0.6855867482879346,-1.0636768421159417,-0.7698853418655996,-0.20805493644870388,-0.09995389731350815,0.4508949346765351,0.4148051310812956,-0.29907721482251626,-0.1620175042170722,0.16373318570580286,0.18488182616577298,0.5982916631627382,0.5241674204176433,0.214404481226118,0.6945991245843814
5,PIA,50.0,MEDIUM,SOFT,41.0,7.0,76.37266666666666,77.40666666666667,20.588235294117652,15.44117647058824,0.050355616191221954,0.03668876673747412,-1.034000000000006,MEDIUM>SOFT,5.147058823529411,0.013666849453747833,18.248931182168587,1,42.0,0.7352941176470589,68,5,0.625,-0.6269999999999953,0.46299999999999386,0.6269999999999953,-0.3276666666666651,-0.3276666666666651,0.3746432178687087,-0.14005389038380217,-0.14005389038380217,-0.46299999999999386,-0.3230000000000004,0,1,0,75.801,-0.7135552221032384,0.6269999999999953,0.5716666666666583,0.7459999999999951,-0.5104999999999933,0.6554999999999964,0.18761277628286294,4.0,11.0,18.7,13.2,0.0,0,0,66.4,2.7,0.112583,0.397351,2.788405,0,0.060295,-27.384,0.18913944000000002,6.8501261661455,51,7773.132,10,MEDIUM,75.801,1.021006410256412,1.7405199488399834,2.3418437146641224,1.8493928704420588,1.9788818137738158,1.5785610831487853,1.4726355338595785,1.1923572095731523,1.790411623036279,1.5756532330732982,1.7185967106098832,1.4578806010975847,1.4028993817845588,1.1692537709315094,2.904635825391422,2.490214426489018,2.141240568391052,1.7916844276107529,1.5209886358997378,1.257430265058453,2.290639690323548,1.7351239827119003
5,SAI,28.0,MEDIUM,MEDIUM,33.0,3.0,76.901,79.04466666666667,43.23529411764705,37.05882352941177,0.09306035871500767,0.21994881538601177,-2.1436666666666753,MEDIUM>MEDIUM,6.176470588235283,-0.1268884566710041,17.907564960378515,1,34.0,0.4117647058823529,68,8,0.1489999999999938,0.06999999999999318,-0.06999999999999318,-0.030499999999989313,-0.038333333333333997,-0.038333333333333997,-0.16213412033980035,-0.033357129357904344,-0.033357129357904344,0.06999999999999318,0.15000000000000568,0,1,0,77.059,0.2715100221993936,-0.06999999999999318,-0.15800000000000125,-0.044375000000002274,-0.006000000000000227,0.6650000000000063,0.004976203975429652,7.0,11.0,18.1,13.4,-0.1999999999999993,0,0,67.5,4.5,0.051948,0.12987,7.03322,0,-0.175325,-22.983999999999995,0.07064928,6.326149473155099,29,5979.321,5,MEDIUM,77.059,1.021006410256412,0.84975880184057,1.3690948305379065,1.076064154655001,1.3141115218175976,1.0597334139328267,1.1791671443467133,0.9730246507546666,0.5939434182951854,0.5696070217161388,0.8843046099698236,0.7692060778526958,1.0017208285605994,0.8483805977180308,1.6418731533409512,1.4205547315127214,1.2684451665663214,1.0650623497206408,1.1055800037684786,0.922571724309558,1.6521093128050777,1.4938383195053733
5,STR,48.0,SOFT,MEDIUM,33.0,4.0,80.72033333333333,79.87133333333334,22.64705882352942,16.470588235294123,0.07836822329575953,0.10612404014990696,0.8489999999999895,SOFT>MEDIUM,6.176470588235297,-0.027755816854147436,18.23281289835548,1,34.0,0.7058823529411765,68,4,0.2850000000000108,-0.19000000000001194,0.0,0.19000000000001194,-0.015833333333335517,-0.015833333333335517,0.2129842818894474,0.009626472608560553,0.009626472608560553,-0.7550000000000097,-0.19650000000000034,1,0,0,80.532,-0.40654439602043624,0.19000000000001194,0.18833333333333258,0.2362500000000125,3.965500000000006,1.154999999999994,0.02545980594189607,3.0,15.0,18.7,13.6,0.0,0,0,66.4,2.7,0.061728,0.228395,4.381359,0,-0.09259300000000001,-22.168000000000003,0.08395007999999998,6.838405200847344,49,7737.257,11,SOFT,80.532,1.021006410256412,1.4338765569182117,1.6878575981916506,1.3872328529476108,1.4860871220579386,1.251176335325365,1.2361722648217244,1.0677138033704208,1.4121015203978748,1.3041133322206353,1.4846642047741796,1.3172652545643715,1.3107388625813052,1.1511446260495635,1.3602999816436174,1.5849384763815173,1.0199031758211419,1.0520783985741302,1.065835924237382,0.9901465217957258,0.9734396077454568,1.2062946736461166
5,VER,29.0,SOFT,MEDIUM,33.0,3.0,76.206,77.27,42.20588235294118,36.029411764705884,0.026258456599013876,0.13963899913693842,-1.063999999999993,SOFT>MEDIUM,6.176470588235297,-0.11338054253792454,17.91448844446752,1,34.0,0.4264705882352941,68,8,0.11699999999999733,-0.007000000000005002,0.0,0.007000000000005002,-0.0150833333333343,-0.0150833333333343,-0.01722565508426044,-0.023576008002875008,-0.023576008002875008,0.15399999999999636,0.06999999999999318,1,0,0,76.255,0.02884610583215874,0.007000000000005002,-0.04899999999999238,0.038250000000005,-0.8100000000000023,0.8100000000000023,-0.008492674669540708,7.0,3.0,18.1,13.4,-0.29999999999999716,0,0,67.5,4.5,0.058824,0.20915,4.181196,0,0.006192000000000003,-22.983999999999995,0.08000064,6.335054251498059,30,5990.761,3,SOFT,76.255,1.021006410256412,1.0837935566860708,1.6878575981916506,1.3135578552813794,1.4860871220579386,1.1847272072000659,1.2361722648217244,1.0110082461134884,0.8555562626288141,0.7853247353138008,1.0148684518102966,0.8715936528219732,1.0473306612860376,0.879983946553921,0.6341981831054496,0.9114782157512303,0.49521041846222114,0.5755066110280405,0.7890687754366276,0.7173655161648127,0.5783271944361106,1.00409326688994
6,ALB,42.0,MEDIUM,SOFT,41.0,3.0,79.66866666666667,82.83533333333334,34.1025641025641,29.615384615384613,,,-3.1666666666666714,MEDIUM>SOFT,4.487179487179489,0.0,43.366312632868954,1,42.0,0.5384615384615384,78,8,0.22749999999999915,0.0,-0.12000000000000455,-0.17449999999999477,0.046357142857143936,0.046357142857143936,0.0022463049967456072,0.023815583958580203,0.023815583958580203,0.4269999999999925,-0.1939999999999884,0,1,0,79.851,-0.003540198627277391,0.0,-0.18233333333333235,0.15562500000000057,-0.29300000000000637,1.2039999999999935,-0.022541558898563734,7.0,10.0,42.8,23.9,0.19999999999999574,0,0,59.5,0.6,0.0,0.0,20.0,1,0.0,13.103999999999996,0.0,6.728628613084702,43,6665.4,1,MEDIUM,79.851,0.5230285714285717,0.47785552834682876,0.8054749887591623,0.5536522218463654,0.8054122379082664,0.5865155050488472,0.7007985729954284,0.5363304442160377,0.14345375377496,-0.032520580424832024,0.38820272426545716,0.21417869851562127,0.5407696887791325,0.3895225665763153,2.3828695403800166,2.010691029361733,1.744772103472279,1.4465748823244273,1.1749673248366772,0.9614574985881742,1.9064384342256244,1.3862582106189691
6,ANT,36.0,MEDIUM,HARD,35.0,3.0,76.58266666666667,76.54299999999999,39.48717948717949,35.0,,,0.039666666666676065,MEDIUM>HARD,4.487179487179489,0.0,43.42623087519964,1,36.0,0.46153846153846156,78,8,0.1699999999999946,-0.43200000000000216,0.0,0.45699999999999363,-0.06833333333333276,-0.06833333333333276,0.21226519645125563,-0.03446782884970401,-0.03446782884970401,0.16499999999999204,0.15000000000000568,0,1,0,76.356,-0.32692630982413107,0.43200000000000216,0.22666666666667368,0.37024999999999864,-2.616500000000002,0.9924999999999997,0.03386550448362875,7.0,1.0,43.7,24.1,0.10000000000000142,0,0,60.6,0.5,0.0,0.0,20.0,1,0.0,12.528000000000004,0.0,6.551080335043404,37,6091.995,1,MEDIUM,76.356,0.5230285714285717,0.385218124637999,1.1214565424407228,0.8697600682923443,0.9547297852734122,0.7367290169817409,0.7428332165398717,0.5710136128736787,0.0917552920471622,0.009225265817867812,0.2191136626260003,0.11888003617450502,0.3815266027263093,0.2651168035334611,1.9978206936385208,1.64257046657817,1.414643535063759,1.139696775909564,0.9798768788974113,0.775779726237613,1.606877802938457,1.1865905395360867
6,BOR,42.0,HARD,MEDIUM,40.0,3.0,81.32533333333333,77.02633333333334,34.1025641025641,29.615384615384613,,,4.298999999999992,HARD>MEDIUM,4.487179487179489,0.0,43.366312632868954,1,41.0,0.5384615384615384,78,8,0.6219999999999999,1.1310000000000002,-1.1310000000000002,-1.5759999999999934,0.2323333333333319,0.2323333333333319,-0.6818211933880605,0.2843776683386234,0.2843776683386234,1.36399999999999,0.2530000000000001,0,0,1,82.157,1.0587461274509309,-1.1310000000000002,-0.8316666666666634,-1.423249999999996,2.739999999999995,2.1569999999999965,0.05204433500529149,7.0,19.0,42.8,23.9,0.0,0,0,59.5,0.6,0.0,0.0,20.0,1,0.0,12.791999999999996,0.0,6.747586526829315,43,6722.271,2,HARD,82.157,0.5230285714285717,2.1198366195924456,1.4126919551750658,1.2334634958573825,1.2214887014706275,1.0571337397629608,0.8685191328916879,0.7356309427771057,1.807166124263823,1.6307576634720715,1.6674484589442096,1.4932027278406192,1.2431453581922514,1.0931169181141065,3.1472151863344933,2.871257595261591,2.2314201739394632,2.0221467819469847,1.4956423049016925,1.332781000107855,2.413879231317178,1.6976266473094959
6,COL,34.0,MEDIUM,HARD,33.0,3.0,80.33033333333333,78.109,41.282051282051285,36.794871794871796,,,2.221333333333334,MEDIUM>HARD,4.487179487179489,0.0,43.418079011989974,1,34.0,0.4358974358974359,78,8,0.3509999999999991,1.9849999999999994,-1.9849999999999994,-2.094999999999999,0.20346666666666663,0.20346666666666663,-1.4307127858547801,0.14735129436085007,0.14735129436085007,1.9849999999999994,0.09250000000000114,0,1,0,81.727,1.9300119797644015,-1.9849999999999994,-1.3966666666666612,-1.9427500000000038,2.8400000000000034,0.980000000000004,-0.05611537230581656,7.0,12.0,43.6,24.3,-0.19999999999999574,0,0,60.7,0.8,0.0,0.0,20.0,1,0.0,11.696000000000002,0.0,6.530877627725885,35,6032.634,1,MEDIUM,81.727,0.5230285714285717,2.596073989051306,1.0745757654707644,0.8958438219345517,0.9199388288011277,0.763047444816014,0.7268667453765223,0.5999508549241824,1.5854060291510874,1.3888077177996154,1.4785944713202899,1.294377232739277,1.1527942916909457,1.000195692830074,3.203126746569041,2.846092753389272,2.4144389193035587,2.1359104445768575,1.636810867921246,1.4391565372665407,2.673466335537929,1.922287309870213
6,GAS,44.0,MEDIUM,HARD,43.0,3.0,78.78066666666668,79.205,32.30769230769231,27.820512820512818,,,-0.42433333333332257,MEDIUM>HARD,4.487179487179489,0.0,43.34639476361187,1,44.0,0.5641025641025641,78,8,0.1045000000000087,-0.132000000000005,0.0,0.16449999999998965,-0.04658333333333312,-0.04658333333333312,0.14001088620139512,0.025017165218225557,0.025017165218225557,-0.132000000000005,-0.2149999999999963,0,1,0,78.777,-0.21564130224997768,0.132000000000005,0.0036666666666604897,0.16600000000001103,-0.6329999999999956,1.8400000000000034,0.07160049855155867,7.0,5.0,43.0,23.9,0.20000000000000284,0,0,60.3,1.0,0.0,0.0,20.0,1,0.0,14.08,0.0,6.763884908562435,45,6791.199,1,MEDIUM,78.777,0.5230285714285717,1.0909243473610721,1.314798140328603,1.036998328911679,1.1016742618065534,0.8639314736398354,0.8101181522510723,0.634555452860742,0.5384699896640965,0.35294602188700525,0.6104958372280138,0.4233277419489308,0.6159790700119014,0.45578827142658646,2.669266664235326,2.2549747498085733,1.8913023417997756,1.5654960825398805,1.2378425595025158,1.0079136139672429,1.9593866902305854,1.3897084566510158
6,HAD,31.0,MEDIUM,HARD,30.0,3.0,78.78366666666666,78.16199999999999,43.97435897435898,39.48717948717949,,,0.6216666666666697,MEDIUM>HARD,4.487179487179489,0.0,43.39179461421016,1,31.0,0.3974358974358974,78,8,0.09550000000000125,-0.10299999999999443,0.10299999999999443,0.12399999999999523,-0.04024999999999821,-0.04024999999999821,0.146512691750047,-0.013684442007421378,-0.013684442007421378,-0.10299999999999443,-0.021000000000000796,0,1,0,78.715,-0.2256557832431838,0.10299999999999443,0.06866666666665822,0.1980000000000075,0.0,0.33199999999999363,0.026565557992576833,7.0,4.0,43.7,24.3,0.20000000000000284,0,0,59.7,0.7,0.0,0.0,20.0,1,0.0,10.788000000000004,0.0,6.428105272684596,32,5759.168,1,MEDIUM,78.715,0.5230285714285717,0.8764484933764921,1.0052734262040093,0.8129135234861283,0.8691597513710821,0.6990839883886489,0.7035159036275139,0.5619879978393889,0.2838053124335675,0.1884866812463917,0.4055778825554175,0.2930408338690063,0.49829838199500454,0.3803419084121507,2.1063745198525243,1.7880565349368602,1.5063611692839212,1.2541116127068435,1.0521305951418332,0.8640666807313983,1.7037982100884639,1.2679107979850017
6,HAM,27.0,MEDIUM,HARD,26.0,3.0,77.98233333333333,76.921,47.56410256410256,43.07692307692307,,,1.061333333333323,MEDIUM>HARD,4.487179487179489,0.0,43.35487785625081,1,27.0,0.34615384615384615,78,8,0.36950000000000216,0.44199999999999307,-0.23699999999999477,-0.6680000000000064,0.1695000000000011,0.1695000000000011,-0.24297490284742196,0.0995307924757382,0.0995307924757382,0.23699999999999477,0.05649999999999977,0,1,0,78.225,0.3742307002939782,-0.44199999999999307,-0.2426666666666648,-0.6557499999999976,-0.6020000000000039,0.30049999999999955,-0.06996920752426289,7.0,2.0,43.7,24.2,0.0,0,0,59.5,1.5,0.0,0.0,20.0,1,0.0,9.396000000000004,0.0,6.282266746896006,28,5412.943,1,MEDIUM,78.225,0.5230285714285717,1.1350404092554305,0.9146571367802598,0.7431432769957811,0.8039992765203927,0.6490608842833978,0.6734320587958074,0.5381228141289812,0.5775659482342628,0.4563618683968772,0.6426002297200284,0.5153998987574295,0.6446509386808295,0.5166088923447903,2.2056836213354676,1.8594409768848508,1.6260612226731208,1.3580659045598398,1.147804953604692,0.9503264004829822,1.888050675008818,1.4002226996759444
6,HUL,11.0,MEDIUM,HARD,10.0,3.0,79.279,76.39966666666666,61.92307692307693,57.43589743589744,,,2.879333333333335,MEDIUM>HARD,4.487179487179489,0.0,43.22212548846976,1,11.0,0.14102564102564102,78,8,0.32150000000000034,-0.659000000000006,0.659000000000006,1.015500000000003,-0.13063333333333277,-0.13063333333333277,0.36007868339912363,-0.15815178757375717,-0.15815178757375717,-1.0360000000000014,0.3639999999999901,0,1,0,78.714,-0.6029882613130724,0.659000000000006,0.5649999999999977,0.8739999999999952,0.13599999999999568,1.0480000000000018,-0.0275184542404244,7.0,12.0,43.6,24.1,-0.29999999999999716,0,0,57.0,1.0,0.0,0.0,20.0,1,0.0,3.7840000000000007,0.0,5.4116460518550396,12,4212.078,1,MEDIUM,78.714,0.5230285714285717,0.18481500046752797,0.5679411965742688,0.5022411172455643,0.5691066599432755,0.48844946463575667,0.5623704112851835,0.4648247252571385,-0.2698499152231014,-0.207747550016036,-0.13002290701601815,-0.10652428496583281,0.14109066941555926,0.10474698375378028,0.9590679757948273,0.8308672820327033,0.643507478512984,0.5389366429047784,0.5658179890028067,0.46498120619955935,0.9902938606676488,0.8528234786377763
6,LAW,43.0,MEDIUM,SOFT,42.0,7.0,79.74833333333333,78.26633333333332,33.205128205128204,28.717948717948715,,,1.4820000000000135,MEDIUM>SOFT,4.487179487179489,0.0,43.354178178209175,1,43.0,0.5512820512820513,78,8,0.15050000000000097,0.6510000000000105,0.0,-0.7850000000000108,0.1184285714285695,0.1184285714285695,-0.24531606676913498,0.037034944127498824,0.037034944127498824,-1.6869999999999976,0.14800000000001035,0,1,0,79.403,0.40961781793606633,-0.6510000000000105,0.34533333333332905,-0.4083750000000208,-0.01099999999999568,2.1539999999999964,-0.08139362730107066,7.0,9.0,42.8,23.9,0.0,0,0,59.5,0.6,0.0,0.0,20.0,1,0.0,13.415999999999995,0.0,6.74993119378857,44,6731.984,1,MEDIUM,79.403,0.5230285714285717,0.9531674040703254,0.8300172122542,0.5684194459412601,0.8242743489314843,0.5966596236634313,0.7094292392278784,0.5391858756797342,0.4308650381925222,0.22201567939694108,0.5555834478255853,0.369575973050592,0.6209874903148908,0.4639549482579988,2.5533466768239426,2.1420054092339758,1.857968031531973,1.5425942746915355,1.2401282919056973,1.019025823892241,2.070897555688276,1.4890515427354583
6,LEC,34.0,MEDIUM,HARD,33.0,3.0,77.83066666666666,77.031,41.282051282051285,36.794871794871796,,,0.7996666666666528,MEDIUM>HARD,4.487179487179489,0.0,43.418079011989974,1,34.0,0.4358974358974359,78,8,0.3374999999999915,0.24099999999999966,0.0,-0.33149999999999125,0.10416071428571197,0.10416071428571197,-0.16060030855179264,0.06160030855895203,0.06160030855895203,0.24099999999999966,0.21999999999999886,0,1,0,77.907,0.24735314807121256,-0.24099999999999966,-0.0763333333333378,-0.3983750000000015,-1.0395000000000039,0.8445000000000036,-0.04256040572675994,7.0,2.0,43.8,24.4,0.09999999999999432,0,0,60.1,0.9,0.0,0.0,20.0,1,0.0,11.967999999999996,0.0,6.508769136971682,35,5958.736,1,MEDIUM,77.907,0.5230285714285717,1.0786054477775981,1.0745757654707644,0.8539712045646495,0.9199388288011277,0.7273818601353432,0.7268667453765223,0.5719085645451109,0.6057924457557036,0.46772552080998897,0.6332941546032343,0.493887183103356,0.625101424641582,0.4901841285913527,2.3596099505929935,1.9833664149334813,1.722317617386139,1.4326097434133844,1.1816340129829885,0.9718745163490059,1.9548124649143315,1.4203917326918338
6,OCO,8.0,MEDIUM,HARD,7.0,3.0,79.53699999999999,77.65433333333334,64.6153846153846,60.12820512820512,,,1.8826666666666512,MEDIUM>HARD,4.487179487179482,0.0,43.03461551693044,1,8.0,0.10256410256410256,78,7,0.3849999999999909,-0.2599999999999909,0.2599999999999909,0.3849999999999909,-0.33500000000000324,-0.33500000000000324,0.031047387676707672,-0.19672922315771085,-0.19672922315771085,-0.3849999999999909,-0.2049999999999983,0,1,0,79.322,-0.05698959361478728,0.2599999999999909,0.2149999999999892,0.7555714285714288,0.4609999999999985,0.9200000000000017,0.1382707768422924,6.0,15.0,43.8,24.1,0.0,0,0,58.7,1.2,0.0,0.0,20.0,1,0.0,2.815999999999999,0.0,5.099866427824199,9,3976.972,1,MEDIUM,79.322,0.5230285714285717,0.2909284981121173,0.5045810686858233,0.4620223924914573,0.5288252449289802,0.4641047951560321,0.5425217715299953,0.45438050932658997,-0.4218511640765127,-0.3756009962747731,-0.2073749846778593,-0.19909175350194944,0.11232354591247773,0.0686249284019697,0.9467324209452912,0.8145554157353144,0.6175278473304543,0.5045164441317272,0.5461981243021132,0.440173195597712,0.8842684667248855,0.7832569990238349
6,PIA,47.0,MEDIUM,HARD,46.0,3.0,79.528,77.49166666666666,29.615384615384613,25.128205128205124,,,2.0363333333333458,MEDIUM>HARD,4.487179487179489,0.0,43.32382843846498,1,47.0,0.6025641025641025,78,8,0.24099999999999966,0.23000000000000398,0.0,-0.26300000000000523,0.14330000000000212,0.14330000000000212,-0.06092774484231711,0.10638582855908452,0.10638582855908452,0.23000000000000398,-0.1910000000000025,0,1,0,79.575,0.09383939947178987,-0.23000000000000398,-0.046999999999997044,-0.3815000000000026,0.33800000000000807,2.387999999999991,-0.036914171440917604,7.0,4.0,42.9,24.0,0.19999999999999574,0,0,59.8,0.6,0.0,0.0,20.0,1,0.0,14.851999999999999,0.0,6.823286122355687,48,7021.203,1,MEDIUM,79.575,0.5230285714285717,1.6542047784729408,1.3898315135313526,1.1022584611083348,1.1600808950639272,0.9143639365278655,0.8368365062348125,0.659144671363289,0.9918194064452346,0.7449739032634835,0.9612433982923521,0.7304245549598575,0.8145638782856095,0.6325183762140952,3.1185812550051186,2.6590859453339233,2.231966120976837,1.8751174593199675,1.4332777779950896,1.188148446430443,2.2820480202531956,1.5843276779623874
6,RUS,30.0,MEDIUM,HARD,29.0,3.0,78.74433333333333,76.84466666666667,44.87179487179488,40.38461538461539,,,1.8996666666666613,MEDIUM>HARD,4.487179487179496,0.0,43.38423137498228,1,30.0,0.38461538461538464,78,8,0.11049999999999471,-0.012000000000000455,0.0,0.09149999999999636,-0.046214285714284084,-0.046214285714284084,0.17877386869416512,-0.0010341313039962125,-0.0010341313039962125,0.0379999999999967,0.0379999999999967,0,1,0,78.753,-0.27534381930873053,0.012000000000000455,-0.008666666666670153,0.20800000000001262,-0.11899999999999977,0.3790000000000049,0.04518015441028787,7.0,5.0,43.5,24.4,-0.20000000000000284,0,0,59.6,1.5,0.0,0.0,20.0,1,0.0,10.2,0.0,6.398594934535208,31,5680.957,1,MEDIUM,78.753,0.5230285714285717,0.8517032548221768,0.9824338016065716,0.7968671273933617,0.852601166863896,0.6877324735576554,0.6958858252285562,0.5570669957108003,0.28925245563177854,0.204198629869728,0.4120403551680289,0.30637377112224873,0.5032857450331183,0.38879319861272194,2.0362686874756633,1.736882152269066,1.461936693499591,1.223674028617461,1.0331494369665168,0.8528776357302602,1.6768167663198563,1.2589632415240444
6,SAI,51.0,MEDIUM,SOFT,50.0,3.0,78.095,79.726,26.025641025641022,21.538461538461537,,,-1.6310000000000002,MEDIUM>SOFT,4.4871794871794854,0.0,43.18317378328469,1,51.0,0.6538461538461539,78,8,0.20250000000000057,-0.07699999999999818,0.04999999999999716,0.25799999999999557,-0.15399999999999991,-0.15399999999999991,-0.13965674051101473,-0.31562622880302743,-0.31562622880302743,-0.04999999999999716,0.2594999999999956,0,1,0,78.022,0.21764265631125568,0.07699999999999818,0.0730000000000075,0.5927499999999952,-1.0249999999999915,1.6814999999999927,-0.16162622880302752,7.0,9.0,40.4,24.0,0.0,0,0,60.4,1.1,0.0,0.0,20.0,1,0.0,11.015999999999996,0.0,6.90975328164481,52,7397.363,1,MEDIUM,78.022,0.5230285714285717,0.4059821259722728,1.032041904747904,0.7030497456064327,0.9824953499629272,0.6969706984306069,0.7818151490031271,0.5780112642936118,-0.12239921812723709,-0.27524970417078426,0.04510753550094565,-0.09700444896581892,0.2952785285628353,0.1611239684831975,1.9824999492600481,1.6159968253137735,1.3514851340091432,1.0678698185023303,0.9024164449546336,0.6963061559453378,1.5295560583483252,1.1470187666188565
7,ALB,12.0,MEDIUM,HARD,11.0,3.0,86.53666666666668,84.99766666666666,59.3939393939394,54.09090909090909,0.06334019887936572,0.14814814814814814,1.5390000000000157,MEDIUM>HARD,5.3030303030303045,-0.08480794926878242,50.55790841360676,1,12.0,0.18181818181818182,66,8,0.120999999999988,0.005000000000009663,-0.005000000000009663,-0.11149999999999238,0.1382500000000005,0.1382500000000005,0.14944077285382207,0.13823221060100366,0.13823221060100366,0.09199999999999875,0.08449999999999847,0,1,0,86.569,-0.24475016228366542,-0.005000000000009663,-0.032333333333326664,-0.30262500000000614,0.494000000000014,0.8160000000000096,-1.778939899685361e-05,7.0,17.0,50.7,30.9,1.7000000000000028,0,0,28.3,1.4,0.144509,0.890173,1.68137,0,0.138729,7.536000000000001,0.06936432,5.537334267018537,13,4261.926,0,MEDIUM,86.569,0.6025317460317462,1.126758127349905,0.8152970136884666,0.8148455361650209,0.765738489414142,0.7523439027224305,0.6950261674620822,0.6670090214123584,1.2633379774433093,1.31188906762444,1.117114866178848,1.1333560747072475,0.9065625688606777,0.8922216847475036,1.549409274433081,1.623774231166048,1.4794336098615601,1.5124667250615866,1.1488391824884645,1.1436124145975692,1.4396028580564852,1.1388778644132835
7,ALO,20.0,HARD,HARD,19.0,3.0,87.90066666666667,85.71866666666665,50.90909090909091,45.6060606060606,0.4607479149852031,0.0,2.1820000000000164,HARD>HARD,5.3030303030303045,0.4607479149852031,50.53749103870179,1,20.0,0.30303030303030304,66,8,0.2704999999999984,0.5510000000000019,-0.49200000000000443,-0.8004999999999995,0.07059999999999889,0.07059999999999889,-0.4208764956601243,0.08834452426804243,0.08834452426804243,0.49200000000000443,0.1869999999999976,0,0,1,88.393,0.649629917927399,-0.5510000000000019,-0.4923333333333346,-0.7791250000000076,4.324000000000012,1.2864999999999966,0.017744524268043543,7.0,20.0,49.3,30.9,-0.5,0,0,28.6,3.6,0.570621,0.932203,0.858398,0,0.07347800000000004,11.439999999999998,0.45649680000000004,6.042632833682381,21,4974.286,0,HARD,88.393,0.6025317460317462,2.4997634705413065,2.4279509588386157,2.520880235322264,1.8986733804934612,1.9547376865357569,1.2344950092023024,1.2428126551321992,3.16541950520238,3.3469687582166916,2.508801473961106,2.619122625770792,1.657945159673293,1.692527950786412,3.7480374846108413,4.001952544361515,2.768126764021484,2.946291726872784,1.8018343415196993,1.8799142479587962,2.564149743450251,1.6811776513577228
7,ANT,13.0,MEDIUM,HARD,12.0,3.0,83.50433333333335,81.84666666666668,58.333333333333336,53.03030303030303,0.0,0.0,1.657666666666671,MEDIUM>HARD,5.3030303030303045,0.0,50.55952918929865,1,13.0,0.19696969696969696,66,8,0.19500000000000028,0.0,0.0,0.0,0.0625,0.0625,0.24047195663452214,0.1262127074496883,0.1262127074496883,0.19299999999999784,0.12199999999999989,0,1,0,83.56,-0.38705373619485783,0.0,-0.0556666666666672,-0.08599999999999852,-2.2549999999999955,0.9579999999999984,0.0637127074496883,7.0,1.0,50.5,30.9,1.1000000000000014,0,0,28.5,2.3,0.005988,0.017964,20.0,0,0.0,8.06,0.0031137599999999997,5.556828061699537,14,4304.509,0,MEDIUM,83.56,0.6025317460317462,0.3849030475461703,0.8192044888602534,0.7873780154669804,0.767503642074944,0.7264661811775867,0.6959448032363345,0.6440738806123698,0.7180030840760556,0.7439193347075714,0.7360060632771299,0.7345543976616749,0.7002547268880801,0.6672762993911914,0.7783718939438004,0.8257081305833103,1.006994840390569,1.0126138310961739,0.9140617802124065,0.8847192785639402,1.0020107931596671,0.9043984265175369
7,ANT,36.0,HARD,HARD,21.0,5.0,82.93400000000001,80.90466666666667,33.93939393939394,26.51515151515152,0.8670926128757453,0.3292181069958848,2.0293333333333408,HARD>HARD,7.4242424242424185,0.5378745058798606,50.143584508651855,1,22.0,0.5454545454545454,66,8,0.10799999999999699,0.7070000000000078,-0.7070000000000078,-0.721500000000006,0.04277500000000103,0.04277500000000103,-0.2748612930105594,0.06726296989666088,0.06726296989666088,0.7630000000000052,0.27200000000000557,0,0,1,83.424,0.42363177625577464,-0.7070000000000078,-0.4900000000000091,-0.522625000000005,-0.01999999999999602,1.4480000000000075,0.02448796989665985,7.0,1.0,49.6,30.1,-0.29999999999999716,0,0,28.9,3.7,0.891566,0.957831,0.432076,0,0.0,12.848000000000003,0.78457808,6.561030665896573,37,6224.89,1,HARD,83.424,0.6025317460317462,1.3993128141870677,2.4959346441825527,2.4438660238938255,1.9367522075881731,1.8806289439442017,1.2513587477706993,1.1884857549696117,2.480879767518872,2.4956829327019268,1.980570824112983,1.9605408312772779,1.3696436028423062,1.318201777329252,3.2935203590860036,3.3502401282402134,2.3837769796307438,2.414254130640719,1.5557017309833983,1.5375216890244168,2.086455133791901,1.3833912738057272
7,BEA,17.0,MEDIUM,HARD,16.0,3.0,86.24533333333333,84.47599999999998,54.09090909090909,48.78787878787879,0.028901734104046242,0.4991830065359477,1.7693333333333499,MEDIUM>HARD,5.3030303030303045,-0.4702812724319015,50.629566821512874,1,17.0,0.25757575757575757,66,8,0.12449999999999761,0.2219999999999942,-0.2219999999999942,-0.15099999999999625,-0.007416666666667145,-0.007416666666667145,-0.16866277016434594,0.06329367888933887,0.06329367888933887,0.2219999999999942,-0.09799999999999898,0,1,0,86.707,0.2621774246285753,-0.2219999999999942,-0.4616666666666589,-0.3084999999999951,2.594999999999999,1.3605000000000018,0.07071034555600601,7.0,10.0,50.2,31.1,-1.0,0,0,27.8,3.1,0.098266,0.144509,8.476384,0,0.086705,10.336000000000002,0.06682088,5.860786223465865,18,4690.763,0,MEDIUM,86.707,0.6025317460317462,1.6435348870924056,0.8359428146798141,0.8230448694140553,0.7756569835554643,0.7563528093895718,0.6998356011187411,0.6695889231604297,1.2387118268225263,1.254954689469528,1.141866272951745,1.1331174404175601,0.9408464584730986,0.913436696350032,1.1321294365876253,1.205434084146386,1.25480074874143,1.2910456166594475,1.1060903804924678,1.1066769564032386,1.1740857203985524,1.0744616677601209
7,BOR,14.0,MEDIUM,HARD,13.0,3.0,86.70566666666666,83.64800000000001,57.27272727272727,51.96969696969697,0.5095674705999601,0.141086873871305,3.0576666666666483,MEDIUM>HARD,5.3030303030303045,0.3684805967286551,50.56357763612464,1,14.0,0.21212121212121213,66,8,0.15200000000000102,-0.07399999999999807,0.26600000000000534,-0.04999999999999716,0.09220000000000006,0.09220000000000006,0.3519117399869458,0.13573969484134807,0.13573969484134807,-0.27300000000001035,-0.025000000000005684,0,1,0,86.526,-0.5590073373037256,0.07399999999999807,0.17966666666667663,-0.024124999999997954,1.2319999999999993,1.2980000000000018,0.04353969484134801,7.0,13.0,51.2,30.9,0.7000000000000028,0,0,27.6,0.4,0.33526,1.0,1.176374,0,-0.23945300000000003,9.072000000000001,0.1877456,5.676753802268282,15,4433.726,0,MEDIUM,86.526,0.6025317460317462,1.229766669255536,0.8232350149842382,0.8164745877129784,0.7693836531896223,0.7526810787945982,0.6968859688482673,0.6672171753997382,1.1889380474611104,1.219404883922824,1.0502700638214508,1.0503642843914611,0.8555783503130528,0.831870025987294,1.579547445780857,1.626973275991737,1.4551942175249923,1.4718834058129098,1.094764469988939,1.0838129613411478,1.2868033209361642,1.0228887733372254
7,BOR,32.0,HARD,HARD,16.0,3.0,86.832,83.663,38.18181818181819,32.878787878787875,0.40514771960642043,0.0,3.168999999999997,HARD>HARD,5.303030303030312,0.40514771960642043,50.19578821650547,1,17.0,0.48484848484848486,66,8,0.7109999999999985,0.0,1.0889999999999986,-0.5105000000000075,0.4,0.4,0.6776588932496139,0.26056688694772706,0.26056688694772706,-1.475999999999999,0.24500000000000455,0,0,1,85.977,-1.0551413211883016,0.0,0.8549999999999898,-0.3346250000000026,1.6274999999999977,0.8485000000000014,-0.13943311305227296,7.0,13.0,49.2,29.8,0.7000000000000028,0,0,27.9,3.6,0.069767,0.790698,1.725534,0,-0.495947,9.656,0.047441559999999994,6.484635235635252,33,5985.048,1,HARD,85.977,0.6025317460317462,1.9198375239942234,2.314559204448838,2.34084388780794,1.835562620152284,1.83990438681708,1.20637978446445,1.1818974411157441,3.1126736227331024,3.2175435379863795,2.3655059933541307,2.412158659314358,1.491810964940964,1.4819136515745943,3.460041655070901,3.557910487992968,2.624711766638061,2.6906945599583727,1.6317181420056615,1.6435306997254642,2.5653653687862192,1.5606652532296486
7,BOR,52.0,HARD,SOFT,18.0,3.0,84.07633333333332,81.919,16.969696969696972,11.666666666666671,0.1388888888888889,0.21626076718101261,2.1573333333333267,HARD>SOFT,5.303030303030301,-0.07737187829212372,50.13541820840996,1,19.0,0.7878787878787878,66,8,0.30400000000000205,-0.06300000000000239,0.0,0.03149999999999409,0.09774999999999898,0.09774999999999898,0.259020887815808,0.07966824758815302,0.07966824758815302,0.11599999999999966,0.19900000000001228,0,0,1,84.094,-0.41790680902748534,0.06300000000000239,-0.017666666666670494,0.07637500000001296,1.0300000000000011,1.188999999999993,-0.018081752411845953,7.0,15.0,50.3,30.2,-0.20000000000000284,0,0,27.9,0.0,0.166667,0.940476,1.469969,0,0.023809999999999998,11.627999999999997,0.12666692000000002,6.926577033222725,53,7722.235,4,HARD,84.094,0.6025317460317462,0.9517247010208184,1.5463561294386583,1.4670979470113552,1.3209725102397207,1.2465651647654332,0.9866997707424541,0.9167728435448111,1.5871624976576655,1.5516419669094004,1.382087389604711,1.3254823825025643,1.0646586289944633,0.9963459688978604,1.9637813178945767,2.0347317826706486,1.674458810133736,1.6980849339395825,1.2548295580412812,1.2282654279642824,1.6912652103898882,1.2389755325956648
7,COL,11.0,SOFT,HARD,10.0,3.0,85.99866666666667,83.949,60.45454545454546,55.151515151515156,0.23873619801022325,0.007889546351084813,2.049666666666667,SOFT>HARD,5.3030303030303045,0.23084665165913842,50.64544235773824,1,11.0,0.16666666666666666,66,8,0.6180000000000021,-0.3920000000000101,0.3920000000000101,-0.07449999999998624,0.254549999999999,0.254549999999999,0.46313544504873505,0.1889037636314577,0.1889037636314577,-0.3920000000000101,0.02200000000000557,1,0,0,85.71,-0.7755672569288095,0.3920000000000101,0.2886666666666713,-0.17874999999999375,-0.17600000000000193,0.8419999999999987,-0.0656462363685413,7.0,12.0,49.0,30.9,-0.7000000000000028,0,0,28.3,3.9,0.263158,0.959064,1.387238,0,0.205355,6.16,0.11578952,5.429345628954441,12,4165.659,0,SOFT,85.71,0.6025317460317462,0.561964257219395,0.6639507251156096,0.6361535641016463,0.4451028774600235,0.4070219818782117,0.40026742820968847,0.35247431604542645,1.1717599586064817,1.1807501309927069,0.8532577492116629,0.8407164012585758,0.5964643242028976,0.5617993378694744,1.2848387723105121,1.325717099929856,1.1528313467408244,1.1730493575139378,0.8623365905580067,0.8489694331646654,1.0255166976320478,0.8025718793643127
7,COL,33.0,HARD,HARD,20.0,3.0,85.00533333333334,84.21600000000001,37.121212121212125,31.818181818181824,0.5295169946332736,0.5856106128775754,0.7893333333333317,HARD>HARD,5.303030303030301,-0.05609361824430181,50.17007714210788,1,21.0,0.5,66,8,0.1844999999999999,0.9909999999999997,-0.88900000000001,-1.0204999999999984,0.045224999999999224,0.045224999999999224,-0.640644185043115,0.05979550011388913,0.05979550011388913,0.88900000000001,0.17899999999999494,0,0,1,85.632,0.9879445350575367,-0.9909999999999997,-0.6266666666666652,-0.9118750000000091,1.8290000000000077,1.4669999999999987,0.014570500113889905,7.0,11.0,49.9,30.2,0.6999999999999957,0,0,28.4,3.5,0.561404,1.0,0.942463,0,-0.012560000000000016,12.515999999999998,0.47157936,6.505784060128229,34,6049.924,1,HARD,85.632,0.6025317460317462,2.0272216668877316,2.4626583786287224,2.4760367017400697,1.9180861956089377,1.9124207231572257,1.2431024182947474,1.2121489174749793,2.817392861629839,2.8825634939447706,2.2416497486370917,2.2626319640837615,1.5224367356590889,1.5003563086469547,3.589199552412068,3.71578225357659,2.645696277316385,2.723361729083295,1.7135410348050104,1.7252755695477953,2.453018007553779,1.5992184029132597
7,GAS,13.0,MEDIUM,HARD,12.0,3.0,85.85266666666666,83.25733333333334,58.333333333333336,53.03030303030303,0.5576748719343578,0.11976047904191617,2.595333333333329,MEDIUM>HARD,5.3030303030303045,0.43791439289244166,50.55952918929865,1,13.0,0.19696969696969696,66,8,0.11699999999999733,-0.1559999999999917,0.007999999999995566,0.009000000000000341,0.008300000000002684,0.008300000000002684,0.3214258275886408,0.12237122588900207,0.12237122588900207,-0.007999999999995566,-0.007999999999995566,0,1,0,85.798,-0.5173537456044812,0.1559999999999917,0.05466666666666242,0.02462500000000034,-0.5614999999999952,0.7914999999999992,0.11407122588899939,7.0,11.0,50.5,30.9,-0.20000000000000284,0,0,28.5,2.3,0.127907,0.877907,1.721941,0,-0.6732630000000001,8.06,0.06651164,5.594711379601839,14,4338.165,0,MEDIUM,85.798,0.6025317460317462,0.6932275672886385,0.8192044888602534,0.8084664788300141,0.767503642074944,0.7459232337562778,0.6959448032363345,0.661324207859982,0.8606883416105577,0.8819950595461253,0.8319334083218485,0.8280618426787008,0.7489328603768304,0.7221428307375058,1.0485357750734265,1.065194329603371,1.1228151815310743,1.1224637228348016,0.9206713797264843,0.9036435699443811,1.0355360951910861,0.8859420382060412
7,GAS,38.0,HARD,HARD,23.0,3.0,85.385,81.894,31.818181818181824,25.454545454545457,0.024904214559386975,0.034577784428151036,3.4909999999999997,HARD>HARD,6.363636363636367,-0.00967356986876406,50.15617116204259,1,24.0,0.5757575757575758,66,8,0.24099999999999966,1.6280000000000001,-1.6280000000000001,-1.6465000000000032,0.07358333333333414,0.07358333333333414,-1.1689568132912314,0.10268888022867742,0.10268888022867742,1.6280000000000001,0.3430000000000035,0,0,1,86.733,1.697008731946653,-1.6280000000000001,-1.3480000000000132,-1.569749999999999,3.2055000000000007,1.6380000000000052,0.02910554689534328,7.0,9.0,50.5,30.3,0.0,0,0,28.8,1.7,0.103448,0.206897,9.630038,0,0.07991899999999999,14.88,0.09931008000000001,6.633318433280377,39,6475.12,1,HARD,86.733,0.6025317460317462,2.6727679274407903,2.5584437817239825,2.602702789829407,1.9719872523655946,1.9894992704291052,1.2668865020572542,1.2503786047988037,3.53685142687993,3.66998182198882,2.817783186564198,2.88845689215823,1.8711353632957146,1.8775560779416183,3.8296886514997706,4.040076999096707,2.95323480638654,3.0956202586115196,1.9854185734883913,2.0376818418272733,2.973573084358639,1.9673210574839315
7,HAD,14.0,MEDIUM,HARD,13.0,3.0,85.15066666666667,82.28133333333334,57.27272727272727,51.96969696969697,0.4104001834651989,0.16969696969696968,2.86933333333333,MEDIUM>HARD,5.3030303030303045,0.24070321376822923,50.56357763612464,1,14.0,0.21212121212121213,66,8,0.3825000000000003,0.22299999999999898,-0.20699999999999363,-0.2149999999999892,0.052166666666669435,0.052166666666669435,-0.0710941707735202,0.07117366360333248,0.07117366360333248,0.22299999999999898,0.1844999999999999,0,1,0,85.294,0.11293218891587742,-0.22299999999999898,-0.14333333333333087,-0.25337499999999125,-0.5040000000000049,1.713000000000008,0.019006996936663044,7.0,8.0,50.7,30.8,0.20000000000000284,0,0,27.7,1.4,0.323529,0.852941,1.573776,0,-0.407465,8.792000000000002,0.18117624,5.659482215759621,15,4416.762,0,MEDIUM,85.294,0.6025317460317462,0.887044269845263,0.8232350149842382,0.8048492185515427,0.7693836531896223,0.7419640331773856,0.6968859688482673,0.6577170071255493,1.082309383307582,1.1197225059036655,0.9858189343636645,0.999125844843785,0.8229634585243265,0.8037975084425172,1.3123576912329886,1.3405950336287342,1.3035057782112882,1.3153174624625554,1.0216498074645872,1.0095219978924412,1.1993912819717956,0.9793930499946694
7,HAD,31.0,HARD,HARD,15.0,3.0,84.16799999999999,81.78833333333334,39.24242424242425,33.93939393939394,0.173992673992674,0.1605691056910569,2.379666666666651,HARD>HARD,5.303030303030312,0.013423568301617117,50.23288604921122,1,16.0,0.4696969696969697,66,8,0.2494999999999976,0.8100000000000023,-0.39000000000000057,-1.075499999999991,0.21900000000000003,0.21900000000000003,-0.31138918282091765,0.1626000562123759,0.1626000562123759,0.39000000000000057,-0.14750000000000085,0,0,1,84.568,0.4864257454996874,-0.8100000000000023,-0.4000000000000057,-0.9412499999999966,0.23199999999999932,1.3889999999999958,-0.05639994378762414,7.0,8.0,49.0,30.3,-0.20000000000000284,0,0,28.4,2.6,0.325444,0.372781,6.734273,0,0.301775,8.96,0.20828416,6.439350371100098,32,5855.164,1,HARD,84.568,0.6025317460317462,1.7213290984300418,2.273426833233491,2.2628409139353916,1.8127609070504138,1.7878525977926303,1.1961766826932023,1.15284645243288,2.313340629366974,2.3222584993215882,1.934656084800627,1.9114400652332613,1.374345250712754,1.325262559838766,2.629509973141335,2.7260215821541625,2.15117515793586,2.1960559357853704,1.5320784642971967,1.5179400409892567,2.011347242348282,1.4351261243488658
7,HAM,10.0,SOFT,HARD,11.0,3.0,83.46300000000001,81.80633333333334,61.51515151515152,56.21212121212121,0.0,0.12039253828121103,1.6566666666666663,SOFT>HARD,5.303030303030312,-0.12039253828121103,50.75549885116822,1,12.0,0.15151515151515152,66,8,0.4930000000000021,0.22499999999999432,-0.11399999999999011,-0.6624999999999943,0.21407142857142789,0.21407142857142789,0.00024683232580002823,0.1910474565555198,0.1910474565555198,0.11399999999999011,0.3059999999999974,1,0,0,83.576,-0.0004248103327597619,-0.22499999999999432,-0.11299999999999955,-0.6801249999999897,-2.338000000000008,0.8149999999999977,-0.023023972015908084,7.0,2.0,50.4,30.9,-1.1000000000000014,0,0,28.0,3.1,0.005988,0.233533,3.408801,0,0.0,7.3919999999999995,0.00287424,5.2832037287379885,11,4051.855,0,SOFT,83.576,0.6025317460317462,0.31842134675952494,0.6619391970965827,0.6166757864818672,0.4370797955285204,0.38775559312426877,0.3931786696908775,0.335993877455989,1.18066561279266,1.1949916846371877,0.8766763750719134,0.8744404339272444,0.6347537810330559,0.6024474902735987,1.001997292382541,1.0279066889771529,1.0542530338887053,1.0664605796836053,0.8668133546562287,0.8480862255749486,1.0850318949826412,0.8846583880908461
7,HAM,26.0,HARD,MEDIUM,14.0,3.0,83.16166666666668,80.756,44.54545454545454,39.24242424242424,0.12392083303272972,0.23911765457659176,2.4056666666666757,HARD>MEDIUM,5.303030303030297,-0.11519682154386204,50.369787199608055,1,15.0,0.3939393939393939,66,8,0.21700000000000585,0.40500000000000114,-0.0660000000000025,-0.4410000000000025,0.1222285714285726,0.1222285714285726,-0.03805950674373548,0.12073217581725314,0.12073217581725314,0.0660000000000025,0.042499999999996874,0,0,1,83.331,0.05987148561308686,-0.40500000000000114,-0.16933333333332712,-0.44199999999999307,-1.2194999999999965,1.2489999999999952,-0.0014963956113194649,7.0,2.0,49.0,30.8,-1.6000000000000014,0,0,27.6,3.6,0.024096,0.644578,2.265872,0,-0.287281,8.4,0.0144576,6.253828811575473,27,5395.331,1,HARD,83.331,0.6025317460317462,0.7973953485246087,0.9793959156587347,0.9233166085077852,1.0256263393378668,0.9653764226119774,0.8561906383310358,0.790147227359451,0.6228188436088248,0.6046336613428229,0.8530912514314691,0.817734917282018,0.8550725700796563,0.7982611111627193,0.7061488973759388,0.7968206912429974,1.0395598877460035,1.0790210315789612,0.9943040234334368,0.9765602082538126,1.110010138398428,1.0086133656543628
7,HAM,39.0,MEDIUM,HARD,11.0,3.0,81.39933333333333,80.18833333333333,30.75757575757576,24.393939393939394,0.06300813008130081,0.024974120082815732,1.2109999999999985,MEDIUM>HARD,6.363636363636367,0.03803400999848508,50.159054070731024,1,12.0,0.5909090909090909,66,8,0.14750000000000796,0.6319999999999908,-0.4989999999999952,-0.7449999999999903,0.08858333333333293,0.08858333333333293,-0.34484172687365344,0.08936487296102064,0.08936487296102064,0.4989999999999952,0.3430000000000035,0,1,0,81.859,0.5647726989277686,-0.6319999999999908,-0.45966666666666356,-0.676249999999996,-1.6685000000000088,1.5925000000000011,0.0007815396276877051,7.0,1.0,50.5,30.3,0.0,0,0,28.8,1.7,0.190184,0.656442,1.801876,0,0.15337399999999998,7.44,0.09128831999999999,6.63200177739563,40,6473.942,2,MEDIUM,81.859,0.6025317460317462,0.8741613005117348,0.8152970136884666,0.7705118546469572,0.765738489414142,0.7114107767555987,0.6950261674620822,0.6307187501737833,1.2693253394084514,1.2693773751725277,1.0895273033743167,1.0601549873765823,0.8939676674109089,0.8373670596143385,1.1611427741237028,1.1994597402639227,1.2461356147682898,1.2306685054252262,1.072798752556262,1.0224837009343402,1.3212435697928617,1.1238453566841011
7,HUL,12.0,SOFT,HARD,11.0,3.0,85.52766666666666,84.45733333333334,59.3939393939394,54.09090909090909,0.38791423001949316,0.2117618053138415,1.0703333333333234,SOFT>HARD,5.3030303030303045,0.17615242470565165,50.55790841360676,1,12.0,0.18181818181818182,66,8,0.17249999999999943,0.3580000000000041,-0.29400000000001114,-0.46299999999999386,0.11883333333333349,0.11883333333333349,-0.00532858922336743,0.17485631283119873,0.17485631283119873,0.3580000000000041,0.02200000000000557,1,0,0,85.745,0.008727023102579778,-0.3580000000000041,-0.21733333333334315,-0.5276250000000005,-0.20899999999998897,0.7000000000000028,0.05602297949786525,7.0,8.0,50.7,30.9,1.7000000000000028,0,0,28.3,1.4,0.192982,0.549708,2.387024,0,-0.339182,7.536000000000001,0.09263136,5.501258210544727,13,4245.254,0,SOFT,85.745,0.6025317460317462,0.7574903374958187,0.6619391970965827,0.6326800195257933,0.4370797955285204,0.3978187916679481,0.3931786696908775,0.344713733876517,1.150657698805683,1.1504497260305384,0.8738809484071723,0.8521595918569154,0.655686235362047,0.6165289932789594,1.8130286317500415,1.8005163043868502,1.500548478853645,1.476269643465953,1.002738783778645,0.9656647096053528,1.3966248692977863,0.9931298775292343
7,LAW,10.0,MEDIUM,HARD,9.0,3.0,85.261,84.50733333333334,61.51515151515152,56.21212121212121,0.0,0.0,0.7536666666666605,MEDIUM>HARD,5.303030303030312,0.0,50.75549885116822,1,10.0,0.15151515151515152,66,8,0.3149999999999906,0.08599999999999852,0.0,-0.3049999999999926,0.22905952380952482,0.22905952380952482,0.1293376464088709,0.19505928434307399,0.19505928434307399,0.1039999999999992,0.32200000000000273,0,1,0,85.289,-0.22259632498040105,-0.08599999999999852,-0.027999999999991587,-0.5701250000000044,-0.625,0.8149999999999977,-0.03400023946645084,7.0,8.0,49.7,30.9,-1.7999999999999972,0,0,28.0,5.1,0.005848,0.017544,8.724281,0,-3.4000000000000176e-05,5.880000000000001,0.0023392,5.313205979041787,11,4072.946,0,MEDIUM,85.289,0.6025317460317462,0.9975273291166361,0.807904498377868,0.8019007620616063,0.7625771360905463,0.7411272866318547,0.6932604323868682,0.656714219512357,1.5077537153571388,1.5825318545143794,1.2874891356737064,1.3231231463302893,0.9904693729717334,0.9811401431640919,1.0262138090466273,1.1130252807111822,1.1964516770592448,1.2508644285730133,1.0702822048628293,1.0808873170477078,1.2899555683101755,1.1061791947223356
7,LAW,34.0,HARD,HARD,22.0,4.0,85.23666666666666,84.2,36.06060606060606,29.6969696969697,0.05098039215686275,0.1498247324558349,1.0366666666666617,HARD>HARD,6.363636363636363,-0.09884434029897216,50.15628370900777,1,23.0,0.5151515151515151,66,8,0.1734999999999971,0.17199999999999704,-0.036000000000001364,-0.23799999999999955,0.07999999999999924,0.07999999999999924,-0.03790109986782397,0.06261173344524319,0.06261173344524319,0.036000000000001364,0.03650000000000375,0,0,1,85.306,0.05839629939374902,-0.17199999999999704,-0.0693333333333328,-0.2663749999999965,1.5220000000000056,1.100999999999992,-0.017388266554756046,7.0,9.0,49.9,30.2,0.0,0,0,28.4,3.5,0.02924,0.064327,5.357113,0,-0.15899500000000003,13.708,0.0269008,6.530877627725885,35,6133.07,1,HARD,85.306,0.6025317460317462,1.6487610869017337,2.5278430444453264,2.5300685569074868,1.954707716582909,1.9402520739420495,1.2592812920407805,1.2227158446924586,2.510796753800645,2.5465179315118367,1.966428376652794,1.9620957199129159,1.3374660186193859,1.3009548207409247,2.913781999816785,3.035590994156598,2.199739979983006,2.2712018896130757,1.481989649811562,1.4890109801518396,2.095789187699994,1.3774659553189568
7,LEC,15.0,MEDIUM,HARD,14.0,3.0,83.84833333333334,81.97866666666665,56.21212121212122,50.90909090909091,0.0,0.0,1.8696666666666886,MEDIUM>HARD,5.303030303030312,0.0,50.58778638624881,1,15.0,0.22727272727272727,66,8,0.3084999999999951,0.0,-0.043000000000006366,-0.14100000000000534,0.08899999999999883,0.08899999999999883,0.08519366865073152,0.08858077106010868,0.08858077106010868,0.043000000000006366,-0.006000000000000227,0,1,0,84.039,-0.13401832927822,0.0,-0.1906666666666581,-0.1907499999999942,-0.7339999999999947,1.093500000000006,-0.00041922893989014554,7.0,1.0,50.7,31.0,0.0,0,0,27.5,2.5,0.017857,0.02381,17.481625,0,0.0,9.420000000000002,0.0107142,5.707110264748875,16,4479.933,0,MEDIUM,84.039,0.6025317460317462,0.784479351456734,0.8273760815241551,0.7943603932785189,0.771372799178282,0.7315983299609937,0.6978487375604109,0.6483347255420621,0.8195780988713226,0.8277117754852155,0.8200289389543605,0.8060189928027923,0.7485395276480529,0.7100886310214323,0.7417088920659518,0.7928759798943008,1.0054747168761502,1.0166439598516224,0.9406884411844776,0.9163186918285754,0.9596710328732997,0.9093067498153317
7,LEC,38.0,HARD,HARD,21.0,4.0,83.10233333333333,80.78866666666666,31.818181818181824,25.454545454545457,0.026262626262626262,0.24985302763080539,2.313666666666677,HARD>HARD,6.363636363636367,-0.22359040136817912,50.15617116204259,1,22.0,0.5757575757575758,66,8,0.22150000000001313,0.49099999999999966,-0.49099999999999966,-0.4829999999999899,0.0063333333333316,0.0063333333333316,-0.21999034709794785,0.040621880157943734,0.040621880157943734,0.49099999999999966,-0.09000000000000341,0,0,1,83.515,0.33906156985388236,-0.49099999999999966,-0.4126666666666665,-0.30537499999999795,-0.13450000000000273,1.3444999999999965,0.03428854682461213,7.0,2.0,50.5,30.3,-0.3999999999999986,0,0,28.9,2.4,0.041916,0.610778,2.216807,0,0.005771000000000005,13.64,0.03688608,6.610696044717759,39,6406.79,1,HARD,83.515,0.6025317460317462,1.265144659965996,2.4959346441825527,2.446531825200096,1.9367522075881731,1.882680358811613,1.2513587477706993,1.1897821709134915,2.047259823420835,2.028370444861195,1.6822202362058936,1.6371788098759439,1.2096286013911062,1.1461567265578205,2.3633839561386996,2.4571024577580935,1.8898836550780629,1.9328308515727572,1.3607016725997356,1.343039028115561,1.7779361471434214,1.2437791838623766
7,LIN,21.0,MEDIUM,HARD,20.0,3.0,86.382,83.96766666666667,49.84848484848485,44.54545454545454,0.04190476190476191,0.41323221407284055,2.4143333333333317,MEDIUM>HARD,5.303030303030312,-0.37132745216807866,50.483434285638246,1,21.0,0.3181818181818182,66,8,0.26949999999999363,1.4039999999999964,-1.100999999999999,-1.4380000000000024,0.0822083333333321,0.0822083333333321,-0.791111529555593,0.08762400259821383,0.08762400259821383,1.100999999999999,0.14699999999999136,0,1,0,87.217,1.2199819033600647,-1.4039999999999964,-0.8349999999999937,-1.208999999999989,3.1480000000000103,1.2014999999999887,0.005415669264881726,7.0,9.0,50.1,30.9,0.5,0,0,29.0,1.7,0.137143,0.634286,2.089211,0,0.125515,12.684000000000001,0.11520011999999999,6.063785208687608,22,5024.573,0,MEDIUM,87.217,0.6025317460317462,2.3279757480578125,0.8539164878560227,0.837149898318369,0.7853124981835088,0.765270742408299,0.7040325436279303,0.6750956672879961,1.9496467671813442,2.0050791934746814,1.6700835173689277,1.6961774978170443,1.242628282329659,1.234995551825156,1.9310992879135949,2.0035531904951993,1.856159523508083,1.902105764565509,1.4386587221900844,1.4487114065342375,1.8211764324220492,1.4505752305051056
7,NOR,12.0,MEDIUM,HARD,11.0,3.0,83.44600000000001,82.069,59.3939393939394,54.09090909090909,0.013972055888223553,0.36788617886178865,1.3770000000000095,MEDIUM>HARD,5.3030303030303045,-0.3539141229735651,50.55790841360676,1,12.0,0.18181818181818182,66,8,0.07149999999999324,0.21699999999999875,-0.21699999999999875,-0.24349999999999739,0.03699999999999809,0.03699999999999809,0.00884391504297355,0.09028787338483649,0.09028787338483649,0.21699999999999875,-0.04049999999999443,0,1,0,83.618,-0.014484331154449137,-0.21699999999999875,-0.17199999999999704,-0.2303749999999951,-2.3019999999999925,0.9020000000000081,0.0532878733848384,7.0,3.0,49.4,30.9,0.3999999999999986,0,0,28.5,2.3,0.017964,0.808383,1.948865,0,-0.023952,6.911999999999999,0.00862272,5.480638923341991,13,4223.084,0,MEDIUM,83.618,0.6025317460317462,0.4372875388356562,0.8152970136884666,0.7870687433497754,0.765738489414142,0.7266976915275004,0.6950261674620822,0.6442717410673403,0.5306239004885591,0.5385875031909377,0.607414849755736,0.5930343837333993,0.6484587100263846,0.6093440407277596,0.544940208659813,0.5914241538376029,0.826520012564333,0.8300419387735377,0.8301989142894926,0.7992418988157018,0.8090114346248349,0.8192084350154609
7,NOR,34.0,HARD,HARD,20.0,3.0,83.187,80.83633333333334,36.06060606060606,30.75757575757576,0.20968905562369236,0.45267489711934156,2.3506666666666547,HARD>HARD,5.303030303030301,-0.2429858414956492,50.15628370900777,1,21.0,0.5151515151515151,66,8,0.15350000000000108,0.0,0.0,-0.08399999999998897,0.03361428571428563,0.03361428571428563,0.11968107460388921,0.06425201698728135,0.06425201698728135,0.26599999999999113,0.09949999999999903,0,0,1,83.115,-0.18456151849215985,0.0,0.07200000000000273,-0.05412499999998488,-0.6880000000000024,1.4669999999999987,0.030637731272995718,7.0,3.0,49.9,30.2,0.6999999999999957,0,0,28.4,3.5,0.024096,0.156627,3.605236,0,-0.04819300000000001,12.515999999999998,0.02024064,6.51025834052315,35,6063.1,1,HARD,83.115,0.6025317460317462,0.9865710699434805,2.4626583786287224,2.403258016455599,1.9180861956089377,1.8562085249113978,1.2431024182947474,1.1765199607148367,2.074129021401823,2.0701271669732564,1.6477377620804656,1.614877701780909,1.1593542195221638,1.1020518426124606,2.4975977279850228,2.564003463070766,1.9322424768346838,1.9593244899219786,1.3331703513838948,1.3081839826199169,1.8487299165107733,1.2346452959145444
7,OCO,12.0,SOFT,HARD,11.0,3.0,86.69266666666665,84.34166666666665,59.3939393939394,54.09090909090909,0.0,0.17766741805203345,2.350999999999999,SOFT>HARD,5.3030303030303045,-0.17766741805203345,50.55790841360676,1,12.0,0.18181818181818182,66,8,0.5045000000000002,0.12899999999999068,-0.11199999999999477,-0.6765000000000043,0.23304761904761728,0.23304761904761728,0.07125450816870682,0.21306551151911446,0.21306551151911446,0.12899999999999068,0.09949999999999903,1,0,0,86.773,-0.11669875700383159,-0.12899999999999068,-0.0803333333333427,-0.6687499999999886,0.6980000000000075,0.8065000000000069,-0.019982107528502824,7.0,14.0,50.7,30.9,1.7000000000000028,0,0,28.3,1.4,0.017341,0.50289,2.47182,0,0.005779999999999999,7.536000000000001,0.00832368,5.5254529391317835,13,4258.367,0,SOFT,86.773,0.6025317460317462,1.0151656994083655,0.6619391970965827,0.6402652438545882,0.4370797955285204,0.4025882559846388,0.3931786696908775,0.34884651967656427,1.5679238609584214,1.600948121203629,1.1652946860705784,1.1691042668662133,0.7912242668278293,0.766378670517751,1.951145998700732,1.9863535550289546,1.6598922214516778,1.6744057147220544,1.1244237130784076,1.109186289434384,1.635244094085818,1.1385194655674828
7,OCO,33.0,HARD,MEDIUM,19.0,4.0,86.64166666666665,83.192,37.121212121212125,30.75757575757576,0.15304156344618772,0.003992015968063873,3.4496666666666584,HARD>MEDIUM,6.363636363636363,0.14904954747812385,50.17007714210788,1,20.0,0.5,66,8,0.19400000000000261,-0.784000000000006,0.9190000000000111,0.7830000000000155,0.026999999999999247,0.026999999999999247,0.9710146721094475,0.1058914554846452,0.1058914554846452,-1.3299999999999983,-0.36599999999999966,0,0,1,85.892,-1.4987774044245157,0.784000000000006,0.7496666666666698,0.783875000000009,2.1809999999999974,1.0279999999999987,0.07889145548464595,7.0,15.0,49.9,30.2,0.6999999999999957,0,0,28.4,3.5,0.023256,0.093023,3.948122,0,-0.29103,11.92,0.018604799999999998,6.519147287940395,34,6080.518,1,HARD,85.892,0.6025317460317462,0.9938935136216865,1.1768521428262577,1.14499957275084,1.1352987303736028,1.1018480052464397,0.9051638637636666,0.861484056636961,0.611331806065392,0.5491985813169711,0.7389980417653805,0.6670406398431151,0.7238930928322025,0.6568964128866364,1.3738289469087352,1.4715154681602236,1.2910199320472318,1.326897721187668,0.9894155674915812,0.9703564439250071,1.1600518168353184,0.8859938481645026
7,PER,11.0,SOFT,HARD,10.0,3.0,86.87333333333333,84.77266666666667,60.45454545454546,55.151515151515156,0.05563306978495338,0.24804779865508608,2.100666666666669,SOFT>HARD,5.3030303030303045,-0.1924147288701327,50.64544235773824,1,11.0,0.16666666666666666,66,8,0.4799999999999969,0.26200000000000045,-0.08799999999999386,-0.7039999999999935,0.1950249999999997,0.1950249999999997,-0.022492884553699355,0.17800729220591585,0.17800729220591585,0.26200000000000045,0.02200000000000557,1,0,0,86.99,0.037666615587795604,-0.26200000000000045,-0.11666666666666003,-0.6553750000000065,1.1039999999999992,1.1039999999999992,-0.017017707794083847,7.0,19.0,49.0,30.9,-0.7000000000000028,0,0,28.3,3.9,0.017241,0.706897,2.083774,0,-0.029002,6.16,0.00758604,5.459585514144159,12,4177.838,0,SOFT,86.99,0.6025317460317462,1.1374312157803446,0.6639507251156096,0.6456539323439763,0.4451028774600235,0.4131004807325357,0.40026742820968847,0.3577381956923538,1.4888528784678363,1.5150140636456055,1.112334242783574,1.1111821090094918,0.7683201697789356,0.7417865314971981,1.507037068075979,1.550572560754727,1.3521938014646255,1.3785013378690836,0.9982468261284265,0.9937673176873398,1.3327584174575593,1.0076068059195822
7,PER,30.0,HARD,HARD,17.0,3.0,86.83933333333334,84.39766666666667,40.303030303030305,35.0,0.07238095238095238,0.1234683932052353,2.441666666666677,HARD>HARD,5.3030303030303045,-0.05108744082428292,50.266765967523774,1,18.0,0.45454545454545453,66,8,0.45349999999999824,-0.2849999999999966,0.0,0.1424999999999983,-0.09849999999999995,-0.09849999999999995,0.5089214930504227,0.08121130905436386,0.08121130905436386,0.242999999999995,-0.14750000000000085,0,0,1,86.699,-0.7884336569558172,0.2849999999999966,0.14033333333334497,0.40774999999999295,2.441999999999993,1.1210000000000022,0.1797113090543638,7.0,17.0,49.0,30.3,-0.20000000000000284,0,0,28.4,2.6,0.022989,0.074713,6.595253,0,0.005648,10.08,0.01655208,6.436150368369428,31,5842.063,1,HARD,86.699,0.6025317460317462,1.4393527247710787,2.353973109931391,2.399447790715237,1.8574527390808018,1.8768709806012571,1.2161532955462204,1.2012999378434643,2.184932742009589,2.24789296430312,1.7783491844394197,1.7946881062559996,1.2184449961311126,1.1972825668725986,2.5089607049545286,2.668126360398651,1.9858068877338042,2.0804320221695263,1.3678123291756108,1.3891662868889494,1.8582820182746238,1.2539686277896815
7,PER,37.0,HARD,MEDIUM,5.0,3.0,85.00566666666667,84.35866666666666,32.87878787878788,26.515151515151516,0.46138742318632886,0.30345690625180677,0.6470000000000056,HARD>MEDIUM,6.363636363636367,0.1579305169345221,50.1494176691759,1,6.0,0.5606060606060606,66,5,0.5769999999999982,0.9450000000000074,-0.9450000000000074,-0.9450000000000074,0.4,0.4,-0.5552861980163897,0.15399843396236673,0.15399843396236673,0.9450000000000074,0.3430000000000035,0,0,1,85.828,1.057612542969622,-0.9450000000000074,-0.8223333333333329,-1.0472000000000037,2.3004999999999995,1.5925000000000011,-0.2460015660376333,4.0,18.0,50.5,30.3,0.0,0,0,28.8,1.7,0.947674,1.0,0.333396,0,0.582968,3.72,0.22744176,6.630683385642372,38,6463.012,2,HARD,85.828,0.6025317460317462,1.8757120988577998,0.49636827583790105,0.47832427121331195,0.759691135884484,0.7326243269532308,0.7356889039601869,0.6958499332134774,1.4837197758609821,1.5290380864495727,1.5634467402259178,1.5798630501293136,1.2528873158295166,1.231564834754576,2.08678753419659,2.22340729448971,2.0207023384959655,2.0959733226252424,1.5212927771065068,1.5275995736016474,1.9888995697013905,1.5424605089536167
7,PIA,13.0,MEDIUM,HARD,12.0,3.0,84.07099999999998,82.34633333333333,58.333333333333336,53.03030303030303,0.0,0.0770140428677014,1.72466666666665,MEDIUM>HARD,5.3030303030303045,-0.0770140428677014,50.55952918929865,1,13.0,0.19696969696969696,66,8,0.3674999999999997,-0.11800000000000921,0.09799999999999898,0.10800000000000409,-0.014499999999994628,-0.014499999999994628,0.3964607445699073,0.10434531294435492,0.10434531294435492,-0.11800000000000921,0.022500000000000853,0,1,0,83.999,-0.6390130319223886,0.11800000000000921,0.07200000000000273,0.19300000000001205,-2.0759999999999934,0.7075000000000102,0.11884531294434955,7.0,4.0,50.5,30.9,1.1000000000000014,0,0,28.5,2.3,0.017857,0.303571,3.045381,0,0.0,8.06,0.009285640000000001,5.568344503761097,14,4315.354,0,MEDIUM,83.999,0.6025317460317462,0.2947053539927228,0.8192044888602534,0.7915146711490052,0.767503642074944,0.7302828237522271,0.6959448032363345,0.6474576579411014,0.5639471449206546,0.5839199677528053,0.6214503698592637,0.6177179044739403,0.6224590062121431,0.5905203742121878,0.6609090766173399,0.7119114860667627,0.9170825751585553,0.9267608914102488,0.8474138333764789,0.8215620669988596,0.8700991740890127,0.8094635935456249
7,PIA,35.0,HARD,HARD,20.0,3.6666666666666665,83.16033333333333,81.75733333333334,35.0,28.98989898989899,0.13052208835341364,0.028806584362139915,1.4029999999999916,HARD>HARD,6.01010101010101,0.10171550399127373,50.146538703724886,1,21.0,0.5303030303030303,66,8,0.2465000000000117,0.09900000000000375,-0.4069999999999965,-0.04950000000000898,-0.039666666666666586,-0.039666666666666586,-0.018047142751399292,0.03387988216410176,0.03387988216410176,0.4069999999999965,0.1454999999999984,0,0,1,83.444,0.027830699896924216,-0.09900000000000375,-0.28366666666667584,-0.04100000000001103,-0.3399999999999892,1.225999999999999,0.07354654883076835,7.0,6.0,49.5,30.2,-0.3999999999999986,0,0,28.8,3.8,0.419162,0.658683,1.29654,0,0.395066,12.18,0.35209608,6.54534966033442,36,6165.871,1,HARD,83.444,0.6025317460317462,1.0004712426913942,2.4626583786287224,2.4127710031296523,1.9180861956089377,1.8635560867798433,1.2431024182947474,1.1811770631280616,2.0934669875662277,2.103904494758394,1.6979547108307123,1.6762376102235403,1.1979831557396472,1.1472698995781436,2.4986040118758224,2.6087023704566445,1.9272255639200284,1.986407659547446,1.3693001971738932,1.3603321058242848,1.7503662126436792,1.2275733853576298
7,RUS,11.0,MEDIUM,HARD,10.0,3.0,83.46966666666667,81.97433333333333,60.45454545454546,55.151515151515156,0.0,0.024390243902439022,1.4953333333333347,MEDIUM>HARD,5.3030303030303045,-0.024390243902439022,50.64544235773824,1,11.0,0.16666666666666666,66,8,0.4924999999999926,0.4479999999999933,-0.1909999999999883,-0.758499999999998,0.239190476190475,0.239190476190475,-0.0032223187231892325,0.23138489331838824,0.23138489331838824,0.1909999999999883,0.125,0,1,0,83.701,0.00539609939126251,-0.4479999999999933,-0.23133333333332473,-0.7893749999999926,-2.3540000000000134,0.7660000000000053,-0.007805582872086769,7.0,1.0,49.0,30.9,-1.3999999999999986,0,0,28.3,3.9,0.005952,0.017857,20.0,0,-0.006024000000000001,6.16,0.00261888,5.37989735354046,12,4132.042,0,MEDIUM,83.701,0.6025317460317462,0.7515996745345542,0.8115257414340546,0.78726500299463,0.7640942122413271,0.7272951257708847,0.6941310357778268,0.6446861441596407,1.169276028011954,1.203668176060685,1.1008615384143234,1.106722179548076,0.9143860817260357,0.8838996482545635,0.7027302935069253,0.765089172373205,1.0477738948294038,1.0734995380857404,1.0053087389594484,0.9908375653124011,1.1004645757355216,1.017588713760106
7,RUS,35.0,HARD,HARD,22.0,4.0,83.00233333333334,80.84266666666667,35.0,28.636363636363637,0.0,0.3379853283234926,2.1596666666666664,HARD>HARD,6.363636363636363,-0.3379853283234926,50.146538703724886,1,23.0,0.5303030303030303,66,8,0.25799999999999557,0.0,0.0,0.2710000000000008,-0.07150000000000153,-0.07150000000000153,0.17256377753355423,0.0007406776424270824,0.0007406776424270824,0.27200000000000557,0.036000000000001364,0,0,1,82.921,-0.26587845873886806,0.0,0.08133333333333326,0.23487499999998818,-0.6779999999999973,0.8310000000000031,0.07224067764242861,7.0,1.0,49.9,30.2,0.0,0,0,28.4,3.5,0.018182,0.054545,6.119965,0,-0.011938,13.708,0.01672744,6.535241271013659,36,6140.884,1,HARD,82.921,0.6025317460317462,0.8667931165957542,2.5278430444453264,2.459332459701847,1.954707716582909,1.8860061686557652,1.2592812920407805,1.1885309422284878,1.8718125555175678,1.8581075639069862,1.4858225744301676,1.4475820545969458,1.0579886170679829,0.9983181748695265,2.2250919867254666,2.308120440763272,1.7191165508544188,1.7594867926838256,1.2196262063772472,1.2010542204244867,1.5977682705329466,1.086951372426373
7,SAI,13.0,SOFT,HARD,12.0,3.0,86.337,84.24433333333333,58.333333333333336,53.03030303030303,0.0019267822736030828,0.021825396825396828,2.0926666666666733,SOFT>HARD,5.3030303030303045,-0.019898614551793745,50.55952918929865,1,13.0,0.19696969696969696,66,8,0.23699999999999477,0.0,0.05499999999999261,-0.15149999999999864,0.16478333333333192,0.16478333333333192,0.18383011400368332,0.14409537061725838,0.14409537061725838,-0.05499999999999261,-0.007999999999995566,1,0,0,86.28,-0.2958853641233219,0.0,0.05699999999998795,-0.29624999999998636,-0.0519999999999925,0.7914999999999992,-0.020687962716073538,7.0,12.0,50.5,30.9,-0.20000000000000284,0,0,28.5,2.3,0.00578,0.32948,3.016362,0,-0.023122,8.06,0.0030056000000000006,5.598421958998375,14,4341.52,0,SOFT,86.28,0.6025317460317462,0.6775228335292239,0.6603459024922634,0.6333636188272379,0.42964907175208034,0.39149283749361075,0.38650279418198974,0.3393350346315939,1.078917883755393,1.0717474411135346,0.7804367628410498,0.7544183553280761,0.5779226188075556,0.5379495669170358,1.2544892351397392,1.281645052659722,1.1406470674692821,1.1478233147392807,0.8693568775167747,0.8507593243676406,1.086239876409278,0.8591433941964828
7,SAI,29.0,HARD,HARD,14.0,3.0,85.39299999999999,84.027,41.36363636363637,36.06060606060606,0.0,0.1488095238095238,1.3659999999999854,HARD>HARD,5.3030303030303045,-0.1488095238095238,50.2882581736411,1,15.0,0.4393939393939394,66,8,0.2530000000000001,0.0,0.0,-0.2804999999999893,0.10150000000000267,0.10150000000000267,0.17306791183804648,0.10839178586338356,0.10839178586338356,-0.3710000000000093,0.3790000000000049,0,0,1,85.353,-0.27225347568135305,0.0,0.040000000000020464,-0.19112499999998533,0.9204999999999899,1.0494999999999948,0.006891785863380892,7.0,13.0,50.3,30.5,1.5999999999999943,0,0,28.3,3.0,0.02924,0.05848,11.05168,0,0.005847999999999999,9.179999999999998,0.017544,6.386879319362645,30,5723.583,1,HARD,85.353,0.6025317460317462,1.4078368041422347,2.230494731671093,2.2420887249305284,1.7890009894577252,1.781378032976733,1.1855217837696717,1.1533119419693936,2.5604324343963816,2.6523300344299856,2.0290610098012056,2.0688605389662604,1.3609607971632063,1.3483652933567196,3.009307620950639,3.1315083825668184,2.3407360172745353,2.4139061626246305,1.5488662548024816,1.5576448906352298,2.3652646077899036,1.5281893654217797
7,SAI,54.0,HARD,MEDIUM,23.0,3.0,84.53333333333335,82.19866666666667,14.848484848484851,9.545454545454547,0.009861932938856016,0.2230229120473023,2.3346666666666778,HARD>MEDIUM,5.3030303030303045,-0.21316097910844628,50.13143861947569,1,24.0,0.8181818181818182,66,8,0.2914999999999921,0.08800000000000807,-0.05500000000000682,-0.36299999999999955,0.12071428571428555,0.12071428571428555,-0.21750786764367547,0.011947036854648107,0.011947036854648107,0.08800000000000807,0.08049999999999358,0,0,1,84.581,0.3422736046916981,-0.08800000000000807,-0.04766666666665742,-0.3876249999999999,1.5085000000000122,1.0829999999999913,-0.10876724885963744,7.0,13.0,48.7,29.9,-1.5999999999999943,0,0,27.2,1.6,0.029586,0.08284,11.554065,0,-0.005916999999999999,13.152000000000003,0.02840256,6.959398512133975,55,7888.375,4,HARD,84.581,0.6025317460317462,1.3937704747813275,1.3073449657116245,1.2534823474608712,1.2086126022457364,1.1547278873324203,0.9375553566186184,0.8784737781138846,1.3721002671689178,1.319984899667783,1.2503110003307358,1.1876813087944147,1.016351764507192,0.9484360536316485,1.4976430481261251,1.6132858619139558,1.4155928177887451,1.470113641879272,1.1639550690450555,1.1543137978502944,1.4660361101154775,1.1582164772683012
7,VER,11.0,SOFT,MEDIUM,13.0,3.0,84.153,82.00633333333333,60.45454545454546,55.151515151515156,0.00992063492063492,0.08130081300813008,2.1466666666666754,SOFT>MEDIUM,5.3030303030303045,-0.07138017808749517,50.64544235773824,1,14.0,0.16666666666666666,66,8,0.46999999999999886,0.20800000000001262,0.0,-0.63900000000001,0.20084999999999695,0.20084999999999695,0.06591626396286188,0.17674675147337918,0.17674675147337918,-0.13599999999999568,0.09299999999999642,1,0,0,84.177,-0.11038346681345956,-0.20800000000001262,-0.02400000000000091,-0.5638750000000101,-1.9014999999999986,0.7194999999999965,-0.02410324852661777,7.0,5.0,49.0,30.9,-1.3999999999999986,0,0,28.3,3.9,0.005917,0.236686,3.32432,0,0.005917,7.84,0.0033135200000000004,5.3981627015177525,12,4143.526,0,SOFT,84.177,0.6025317460317462,-0.740150856883003,-0.591954881464546,-0.6633122928038712,-0.34059295550427704,-0.40772481210041756,0.050888691758061544,-0.015140856283343253,-0.3106729024638959,-0.36358228883596033,-0.04437107779668947,-0.08884598621999018,0.22132228751843447,0.17026013119191633,-0.3850924006379638,-0.3552092539579674,0.27076112002241365,0.27589430403150506,0.5113304431522503,0.48455633764858425,0.3455732766961628,0.5728544520432508
7,VER,28.0,MEDIUM,HARD,15.0,3.0,83.33466666666668,81.49566666666668,42.42424242424242,37.121212121212125,0.041952240098117016,0.034552845528455285,1.8389999999999986,MEDIUM>HARD,5.303030303030297,0.007399394569661731,50.32655241935779,1,16.0,0.42424242424242425,66,8,0.15649999999998698,0.0969999999999942,0.0,-0.3435000000000059,0.0913749999999999,0.0913749999999999,0.08272883985802082,0.09657227272402669,0.09657227272402669,-0.1740000000000066,0.022999999999996135,0,1,0,83.309,-0.1292319702235858,-0.0969999999999942,0.02566666666666606,-0.26224999999999454,-1.2849999999999966,1.213000000000008,0.005197272724026786,7.0,4.0,48.9,30.8,-2.1000000000000014,0,0,27.9,3.2,0.023952,0.48503,2.534949,0,-0.011976,8.895999999999999,0.01532928,6.333279628139691,29,5573.71,1,MEDIUM,83.309,0.6025317460317462,0.7446331596621443,0.8316157880897915,0.789022502827697,0.773465635603314,0.7259171556135863,0.6988322278328154,0.6430159881593587,0.8875686140691494,0.8734479111316743,0.8175531264776685,0.7830109268624299,0.735105499369467,0.6829272436138067,0.4383202298269825,0.49159640661294624,0.7671199496499844,0.7766859190972204,0.8393972520713362,0.812349237309429,0.7596720650123188,0.8267336773412863
7,VER,39.0,HARD,MEDIUM,9.0,3.0,81.96733333333333,80.485,30.75757575757576,25.454545454545457,0.02032520325203252,0.11424705416251309,1.4823333333333295,HARD>MEDIUM,5.3030303030303045,-0.09392185091048057,50.159054070731024,1,10.0,0.5909090909090909,66,8,0.10949999999999704,0.17799999999999727,-0.17799999999999727,-0.24150000000000205,0.054249999999998674,0.054249999999998674,-0.038161536499728754,0.05863593049059238,0.05863593049059238,0.17799999999999727,0.1869999999999976,0,0,1,82.098,0.06567784412584388,-0.17799999999999727,-0.13066666666667004,-0.23662499999998943,-1.1394999999999982,1.7184999999999988,0.004385930490593708,7.0,6.0,50.5,30.3,0.0,0,0,28.8,1.7,0.091463,0.359756,3.082763,0,0.048780000000000004,6.2,0.036585200000000005,6.642486801367256,40,6499.579,2,HARD,82.098,0.6025317460317462,0.6360937733821491,0.7345912602840317,0.6805995262513296,0.8906479996249422,0.8244264635648407,0.7952789077319772,0.7216986927901151,0.4732767590136559,0.46174152384042755,0.7147712883058464,0.6752922252565445,0.7632975980714469,0.6991561890859398,0.7597629455630448,0.8527930821175224,1.061079929176406,1.0807541522546875,0.9876028675641879,0.9477465337938982,1.1920532586796033,1.047433859167322
8,ALB,17.0,MEDIUM,MEDIUM,16.0,3.0,74.96966666666667,73.889,55.2112676056338,50.28169014084508,0.024489187173750936,0.29734326162897595,1.0806666666666729,MEDIUM>MEDIUM,4.929577464788721,-0.272854074455225,50.77927368462618,1,17.0,0.23943661971830985,71,8,0.1419999999999959,0.09300000000000352,-0.09300000000000352,0.01999999999999602,-0.05579999999999998,-0.05579999999999998,0.06554322300297599,0.022621366388170246,0.022621366388170246,0.09300000000000352,0.03900000000000148,0,1,0,75.072,-0.10188350038382055,-0.09300000000000352,-0.10233333333333405,0.09624999999999773,1.0559999999999974,1.041000000000011,0.07842136638817022,7.0,15.0,51.3,34.6,0.0,0,0,28.6,1.8,0.026667,0.42,2.620862,0,-0.026666,11.083999999999998,0.01813356,5.834810737062605,18,4708.807,0,MEDIUM,75.072,1.0471102150537637,-0.2154691343301005,0.04862332630840005,-0.004520042787214197,0.2680874577728487,0.19393576507424826,0.6338808321227942,0.5203448668182973,-0.13401129227255515,-0.08897021771438773,0.10400921649576045,0.10000849673983256,0.5071636820958405,0.4320823281675302,0.49375493734374465,0.5108698695987495,0.6813958141429519,0.6444519502063654,0.8755677012315904,0.7762065583677438,0.33193573490302,0.6703545798862695
8,ALB,36.0,MEDIUM,HARD,17.0,3.0,74.382,73.44633333333333,36.478873239436616,31.549295774647888,0.06680129794223753,0.14093545600394916,0.9356666666666769,MEDIUM>HARD,4.9295774647887285,-0.07413415806171163,50.9526231990338,1,18.0,0.5070422535211268,71,8,0.34949999999999903,-0.1629999999999967,0.0,0.15850000000000364,0.0712500000000027,0.0712500000000027,0.4447449943565971,0.08745719755978104,0.08745719755978104,-0.882000000000005,0.15450000000000585,0,1,0,74.131,-0.7447705827604381,0.1629999999999967,0.25099999999999056,0.19325000000000614,1.269999999999996,0.7129999999999939,0.01620719755977834,7.0,16.0,51.3,34.6,0.19999999999999574,0,0,32.3,2.2,0.047297,0.310811,3.131493,0,-0.12603599999999998,11.735999999999999,0.034053839999999995,6.5722825426940075,37,6178.496,4,MEDIUM,74.131,1.0471102150537637,1.2407699953143922,1.1043214796477405,0.9396733647866968,1.096015156915757,0.9323745049630595,1.07587837169666,0.911333638639862,1.0103770642473107,0.93857605880728,0.984493008179444,0.8870339949773124,0.9809210691960796,0.8513867778708492,1.2805854388262714,1.1763337809203984,1.3045476952849402,1.1735353611706036,1.2485692511343511,1.0942767114039988,1.0987228377022389,1.0272421255391735
8,ALO,22.0,MEDIUM,SOFT,21.0,3.0,76.23233333333333,75.10366666666665,50.28169014084508,44.36619718309859,0.33241600733860793,0.20812362030905077,1.1286666666666747,MEDIUM>SOFT,5.915492957746487,0.12429238702955717,50.86007357406797,1,22.0,0.30985915492957744,71,8,0.09449999999998937,0.8190000000000026,-0.5090000000000003,-0.8475000000000108,0.052766666666666615,0.052766666666666615,-0.41119676185853393,0.06361568409195334,0.06361568409195334,0.8760000000000048,0.21299999999999386,0,1,0,76.694,0.6337597146137881,-0.8190000000000026,-0.4616666666666731,-0.6667499999999933,3.6060000000000088,0.8640000000000043,0.010849017425286725,7.0,17.0,50.8,35.1,-0.5,0,0,30.3,2.7,0.398693,0.810458,1.285195,0,0.273693,13.903999999999996,0.35084983999999997,6.095824562432225,23,5101.17,0,MEDIUM,76.694,1.0471102150537637,0.9690932226501557,0.14417813840604243,0.04229578244456654,0.31034839405772574,0.20635936376197894,0.6205511280862739,0.5028877025544463,0.5342717021796718,0.47423379233336044,0.6759597446890454,0.5893827593519407,0.8848391912901409,0.7648129393267007,0.7460549362878696,0.7011123831595245,0.9119472583530244,0.8328365493433341,1.0829287368787732,0.9625550050625589,0.7770603348445919,1.0203246723337942
8,ALO,48.0,SOFT,SOFT,23.0,3.0,75.71900000000001,73.264,24.64788732394366,19.718309859154928,0.20346320346320346,0.6034718941898914,2.4550000000000125,SOFT>SOFT,4.929577464788732,-0.400008690726688,51.111396115332916,1,24.0,0.676056338028169,71,8,0.19500000000000028,2.165999999999997,-1.9620000000000033,-2.171999999999997,0.12845833333333503,0.12845833333333503,-1.8526394053920967,0.016457611676017614,0.016457611676017614,1.9620000000000033,-0.09300000000000352,1,0,0,77.095,2.3059161705531324,-2.165999999999997,-1.3759999999999906,-1.9787500000000051,4.962000000000003,0.75,-0.11200072165731742,7.0,18.0,51.6,34.7,0.0,0,0,31.5,1.2,0.623377,0.746753,0.645957,0,0.59671,15.936000000000002,0.59844192,6.85751406254539,49,7111.717,3,SOFT,77.095,1.0471102150537637,2.000394713296936,0.006493928282756967,-0.09441645351211572,0.13964072878385192,0.039394477909778416,0.4346538284916218,0.32743220198207496,0.5319443590187245,0.38423188252277085,0.7008361605520381,0.5447315971987338,0.9115533265604764,0.7533920945670978,1.234647026321107,1.0803169648214264,1.2290539938049974,1.0586774777020922,1.273897660840757,1.0991038424530928,1.2554541443958716,1.3362918991688535
8,ANT,23.0,MEDIUM,HARD,22.0,4.0,73.29733333333333,71.60966666666667,49.29577464788732,43.38028169014084,0.027212143650499815,0.841508029008029,1.687666666666658,MEDIUM>HARD,5.91549295774648,-0.8142958853575292,50.85929361862406,1,23.0,0.323943661971831,71,8,0.3299999999999983,0.0,0.0,-0.28649999999998954,0.12216666666666617,0.12216666666666617,0.15771342945119216,0.06349767537227753,0.06349767537227753,-0.8160000000000025,0.11400000000000432,0,1,0,73.136,-0.24299771449284435,0.0,0.16133333333333155,-0.14099999999999113,0.02400000000000091,0.8295000000000101,-0.05866899129438864,7.0,1.0,50.8,35.1,-0.5,0,0,30.3,2.7,0.041096,0.486301,2.502209,0,-0.006200999999999998,14.535999999999996,0.03780832,6.104793232414985,24,5106.651,0,MEDIUM,73.136,1.0471102150537637,1.2638070846065215,1.0613457953772074,0.8793506827324774,1.0457041535154379,0.8689313142216902,1.0328431068029957,0.8572904338170645,0.8986622953678624,0.8285277749074638,0.8920911301040021,0.8002249120580965,0.9186181404482736,0.7899000108129309,0.9995698191821364,0.9288650962600279,1.1064699452334505,1.0011534667743658,1.1457259504277137,1.0000194376844318,0.7804895590183767,0.8758806089739386
8,ANT,50.0,HARD,HARD,25.0,4.0,72.02699999999999,70.43266666666666,22.67605633802817,16.76056338028169,0.18901749591404768,0.07328605200945627,1.5943333333333243,HARD>HARD,5.915492957746483,0.1157314439045914,51.12731842784403,1,26.0,0.704225352112676,71,8,0.05100000000000193,0.3359999999999985,0.0,-0.3544999999999874,0.04809999999999519,0.04809999999999519,-0.08604050625272919,0.03810660820981845,0.03810660820981845,-0.09300000000000352,-0.0905000000000058,0,0,1,72.121,0.13252977434264324,-0.3359999999999985,-0.0940000000000083,-0.26437500000000114,-0.028000000000005798,0.7660000000000053,-0.00999339179017674,7.0,1.0,51.6,34.7,0.0,0,0,31.5,1.2,0.180556,0.3125,15.560246,0,-0.274616,17.264,0.18777823999999999,6.854354502255021,51,7108.136,3,HARD,72.121,1.0471102150537637,1.804509543028016,2.545936509590889,2.1567988396850346,2.2749191011208287,1.923063879894255,1.794713511979369,1.5061317596856327,1.7298287853650782,1.5256648839029858,1.6111972729150614,1.3984840533099612,1.4378269198063456,1.2176584416267089,2.1565031699337576,1.8991456851522404,1.9976472869174078,1.7421368525530416,1.7506653102283525,1.5001415774127405,1.7532597728512598,1.4273968596161937
8,BEA,23.0,MEDIUM,HARD,22.0,4.0,75.01766666666667,73.07600000000001,49.29577464788732,43.38028169014084,0.21769402096883317,0.20022986363495168,1.9416666666666629,MEDIUM>HARD,5.91549295774648,0.017464157333881486,50.85929361862406,1,23.0,0.323943661971831,71,8,0.204500000000003,0.5359999999999872,-0.5359999999999872,-0.5904999999999916,0.04575000000000244,0.04575000000000244,-0.2708144611212191,0.017944577711936676,0.017944577711936676,0.8269999999999982,-0.23199999999999932,0,1,0,75.472,0.41725866549893453,-0.5359999999999872,-0.4543333333333237,-0.39799999999999613,2.8349999999999937,1.0570000000000022,-0.027805422288065765,7.0,13.0,49.9,34.9,-0.8999999999999986,0,0,31.6,3.0,0.192053,0.370861,3.530668,0,0.01755599999999999,13.708,0.17668876,6.131226489483141,24,5157.169,0,MEDIUM,75.472,1.0471102150537637,1.657809125217323,1.0613457953772074,0.9074375783087063,1.0457041535154379,0.8966854100161263,1.0328431068029957,0.8846727141358769,0.9317223221004485,0.840843355691764,0.9778547154879041,0.8618880478709999,1.0104117883477095,0.8715568668489452,1.2452200832907487,1.1482783368612286,1.27383370198663,1.150641759094727,1.2311179374345271,1.085067088658556,0.8719500140989163,0.9750155389409776
8,BEA,44.0,HARD,MEDIUM,19.0,3.0,74.13033333333333,72.83533333333334,28.591549295774644,23.661971830985916,0.13879315557167907,0.06122448979591837,1.2949999999999875,HARD>MEDIUM,4.9295774647887285,0.07756866577576069,51.04677206759794,1,20.0,0.6197183098591549,71,8,0.26850000000000307,0.0,0.0,0.16500000000000625,-0.09583333333333441,-0.09583333333333441,0.4678983808947521,0.06995354589658989,0.06995354589658989,-0.929000000000002,0.046999999999997044,0,0,1,73.877,-0.7235124774964419,0.0,0.2533333333333445,0.599250000000012,0.7719999999999914,0.9080000000000013,0.1657868792299243,7.0,14.0,51.9,34.5,-0.20000000000000284,0,0,30.7,2.6,0.067568,0.418919,2.682309,0,-0.30827099999999996,13.52,0.0540544,6.761572768804055,45,6759.153,3,HARD,73.877,1.0471102150537637,1.0573454067619812,1.3976994281601938,1.1927146551564662,1.4017554278526791,1.1969497166902783,1.3394115080340137,1.1384951057611383,0.7801275807808038,0.729732941791356,0.8704309931379064,0.7811007180153955,0.9915261700796085,0.8549887748838941,1.513855777394513,1.403323708558051,1.5051066762028142,1.3640264922418308,1.407770155075581,1.238192699401462,1.2209205835121906,1.1286650304457133
8,BOR,16.0,SOFT,MEDIUM,15.0,3.0,74.29233333333333,72.87299999999999,56.19718309859155,51.267605633802816,0.13646532438478748,0.5376476145488899,1.4193333333333413,SOFT>MEDIUM,4.929577464788736,-0.4011822901641024,50.745516086486965,1,16.0,0.22535211267605634,71,8,0.0694999999999979,0.0,0.018999999999991246,-0.060000000000002274,0.03200000000000358,0.03200000000000358,0.11183654463067683,0.030332664025765038,0.030332664025765038,-0.018999999999991246,-0.10999999999999943,1,0,0,74.072,-0.17470155547238164,0.0,0.22033333333332905,-0.018375000000006025,0.2150000000000034,1.0690000000000026,-0.001667335974238543,7.0,10.0,51.3,34.6,-0.30000000000000426,0,0,28.5,2.2,0.006757,0.277027,3.077282,0,-0.013513,10.431999999999999,0.00432448,5.75890177387728,17,4618.349,0,SOFT,74.072,1.0471102150537637,-0.10735749182545773,0.05150717397666227,-0.01177450007976176,0.18106848424591138,0.10673707254591508,0.5044674999422283,0.39470662506935367,-0.25683073857106264,-0.23745116223291207,-0.09308064793682735,-0.10266658053897385,0.2980293446253963,0.23001354649670114,0.6220898110080881,0.585028556007738,0.6883849651813878,0.6169191918266036,0.7990249923906481,0.6855744627500545,0.3026338903837551,0.5396738880013021
8,BOR,43.0,MEDIUM,HARD,25.0,3.0,74.109,72.19333333333333,29.577464788732396,24.64788732394366,0.28603603603603606,0.016203703703703703,1.9156666666666666,MEDIUM>HARD,4.929577464788736,0.26983233233233234,51.02392844678739,1,26.0,0.6056338028169014,71,8,0.2354999999999947,0.561000000000007,-0.1770000000000067,-0.7535000000000025,0.15208333333333002,0.15208333333333002,-0.18691443187671553,0.12446535342706799,0.12446535342706799,0.1770000000000067,0.2740000000000009,0,1,0,74.387,0.2895724214339168,-0.561000000000007,-0.2780000000000058,-0.6580000000000155,0.8245000000000005,1.099499999999999,-0.027617979906262025,7.0,11.0,52.1,34.5,0.10000000000000142,0,0,30.7,1.6,0.020134,0.053691,6.02492,0,-0.209596,17.784000000000002,0.020939359999999997,6.731018100482083,44,6658.511,4,MEDIUM,74.387,1.0471102150537637,1.7207059082246146,1.0349032200059654,0.8657969684556681,1.015642751768858,0.8529987721508511,1.0067765991967317,0.8461724809774459,1.2002710704910553,1.0963457558448673,1.1898252402287803,1.0629128968530617,1.1571592691939616,1.0045219919723762,1.5450694597909784,1.3965785800034827,1.6083013866701528,1.4358015956415184,1.493333908691575,1.3104049836587937,1.403523190201879,1.3025878004452636
8,COL,19.0,MEDIUM,HARD,18.0,5.666666666666667,74.554,72.979,53.239436619718305,45.68075117370893,0.13199105145413872,0.25407022516139194,1.5750000000000028,MEDIUM>HARD,7.5586854460093775,-0.12207917370725321,50.80552263008317,1,19.0,0.2676056338028169,71,8,0.43900000000000006,0.16500000000000625,-0.3050000000000068,0.2324999999999875,-0.17653333333333354,-0.17653333333333354,0.04472859495909631,-0.04055596528796939,-0.04055596528796939,0.3050000000000068,-0.2780000000000058,0,1,0,74.775,-0.06913953534082395,-0.16500000000000625,-0.22100000000000364,0.3152499999999918,0.4450000000000074,1.289999999999992,0.13597736804536414,7.0,13.0,51.4,34.7,0.3999999999999986,0,0,28.8,1.2,0.221477,0.798658,1.722926,0,-0.040268,12.463999999999999,0.16832252,5.940171252720432,20,4859.697,0,MEDIUM,74.775,1.0471102150537637,0.9006048868529964,1.0957886972096154,0.9379401500365188,1.0858844781960977,0.9299660675065352,1.0672807935119843,0.9107160545755746,0.46996610846305,0.44667719954809315,0.5780659391256924,0.5207723848118891,0.7251679234176893,0.6245394224657911,0.9264115365316943,0.8718774663925843,0.9946648965154655,0.9075715563227006,1.0298735954060392,0.9062710479493736,0.5031149462837768,0.6829456645766925
8,COL,45.0,HARD,MEDIUM,24.0,3.0,74.305,72.205,27.6056338028169,22.67605633802817,0.21103452418494992,0.31936462324393355,2.1000000000000085,HARD>MEDIUM,4.9295774647887285,-0.10833009905898364,51.063522212194044,1,25.0,0.6338028169014085,71,8,0.25,0.0,0.0,-0.23900000000000432,0.015874999999999417,0.015874999999999417,0.19573299975243685,0.04410874865055714,0.04410874865055714,0.41500000000000625,-0.03499999999999659,0,0,1,74.111,-0.30432224640011896,0.0,0.19400000000000261,0.15824999999999534,1.6460000000000008,1.4200000000000017,0.028233748650557722,7.0,15.0,51.9,34.8,-0.10000000000000142,0,0,30.1,0.8,0.047297,0.317568,3.234141,0,-0.143179,16.9,0.047297000000000006,6.786716950605081,46,6841.776,5,HARD,74.111,1.0471102150537637,1.418994958714709,1.4706235966431724,1.2539282962991298,1.4328837667896148,1.2226312569985092,1.3445364860953422,1.1429654250953556,0.9725094043006537,0.8791181801845954,0.996816060718807,0.8777248962453683,1.0649700241855187,0.9117844906992139,1.605553930758687,1.4819483108938198,1.5761401534223012,1.4248920644839578,1.4769456162344552,1.298145908906415,1.308831336900806,1.2076971895738025
8,GAS,12.0,MEDIUM,HARD,11.0,3.0,75.22833333333334,73.192,60.140845070422536,55.2112676056338,0.9713024282560706,0.2853570652005094,2.0363333333333458,MEDIUM>HARD,4.929577464788736,0.6859453630555612,50.51953229821115,1,12.0,0.16901408450704225,71,8,0.32049999999999557,0.0,0.21099999999999852,-0.15849999999998943,0.22237500000000132,0.22237500000000132,0.3374198564654023,0.151064036870934,0.151064036870934,-0.644999999999996,-0.05999999999998806,0,1,0,74.943,-0.552617355026797,0.0,0.285333333333341,-0.21112499999999557,1.179000000000002,0.8519999999999897,-0.07131096312906732,7.0,13.0,51.6,34.8,0.5,0,0,29.5,0.6,1.0,1.0,0.418617,0,0.09933800000000004,7.968000000000001,0.48,5.480638923341991,13,4328.712,0,MEDIUM,74.943,1.0471102150537637,1.6578178678579163,1.155791924352662,1.0120101021922785,1.1584553462656326,1.007691256517006,1.1279827056041645,0.9730653087887797,1.4896355015804352,1.3752195422321034,1.3349314646647308,1.2108695373086935,1.1826047059014866,1.0431810265375425,1.5630208115036544,1.4211607431867823,1.4069892515244005,1.2668981333747045,1.2852800299382179,1.1349917544915031,1.015883029311043,0.968609970271665
8,GAS,37.0,HARD,MEDIUM,23.0,3.0,73.87433333333334,72.37766666666667,35.49295774647887,30.563380281690144,0.0,0.23287671232876714,1.4966666666666697,HARD>MEDIUM,4.9295774647887285,-0.23287671232876714,50.958977986320086,1,24.0,0.5211267605633803,71,8,0.3575000000000017,0.1980000000000075,-0.01999999999999602,-0.4194999999999993,0.13716666666666555,0.13716666666666555,-0.019874214824923797,0.10918749762454211,0.10918749762454211,0.01999999999999602,0.18149999999999977,0,0,1,73.947,0.032549465656316556,-0.1980000000000075,-0.07266666666667732,-0.4265000000000043,0.7565000000000026,0.6424999999999983,-0.027979169042123442,7.0,12.0,51.1,34.5,0.0,0,0,32.1,1.8,0.013514,0.047297,9.913295,0,-0.006756,15.456000000000001,0.012973440000000001,6.588926477533519,38,6226.396,4,HARD,73.947,1.0471102150537637,1.7349971936426452,1.4584290334784455,1.2416668527688222,1.4282339495845338,1.2169461411741926,1.3445026281127697,1.1411599594219335,1.3054249299087504,1.1921956515603158,1.307412660843393,1.1712678527907074,1.298552970641906,1.1296197516124606,1.5950777409948862,1.4766547269794401,1.6433026722011732,1.4923671116527137,1.591778651118564,1.4058705532522433,1.51847001722522,1.4035925732076757
8,GAS,50.0,MEDIUM,SOFT,11.0,3.0,72.83466666666666,72.63366666666667,22.67605633802817,17.746478873239436,0.12934553131597468,0.6425910765096564,0.2009999999999934,MEDIUM>SOFT,4.929577464788736,-0.5132455451936817,51.12731842784403,1,12.0,0.704225352112676,71,8,0.20049999999999812,0.0,0.0,-0.06450000000000955,0.05808333333333474,0.05808333333333474,0.1455812609099354,0.04398592027067491,0.04398592027067491,0.1290000000000049,0.01300000000000523,0,1,0,72.686,-0.2384291552615423,0.0,0.1486666666666565,-0.011375000000015234,0.7400000000000091,0.7400000000000091,-0.014097413062659832,7.0,12.0,51.3,34.6,-0.30000000000000426,0,0,30.7,1.4,0.048276,0.206897,3.603341,0,-0.006895999999999999,7.823999999999999,0.023172480000000002,6.879355804460439,51,7192.314,5,MEDIUM,72.686,1.0471102150537637,0.27776252437683013,0.22994555412167939,0.13830748534895498,0.41308444501006725,0.2992818227322124,0.7070600655402246,0.5600133505853768,0.14399332161085887,0.13643926680842283,0.2571544145830944,0.21130842936917296,0.554870762952097,0.44699688652308844,0.7085369482544104,0.6581057753764755,0.7167715017362828,0.6336846704535122,0.8475996340238128,0.7134575464582376,0.5561968354844227,0.7322440675938449
8,HAD,17.0,MEDIUM,MEDIUM,16.0,3.0,73.58033333333334,71.635,55.2112676056338,50.28169014084508,0.036281179138321996,0.7513759388759388,1.9453333333333376,MEDIUM>MEDIUM,4.929577464788721,-0.7150947597376168,50.77927368462618,1,17.0,0.23943661971830985,71,8,0.05349999999999966,-0.07800000000000296,0.04000000000000625,0.01999999999999602,0.052349999999999855,0.052349999999999855,0.21178935416453726,0.06135688143202481,0.06135688143202481,-0.2670000000000101,-0.07800000000000296,0,1,0,73.478,-0.3292154361303261,0.07800000000000296,0.10233333333333405,0.06700000000002149,-0.4865000000000066,0.9095000000000013,0.009006881432024952,7.0,6.0,51.3,34.6,0.0,0,0,28.6,1.8,0.034014,0.503401,2.462605,0,-0.020407999999999996,11.083999999999998,0.02312952,5.808142489980444,18,4679.225,0,MEDIUM,73.478,1.0471102150537637,-0.36663215110147185,0.04862332630840005,-0.004424068946064108,0.2680874577728487,0.18981793672908157,0.6338808321227942,0.5092964104336483,-0.1268666545003736,-0.0779351671022026,0.0641612956974742,0.06624745422877824,0.44797546259685017,0.3731088734845689,0.46983487330333396,0.4838471713630933,0.6228920121714661,0.5841278800585615,0.8140545969317343,0.7084297817472294,0.16218461463672973,0.5446051568552726
8,HAD,39.0,MEDIUM,HARD,20.0,3.0,72.45666666666666,71.45700000000001,33.521126760563384,28.591549295774644,0.0,0.39478711348551077,0.9996666666666556,MEDIUM>HARD,4.929577464788739,-0.39478711348551077,50.96182757958155,1,21.0,0.5492957746478874,71,8,0.12000000000001165,0.0,0.0,-0.1284999999999883,0.03895833333333283,0.03895833333333283,0.06924040473921877,0.040220070152107025,0.040220070152107025,0.2150000000000034,0.1490000000000009,0,1,0,72.443,-0.10998750507310717,0.0,0.013666666666665606,-0.07424999999999216,-0.5259999999999962,0.8344999999999914,0.0012617368187741937,7.0,6.0,50.8,34.5,-0.30000000000000426,0,0,32.1,1.9,0.02069,0.144828,3.995947,0,-0.014032000000000003,13.271999999999998,0.0173796,6.626717749249025,40,6331.068,4,MEDIUM,72.443,1.0471102150537637,1.1157559122416232,1.0786510865599517,0.8897408996018954,1.0657475232858447,0.8807597930845925,1.0500857342539214,0.8657680037614343,0.6450086577240266,0.6064947639388893,0.7078682768061715,0.6339220796140593,0.8371744834925562,0.7111603674488229,0.8692317025721634,0.8124735230021721,0.9863952309598412,0.8869421098367993,1.07905943588619,0.9305780970124412,0.757108032152735,0.867277840583852
8,HAM,11.0,MEDIUM,HARD,10.0,3.0,73.33366666666666,72.473,61.12676056338029,56.19718309859155,0.07401064568386946,0.30344827586206896,0.8606666666666598,MEDIUM>HARD,4.929577464788736,-0.22943763017819951,50.459629302801,1,11.0,0.15492957746478872,71,8,0.2469999999999999,1.875,-1.6839999999999975,-2.0264999999999986,0.1776666666666677,0.1776666666666677,-1.0017200332051601,0.22629830060092404,0.22629830060092404,1.6839999999999975,0.19350000000000023,0,1,0,74.52,1.6506644180164045,-1.875,-1.1863333333333372,-1.8655000000000115,0.2819999999999965,1.036999999999999,0.048631633934256346,7.0,2.0,50.6,34.8,-0.29999999999999716,0,0,29.2,1.2,0.201342,0.33557,3.954419,0,0.187643,6.864000000000001,0.08859048,5.342334251964811,12,4228.986,0,MEDIUM,74.52,1.0471102150537637,2.1383640641101844,1.1645466097262007,1.0171471488313928,1.1692699307661192,1.0132387289404525,1.136840251893309,0.9763016624795994,1.9523898709590701,1.8037387509651936,1.8750301847162034,1.7058339271871439,1.6858011480139163,1.496393178308119,1.7029475981961433,1.565510563750923,1.7154637834685822,1.5559162003367502,1.6622490444733278,1.476076673957014,1.7002539195383672,1.593513592866425
8,HAM,23.0,HARD,SOFT,10.0,5.0,72.75533333333334,71.25333333333333,49.29577464788732,43.38028169014084,0.22084584584584585,0.6499885091434386,1.5020000000000095,HARD>SOFT,5.91549295774648,-0.42914266329759276,50.85929361862406,1,11.0,0.323943661971831,71,8,0.11950000000000216,0.07099999999999795,0.0,-0.012500000000002842,-0.01475000000000056,-0.01475000000000056,0.11383599536378597,0.007249222489497277,0.007249222489497277,-1.693000000000012,-0.10500000000000398,0,0,1,72.323,-0.20483178840338212,-0.07099999999999795,0.43233333333334656,0.1166250000000133,-0.7134999999999962,0.9675000000000011,0.021999222489497837,7.0,4.0,50.8,35.1,-0.5,0,0,30.3,2.7,0.215278,1.0,1.439188,0,-0.19012700000000002,6.951999999999998,0.09472232,6.111467339502679,24,5120.344,1,HARD,72.323,1.0471102150537637,1.003385284412654,1.3144158108572048,1.0849469926253648,1.3792143416400726,1.140646220819809,1.323128573398566,1.0948936335835466,0.6370660065461208,0.5798147476471519,0.7462217075192288,0.6576132296102203,0.892353543396478,0.7540415953992159,1.088006655057094,0.9818493794753343,1.1116807542461116,0.9872318641017286,1.140059131964478,0.9779125978250282,0.8131236124654035,0.8681593856416842
8,HAM,41.0,SOFT,HARD,17.0,3.0,72.28266666666667,71.20233333333333,31.549295774647888,26.619718309859156,0.5257024265644955,0.14944679733412128,1.0803333333333427,SOFT>HARD,4.929577464788732,0.37625562923037426,50.98089502046479,1,18.0,0.5774647887323944,71,8,0.20549999999999358,-0.06399999999999295,0.0,-0.012000000000000455,0.09227142857142964,0.09227142857142964,0.19711598468087743,0.07160148178475709,0.07160148178475709,0.02400000000000091,-0.20600000000000307,1,0,0,72.183,-0.3079178567787437,0.06399999999999295,0.09966666666666413,-0.058000000000006935,-0.7424999999999926,0.8019999999999996,-0.020669946786672555,7.0,5.0,51.6,34.4,0.6000000000000014,0,0,32.2,1.4,0.291667,1.0,1.159202,0,-0.11111100000000002,11.952,0.21000024,6.674561391814426,42,6471.312,4,SOFT,72.183,1.0471102150537637,1.157259607118602,1.0655918867697485,0.8713274991543719,0.983323666334137,0.8022404839231815,0.9290142280022355,0.7558806166883343,0.6130107782621472,0.5255821687151652,0.59623474956894,0.4965931045704902,0.6711676857961179,0.5462590704653145,1.3846630769769042,1.1933141944071588,1.2611698145557468,1.0692403685324734,1.1312556999741894,0.9438419284515501,0.8959698924408901,0.8112502149116558
8,HUL,20.0,MEDIUM,MEDIUM,19.0,5.0,74.53566666666666,72.93499999999999,52.25352112676055,45.35211267605634,0.0,0.2785388127853881,1.600666666666669,MEDIUM>MEDIUM,6.90140845070421,-0.2785388127853881,50.831070109290586,1,20.0,0.28169014084507044,71,8,0.31500000000000483,-0.0660000000000025,0.02599999999999625,0.3610000000000042,-0.09409999999999882,-0.09409999999999882,0.2639961461207747,-0.026301988087591675,-0.026301988087591675,-0.02599999999999625,-0.02599999999999625,0,1,0,74.408,-0.40748247171322305,0.0660000000000025,0.12766666666666993,0.3684999999999974,0.8709999999999951,1.2639999999999958,0.06779801191240714,7.0,9.0,51.4,34.8,0.0,0,0,29.0,1.0,0.013423,0.020134,9.091885,0,0.0,13.12,0.010738399999999999,5.981414211254481,21,4927.617,0,MEDIUM,74.408,1.0471102150537637,-0.41157775105259264,0.02301326082154853,-0.03403691822477178,0.23768359457108512,0.16083879487723093,0.6080802934153884,0.4902569403113203,-0.3623466226082914,-0.29675163566658724,-0.10726991481770898,-0.09172544294641927,0.3360099252688926,0.2743966235388788,0.3016100343663003,0.340097992956235,0.5199399521935715,0.4993838815447767,0.7477279141713884,0.6574596345710529,0.08480491389026423,0.492595177844217
8,HUL,44.0,MEDIUM,HARD,22.0,3.0,73.01800000000001,72.41166666666668,28.591549295774644,23.661971830985916,0.0,0.0,0.6063333333333389,MEDIUM>HARD,4.9295774647887285,0.0,51.04677206759794,1,23.0,0.6197183098591549,71,8,0.10350000000000392,0.046999999999997044,-0.046999999999997044,-0.13150000000000261,0.037333333333331595,0.037333333333331595,-0.05032147645448504,0.031428879926761674,0.031428879926761674,0.046999999999997044,0.09900000000000375,0,1,0,73.105,0.07778477063519063,-0.046999999999997044,-0.08699999999998909,-0.15487499999998988,0.0,1.382000000000005,-0.005904453406569921,7.0,12.0,51.9,34.5,-0.20000000000000284,0,0,30.7,2.6,0.034247,0.082192,6.457045,0,0.020548,15.548,0.03150724,6.756932389247553,45,6741.573,4,MEDIUM,73.105,1.0471102150537637,1.2105848546744469,1.0613457953772074,0.8789779542381013,1.0457041535154379,0.8685630021627746,1.0328431068029957,0.8569270559532448,0.6492603399191502,0.6009485787486373,0.7198489283983039,0.6371741515993387,0.8474278349262887,0.7184338252346206,0.9466227235623977,0.880094833366595,1.063671108323671,0.9547536787387858,1.1328835630749938,0.9804684377103077,0.8114968704278992,0.919985157770479
8,LAW,18.0,MEDIUM,HARD,17.0,3.0,74.349,73.13466666666666,54.225352112676056,49.29577464788733,0.09999999999999999,0.6699657853413168,1.214333333333343,MEDIUM>HARD,4.9295774647887285,-0.5699657853413168,50.79617316047465,1,18.0,0.2535211267605634,71,8,0.13700000000000045,1.1099999999999994,-1.0060000000000002,-1.2575000000000074,0.08591666666666833,0.08591666666666833,-0.69178621052572,0.10577776998912167,0.10577776998912167,1.0060000000000002,-0.007000000000005002,0,1,0,75.098,1.0717321615307611,-1.1099999999999994,-0.7489999999999952,-1.0955000000000013,0.9549999999999983,0.9549999999999983,0.019861103322453333,7.0,8.0,51.1,34.5,-0.19999999999999574,0,0,29.6,0.6,0.326667,0.706667,1.546844,0,0.31315299999999996,11.592,0.23520024,5.872117789475416,19,4760.302,0,MEDIUM,75.098,1.0471102150537637,1.7956751743255008,1.1043214796477405,0.951930910803191,1.096015156915757,0.944536841182715,1.07587837169666,0.9232215077980381,1.3082634580976749,1.2044703803466335,1.3163877382075664,1.1891340070399992,1.278629694663003,1.1255815303557715,1.2281021847833522,1.1454685042803456,1.3091447495111697,1.195060694667762,1.3558474256572322,1.20439461346206,1.1058191115286933,1.1958681464283978
8,LAW,44.0,HARD,MEDIUM,24.0,3.0,73.63566666666667,72.127,28.591549295774644,23.661971830985916,0.486057486057486,0.279757343550447,1.5086666666666702,HARD>MEDIUM,4.9295774647887285,0.20630014250703899,51.04677206759794,1,25.0,0.6197183098591549,71,8,0.3639999999999972,0.7139999999999986,-0.3579999999999899,-0.5360000000000014,0.04213333333333367,0.04213333333333367,-0.20186325892544232,0.08090587840055395,0.08090587840055395,0.3579999999999899,0.1629999999999967,0,0,1,73.993,0.3120315301040222,-0.7139999999999986,-0.3573333333333295,-0.3822499999999991,0.8954999999999984,1.3320000000000007,0.03877254506722028,7.0,10.0,51.9,34.5,-0.20000000000000284,0,0,30.7,2.6,0.702703,1.0,0.826622,0,0.138077,16.9,0.702703,6.752270376141742,45,6725.685,4,HARD,73.993,1.0471102150537637,1.6599056680290607,1.4706235966431724,1.2519317837846136,1.4328837667896148,1.2206845758266744,1.3445364860953422,1.1411455883617903,1.155908915865133,1.059232318512771,1.2154826601143118,1.0871064539855333,1.2633550524536612,1.0960118459698724,1.525485068774173,1.4156187614307467,1.5319502492841515,1.393028903770133,1.517579318022494,1.3395988095123474,1.3375713939722211,1.309295555006365
8,LEC,12.0,MEDIUM,HARD,11.0,3.0,73.329,72.77666666666666,60.140845070422536,55.2112676056338,0.05234057093156897,0.2191780821917808,0.5523333333333369,MEDIUM>HARD,4.929577464788736,-0.16683751126021185,50.51953229821115,1,12.0,0.16901408450704225,71,8,0.4849999999999923,0.3719999999999999,0.0,-0.4549999999999983,0.17849999999999966,0.17849999999999966,-0.04563490319262087,0.11026803679871343,0.11026803679871343,-0.05999999999998806,0.16400000000000148,0,1,0,73.433,0.0747923135957933,-0.3719999999999999,-0.1039999999999992,-0.4307500000000033,-0.5659999999999883,1.086999999999989,-0.06823196320128623,7.0,5.0,51.6,34.8,1.0,0,0,29.5,0.6,0.047619,0.442177,2.563643,0,-0.0068029999999999965,7.968000000000001,0.02285712,5.44673737166631,13,4307.049,0,MEDIUM,73.433,1.0471102150537637,1.5231153030201048,1.155791924352662,0.9916194685866003,1.1584553462656326,0.9873876418052829,1.1279827056041645,0.9534593600507916,1.2471396601523215,1.1682969355567268,1.1965117723153331,1.095623720966548,1.1481126360936846,1.010255539520429,1.2569746727187738,1.160014714595791,1.3147509108866304,1.1901479051780155,1.3178704414671043,1.1581332215397089,1.1562704976663662,1.1045362872335387
8,LEC,36.0,HARD,HARD,22.0,3.0,72.36466666666666,71.45566666666667,36.478873239436616,31.549295774647888,0.0,0.06018518518518518,0.9089999999999918,HARD>HARD,4.9295774647887285,-0.06018518518518518,50.9526231990338,1,23.0,0.5070422535211268,71,8,0.23349999999999937,0.27199999999999136,-0.27199999999999136,-0.33499999999999375,0.07259999999999897,0.07259999999999897,-0.15794289399599393,0.05822316972675129,0.05822316972675129,0.39799999999999613,0.15749999999999886,0,0,1,72.588,0.26449138876637335,-0.27199999999999136,-0.22333333333332916,-0.3356249999999932,-0.2510000000000048,0.7224999999999966,-0.014376830273247682,7.0,4.0,51.1,34.7,-0.29999999999999716,0,0,31.7,1.0,0.02069,0.075862,4.308043,0,0.006897,14.812000000000001,0.0190348,6.546785410760524,37,6108.594,4,HARD,72.588,1.0471102150537637,1.745718727561597,2.509308975537735,2.142790749271871,2.260941735144761,1.9267177393505739,1.7945959130314808,1.5180019003406582,1.8264182222371006,1.6468613313259828,1.7420871850034199,1.547007948296911,1.5538476741591667,1.3429697752332568,1.7892796058227085,1.6230337750344217,1.8022107261226759,1.6113920460632651,1.7102087459721358,1.491816900424466,1.7346726618222725,1.484591279413262
8,LEC,58.0,HARD,SOFT,20.0,6.0,72.91866666666667,70.968,14.788732394366194,9.859154929577464,0.36052431742086916,0.23474178403755866,1.9506666666666632,HARD>SOFT,4.92957746478873,0.1257825333833105,51.10219567533508,1,21.0,0.8169014084507042,71,5,0.06400000000000716,0.5759999999999934,0.0,-0.5759999999999934,0.08950000000000102,0.08950000000000102,-0.00935840141696076,0.03372133511241736,0.03372133511241736,0.5759999999999934,0.13400000000000034,0,0,1,72.651,0.018040894525455542,-0.5759999999999934,0.2676666666666847,-0.08499999999999375,0.6340000000000003,0.9024999999999963,-0.055778664887583665,4.0,7.0,50.7,34.3,-0.09999999999999432,0,0,31.1,1.5,0.193103,0.903448,1.826166,0,-0.237453,13.188000000000002,0.16220652000000002,7.004881989712859,59,7724.289,7,HARD,72.651,1.0471102150537637,1.3928020629362787,1.5531475005683588,1.2783818496552688,1.5023632140232923,1.241416277176289,1.371145877307207,1.1349938816460527,0.9911693452414261,0.87120632998139,1.0092429724314913,0.8684292321189863,1.0780608557336895,0.903749509161577,1.562450354195111,1.3808503401868146,1.4867484511317008,1.297500653999139,1.408287488119253,1.2027988588087757,1.4041941560414077,1.2391048153526782
8,LIN,17.0,MEDIUM,HARD,16.0,3.0,74.44333333333334,72.89566666666666,55.2112676056338,50.28169014084508,0.09843400447427293,0.5127062319180545,1.5476666666666858,MEDIUM>HARD,4.929577464788721,-0.4142722274437816,50.77927368462618,1,17.0,0.23943661971830985,71,8,0.2184999999999988,0.0,0.3780000000000001,-0.029000000000010573,0.11737499999999912,0.11737499999999912,0.33203019970746084,0.07215485129026153,0.07215485129026153,-0.9039999999999964,-0.018999999999991246,0,1,0,74.016,-0.5161235201662322,0.0,0.4273333333333369,0.049875000000000114,-0.028000000000005798,0.9110000000000014,-0.04522014870973759,7.0,9.0,51.3,34.6,0.0,0,0,28.6,1.8,0.006757,0.243243,3.307515,0,-0.31990999999999997,11.083999999999998,0.00459476,5.817111159963204,18,4689.386,0,MEDIUM,74.016,1.0471102150537637,1.3200859725914498,1.1128456805573574,0.9481065203943413,1.1062028802649246,0.941398500920724,1.0844862609185864,0.9183745064257575,0.9682937764227214,0.8967251453107073,0.9100781827117108,0.8226504959708105,0.90918829426071,0.7902875892273837,1.3686805925195706,1.2466373405456381,1.3235310523028427,1.1897544143373697,1.218101065554286,1.0685258927058034,0.9291305643439016,0.8869485624673943
8,LIN,45.0,HARD,MEDIUM,26.0,3.0,73.95433333333334,72.04766666666667,27.6056338028169,22.67605633802817,0.0,0.38425925925925924,1.9066666666666663,HARD>MEDIUM,4.9295774647887285,-0.38425925925925924,51.063522212194044,1,27.0,0.6338028169014085,71,8,0.31150000000000233,0.06100000000000705,0.0,-0.21099999999999852,0.11058333333333437,0.11058333333333437,0.032518544677643035,0.09597284544703909,0.09597284544703909,-0.0379999999999967,-0.07899999999999352,0,0,1,73.962,-0.050192918178822765,-0.06100000000000705,-0.007666666666665378,-0.23712500000000603,1.2240000000000038,1.1814999999999998,-0.014610487886295279,7.0,9.0,52.0,34.7,0.10000000000000142,0,0,30.2,0.9,0.013514,0.054054,9.114851,0,-0.006756,18.36,0.01459512,6.773080375655535,46,6798.667,4,HARD,73.962,1.0471102150537637,1.6339809976369792,1.4917424158093213,1.2676920952886979,1.4400202380633278,1.224225727116561,1.3432326628291624,1.137976715687748,1.253266499052136,1.1208802121078931,1.2213828004549505,1.0713438397453536,1.2050000428801235,1.0316371977181307,1.7183912756376674,1.5784754008198654,1.691340127757929,1.5237364048055804,1.5811938073143343,1.387214538961113,1.4288393372057993,1.3178133529586056
8,NOR,20.0,MEDIUM,HARD,19.0,5.0,73.78866666666667,71.82966666666665,52.25352112676055,45.35211267605634,0.0971532757247043,0.0,1.9590000000000174,MEDIUM>HARD,6.90140845070421,0.0971532757247043,50.831070109290586,1,20.0,0.28169014084507044,71,8,0.13400000000000034,0.2740000000000009,0.0,-0.23400000000000887,0.0025714285714266384,0.0025714285714266384,0.10976587743009247,0.0650421405883139,0.0650421405883139,-0.6749999999999972,-0.05100000000000193,0,1,0,73.655,-0.1694254696601547,-0.2740000000000009,0.13366666666667015,-0.12012500000000159,-0.1115000000000066,0.9215000000000018,0.06247071201688726,7.0,2.0,51.4,34.7,0.3999999999999986,0,0,28.8,1.2,0.013514,0.02027,10.491284,0,-0.195945,13.12,0.0108112,5.963579343618446,21,4897.992,0,MEDIUM,73.655,1.0471102150537637,1.2612787847915723,1.0872356150705058,0.9142245551820343,1.075799017063161,0.9057429350519404,1.0586857222111805,0.8886676491222195,0.8736944341980306,0.8039422249029851,0.8637566942816903,0.7728502266316994,0.901927896158899,0.7761566626600502,1.2346359891055085,1.122047006556705,1.264717045104026,1.1297802389021951,1.2174391906637962,1.0597910641657668,0.8722736561457343,0.902632093757283
8,NOR,46.0,HARD,HARD,24.0,3.0,72.36399999999999,71.00966666666666,26.619718309859156,21.69014084507042,0.17592592592592593,0.14553990610328638,1.3543333333333294,HARD>HARD,4.929577464788736,0.030386019822639554,51.078936099224535,1,25.0,0.647887323943662,71,8,0.10549999999999926,0.1910000000000025,-0.11200000000000898,-0.2535000000000025,0.03959999999999937,0.03959999999999937,-0.10691176486119502,0.0505683395300549,0.0505683395300549,0.1910000000000025,-0.0379999999999967,0,0,1,72.465,0.1648698236773356,-0.1910000000000025,-0.10099999999999909,-0.28087500000000887,0.0,1.2309999999999945,0.010968339530055528,7.0,4.0,51.9,34.8,-0.10000000000000142,0,0,30.1,0.8,0.048276,0.17931,3.642982,0,0.027443,16.9,0.048276000000000006,6.785587645007929,47,6837.604,4,HARD,72.465,1.0471102150537637,1.7607116532255969,2.5348459508921297,2.1586807313622156,2.270999189281691,1.9299472436382548,1.7951419148911343,1.5144352527587477,1.795104141229258,1.5943860191222627,1.675033016278567,1.4653968626672746,1.4827006286155173,1.265750795388681,1.8958382355746675,1.7030214775138788,1.8374788484156541,1.6272185205817844,1.701436901262555,1.4723082651523747,1.687055067151083,1.4309200539148685
8,OCO,17.0,MEDIUM,MEDIUM,16.0,3.0,75.44066666666667,74.16066666666667,55.2112676056338,50.28169014084508,0.40397350993377484,0.3836991353769877,1.2800000000000011,MEDIUM>MEDIUM,4.929577464788721,0.020274374556787156,50.77927368462618,1,17.0,0.23943661971830985,71,8,0.17499999999999716,0.0,0.0,-0.16100000000000136,0.0608333333333318,0.0608333333333318,0.16236970131475914,0.10561145453807352,0.10561145453807352,-0.21399999999999864,0.045999999999999375,0,1,0,75.477,-0.2523951793684631,0.0,-0.03633333333333155,-0.15387499999999932,1.4609999999999985,0.9629999999999939,0.04477812120474172,7.0,13.0,51.3,34.6,0.0,0,0,28.6,1.8,0.794702,1.0,0.7378,0,0.384106,11.083999999999998,0.54039736,5.8289456176102075,18,4705.105,0,MEDIUM,75.477,1.0471102150537637,0.06467531886524402,0.04862332630840005,-0.0045444276088363956,0.2680874577728487,0.1949820138068659,0.6338808321227942,0.5231520342184119,0.28350183622270375,0.28048647952352607,0.42702180588841243,0.38621117782973446,0.6958910399101065,0.6013030791027938,0.5440778239958659,0.5497056409853764,0.6765122761487741,0.6374840573514101,0.8872389187607654,0.787763106983544,0.30151102011441766,0.6842692264540073
8,OCO,32.0,MEDIUM,HARD,13.0,3.0,73.345,73.07,40.42253521126761,35.49295774647887,0.0,0.0,0.2750000000000057,MEDIUM>HARD,4.929577464788736,0.0,50.92911753127737,1,14.0,0.4507042253521127,71,6,0.09849999999999426,0.19900000000001228,0.0,-0.14850000000001273,0.019599999999999795,0.019599999999999795,-0.07544853856900602,0.02430551506415537,0.02430551506415537,0.2050000000000125,0.027999999999991587,0,1,0,73.406,0.14220812501109492,-0.19900000000001228,-0.06100000000000705,-0.1281666666666723,0.936000000000007,0.7639999999999958,0.004705515064155574,5.0,15.0,50.5,34.5,-0.8999999999999986,0,0,32.0,2.3,0.027211,0.22449,3.177748,0,0.013512,8.68,0.01523816,6.453624998892692,33,5873.977,4,MEDIUM,73.406,1.0471102150537637,1.413630896484922,1.1384931742956619,0.9704256640363229,1.1372358724333926,0.965324336155816,1.1104559623958346,0.9360778978444225,0.7959139448508618,0.7440348817644016,0.8337218224880505,0.7478627759479833,0.932370728646534,0.8011282489160629,1.01531627561398,0.9542413042826806,1.0428786507102559,0.9470510876048976,1.0991045880467056,0.9581587479905687,0.8606278356459036,0.9201916220735934
8,PIA,18.0,MEDIUM,HARD,17.0,3.0,73.24366666666667,71.48966666666666,54.225352112676056,49.29577464788733,0.0,0.0,1.7540000000000049,MEDIUM>HARD,4.9295774647887285,0.0,50.79617316047465,1,18.0,0.2535211267605634,71,8,0.10799999999999699,0.21599999999999397,-0.27199999999999136,-0.04999999999998295,-0.04598333333333381,-0.04598333333333381,-0.04129602274475985,0.034885210000943356,0.034885210000943356,0.3499999999999943,-0.024500000000003297,0,1,0,73.451,0.06397681110937015,-0.21599999999999397,-0.20733333333332382,-0.09237499999998988,-0.6030000000000086,0.9575000000000031,0.08086854333427718,7.0,4.0,51.1,34.5,-0.19999999999999574,0,0,29.6,0.6,0.013605,0.034014,6.667105,0,0.006756000000000001,11.592,0.009795600000000002,5.860786223465865,19,4748.455,0,MEDIUM,73.451,1.0471102150537637,1.0451924323646595,1.1043214796477405,0.9310537874431435,1.096015156915757,0.9238218797000133,1.07587837169666,0.9029740202039163,0.676830653825212,0.6433409136260452,0.7477688623619181,0.679800074730326,0.868805168921972,0.7510896701217048,0.8818436609098348,0.8377517867526876,0.9952303615643578,0.9102929640841462,1.0888483860940774,0.9539836215455304,0.6654881321125785,0.8245980174387935
8,PIA,41.0,HARD,HARD,21.0,3.0,72.05233333333332,70.73066666666666,31.549295774647888,26.619718309859156,0.041666666666666664,0.1651017214397496,1.3216666666666583,HARD>HARD,4.929577464788732,-0.12343505477308295,50.98089502046479,1,22.0,0.5774647887323944,71,8,0.10299999999999443,0.0,-0.09199999999999875,-0.034000000000006025,0.0024571428571426124,0.0024571428571426124,0.13598500120490087,0.040793103865729964,0.040793103865729964,0.09900000000000375,-0.23550000000000182,0,0,1,72.116,-0.21242422420918672,0.0,-0.06366666666667697,0.05812500000000398,-0.8094999999999999,0.8019999999999996,0.038335961008587355,7.0,4.0,51.6,34.4,0.6000000000000014,0,0,32.2,1.4,0.145833,0.833333,1.510599,0,0.13194399999999998,14.608000000000002,0.12833303999999998,6.673297967767654,42,6470.112,4,HARD,72.116,1.0471102150537637,1.4273651219898464,2.4947726218055455,2.117720069119931,2.254746932925437,1.909955529567696,1.7935886366403926,1.5079782423717565,1.5530009801042959,1.3798151849725206,1.477861024776311,1.2894941725643683,1.33840294611091,1.1362303384524748,1.6334421348527381,1.4695362717044442,1.6152998877325162,1.4267574579129731,1.5419631490586883,1.3256054565416273,1.3543671712672758,1.218174726758114
8,RUS,18.0,MEDIUM,HARD,17.0,3.0,72.865,71.538,54.225352112676056,49.29577464788733,0.0,0.11188811188811189,1.3269999999999982,MEDIUM>HARD,4.9295774647887285,-0.11188811188811189,50.79617316047465,1,18.0,0.2535211267605634,71,8,0.08950000000000102,0.0,0.0,0.003500000000002501,-0.000766666666667959,-0.000766666666667959,0.1354219017486713,0.06698462803152921,0.06698462803152921,-0.007000000000005002,-0.07800000000000296,0,1,0,72.904,-0.20979893104463088,0.0,-0.03900000000000148,-0.019749999999987722,-1.112000000000009,1.041000000000011,0.06775129469819717,7.0,1.0,51.1,34.5,-0.19999999999999574,0,0,29.6,0.6,0.006849,0.020548,8.44998,0,-4.80000000000003e-05,11.592,0.00493128,5.8522024797744745,19,4734.252,0,MEDIUM,72.904,1.0471102150537637,1.0153978840463915,1.1043214796477405,0.9241200980211969,1.096015156915757,0.9169420473192982,1.07587837169666,0.8962494447855892,0.735323428793653,0.6897340695098854,0.7659664328852464,0.6907445825148248,0.8544802608749875,0.733200650136359,0.9155016790173525,0.8614345842363447,1.0026099296673272,0.9105890816616123,1.0753358672687103,0.9355449473212248,0.6158658280972926,0.7753246043008977
8,RUS,42.0,HARD,HARD,22.0,3.0,72.13133333333333,70.93633333333334,30.563380281690144,25.633802816901408,0.0,0.07239332771247664,1.1949999999999932,HARD>HARD,4.929577464788736,-0.07239332771247664,51.00147425381058,1,23.0,0.5915492957746479,71,8,0.1454999999999984,-0.009000000000000341,0.0,0.004500000000007276,-0.028083333333333606,-0.028083333333333606,0.13113588354848105,0.04732187098228214,0.04732187098228214,0.28999999999999204,0.05500000000000682,0,0,1,72.225,-0.20384384883298878,0.009000000000000341,-0.0936666666666639,0.06337500000000773,-0.8569999999999993,0.8954999999999984,0.07540520431561575,7.0,1.0,51.9,34.5,0.6000000000000014,0,0,31.6,1.3,0.013793,0.165517,3.479628,0,-0.007040000000000001,15.548,0.012689559999999999,6.6895992691789665,43,6525.961,4,HARD,72.225,1.0471102150537637,1.4453635824318272,2.509308975537735,2.1320750243313067,2.260941735144761,1.9170825580618729,1.7945959130314808,1.5104106360845326,1.5929641381987794,1.4348475668652336,1.5309862260002007,1.3530419935198792,1.3989783135657103,1.1998008567201437,1.6866254850687112,1.5247200862916763,1.7081164357621348,1.5175593187765966,1.6329999457488367,1.4137342442245202,1.5824898325502565,1.3607056779685933
8,SAI,13.0,SOFT,MEDIUM,12.0,3.0,75.28733333333332,74.10366666666665,59.15492957746479,54.225352112676056,0.7674760853568801,0.0045045045045045045,1.1836666666666673,SOFT>MEDIUM,4.929577464788736,0.7629715808523756,50.5854439136416,1,13.0,0.18309859154929578,71,8,0.36350000000000904,-0.26899999999999125,0.26899999999999125,-0.08499999999999375,0.16279166666666534,0.16279166666666534,0.32663010683076266,0.1169444197748093,0.1169444197748093,-0.26899999999999125,-0.04450000000000642,1,0,0,75.069,-0.5257303386719485,0.26899999999999125,0.2183333333333337,-0.08462500000000261,0.5745000000000005,0.8030000000000044,-0.04584724689185604,7.0,15.0,51.2,34.7,-0.3999999999999986,0,0,29.6,1.0,0.666667,1.0,0.786227,0,-0.03532000000000002,8.424000000000001,0.34666684000000003,5.568344503761097,14,4407.115,0,SOFT,75.069,1.0471102150537637,0.1277885566732616,0.13351174137248467,0.06665575524079542,0.23860645923668378,0.16369161498567156,0.5455531450122129,0.4393399280004775,0.2381452654618217,0.21249630434913494,0.3089073089716782,0.26335032967133737,0.5398545064427157,0.45435097915211853,0.9967717702864098,0.9123091133922403,0.946326471158319,0.8488585671165967,0.9349364507494189,0.8158168104575696,0.4977195271898892,0.6390412912074352
8,STR,22.0,MEDIUM,SOFT,21.0,3.0,76.61133333333332,75.00833333333334,50.28169014084508,44.36619718309859,0.33865263277027985,0.2246201985641386,1.6029999999999802,MEDIUM>SOFT,5.915492957746487,0.11403243420614126,50.86007357406797,1,22.0,0.30985915492957744,71,8,0.38049999999999784,-0.11499999999999488,0.11499999999999488,0.05749999999999034,0.1196249999999992,0.1196249999999992,0.2782517244795315,0.08559211937643174,0.08559211937643174,-0.7109999999999985,0.21299999999999386,0,1,0,76.336,-0.4288573010640846,0.11499999999999488,0.2753333333333359,-0.038875000000004434,3.1414999999999935,0.8034999999999997,-0.03403288062356746,7.0,20.0,50.8,35.1,-0.5,0,0,30.3,2.7,0.202614,0.568627,2.291892,0,-0.35582800000000003,13.903999999999996,0.17830031999999998,6.102558594613569,23,5105.055,0,MEDIUM,76.336,1.0471102150537637,0.647522313686872,0.14417813840604243,0.04209834991900842,0.31034839405772574,0.20539609867961542,0.6205511280862739,0.5005402725401754,0.5685781044814067,0.5079472215213292,0.6191859020343019,0.5404344668394866,0.7603208116664015,0.6522613041853814,1.2180755208275724,1.1076445809075786,1.2194739635328993,1.0988898741593236,1.1502929396233257,1.0181725769554815,0.9107213005021596,0.9463546687251282
8,VER,17.0,MEDIUM,HARD,16.0,3.0,72.70800000000001,71.791,55.2112676056338,50.28169014084508,0.0,0.5711759504862953,0.9170000000000158,MEDIUM>HARD,4.929577464788721,-0.5711759504862953,50.77927368462618,1,17.0,0.23943661971830985,71,8,0.12449999999999761,0.0,0.0,0.04399999999999693,-0.0606666666666662,-0.0606666666666662,0.183992482027179,0.031623061330410845,0.031623061330410845,0.10699999999999932,-0.018999999999991246,0,1,0,72.733,-0.28604767778728046,0.0,-0.024999999999991473,0.285499999999999,-1.231499999999997,0.8710000000000022,0.09228972799707705,7.0,2.0,51.3,34.6,-0.30000000000000426,0,0,28.6,1.8,0.013699,0.054795,4.799097,0,-9.400000000000033e-05,11.083999999999998,0.009315319999999998,5.796057750765372,18,4666.383,0,MEDIUM,72.733,1.0471102150537637,0.8020077774353642,1.1128456805573574,0.9316719567099224,1.1062028802649246,0.9250802146490895,1.0844862609185864,0.9024553201451662,0.524859640195136,0.5171656425802007,0.6039290556556536,0.5574939091010698,0.7588914372577229,0.6538835252474476,0.7268173410068968,0.7091609887409407,0.8516492901432655,0.787684356149447,0.9819784576659755,0.8582312190411854,0.4819233657364479,0.6842923559618811
8,VER,48.0,HARD,HARD,29.0,4.333333333333333,72.56366666666666,70.69433333333335,24.64788732394366,18.403755868544597,0.02528735632183908,0.07746478873239436,1.8693333333333157,HARD>HARD,6.244131455399064,-0.05217743241055528,51.111396115332916,1,30.0,0.676056338028169,71,8,0.23099999999999454,0.2669999999999959,-0.05100000000000193,-0.3130000000000024,0.10299999999999918,0.10299999999999918,-0.050717246985456654,0.07307896807114347,0.07307896807114347,0.05100000000000193,0.036000000000001364,0,0,1,72.681,0.07814283885475959,-0.2669999999999959,-0.11733333333333462,-0.355000000000004,0.7205000000000013,0.6944999999999979,-0.0299210319288557,7.0,1.0,52.0,34.8,0.0,0,0,30.6,2.0,0.027586,0.344828,2.99412,0,-0.02069,20.4,0.0331032,6.816735880594968,49,6961.823,4,HARD,72.681,1.0471102150537637,1.9376412454979808,2.5800629042311254,2.1990113934095348,2.2838117048655153,1.9412958151578232,1.7886712247213548,1.5094746246464577,2.0381681452260327,1.8056780881867533,1.8480237955266867,1.6153486662079315,1.5769882432386098,1.347985904218681,2.122171035279903,1.8989921594805446,2.036974189397722,1.801393033046576,1.8358891559201975,1.592065062409822,1.9009583268871633,1.5554254600015285
