round,driver,lap,c_old,c_new,age_old,age_new,t_old,t_new,fuel_old,fuel_new,close_old,close_new,step_obs,pair,d_fuel,d_close,tt,horizon,age,progress,race_laps,n_recent,spread,last_minus_median,median3_minus_last,median8_minus_last,slope,slope_h,kalman_minus_last,kalman_trend,kalman_h,last_delta,field_delta,soft,medium,hard,pace_scale,innovation,median5_minus_last,mean3_minus_last,mean8_minus_last,field_relative,field_spread,trend_change,history_span,position,track_temp_c,air_temp_c,track_temp_change_c,weather_missing,rainfall,humidity_pct,wind_speed_ms,traffic_close,traffic_near,traffic_gap_s,traffic_missing,traffic_change,thermal_age,traffic_age,field_laps_log,target_lap,issued_s,segment,compound,current_s,environment_a256_normalized,mean,existing_factorized,selected_s,experiment,truth_s,label_s,control_selection_s,new_compound,old_age,new_age,raw_step_s,control_step_s,relative_step_s,controls,control_n,placebo_relative_s,pretrend_corrected_s,control_mad_s,pre_traffic,post_traffic,pre_mean_s,post_mean_s,stint_pace_loss,stint_relative_loss,anchor_age,anchor_span,anchor_traffic_change,anchor_traffic_missing,state_a64_normalized,state_a256_seconds
9,ALB,13.0,HARD,MEDIUM,11.0,10.0,99.005,96.495,55.1923076923077,48.46153846153846,0.1580622848904556,0.020708046964490263,2.509999999999991,HARD>MEDIUM,6.730769230769241,0.13735423792596532,42.15057588787764,1,12.0,0.25,52,8,0.8400000000000034,2.1430000000000007,0.0,-1.3520000000000039,-0.07750000000000057,-0.07750000000000057,-0.6229094160417361,0.24515803052470256,0.24515803052470256,-1.2109999999999985,-0.3365000000000009,0,0,1,99.328,1.16063087155743,-2.1430000000000007,-0.3230000000000075,-0.2775000000000034,3.3400000000000034,1.0450000000000017,0.3226580305247031,7.0,22.0,43.8,25.0,1.3999999999999986,0,0,48.3,0.4,0.165829,0.78392,1.431165,0,-0.15257900000000002,4.223999999999998,0.07959792,5.6937321388027,14,4696.511,2,HARD,99.328,2.5086087015291594,1.1328949494949498,2.6181350551712894,2.5086087015291594,deployed_stop_response,2.509999999999991,,,,,,,,,,,,,,,,,,,,,,,,,
9,ALO,19.0,MEDIUM,HARD,18.0,3.0,99.35566666666666,98.24666666666667,47.11538461538461,40.38461538461538,0.6479535725766882,0.21137060533967753,1.1089999999999947,MEDIUM>HARD,6.7307692307692335,0.4365829672370106,42.38816167194518,1,19.0,0.36538461538461536,52,8,0.1395000000000053,0.0730000000000075,-0.0730000000000075,-0.15500000000001535,0.058999999999999275,0.058999999999999275,-0.01774159099821304,0.04403832381691131,0.04403832381691131,0.10500000000000398,-0.21999999999999886,0,1,0,99.415,0.02748570783893456,-0.0730000000000075,-0.0593333333333419,-0.18662500000000648,3.477000000000004,1.1154999999999973,-0.014961676183087969,7.0,20.0,40.8,25.3,-0.6000000000000014,0,0,48.4,1.2,0.155779,0.552764,2.250943,0,-0.677554,4.407999999999998,0.11839204,6.037870919922137,20,5234.625,2,MEDIUM,99.415,1.8537993094685488,1.1328949494949498,1.8551722392151921,1.8537993094685488,deployed_stop_response,1.1089999999999947,,,,,,,,,,,,,,,,,,,,,,,,,
9,BEA,28.0,MEDIUM,HARD,27.0,3.0,97.04066666666667,94.77166666666666,35.0,28.269230769230763,0.3872411666226099,0.37630186577554997,2.2690000000000055,MEDIUM>HARD,6.730769230769237,0.010939300847059907,41.80053932554601,1,28.0,0.5384615384615384,52,7,0.23799999999999955,0.2289999999999992,0.0,-0.5280000000000058,0.12199999999999989,0.12199999999999989,-0.0866687653286391,0.08660394086715685,0.08660394086715685,-0.1349999999999909,0.0975000000000037,0,1,0,97.185,0.15908641869020812,-0.2289999999999992,-0.14433333333333564,-0.3780000000000143,2.5330000000000013,1.132000000000005,-0.035396059132843036,6.0,15.0,38.4,24.8,-0.8999999999999986,0,0,50.8,2.3,0.615385,0.979487,0.800164,0,0.07930300000000001,3.8079999999999985,0.6892311999999999,6.411818267709897,29,6080.448,3,MEDIUM,97.185,1.4386869972081981,1.1328949494949498,1.796026655714884,1.4386869972081981,deployed_stop_response,2.2690000000000055,,,,,,,,,,,,,,,,,,,,,,,,,
9,BOR,25.0,MEDIUM,HARD,24.0,3.0,95.63533333333334,93.832,39.03846153846154,32.3076923076923,0.015706806282722512,0.6233170250692153,1.8033333333333417,MEDIUM>HARD,6.730769230769241,-0.6076102187864928,42.145560165972235,1,25.0,0.4807692307692308,52,3,0.05500000000000682,-0.13799999999999102,0.13799999999999102,0.13799999999999102,-0.09649999999999892,-0.09649999999999892,0.07030287022362813,-0.015025591359981483,-0.015025591359981483,-0.13799999999999102,0.17150000000000176,0,1,0,95.525,-0.1468505747126443,0.13799999999999102,0.11033333333332962,0.11033333333332962,-0.007999999999995566,1.203000000000003,0.08147440864001744,2.0,10.0,39.3,25.4,-2.0,0,0,48.5,2.8,0.041885,0.455497,2.752739,0,0.041885,4.299999999999997,0.04188499999999999,6.2878585601617845,26,5758.687,4,MEDIUM,95.525,1.0007761829350823,1.1328949494949498,1.0592632642151592,1.0007761829350823,deployed_stop_response,1.8033333333333417,,,,,,,,,,,,,,,,,,,,,,,,,
9,BOT,28.0,MEDIUM,HARD,27.0,3.0,98.008,96.09633333333333,35.0,28.269230769230763,0.13106859299752702,0.0,1.9116666666666617,MEDIUM>HARD,6.730769230769237,0.13106859299752702,41.80053932554601,1,28.0,0.5384615384615384,52,7,0.671999999999997,0.0,-0.671999999999997,0.0,-0.11233333333333444,-0.11233333333333444,-0.1599832430029977,-0.07485325042882653,-0.07485325042882653,0.671999999999997,0.02400000000000091,0,1,0,98.598,0.30308004728158267,0.0,-0.5900000000000034,0.06842857142856928,3.945999999999998,1.2420000000000044,0.03748008290450791,6.0,19.0,38.4,24.8,-0.30000000000000426,0,0,50.8,2.3,0.152284,0.461929,2.587606,0,0.152284,3.8079999999999985,0.17055808,6.421622267806518,29,6104.766,3,MEDIUM,98.598,1.2558412551495772,1.1328949494949498,1.3636849539085243,1.2558412551495772,deployed_stop_response,1.9116666666666617,,,,,,,,,,,,,,,,,,,,,,,,,
9,COL,20.0,MEDIUM,HARD,19.0,3.0,96.03333333333335,94.56833333333333,45.76923076923077,37.692307692307686,0.0,0.0982456140350877,1.4650000000000176,MEDIUM>HARD,8.07692307692308,-0.0982456140350877,42.32860857130089,1,20.0,0.38461538461538464,52,8,0.17100000000001359,-0.4590000000000032,0.2920000000000016,0.29249999999998977,-0.019116666666666525,-0.019116666666666525,0.17877919267699838,-0.0656846080280658,-0.0656846080280658,-0.2920000000000016,-0.20199999999999818,0,1,0,95.78,-0.27634917487570476,0.4590000000000032,0.2533333333333445,0.31562500000001137,-0.030499999999989313,1.0215000000000032,-0.04656794136139928,7.0,12.0,40.8,25.5,-0.7000000000000028,0,0,48.4,1.2,0.0,0.324607,3.055811,0,-0.005208,4.639999999999998,0.0,6.063785208687608,21,5279.746,2,MEDIUM,95.78,1.0525872272861976,1.1328949494949498,1.0034302010364864,1.0525872272861976,deployed_stop_response,1.4650000000000176,,,,,,,,,,,,,,,,,,,,,,,,,
9,HAD,37.0,HARD,MEDIUM,17.0,3.0,94.515,92.628,22.884615384615376,16.15384615384615,0.11058230683090704,0.03243264302170333,1.8870000000000005,HARD>MEDIUM,6.730769230769226,0.07814966380920371,40.91931188749262,1,18.0,0.7115384615384616,52,8,0.1764999999999901,0.0,0.0,0.41850000000000875,-0.07291666666666616,-0.07291666666666616,0.21998212675534035,-0.0014243417168083236,-0.0014243417168083236,-0.6370000000000005,-0.04000000000000625,0,0,1,94.324,-0.34363740266826426,0.0,0.1910000000000025,0.3102500000000106,-0.2639999999999958,0.8499999999999943,0.07149232494985783,7.0,7.0,38.9,25.3,0.0,0,0,48.4,1.5,0.021277,0.292553,3.106434,0,-0.310302,2.807999999999999,0.01531944,6.678342114654332,38,6886.801,5,HARD,94.324,1.4706192829185538,1.1328949494949498,1.1913299122209575,1.4706192829185538,deployed_stop_response,1.8870000000000005,,,,,,,,,,,,,,,,,,,,,,,,,
9,HAM,21.0,MEDIUM,HARD,20.0,3.0,94.60066666666667,92.63066666666667,44.42307692307693,36.34615384615385,0.08641975308641975,0.7658916981497627,1.9699999999999989,MEDIUM>HARD,8.07692307692308,-0.6794719450633429,42.29908614704649,1,21.0,0.40384615384615385,52,8,0.2505000000000024,0.0,-0.1950000000000074,-0.01999999999999602,-0.03370833333333323,-0.03370833333333323,-0.05893041892414885,-0.01687546441573291,-0.01687546441573291,0.4060000000000059,-0.028000000000005798,0,1,0,94.801,0.09096008830114499,0.0,-0.20033333333334724,-0.006000000000014438,-0.8739999999999952,0.953000000000003,0.01683286891760032,7.0,3.0,40.8,26.0,0.0,0,0,48.4,1.2,0.248677,0.386243,4.829565,0,0.24338600000000002,4.871999999999997,0.20888868000000002,6.089044875446846,22,5331.257,2,MEDIUM,94.801,1.082019315131284,1.1328949494949498,0.9305036551381682,1.082019315131284,deployed_stop_response,1.9699999999999989,,,,,,,,,,,,,,,,,,,,,,,,,
9,HUL,16.0,MEDIUM,HARD,15.0,3.3333333333333335,95.96999999999998,95.49333333333334,51.15384615384615,43.97435897435897,0.11284722222222222,0.28661754462508804,0.47666666666664526,MEDIUM>HARD,7.179487179487182,-0.17377032240286583,42.409895835183086,1,16.0,0.3076923076923077,52,8,0.39799999999999613,-0.09300000000000352,0.0,0.3889999999999958,-0.14125714285714314,-0.14125714285714314,0.07547209278011735,-0.08134786661961793,-0.08134786661961793,0.10900000000000887,0.3030000000000115,0,1,0,95.962,-0.11872529897721051,0.09300000000000352,0.007999999999981355,0.41150000000000375,-0.09999999999999432,0.8780000000000001,0.059909276237525205,7.0,15.0,42.9,25.0,0.0,0,0,48.6,3.7,0.328125,0.963542,1.382666,0,0.322917,5.055999999999999,0.21,5.84354441703136,17,4901.614,2,MEDIUM,95.962,1.0163642121087844,1.1328949494949498,0.8822197088243153,1.0163642121087844,deployed_stop_response,0.47666666666664526,,,,,,,,,,,,,,,,,,,,,,,,,
9,LAW,27.0,MEDIUM,HARD,26.0,3.0,95.68933333333332,94.16066666666666,36.34615384615385,29.615384615384613,0.26443312388069434,0.12393523209126045,1.5286666666666662,MEDIUM>HARD,6.7307692307692335,0.1404978917894339,41.91586672864066,1,27.0,0.5192307692307693,52,5,0.340999999999994,-0.6049999999999898,0.2639999999999958,0.6049999999999898,-0.20933333333333098,-0.20933333333333098,0.3202427324425372,-0.12382171687004989,-0.12382171687004989,-0.2639999999999958,-0.06900000000000261,0,1,0,95.183,-0.6099426418952589,0.6049999999999898,0.5063333333333162,0.5983999999999838,0.11000000000001364,0.5880000000000081,0.08551161646328109,4.0,8.0,39.3,25.1,0.0,0,0,49.5,1.7,0.131579,0.931579,1.910222,0,-0.187793,4.643999999999997,0.14210532,6.359573868672378,28,5943.73,3,MEDIUM,95.183,0.8886775166431152,1.1328949494949498,0.6958633682175791,0.8886775166431152,deployed_stop_response,1.5286666666666662,,,,,,,,,,,,,,,,,,,,,,,,,
9,LIN,26.0,MEDIUM,HARD,25.0,3.0,95.622,93.76933333333334,37.69230769230769,30.961538461538463,0.2019797120418848,0.2536598778776501,1.8526666666666642,MEDIUM>HARD,6.73076923076923,-0.05168016583576529,42.02933478849646,1,26.0,0.5,52,4,0.14849999999999852,-0.14849999999999852,0.0,0.14849999999999852,-0.32933333333333314,-0.32933333333333314,0.1132982188269267,-0.04895530186283528,-0.04895530186283528,-0.29699999999999704,0.049000000000006594,0,1,0,95.523,-0.2162636394318156,0.14849999999999852,0.09900000000000375,0.34550000000001546,0.27949999999998454,0.8150000000000119,0.2803780314704979,3.0,9.0,39.3,25.6,0.0,0,0,48.5,2.8,0.246073,0.874346,1.425496,0,-0.005236000000000018,4.471999999999997,0.25591591999999996,6.322565239927284,27,5851.666,4,MEDIUM,95.523,1.0208937364584956,1.1328949494949498,0.841763676023284,1.0208937364584956,deployed_stop_response,1.8526666666666642,,,,,,,,,,,,,,,,,,,,,,,,,
9,NOR,27.0,MEDIUM,HARD,26.0,3.0,94.58933333333334,93.18366666666667,36.34615384615385,29.615384615384613,0.0,0.1663024936269718,1.4056666666666757,MEDIUM>HARD,6.7307692307692335,-0.1663024936269718,41.91586672864066,1,27.0,0.5192307692307693,52,5,0.15800000000000125,-0.19899999999999807,0.0,0.19899999999999807,-0.0651250000000001,-0.0651250000000001,0.07629083643661261,-0.036188705232407685,-0.036188705232407685,-0.19899999999999807,-0.06900000000000261,0,1,0,94.525,-0.14530551239566591,0.19899999999999807,0.06433333333333735,0.15099999999999625,-0.7349999999999852,0.6894999999999882,0.028936294767592415,4.0,3.0,39.3,25.2,0.0,0,0,48.5,2.8,0.0,0.0,6.907087,0,0.0,4.643999999999997,0.0,6.349138991379798,28,5921.548,3,MEDIUM,94.525,0.9952826796851941,1.1328949494949498,0.8320475110453572,0.9952826796851941,deployed_stop_response,1.4056666666666757,,,,,,,,,,,,,,,,,,,,,,,,,
9,NOR,37.0,HARD,MEDIUM,8.0,9.0,93.653,93.02766666666668,22.884615384615376,16.15384615384615,0.0,0.07846022665757012,0.6253333333333302,HARD>MEDIUM,6.730769230769226,-0.07846022665757012,40.91931188749262,1,9.0,0.7115384615384616,52,8,0.10099999999999909,0.3990000000000009,-0.3810000000000002,-0.4519999999999982,0.11909999999999976,0.11909999999999976,-0.2016221604165196,0.07426619571782953,0.07426619571782953,0.3990000000000009,-0.01950000000000074,0,0,1,93.913,0.3581653383986776,-0.3990000000000009,-0.2599999999999909,-0.4994999999999976,-1.024000000000001,1.024000000000001,-0.044833804282170236,7.0,5.0,38.9,25.2,0.0,0,0,48.4,1.5,0.0,0.0,6.137469,0,0.0,1.4039999999999995,0.0,6.675823221634848,38,6877.657,4,HARD,93.913,1.5455372375613272,1.1328949494949498,1.5328791724988764,1.5455372375613272,deployed_stop_response,0.6253333333333302,,,,,,,,,,,,,,,,,,,,,,,,,
9,OCO,20.0,MEDIUM,HARD,19.0,3.0,96.74399999999999,95.926,45.76923076923077,39.03846153846154,0.0,0.6772825978020719,0.8179999999999836,MEDIUM>HARD,6.730769230769226,-0.6772825978020719,42.32860857130089,1,20.0,0.38461538461538464,52,8,0.14150000000000063,-0.43900000000000716,0.2510000000000048,0.3015000000000043,-0.014849999999997721,-0.014849999999997721,0.23188420486432904,-0.03967770112814013,-0.03967770112814013,-0.2510000000000048,-0.20649999999999835,0,1,0,96.514,-0.3584366151419971,0.43900000000000716,0.2300000000000182,0.335125000000005,0.7339999999999947,1.058000000000007,-0.024827701128142414,7.0,14.0,40.8,25.5,-0.7000000000000028,0,0,48.4,1.2,0.0,0.108808,5.314152,0,0.0,4.639999999999998,0.0,6.068425588244111,21,5288.234,2,MEDIUM,96.514,1.1451271812024864,1.1328949494949498,1.1147596968821814,1.1451271812024864,deployed_stop_response,0.8179999999999836,,,,,,,,,,,,,,,,,,,,,,,,,
9,PER,20.0,MEDIUM,HARD,19.0,3.0,97.13066666666667,96.83600000000001,45.76923076923077,39.03846153846154,0.0,0.3927292602872499,0.2946666666666573,MEDIUM>HARD,6.730769230769226,-0.3927292602872499,42.32860857130089,1,20.0,0.38461538461538464,52,8,0.1595000000000013,-0.37299999999999045,0.37299999999999045,0.40399999999999636,-0.05390000000000015,-0.05390000000000015,0.3012443456403986,-0.04348826068331744,-0.04348826068331744,-0.37299999999999045,-0.20649999999999835,0,1,0,96.721,-0.4656505329683398,0.37299999999999045,0.4096666666666664,0.4076249999999959,0.9410000000000025,0.9410000000000025,0.010411739316682711,7.0,15.0,40.8,25.5,-0.7000000000000028,0,0,48.4,1.2,0.0,0.0,7.132309,0,0.0,4.639999999999998,0.0,6.07073772800249,21,5295.186,2,MEDIUM,96.721,1.133089966837816,1.1328949494949498,1.1562542510987743,1.133089966837816,deployed_stop_response,0.2946666666666573,,,,,,,,,,,,,,,,,,,,,,,,,
9,PIA,35.0,HARD,MEDIUM,32.0,7.0,96.016,93.283,25.576923076923077,17.499999999999993,0.3032670518767689,0.5603185555747225,2.733000000000004,HARD>MEDIUM,8.076923076923084,-0.25705150369795365,40.99650270887995,1,33.0,0.6730769230769231,52,8,0.44949999999999335,0.0,0.0,-0.12700000000000955,0.05833333333333476,0.05833333333333476,0.28588318902677656,0.11879420289220331,0.11879420289220331,-0.8870000000000005,0.08799999999999386,0,0,1,95.929,-0.44972341218425527,0.0,0.0870000000000033,-0.051000000000016144,0.47100000000000364,1.2800000000000011,0.060460869558868556,7.0,13.0,38.9,25.5,0.0,0,0,48.4,1.5,0.0,0.0,12.242257,0,-0.098446,5.147999999999999,0.0,6.634633357861686,36,6752.129,4,HARD,95.929,1.7454140047585147,1.1328949494949498,1.4574890291175873,1.7454140047585147,deployed_stop_response,2.733000000000004,,,,,,,,,,,,,,,,,,,,,,,,,
9,RUS,21.0,MEDIUM,HARD,20.0,3.0,94.51299999999999,92.83933333333334,44.42307692307693,36.34615384615385,0.0,0.025089605734767026,1.673666666666648,MEDIUM>HARD,8.07692307692308,-0.025089605734767026,42.29908614704649,1,21.0,0.40384615384615385,52,8,0.15700000000000358,-0.17600000000000193,0.14799999999999613,0.2394999999999925,-0.03564285714285985,-0.03564285714285985,0.28799135270544696,-0.03641017938591787,-0.03641017938591787,-0.14799999999999613,-0.045999999999999375,0,1,0,94.405,-0.44451947483645426,0.17600000000000193,0.10799999999998988,0.42712500000000375,-1.25,0.8960000000000008,-0.000767322243058019,7.0,4.0,40.8,26.0,0.0,0,0,48.4,1.2,0.015873,0.359788,2.914783,0,0.015873,4.871999999999997,0.013333320000000003,6.093569770045136,22,5334.9,2,MEDIUM,94.405,0.9943522869656359,1.1328949494949498,0.7326801828303412,0.9943522869656359,deployed_stop_response,1.673666666666648,,,,,,,,,,,,,,,,,,,,,,,,,
9,RUS,33.0,HARD,MEDIUM,9.0,9.666666666666666,94.02999999999999,92.52333333333335,28.269230769230763,20.641025641025635,0.8918439716312058,0.0954954954954955,1.5066666666666322,HARD>MEDIUM,7.628205128205128,0.7963484761357102,41.151167956974014,1,10.0,0.6346153846153846,52,8,0.524000000000008,0.16500000000000625,-0.16500000000000625,-0.3655000000000115,0.19873809523809544,0.19873809523809544,0.05460085049786301,0.16488858202356432,0.16488858202356432,0.16500000000000625,0.17099999999999227,0,0,1,94.18,-0.09397069607410913,-0.16500000000000625,-0.14999999999999147,-0.5313750000000113,-0.778499999999994,1.0300000000000011,-0.03384951321453111,7.0,4.0,37.7,25.8,0.0,0,0,50.5,2.1,1.0,1.0,0.387711,0,0.17553200000000002,1.0800000000000012,0.4,6.556778356158042,34,6490.434,4,HARD,94.18,1.6607646051898832,1.1328949494949498,1.7017531612616144,1.6607646051898832,deployed_stop_response,1.5066666666666322,,,,,,,,,,,,,,,,,,,,,,,,,
9,SAI,19.0,MEDIUM,HARD,18.0,3.0,96.51033333333334,95.63633333333333,47.11538461538461,40.38461538461538,0.0,0.07081174438687392,0.8740000000000094,MEDIUM>HARD,6.7307692307692335,-0.07081174438687392,42.38816167194518,1,19.0,0.36538461538461536,52,8,0.13700000000000045,-0.26600000000000534,0.2980000000000018,0.2819999999999965,-0.02537500000000037,-0.02537500000000037,0.07347134374853681,-0.07110406270647876,-0.07110406270647876,-0.3689999999999998,-0.07699999999999818,0,1,0,96.288,-0.11382360742106812,0.26600000000000534,0.2223333333333386,0.22824999999998852,0.3649999999999949,1.2630000000000052,-0.04572906270647839,7.0,13.0,41.5,25.3,0.10000000000000142,0,0,48.5,3.3,0.0,0.244792,3.716151,0,0.0,4.94,0.0,6.013715156042802,20,5187.621,2,MEDIUM,96.288,1.1417608689320635,1.1328949494949498,1.1527702113700529,1.1417608689320635,deployed_stop_response,0.8740000000000094,,,,,,,,,,,,,,,,,,,,,,,,,
9,STR,17.0,MEDIUM,HARD,16.0,3.6666666666666665,99.36033333333334,98.53833333333334,49.807692307692314,42.179487179487175,0.07370184254606366,0.20878200526441734,0.8220000000000027,MEDIUM>HARD,7.628205128205138,-0.13508016271835369,42.42738693844639,1,17.0,0.3269230769230769,52,8,0.1425000000000054,0.20599999999998886,0.0,-0.1729999999999876,0.024416666666667197,0.024416666666667197,-0.0649874845107945,0.014162839176674269,0.014162839176674269,0.20599999999998886,0.007999999999995566,0,1,0,99.335,0.10151793108205709,-0.20599999999998886,0.025333333333350083,-0.14074999999999704,3.3559999999999945,0.6724999999999994,-0.010253827489992928,7.0,20.0,42.6,25.0,0.0,0,0,48.6,1.1,0.0,0.0,8.587594,0,0.0,5.168000000000001,0.0,5.921578419643816,18,5035.201,2,MEDIUM,99.335,1.6315703414737075,1.1328949494949498,1.856643343809682,1.6315703414737075,deployed_stop_response,0.8220000000000027,,,,,,,,,,,,,,,,,,,,,,,,,
9,VER,16.0,MEDIUM,HARD,15.0,3.0,94.62599999999999,93.77199999999999,51.15384615384615,44.42307692307691,0.9294718277174416,0.06382978723404255,0.8539999999999992,MEDIUM>HARD,6.730769230769241,0.8656420404833991,42.409895835183086,1,16.0,0.3076923076923077,52,8,0.11050000000000182,0.0,-0.1880000000000024,0.11400000000000432,-0.05699999999999979,-0.05699999999999979,-0.025882547418973445,-0.009474353322550241,-0.009474353322550241,0.1880000000000024,0.1880000000000024,0,1,0,94.758,0.04071588672599091,0.0,-0.132000000000005,0.07349999999999568,-1.0949999999999989,0.7129999999999939,0.047525646677449546,7.0,5.0,42.9,25.0,-0.8000000000000043,0,0,48.6,3.7,0.994709,1.0,0.536375,0,0.0368139999999999,5.055999999999999,0.6366137599999999,5.814130531825066,17,4861.1,2,MEDIUM,94.758,1.181593146012894,1.1328949494949498,0.8936821015313525,1.181593146012894,deployed_stop_response,0.8539999999999992,,,,,,,,,,,,,,,,,,,,,,,,,
9,VER,37.0,HARD,MEDIUM,19.0,3.0,93.98733333333332,92.52666666666666,22.884615384615376,16.15384615384615,0.0320855614973262,0.06143773507027364,1.4606666666666683,HARD>MEDIUM,6.730769230769226,-0.02935217357294744,40.91931188749262,1,20.0,0.7115384615384616,52,8,0.16050000000000608,0.0,-0.32100000000001216,-0.18099999999999739,0.027657142857143567,0.027657142857143567,-0.14841389031646202,0.006952873830606405,0.006952873830606405,0.32100000000001216,-0.029500000000005855,0,0,1,94.272,0.23183957960804946,0.0,-0.2846666666666806,-0.16462500000001512,-0.664999999999992,0.9440000000000026,-0.020704269026537162,7.0,3.0,38.9,25.2,0.0,0,0,48.4,1.5,0.0,0.42328,2.813654,0,0.0,3.1199999999999988,0.0,6.672032945461067,38,6866.416,4,HARD,94.272,1.475266353899535,1.1328949494949498,1.273705537357868,1.475266353899535,deployed_stop_response,1.4606666666666683,,,,,,,,,,,,,,,,,,,,,,,,,
10,ALB,17.0,MEDIUM,HARD,16.0,4.0,113.50633333333333,112.17199999999998,46.13636363636363,36.59090909090909,0.013215859030837005,0.013373015873015872,1.3343333333333476,MEDIUM>HARD,9.54545454545454,-0.00015715684217886688,28.82221514524646,1,17.0,0.38636363636363635,44,8,0.10500000000000398,0.16400000000000148,-0.16400000000000148,-0.180499999999995,0.03250000000000064,0.03250000000000064,-0.002582684338634067,0.050087142761742136,0.050087142761742136,0.27899999999999636,-0.2050000000000125,0,1,0,113.654,0.00444492426085219,-0.16400000000000148,-0.14766666666666595,-0.14824999999999022,1.5799999999999983,0.8379999999999939,0.017587142761741496,7.0,10.0,31.3,17.5,2.5,0,0,53.5,2.1,0.035242,0.061674,6.379001,0,0.0,-2.5159999999999996,0.023964560000000003,5.84354441703136,18,5448.688,5,MEDIUM,113.654,1.6423498575744886,1.1699376114081999,1.5289831165914496,1.6423498575744886,deployed_stop_response,1.3343333333333476,,,,,,,,,,,,,,,,,,,,,,,,,
10,ALO,30.0,SOFT,HARD,10.0,3.0,119.21933333333332,115.55066666666666,25.454545454545457,17.500000000000004,0.07905273463480561,0.27255576876328597,3.6686666666666667,SOFT>HARD,7.954545454545453,-0.19350303412848036,30.359157736431055,1,11.0,0.6818181818181818,44,8,1.0429999999999993,0.0,1.875,-1.454499999999996,0.4,0.4,0.17861742825746774,0.37865714730988675,0.37865714730988675,-5.170000000000002,0.10649999999999693,1,0,0,116.871,-0.42569930914525855,0.0,2.348333333333329,-0.3966250000000002,4.885000000000005,1.707499999999996,-0.021342852690113268,7.0,19.0,32.5,19.0,-0.6000000000000014,0,0,40.6,2.3,0.038462,0.106838,6.105691,0,-0.088587,-1.1,0.01692328,6.423246963533519,31,7041.996,9,SOFT,116.871,2.4058319607972494,1.1699376114081999,3.092288439087715,2.4058319607972494,deployed_stop_response,3.6686666666666667,,,,,,,,,,,,,,,,,,,,,,,,,
10,BOT,31.0,HARD,SOFT,29.0,3.0,114.83666666666666,112.77266666666667,23.863636363636363,15.909090909090912,0.01161318903866844,0.08393626397188636,2.063999999999993,HARD>SOFT,7.9545454545454515,-0.07232307493321792,30.454701205181806,1,30.0,0.7045454545454546,44,8,0.14350000000001017,0.3020000000000067,-0.2120000000000033,-0.31450000000000955,0.02937499999999993,0.02937499999999993,-0.2503048907399119,0.025407977205455023,0.025407977205455023,0.2120000000000033,-0.05100000000000193,0,0,1,115.161,0.4099427583187918,-0.3020000000000067,-0.32433333333334247,-0.35437500000000455,3.4325000000000045,0.9920000000000044,-0.003967022794544906,7.0,18.0,33.5,19.0,1.0,0,0,37.8,3.7,0.034783,0.06087,20.0,0,0.008696000000000002,-1.8,0.0417396,6.4425401664681985,32,7117.066,7,HARD,115.161,2.1277131292176064,1.1699376114081999,1.8902537141788938,2.1277131292176064,deployed_stop_response,2.063999999999993,,,,,,,,,,,,,,,,,,,,,,,,,
10,COL,14.0,MEDIUM,HARD,13.0,4.0,113.10000000000001,111.992,50.90909090909091,41.36363636363637,0.5237742518160435,0.3709334294255819,1.108000000000004,MEDIUM>HARD,9.54545454545454,0.15284082239046165,28.78745299798828,1,14.0,0.3181818181818182,44,6,0.4125000000000014,0.06199999999999761,0.0,-0.35999999999999943,0.21933333333333374,0.21933333333333374,0.09205116255689916,0.1491842279632265,0.1491842279632265,0.06199999999999761,-0.05150000000000432,0,1,0,112.938,-0.17350134913927207,-0.06199999999999761,0.16200000000000614,-0.3474999999999966,0.20250000000000057,1.1794999999999973,-0.07014910537010724,5.0,9.0,28.9,17.6,-0.3000000000000007,0,0,52.1,1.4,0.185841,0.99115,1.560464,0,-0.340708,-3.416000000000001,0.10407096,5.648974238161206,15,5100.391,5,MEDIUM,112.938,1.7271170621414635,1.1699376114081999,1.5784340340096294,1.7271170621414635,deployed_stop_response,1.108000000000004,,,,,,,,,,,,,,,,,,,,,,,,,
10,GAS,13.0,MEDIUM,HARD,12.0,3.3333333333333335,112.29899999999999,112.23666666666668,52.5,44.01515151515152,0.7839882535021231,0.706703272900096,0.06233333333331359,MEDIUM>HARD,8.484848484848477,0.07728498060202704,28.758227962239896,1,13.0,0.29545454545454547,44,5,0.02200000000000557,0.6469999999999914,-0.2289999999999992,-0.6469999999999914,0.13974999999999937,0.13974999999999937,-0.26694075900825,0.07412722695878525,0.07412722695878525,0.6469999999999914,0.23349999999999937,0,1,0,112.591,0.5084223162136396,-0.6469999999999914,-0.2920000000000016,-0.4409999999999883,0.08100000000000307,0.9155000000000086,-0.06562277304121412,4.0,9.0,29.2,17.5,0.1999999999999993,0,0,52.3,0.7,0.582222,0.991111,0.875064,0,-0.31956399999999996,-3.016,0.30275544,5.572154032177765,14,4986.332,5,MEDIUM,112.591,1.6208569021444268,1.1699376114081999,1.5383312248989274,1.6208569021444268,deployed_stop_response,0.06233333333331359,,,,,,,,,,,,,,,,,,,,,,,,,
10,LAW,14.0,MEDIUM,HARD,13.0,4.333333333333333,112.44933333333334,112.30266666666667,50.90909090909091,40.833333333333336,0.486792328042328,0.2856098682929445,0.14666666666667538,MEDIUM>HARD,10.07575757575757,0.20118245974938354,28.78745299798828,1,14.0,0.3181818181818182,44,6,0.030500000000003524,0.042999999999992156,-0.04899999999999238,-0.021499999999988972,-0.05040000000000191,-0.05040000000000191,-0.04384750074768817,-0.029095466976261385,-0.029095466976261385,0.05499999999999261,-0.09300000000000352,0,1,0,112.484,0.08264534987709737,-0.042999999999992156,-0.03466666666665219,0.049000000000020805,-0.2494999999999976,1.1815000000000069,0.021304533023740524,5.0,8.0,28.9,17.6,-0.3000000000000007,0,0,52.1,1.4,0.357143,1.0,1.311349,0,-0.22063500000000003,-3.416000000000001,0.20000008000000002,5.645446897643238,15,5097.702,5,MEDIUM,112.484,1.2291827597618175,1.1699376114081999,1.1399951197906613,1.2291827597618175,deployed_stop_response,0.14666666666667538,,,,,,,,,,,,,,,,,,,,,,,,,
10,LIN,15.0,MEDIUM,HARD,14.0,5.333333333333333,112.20166666666667,110.73933333333332,49.31818181818181,37.651515151515156,0.03123015873015873,0.025559496147731443,1.4623333333333477,MEDIUM>HARD,11.666666666666657,0.005670662582427287,28.802379262024022,1,15.0,0.3409090909090909,44,7,0.11400000000000432,0.0,-0.07699999999999818,0.0,-0.02224999999999966,-0.02224999999999966,0.0034742305405188745,-0.041867500902497905,-0.041867500902497905,0.26600000000000534,0.05849999999999511,0,1,0,112.316,-0.00637718666348519,0.0,-0.11433333333333451,0.11757142857142355,-0.1594999999999942,1.0174999999999983,-0.019617500902498246,6.0,7.0,28.9,17.5,0.0,0,0,52.9,2.3,0.017857,0.116071,4.60683,0,0.004464000000000001,-3.660000000000001,0.0107142,5.71042701737487,16,5208.619,5,MEDIUM,112.316,1.1173454468013704,1.1699376114081999,1.1037193198822404,1.1173454468013704,deployed_stop_response,1.4623333333333477,,,,,,,,,,,,,,,,,,,,,,,,,
10,NOR,29.0,HARD,MEDIUM,28.0,3.0,111.17099999999999,109.39866666666667,27.045454545454547,19.090909090909093,0.25948004808298925,0.0867579908675799,1.7723333333333215,HARD>MEDIUM,7.954545454545453,0.17272205721540934,30.25950608080486,1,29.0,0.6590909090909091,44,8,0.20050000000000523,0.8220000000000027,-0.8220000000000027,-0.8575000000000017,0.06770833333333333,0.06770833333333333,-0.5338411567019534,0.0726560583854416,0.0726560583854416,1.0530000000000115,0.0030000000000001137,0,0,1,111.796,0.9483253137764933,-0.8220000000000027,-0.6250000000000142,-0.8061249999999944,-0.031999999999996476,0.9429999999999978,0.004947725052108276,7.0,4.0,33.3,18.9,0.7999999999999972,0,0,43.7,1.3,0.642857,0.816964,0.844467,0,0.579509,-1.9720000000000033,0.7457141199999999,6.354370040797351,30,6798.802,8,HARD,111.796,1.9160281205604113,1.1699376114081999,1.721371090401529,1.9160281205604113,deployed_stop_response,1.7723333333333215,,,,,,,,,,,,,,,,,,,,,,,,,
10,OCO,15.0,HARD,HARD,13.0,4.666666666666667,113.50999999999999,112.09633333333333,49.31818181818181,38.71212121212122,0.11306901615271658,0.15585978835978836,1.413666666666657,HARD>HARD,10.606060606060595,-0.04279077220707178,28.802379262024022,1,14.0,0.3409090909090909,44,7,0.11199999999999477,0.26600000000000534,-0.05200000000000671,-0.28300000000000125,0.055999999999997385,0.055999999999997385,-0.09585652173095127,0.05419402418901279,0.05419402418901279,0.26600000000000534,0.19149999999999778,0,0,1,113.616,0.17595117101821245,-0.26600000000000534,-0.10600000000000875,-0.2555714285714288,1.242999999999995,1.1244999999999976,-0.0018059758109845933,6.0,16.0,28.9,17.5,0.0,0,0,52.9,2.3,0.356828,0.471366,6.181213,0,0.343612,-3.416000000000001,0.19982367999999998,5.739792912179234,16,5231.643,5,HARD,113.616,1.9867973520300612,1.1699376114081999,1.9976135281891403,1.9867973520300612,deployed_stop_response,1.413666666666657,,,,,,,,,,,,,,,,,,,,,,,,,
10,SAI,13.0,SOFT,HARD,12.0,4.666666666666667,114.01066666666668,112.19733333333333,52.5,41.8939393939394,0.41351215472714714,0.1986441798941799,1.8133333333333468,SOFT>HARD,10.606060606060602,0.21486797483296724,28.758227962239896,1,13.0,0.29545454545454547,44,5,0.4270000000000067,0.4270000000000067,-0.3359999999999985,-0.4270000000000067,0.3063749999999992,0.3063749999999992,-0.2494313342046297,0.221398714272997,0.221398714272997,0.3359999999999985,0.15200000000000102,1,0,0,114.265,0.47507341008443404,-0.4270000000000067,-0.2543333333333351,-0.7172000000000196,1.5315000000000083,0.929000000000002,-0.08497628572700217,4.0,16.0,29.2,17.5,0.1999999999999993,0,0,52.3,0.7,0.593886,0.877729,0.740062,0,0.422833,-3.016,0.30882072,5.598421958998375,14,4997.343,5,SOFT,114.265,1.7262403089642822,1.1699376114081999,1.980153381137081,1.7262403089642822,deployed_stop_response,1.8133333333333468,,,,,,,,,,,,,,,,,,,,,,,,,
10,VER,16.0,MEDIUM,HARD,15.0,4.333333333333333,111.23366666666668,109.79166666666667,47.72727272727273,37.651515151515156,0.07335137828411371,0.02125363221253632,1.4420000000000073,MEDIUM>HARD,10.07575757575757,0.0520977460715774,28.812575831877844,1,16.0,0.36363636363636365,44,8,0.03949999999999676,0.15800000000000125,-0.07699999999999818,-0.1869999999999976,0.031291666666666273,0.031291666666666273,-0.05974250150123339,0.029058658778559225,0.029058658778559225,0.07699999999999818,0.17800000000000438,0,1,0,111.318,0.10612768568081776,-0.15800000000000125,-0.08433333333334758,-0.16662499999999625,-1.0550000000000068,1.1019999999999897,-0.0022330078881070484,7.0,2.0,29.0,17.5,-0.10000000000000142,0,0,53.5,0.5,0.080717,0.493274,2.547445,0,-0.0003640000000000032,-3.84,0.05165888,5.75890177387728,17,5304.891,5,MEDIUM,111.318,1.203181915211188,1.1699376114081999,1.17217686442441,1.203181915211188,deployed_stop_response,1.4420000000000073,,,,,,,,,,,,,,,,,,,,,,,,,
11,ALB,25.0,MEDIUM,HARD,24.0,3.0,88.87033333333333,86.68233333333335,47.0,42.0,0.025925925925925925,0.07324244854317027,2.187999999999988,MEDIUM>HARD,5.0,-0.04731652261724435,51.820956083905976,1,25.0,0.35714285714285715,70,8,0.19699999999999562,1.4819999999999993,-1.3399999999999892,-1.4110000000000014,0.016958333333333186,0.016958333333333186,-0.975543212350928,0.06062399008177029,0.06062399008177029,1.634999999999991,0.16499999999999204,0,1,0,89.862,1.5029709680483307,-1.4819999999999993,-0.99166666666666,-1.2018750000000011,3.352000000000004,1.2704999999999984,0.0436656567484371,7.0,16.0,50.7,31.0,0.9000000000000057,0,0,26.1,1.7,0.011111,0.044444,12.336821,0,0.011111,15.700000000000003,0.011111,6.282266746896006,26,5477.249,0,MEDIUM,89.862,1.9628267002527666,1.1872020202020204,2.008586581993093,1.9628267002527666,deployed_stop_response,2.187999999999988,,,,,,,,,,,,,,,,,,,,,,,,,
11,ALB,53.0,HARD,SOFT,26.0,3.0,87.20533333333333,85.90733333333333,19.0,14.0,0.0,0.20539733562670995,1.2980000000000018,HARD>SOFT,5.0,-0.20539733562670995,50.85574862616624,1,27.0,0.7571428571428571,70,4,0.07900000000000773,-0.15100000000001046,0.14400000000000546,0.15100000000001046,-0.03333333333333144,-0.03333333333333144,0.1356390233210334,-0.015752402854646384,-0.015752402854646384,-0.33100000000000307,0.25899999999999324,0,0,1,87.047,-0.2589077669190516,0.15100000000001046,0.15833333333333144,0.15825000000000955,0.9329999999999927,0.6009999999999991,0.017580930478685055,3.0,18.0,48.7,31.2,1.5,0,0,26.0,2.7,0.0,0.0,14.532599,0,0.0,14.796000000000003,0.0,7.029087564149662,54,7954.873,3,HARD,87.047,1.5382059961010037,1.1872020202020204,1.2867912004254165,1.5382059961010037,deployed_stop_response,1.2980000000000018,,,,,,,,,,,,,,,,,,,,,,,,,
11,ALO,33.0,SOFT,MEDIUM,32.0,3.3333333333333335,88.50099999999999,86.60266666666666,39.0,33.666666666666664,0.0375379437105775,0.08972085385878488,1.8983333333333263,SOFT>MEDIUM,5.333333333333336,-0.05218291014820738,51.52215652634919,1,33.0,0.4714285714285714,70,8,0.10600000000000165,0.7239999999999895,-0.7239999999999895,-0.7244999999999919,0.0417500000000004,0.0417500000000004,-0.40613534773258664,0.04675506307853866,0.04675506307853866,0.7249999999999943,-0.09100000000000819,1,0,0,88.984,0.625521097589754,-0.7239999999999895,-0.4830000000000041,-0.5069999999999908,2.7169999999999987,0.7800000000000011,0.005005063078538263,7.0,14.0,49.2,31.1,-1.8999999999999986,0,0,25.4,1.8,0.005618,0.02809,6.016059,0,0.005618,18.744000000000003,0.00741576,6.55250788703459,34,6166.827,0,SOFT,88.984,1.5490255101921113,1.1872020202020204,0.49475615841038817,1.5490255101921113,deployed_stop_response,1.8983333333333263,,,,,,,,,,,,,,,,,,,,,,,,,
11,ALO,54.0,MEDIUM,SOFT,19.0,6.0,86.12333333333333,84.04599999999999,18.0,13.0,0.056089528162387416,0.10105545212096816,2.0773333333333426,MEDIUM>SOFT,5.0,-0.04496592395858074,50.81297355452859,1,20.0,0.7714285714285715,70,5,0.3230000000000075,0.5840000000000032,-0.2609999999999957,-0.5840000000000032,0.2245000000000008,0.2245000000000008,-0.20546275636488076,0.11709232412772078,0.11709232412772078,0.2609999999999957,-0.00999999999999801,0,1,0,86.405,0.3913297125353665,-0.5840000000000032,-0.2816666666666663,-0.49160000000000537,0.8160000000000025,0.992999999999995,-0.10740767587228003,4.0,14.0,48.7,31.2,1.2000000000000028,0,0,26.0,2.7,0.0,0.0,6.080134,0,0.0,10.960000000000003,0.0,7.04141166379481,55,8001.617,3,MEDIUM,86.405,1.3702095630506899,1.1872020202020204,0.6660567505443642,1.3702095630506899,deployed_stop_response,2.0773333333333426,,,,,,,,,,,,,,,,,,,,,,,,,
11,ANT,21.0,MEDIUM,HARD,20.0,3.0,85.61466666666666,84.35366666666665,51.0,46.0,0.001937984496124031,0.05924204001127078,1.26100000000001,MEDIUM>HARD,5.0,-0.05730405551514675,51.946425639881674,1,21.0,0.3,70,8,0.20399999999998641,0.06999999999999318,-0.06999999999999318,0.033999999999991815,-0.08813333333333115,-0.08813333333333115,-0.046346928058355275,-0.025632058030553836,-0.025632058030553836,0.19199999999999307,0.006999999999990791,0,1,0,85.702,0.07147211410165255,-0.06999999999999318,-0.08733333333333348,0.08225000000000193,-1.2475000000000023,1.1024999999999991,0.06250127530277731,7.0,1.0,52.4,30.9,0.0,0,0,24.7,1.1,0.0,0.0,7.863515,0,0.0,14.616,0.0,6.077642243349034,22,5058.031,0,MEDIUM,85.702,1.2905004523081989,1.1872020202020204,0.894967215763297,1.2905004523081989,deployed_stop_response,1.26100000000001,,,,,,,,,,,,,,,,,,,,,,,,,
11,BEA,21.0,MEDIUM,HARD,20.0,3.0,88.54466666666667,86.49633333333333,51.0,46.0,0.095733875063484,0.10775752621963876,2.048333333333346,MEDIUM>HARD,5.0,-0.012023651156154752,51.946425639881674,1,21.0,0.3,70,8,0.12750000000001194,0.8389999999999986,-0.8389999999999986,-0.8220000000000027,-0.024499999999998558,-0.024499999999998558,-0.6331657680707536,0.03881062319033349,0.03881062319033349,0.8389999999999986,-0.01749999999999119,0,1,0,89.195,0.9764119849287596,-0.8389999999999986,-0.6503333333333217,-0.7851249999999936,3.2029999999999887,1.1210000000000093,0.06331062319033204,7.0,14.0,52.1,31.1,-0.29999999999999716,0,0,25.1,3.5,0.011173,0.050279,4.430443,0,0.005523000000000001,14.364,0.00938532,6.1070228877422545,22,5114.156,0,MEDIUM,89.195,1.8239637137898104,1.1872020202020204,1.8698098947884,1.8239637137898104,deployed_stop_response,2.048333333333346,,,,,,,,,,,,,,,,,,,,,,,,,
11,BEA,41.0,HARD,HARD,18.0,3.0,88.54,86.24033333333334,31.0,26.0,0.11055690072639225,0.12740287673074338,2.299666666666667,HARD>HARD,5.0,-0.01684597600435113,51.16629601834908,1,19.0,0.5857142857142857,70,3,1.0600000000000023,1.0600000000000023,-1.0600000000000023,-1.0600000000000023,0.4,0.4,-0.6108469801021386,0.15704055878382422,0.15704055878382422,1.0600000000000023,0.051499999999997215,0,0,1,89.694,1.2759540229885147,-1.0600000000000023,-1.1539999999999964,-1.1539999999999964,4.1625000000000085,0.880500000000005,-0.2429594412161758,2.0,19.0,49.9,31.0,0.29999999999999716,0,0,26.1,1.9,0.01676,0.061453,4.455229,0,-0.0001889999999999982,11.323999999999998,0.0127376,6.782192056006791,42,6904.63,2,HARD,89.694,2.6153096982480704,1.1872020202020204,2.7428814346396173,2.6153096982480704,deployed_stop_response,2.299666666666667,,,,,,,,,,,,,,,,,,,,,,,,,
11,BOR,28.0,SOFT,HARD,27.0,3.0,87.353,85.57233333333335,44.0,39.0,0.0,0.06812668616382145,1.7806666666666473,SOFT>HARD,5.0,-0.06812668616382145,51.70224867886033,1,28.0,0.4,70,8,0.18849999999999767,0.4370000000000118,-0.4370000000000118,-0.5395000000000039,0.10475000000000242,0.10475000000000242,-0.4473773865732511,0.008054354622249245,0.008054354622249245,0.5440000000000111,-0.33899999999999864,1,0,0,87.68,0.6890448555301845,-0.4370000000000118,-0.3270000000000124,-0.5575000000000045,1.3445000000000107,0.8135000000000048,-0.09669564537775319,7.0,8.0,50.0,30.9,-1.2999999999999972,0,0,25.6,3.7,0.0,0.0,17.844183,0,0.0,16.8,0.0,6.380122536899765,29,5710.018,0,SOFT,87.68,1.6273942058990183,1.1872020202020204,1.6274143742093994,1.6273942058990183,deployed_stop_response,1.7806666666666473,,,,,,,,,,,,,,,,,,,,,,,,,
11,COL,14.0,MEDIUM,HARD,13.0,3.0,88.58666666666666,86.60833333333333,58.0,53.0,0.280982905982906,0.10021740037361343,1.9783333333333246,MEDIUM>HARD,5.0,0.18076550560929255,51.846294375036265,1,14.0,0.2,70,8,0.1909999999999954,0.8689999999999998,-0.7879999999999967,-1.0694999999999908,0.1424999999999959,0.1424999999999959,-0.5850722169187321,0.07806412815491795,0.07806412815491795,0.7879999999999967,0.13100000000000733,0,1,0,89.139,0.9293797988161998,-0.8689999999999998,-0.5523333333333369,-0.9802499999999981,1.2069999999999936,0.9209999999999994,-0.06443587184507796,7.0,15.0,52.5,30.8,1.5,0,0,25.8,1.3,0.224719,0.44382,3.013269,0,-0.10296499999999997,9.8,0.12584264,5.71042701737487,15,4492.313,0,MEDIUM,89.139,1.8350541751258196,1.1872020202020204,1.7636331730138324,1.8350541751258196,deployed_stop_response,1.9783333333333246,,,,,,,,,,,,,,,,,,,,,,,,,
11,COL,36.0,HARD,HARD,20.0,3.0,88.15599999999999,85.07333333333332,36.0,31.0,0.10594739530132789,0.13935762754529127,3.082666666666668,HARD>HARD,5.0,-0.033410232243963375,51.31454657335781,1,21.0,0.5142857142857142,70,8,0.28299999999999415,0.0,0.7000000000000028,-0.03700000000000614,0.07250000000000334,0.07250000000000334,0.3131869233590123,0.02390119922688791,0.02390119922688791,-0.7000000000000028,0.009000000000000341,0,0,1,87.416,-0.4897975353584343,0.0,0.7400000000000091,0.12700000000000955,1.2099999999999937,1.2099999999999937,-0.04859880077311543,7.0,15.0,50.3,31.0,1.5999999999999943,0,0,26.0,2.4,0.028571,0.062857,4.342077,0,0.028571,12.851999999999999,0.02399964,6.642486801367256,37,6440.297,1,HARD,87.416,1.9072426110762781,1.1872020202020204,1.9533670721654088,1.9072426110762781,deployed_stop_response,3.082666666666668,,,,,,,,,,,,,,,,,,,,,,,,,
11,GAS,15.0,MEDIUM,HARD,14.0,3.0,88.06700000000001,86.12866666666667,57.0,52.0,0.0023148148148148147,0.07925572433570821,1.9383333333333326,MEDIUM>HARD,5.0,-0.0769409095208934,51.868041615513405,1,15.0,0.21428571428571427,70,8,0.44200000000000017,-0.16200000000000614,0.0,-0.2804999999999893,0.12949999999999864,0.12949999999999864,0.14921419661416735,0.07434347167579493,0.07434347167579493,0.5609999999999928,0.016999999999995907,0,1,0,88.083,-0.2347291489090253,0.16200000000000614,-0.015999999999991132,-0.1301249999999925,0.2715000000000032,1.0095000000000027,-0.055156528324203716,7.0,12.0,51.4,30.9,-1.1000000000000014,0,0,25.4,1.4,0.142045,0.301136,4.587892,0,-0.13795500000000002,9.839999999999998,0.085227,5.771441123130016,16,4573.468,0,MEDIUM,88.083,1.5604142461659447,1.1872020202020204,1.3577877269123981,1.5604142461659447,deployed_stop_response,1.9383333333333326,,,,,,,,,,,,,,,,,,,,,,,,,
11,GAS,37.0,HARD,HARD,20.0,3.0,87.54866666666665,85.19033333333333,35.0,29.0,0.0019157088122605363,0.1546189602869765,2.35833333333332,HARD>HARD,6.0,-0.15270325147471597,51.27732691488953,1,21.0,0.5285714285714286,70,8,0.12599999999999767,1.0679999999999978,-0.5499999999999972,-1.190499999999986,0.14399999999999835,0.14399999999999835,-0.5356683082553815,0.09441183884328244,0.09441183884328244,0.5499999999999972,0.15000000000000568,0,0,1,88.088,0.8260600659456685,-1.0679999999999978,-0.5393333333333459,-1.0053750000000008,1.872499999999988,1.3134999999999977,-0.04958816115671591,7.0,12.0,49.7,31.3,-0.5999999999999943,0,0,25.8,1.7,0.0,0.0,10.362878,0,0.0,12.348000000000003,0.0,6.663132695990803,38,6506.201,1,HARD,88.088,2.1937637789838935,1.1872020202020204,2.3484703092594064,2.1937637789838935,deployed_stop_response,2.35833333333332,,,,,,,,,,,,,,,,,,,,,,,,,
11,GAS,54.0,HARD,SOFT,14.0,3.0,85.77266666666667,83.27999999999999,18.0,13.0,0.0659708055668888,0.09602612955906369,2.492666666666679,HARD>SOFT,5.0,-0.030055323992174893,50.81297355452859,1,15.0,0.7714285714285715,70,5,0.03200000000001069,0.0,0.0,0.0,-0.00200000000000126,-0.00200000000000126,0.17544571766723038,0.0302427098776143,0.0302427098776143,-0.6030000000000086,-0.00999999999999801,0,0,1,85.597,-0.33415847949763133,0.0,0.17566666666667174,0.10940000000000794,0.007999999999995566,0.992999999999995,0.03224270987761556,4.0,13.0,48.7,31.2,1.2000000000000028,0,0,26.0,2.7,0.0,0.017544,5.964225,0,-0.005814,8.220000000000002,0.0,7.040536390215956,55,7995.575,4,HARD,85.597,1.4339089826957878,1.1872020202020204,1.1881669655764713,1.4339089826957878,deployed_stop_response,2.492666666666679,,,,,,,,,,,,,,,,,,,,,,,,,
11,HAD,18.0,MEDIUM,HARD,17.0,3.0,87.045,84.778,54.0,49.0,0.0,0.0,2.266999999999996,MEDIUM>HARD,5.0,0.0,51.93403818991219,1,18.0,0.2571428571428571,70,8,0.07899999999999352,0.0,0.0,-0.07749999999998636,0.02758333333333004,0.02758333333333004,0.17326328657004808,0.06545510375258659,0.06545510375258659,-0.3780000000000001,-0.21599999999999397,0,1,0,86.939,-0.2684237323674381,0.0,0.10600000000000875,-0.02637500000000159,-0.6060000000000088,0.7120000000000033,0.03787177041925655,7.0,2.0,52.3,31.1,0.0,0,0,25.1,3.0,0.0,0.0,12.055489,0,0.0,12.456,0.0,5.924255797414532,19,4814.36,0,MEDIUM,86.939,1.4594549015842728,1.1872020202020204,1.1268385494446873,1.4594549015842728,deployed_stop_response,2.266999999999996,,,,,,,,,,,,,,,,,,,,,,,,,
11,HAM,12.0,SOFT,HARD,11.0,3.0,85.64533333333333,85.36433333333332,60.0,55.0,0.10752688172043011,0.12557310450607304,0.2810000000000059,SOFT>HARD,5.0,-0.018046222785642926,51.872488927106446,1,12.0,0.17142857142857143,70,8,0.20250000000000057,0.07099999999999795,-0.07099999999999795,-0.19999999999998863,0.05387499999999967,0.05387499999999967,-0.1287615586059303,0.015388308378274037,0.015388308378274037,0.07099999999999795,0.08850000000000335,1,0,0,85.803,0.21088228977191648,-0.07099999999999795,-0.15766666666667106,-0.21262500000000273,-1.7315000000000111,0.6920000000000002,-0.03848669162172563,7.0,4.0,50.5,30.8,-0.6000000000000014,0,0,25.9,0.5,0.128655,0.438596,2.604529,0,-0.19692600000000002,7.44,0.0617544,5.5093883366279774,13,4282.512,0,SOFT,85.803,1.309709236489936,1.1872020202020204,1.1146125062652836,1.309709236489936,deployed_stop_response,0.2810000000000059,,,,,,,,,,,,,,,,,,,,,,,,,
11,HAM,29.0,HARD,HARD,15.0,3.0,85.68533333333333,84.02633333333334,43.0,38.0,0.11478308173534611,0.055532074762844,1.6589999999999918,HARD>HARD,5.0,0.059251006972502115,51.65635896717562,1,16.0,0.4142857142857143,70,8,0.1844999999999999,0.07899999999999352,0.0,-0.09350000000000591,0.06033928571428555,0.06033928571428555,-0.05762978779912942,0.010693733182047614,0.010693733182047614,0.10800000000000409,0.28599999999999426,0,0,1,85.619,0.09002436192301388,-0.07899999999999352,0.0663333333333469,-0.14337499999999181,-1.211500000000001,0.9840000000000018,-0.04964555253223793,7.0,4.0,50.5,31.0,-0.7999999999999972,0,0,25.6,2.0,0.005848,0.040936,4.252818,0,-0.005848,9.92,0.0037427199999999997,6.405228458030842,30,5756.635,1,HARD,85.619,1.6686394772758528,1.1872020202020204,1.4809173749571574,1.6686394772758528,deployed_stop_response,1.6589999999999918,,,,,,,,,,,,,,,,,,,,,,,,,
11,HAM,55.0,HARD,SOFT,24.0,6.0,84.42933333333333,83.53099999999999,17.0,12.0,0.10453648915187376,0.09170274170274169,0.8983333333333405,HARD>SOFT,5.0,0.012833747449132071,50.79321673725093,1,25.0,0.7857142857142857,70,5,0.10800000000000409,0.0,0.0,0.0,0.05062500000000192,0.05062500000000192,0.04332489514195004,0.0199236618968852,0.0199236618968852,-0.1869999999999976,0.012500000000002842,0,0,1,84.403,-0.08251772273227687,0.0,0.026333333333326436,-0.021200000000007435,-1.447499999999991,1.0015,-0.030701338103116718,4.0,3.0,48.7,31.2,1.5,0,0,26.0,2.7,0.023669,0.053254,4.541785,0,0.0,13.700000000000003,0.023669,7.037027614686276,56,7976.217,4,HARD,84.403,1.4358255905972863,1.1872020202020204,1.0262906224044395,1.4358255905972863,deployed_stop_response,0.8983333333333405,,,,,,,,,,,,,,,,,,,,,,,,,
11,HUL,18.0,MEDIUM,HARD,17.0,3.0,87.92333333333333,86.88100000000001,54.0,49.0,0.1612590799031477,0.15724165429247097,1.0423333333333176,MEDIUM>HARD,5.0,0.0040174256106767225,51.93403818991219,1,18.0,0.2571428571428571,70,8,0.15149999999999864,0.0,0.0,-0.11549999999999727,0.06829166666666649,0.06829166666666649,0.2162654382100726,0.0766315733733888,0.0766315733733888,-0.7980000000000018,-0.2050000000000125,0,1,0,87.673,-0.3350437201995504,0.0,0.2503333333333302,-0.0589999999999975,0.508499999999998,1.0,0.008339906706722314,7.0,11.0,52.3,31.1,0.0,0,0,25.1,3.0,0.022727,0.073864,4.052423,0,0.0056819999999999996,12.456,0.01636344,5.948034989180646,19,4829.793,0,MEDIUM,87.673,1.5601459205492791,1.1872020202020204,1.3319003728080872,1.5601459205492791,deployed_stop_response,1.0423333333333176,,,,,,,,,,,,,,,,,,,,,,,,,
11,HUL,37.0,HARD,SOFT,17.0,6.0,86.21300000000001,84.887,35.0,29.0,0.146715508356858,0.03333333333333333,1.3260000000000076,HARD>SOFT,6.0,0.11338217502352468,51.27732691488953,1,18.0,0.5285714285714286,70,8,0.08600000000000563,-0.0309999999999917,0.06999999999999318,0.08100000000000307,-0.03428571428571254,-0.03428571428571254,-0.04941343641876017,-0.0495739461071745,-0.0495739461071745,-0.09199999999999875,0.15000000000000568,0,0,1,86.159,0.07655250743071917,0.0309999999999917,0.054000000000002046,0.12712499999999238,-0.05649999999999977,1.261499999999991,-0.01528823182146196,7.0,11.0,49.7,31.3,-0.5999999999999943,0,0,25.8,1.7,0.005814,0.046512,4.27964,0,-0.011628,10.584000000000001,0.00418608,6.661854740545311,38,6495.119,1,HARD,86.159,1.3483979033649014,1.1872020202020204,1.168352241577043,1.3483979033649014,deployed_stop_response,1.3260000000000076,,,,,,,,,,,,,,,,,,,,,,,,,
11,LAW,20.0,MEDIUM,HARD,19.0,3.0,87.64766666666667,86.069,52.0,47.0,0.07045454545454545,0.04438359868843592,1.5786666666666633,MEDIUM>HARD,5.0,0.026070946766109528,51.92772325248106,1,20.0,0.2857142857142857,70,8,0.18299999999999983,-0.01799999999998647,0.0,-0.06199999999999761,0.10108333333333282,0.10108333333333282,0.20465871258858215,0.07785603299349084,0.07785603299349084,0.12400000000000944,0.13000000000000966,0,1,0,87.683,-0.3158941495497771,0.01799999999998647,-0.03533333333334099,-0.02512500000000273,0.7385000000000019,1.2224999999999966,-0.02322730033984198,7.0,7.0,52.4,31.1,0.7999999999999972,0,0,24.7,1.1,0.0,0.0,7.682335,0,0.0,13.92,0.0,6.042632833682381,21,4999.179,0,MEDIUM,87.683,1.6017035208565804,1.1872020202020204,1.3505056810502987,1.6017035208565804,deployed_stop_response,1.5786666666666633,,,,,,,,,,,,,,,,,,,,,,,,,
11,LAW,41.0,HARD,SOFT,19.0,3.0,86.55433333333333,85.13499999999999,31.0,26.0,0.07321772639691715,0.05271184497190689,1.4193333333333413,HARD>SOFT,5.0,0.02050588142501026,51.16629601834908,1,20.0,0.5857142857142857,70,3,0.06900000000000261,0.0,0.0,0.0,0.03450000000000131,0.03450000000000131,0.05293075365381128,-0.0034840714327639462,-0.0034840714327639462,-0.14500000000001023,-0.21699999999999875,0,0,1,86.529,-0.11056321839080852,0.0,0.025333333333335872,0.025333333333335872,0.9359999999999928,1.0489999999999924,-0.037984071432765255,2.0,9.0,49.6,31.0,0.30000000000000426,0,0,26.0,2.2,0.00578,0.046243,4.656187,0,0.00578,11.68,0.0046240000000000005,6.761572768804055,42,6835.414,2,HARD,86.529,1.5265791814290792,1.1872020202020204,1.3745729932724013,1.5265791814290792,deployed_stop_response,1.4193333333333413,,,,,,,,,,,,,,,,,,,,,,,,,
11,LEC,15.0,SOFT,HARD,17.0,3.0,86.06133333333334,84.81533333333334,57.0,52.0,0.08333333333333333,0.11974707042580346,1.2459999999999951,SOFT>HARD,5.0,-0.03641373709247013,51.868041615513405,1,18.0,0.21428571428571427,70,8,0.13100000000000733,0.01099999999999568,0.0,-0.12950000000000728,0.09383333333333135,0.09383333333333135,-0.007850308212184132,0.04854303329707602,0.04854303329707602,0.016999999999995907,0.16400000000000858,1,0,0,86.066,0.01234933543275929,-0.01099999999999568,-0.004666666666679475,-0.21262500000000273,-2.055499999999995,1.0139999999999958,-0.04529030003625533,7.0,3.0,51.4,30.9,-0.20000000000000284,0,0,25.4,1.4,0.231214,0.49711,2.553137,0,-0.042041999999999996,11.808,0.16647408,5.739792912179234,16,4542.143,0,SOFT,86.066,1.3840854011175545,1.1872020202020204,1.0959156698580712,1.3840854011175545,deployed_stop_response,1.2459999999999951,,,,,,,,,,,,,,,,,,,,,,,,,
11,LEC,35.0,HARD,HARD,18.0,3.6666666666666665,86.14866666666666,84.25233333333334,37.0,31.333333333333332,0.15853699759997295,0.12254901960784315,1.8963333333333168,HARD>HARD,5.666666666666668,0.0359879779921298,51.37822882030578,1,19.0,0.5,70,8,0.262999999999991,0.612000000000009,-0.12400000000000944,-0.6870000000000118,0.1377000000000052,0.1377000000000052,-0.22998331657962012,0.09993022532805751,0.09993022532805751,0.12400000000000944,0.2360000000000042,0,0,1,86.394,0.35549830391494197,-0.612000000000009,-0.24533333333333474,-0.6560000000000059,0.18850000000000477,0.9939999999999998,-0.0377697746719477,7.0,3.0,48.7,31.1,-0.5,0,0,25.9,4.1,0.011561,0.028902,4.291313,0,-0.005880999999999999,10.412000000000003,0.00878636,6.590301048196686,36,6272.519,1,HARD,86.394,1.9763323898953749,1.1872020202020204,2.0307757451289,1.9763323898953749,deployed_stop_response,1.8963333333333168,,,,,,,,,,,,,,,,,,,,,,,,,
11,LEC,55.0,HARD,SOFT,18.0,6.0,84.753,82.241,17.0,12.0,0.015732683605986772,0.0060975609756097554,2.5120000000000005,HARD>SOFT,5.0,0.009635122630377017,50.79321673725093,1,19.0,0.7857142857142857,70,5,0.045000000000001705,0.045000000000001705,0.0,-0.045000000000001705,0.09162500000000229,0.09162500000000229,-0.0004799104112578334,0.013366104427535209,0.013366104427535209,0.09000000000000341,0.043000000000006366,0,0,1,84.738,0.0009140498579967016,-0.045000000000001705,0.015000000000000568,-0.07460000000000377,-1.1124999999999972,0.9594999999999985,-0.07825889557246708,4.0,5.0,48.7,31.2,1.2000000000000028,0,0,26.0,2.7,0.0,0.0,7.775064,0,0.0,10.412000000000003,0.0,7.038783541388542,56,7986.992,4,HARD,84.738,1.4042242223971098,1.1872020202020204,1.1290705497459568,1.4042242223971098,deployed_stop_response,2.5120000000000005,,,,,,,,,,,,,,,,,,,,,,,,,
11,LIN,19.0,MEDIUM,HARD,18.0,3.0,87.871,86.902,53.0,48.0,0.13474025974025974,0.14023671896504267,0.9689999999999941,MEDIUM>HARD,5.0,-0.005496459224782924,51.92163441384869,1,19.0,0.2714285714285714,70,8,0.18350000000000222,-0.14100000000000534,0.39500000000001023,0.13500000000000512,0.045000000000001227,0.045000000000001227,0.49163630937667335,0.06531309947896945,0.06531309947896945,-1.1230000000000047,-0.2364999999999995,0,1,0,87.365,-0.7599502291110696,0.14100000000000534,0.5060000000000002,0.3137500000000131,0.5884999999999962,0.839500000000001,0.02031309947896822,7.0,10.0,51.6,31.5,-0.6999999999999957,0,0,24.6,1.8,0.022857,0.051429,4.038187,0,0.005908,12.616000000000001,0.01737132,5.998936561946683,20,4915.876,0,MEDIUM,87.365,1.448987794255074,1.1872020202020204,1.2642128804097226,1.448987794255074,deployed_stop_response,0.9689999999999941,,,,,,,,,,,,,,,,,,,,,,,,,
11,NOR,16.0,MEDIUM,HARD,15.0,3.0,85.69,84.69133333333333,56.0,51.0,0.0661068044788975,0.06303789552777407,0.998666666666665,MEDIUM>HARD,5.0,0.003068908951123425,51.89392453892226,1,16.0,0.22857142857142856,70,8,0.25500000000000256,0.15900000000000603,-0.26500000000000057,-0.2819999999999965,0.0772499999999976,0.0772499999999976,-0.1205382728770985,0.047972865217582775,0.047972865217582775,0.26500000000000057,-0.0030000000000001137,0,1,0,85.878,0.1882946565912249,-0.15900000000000603,-0.1880000000000024,-0.32399999999999807,-1.6159999999999997,1.0060000000000002,-0.029277134782414824,7.0,1.0,52.9,30.9,1.5,0,0,25.8,0.6,0.023256,0.046512,19.167464,0,-0.029376,11.456,0.014883839999999999,5.802118375377063,17,4621.685,0,MEDIUM,85.878,1.4727199026499318,1.1872020202020204,1.0748948438477959,1.4727199026499318,deployed_stop_response,0.998666666666665,,,,,,,,,,,,,,,,,,,,,,,,,
11,NOR,38.0,HARD,HARD,20.0,3.0,84.568,82.977,34.0,29.0,0.029585798816568046,0.08232931726907632,1.590999999999994,HARD>HARD,5.0,-0.05274351845250827,51.26027643538745,1,21.0,0.5428571428571428,70,8,0.21799999999999642,-0.11699999999999022,0.0,0.19499999999999318,-0.1836999999999996,-0.1836999999999996,0.13842917592162962,-0.07735728950900517,-0.07735728950900517,0.04600000000000648,0.39699999999999136,0,0,1,84.507,-0.21347317440348945,0.11699999999999022,0.06099999999999284,0.4766249999999985,-2.2595000000000027,1.0959999999999894,0.10634271049099445,7.0,1.0,49.8,31.0,-0.5,0,0,25.8,1.5,0.0,0.0,10.902056,0,-0.005917,12.431999999999999,0.0,6.665683717782408,39,6515.269,1,HARD,84.507,1.4046579724004487,1.1872020202020204,0.8707035728389605,1.4046579724004487,deployed_stop_response,1.590999999999994,,,,,,,,,,,,,,,,,,,,,,,,,
11,NOR,55.0,HARD,SOFT,15.0,6.0,84.17566666666666,83.40499999999999,17.0,12.0,0.16631825107182086,0.20156631659228874,0.7706666666666706,HARD>SOFT,5.0,-0.035248065520467886,50.79321673725093,1,16.0,0.7857142857142857,70,5,0.1770000000000067,0.027000000000001023,0.0,-0.027000000000001023,0.09687500000000249,0.09687500000000249,0.060329690298161154,0.038645112383835833,0.038645112383835833,-0.28999999999999204,0.22099999999999653,0,0,1,84.147,-0.11490549810301331,-0.027000000000001023,0.028666666666651963,-0.061599999999998545,-1.9669999999999987,0.6009999999999991,-0.05822988761616665,4.0,1.0,48.7,31.2,1.5,0,0,26.0,2.7,0.017857,0.059524,4.179701,0,-0.017646,8.768000000000002,0.011428480000000001,7.030857476116121,56,7961.571,4,HARD,84.147,1.3738414122605516,1.1872020202020204,1.0171805325231378,1.3738414122605516,deployed_stop_response,0.7706666666666706,,,,,,,,,,,,,,,,,,,,,,,,,
11,OCO,16.0,MEDIUM,HARD,15.0,3.0,88.74933333333333,87.11200000000001,56.0,51.0,0.05884568516672206,0.1475095785440613,1.6373333333333164,MEDIUM>HARD,5.0,-0.08866389337733924,51.89392453892226,1,16.0,0.22857142857142856,70,8,0.24600000000000222,-0.018000000000000682,0.0,0.009000000000000341,0.009774999999999779,0.009774999999999779,0.3843963501645504,0.0716896772648806,0.0716896772648806,0.10000000000000853,0.1290000000000049,0,1,0,88.293,-0.600471344258878,0.018000000000000682,0.45633333333331905,0.2023749999999893,0.6670000000000016,0.9080000000000013,0.06191467726488082,7.0,14.0,52.3,31.0,0.8999999999999986,0,0,24.8,2.2,0.016949,0.045198,4.385639,0,-0.056915,11.071999999999997,0.010847359999999999,5.840641657373398,17,4667.693,0,MEDIUM,88.293,1.550967747417663,1.1872020202020204,1.212234184177229,1.550967747417663,deployed_stop_response,1.6373333333333164,,,,,,,,,,,,,,,,,,,,,,,,,
11,OCO,34.0,HARD,HARD,16.0,3.6666666666666665,88.16000000000001,87.28166666666668,38.0,32.333333333333336,0.1360000029186194,0.14505747126436783,0.8783333333333303,HARD>HARD,5.666666666666664,-0.009057468345748415,51.45326786955407,1,17.0,0.4857142857142857,70,8,0.24800000000000466,1.2369999999999948,-0.546999999999997,-1.3870000000000005,0.23099999999999926,0.23099999999999926,-0.6709755853603383,0.08190182075787969,0.08190182075787969,0.546999999999997,0.3584999999999994,0,0,1,88.845,1.043080297035928,-1.2369999999999948,-0.6849999999999881,-1.1983749999999986,2.639499999999998,0.9939999999999998,-0.14909817924211957,7.0,17.0,48.5,31.0,-0.7000000000000028,0,0,25.4,0.9,0.016949,0.062147,4.106595,0,0.005649999999999999,9.18,0.011525319999999999,6.588926477533519,35,6268.117,1,HARD,88.845,2.2159226246148527,1.1872020202020204,2.62041498647321,2.2159226246148527,deployed_stop_response,0.8783333333333303,,,,,,,,,,,,,,,,,,,,,,,,,
11,PIA,15.0,MEDIUM,HARD,14.0,3.0,85.74966666666667,85.27533333333334,57.0,52.0,0.39814814814814814,0.028901734104046242,0.47433333333333394,MEDIUM>HARD,5.0,0.3692464140441019,51.868041615513405,1,15.0,0.21428571428571427,70,8,0.18999999999999773,-0.0379999999999967,0.0379999999999967,0.011499999999998067,0.05662499999999919,0.05662499999999919,0.12087538423858746,0.0539397660489223,0.0539397660489223,-0.0379999999999967,0.16400000000000858,0,1,0,85.643,-0.1901493069036917,0.0379999999999967,0.10666666666666913,-0.03562499999999602,-2.478499999999997,1.0139999999999958,-0.002685233951076893,7.0,1.0,51.4,30.9,-0.20000000000000284,0,0,25.4,1.4,0.216374,0.350877,4.076759,0,0.08846700000000002,9.839999999999998,0.1298244,5.733341276897746,16,4534.84,0,MEDIUM,85.643,1.258790752185378,1.1872020202020204,0.8734080441806865,1.258790752185378,deployed_stop_response,0.47433333333333394,,,,,,,,,,,,,,,,,,,,,,,,,
11,PIA,32.0,HARD,HARD,15.0,3.0,85.803,84.51233333333333,40.0,35.0,0.1533047735618115,0.08051378446115288,1.2906666666666666,HARD>HARD,5.0,0.0727909891006586,51.56724400556117,1,16.0,0.45714285714285713,70,8,0.23150000000000404,0.0,0.0,-0.23100000000000875,0.09224999999999936,0.09224999999999936,0.04435097062088289,0.11080505241327938,0.11080505241327938,-0.012000000000000455,0.07100000000000506,0,0,1,85.831,-0.06928132105444718,0.0,-0.028000000000005798,-0.30725000000001046,-0.5720000000000027,0.9789999999999992,0.018555052413280024,7.0,1.0,51.1,31.0,0.8000000000000043,0,0,25.9,1.3,0.017544,0.05848,3.967282,0,0.0001020000000000014,10.304,0.011228160000000001,6.4967749901858625,33,6006.097,1,HARD,85.831,1.9292745071762112,1.1872020202020204,1.7059958427595068,1.9292745071762112,deployed_stop_response,1.2906666666666666,,,,,,,,,,,,,,,,,,,,,,,,,
11,RUS,26.0,MEDIUM,HARD,25.0,3.0,86.42233333333333,84.14133333333334,46.0,41.0,0.08089330900262105,0.007889546351084813,2.2809999999999917,MEDIUM>HARD,5.0,0.07300376265153624,51.774755959177085,1,26.0,0.37142857142857144,70,8,0.21100000000000563,0.5309999999999917,-0.4129999999999967,-0.5109999999999957,0.07707142857143014,0.07707142857143014,-0.4689946009963961,-0.007923327563818652,-0.007923327563818652,0.4129999999999967,0.4239999999999995,0,1,0,86.737,0.7223643772137365,-0.5309999999999917,-0.31466666666666754,-0.5051249999999925,0.02049999999999841,1.0714999999999932,-0.08499475613524879,7.0,7.0,50.7,30.9,0.9000000000000057,0,0,26.1,2.5,0.011494,0.034483,4.30835,0,0.011494,16.328000000000003,0.01195376,6.304448802421981,27,5516.243,0,MEDIUM,86.737,1.4835844742669781,1.1872020202020204,1.3447694480847487,1.4835844742669781,deployed_stop_response,2.2809999999999917,,,,,,,,,,,,,,,,,,,,,,,,,
11,RUS,53.0,HARD,HARD,25.0,4.0,85.16066666666667,82.63366666666667,19.0,13.0,0.09385391583533997,0.03824996957527078,2.527000000000001,HARD>HARD,6.0,0.0556039462600692,50.85574862616624,1,26.0,0.7571428571428571,70,3,0.036000000000001364,0.0,0.0,0.0,0.018000000000000682,0.018000000000000682,0.10166842754006211,-0.01021849504020653,-0.01021849504020653,-0.2600000000000051,0.03700000000000614,0,0,1,85.086,-0.21236781609195532,0.0,0.07466666666667265,0.07466666666667265,-0.2560000000000002,0.804000000000002,-0.028218495040207212,2.0,7.0,47.2,31.3,-2.1999999999999957,0,0,25.6,3.3,0.0,0.0,6.867807,0,-0.017544,12.688000000000002,0.0,7.007600613951853,54,7837.242,3,HARD,85.086,1.5979651134887418,1.1872020202020204,1.4232582988645393,1.5979651134887418,deployed_stop_response,2.527000000000001,,,,,,,,,,,,,,,,,,,,,,,,,
11,SAI,17.0,SOFT,MEDIUM,16.0,3.0,88.298,87.04199999999999,55.0,50.0,0.17195454545454547,0.10919540229885057,1.2560000000000144,SOFT>MEDIUM,5.0,0.0627591431556949,51.91493060734108,1,17.0,0.24285714285714285,70,8,0.12349999999999284,-0.2920000000000016,0.07200000000000273,0.055499999999995,0.03213333333333281,0.03213333333333281,0.12853455432797034,-0.02014670949290364,-0.02014670949290364,-0.07200000000000273,-0.01999999999999602,1,0,0,88.082,-0.19980021908006051,0.2920000000000016,0.21600000000000819,0.16875000000001705,0.3219999999999885,0.5489999999999924,-0.05228004282623645,7.0,16.0,52.3,31.1,0.0,0,0,25.1,3.0,0.017045,0.051136,4.375158,0,-0.011203999999999999,11.764,0.0115906,5.905361848054571,18,4761.854,0,SOFT,88.082,1.216345801487287,1.1872020202020204,0.0035957502183497914,1.216345801487287,deployed_stop_response,1.2560000000000144,,,,,,,,,,,,,,,,,,,,,,,,,
11,SAI,42.0,MEDIUM,SOFT,23.0,6.0,88.146,86.20033333333333,30.0,25.0,0.13255692518404383,0.0889568490388493,1.9456666666666678,MEDIUM>SOFT,5.0,0.043600076145194525,51.1375154307217,1,24.0,0.6,70,4,0.16799999999999926,-0.8495000000000061,0.7560000000000002,0.8495000000000061,-0.25066666666666515,-0.25066666666666515,0.5069189864627504,-0.09793031143034404,-0.09793031143034404,-1.0919999999999987,-0.04599999999999227,0,1,0,87.53,-0.9676069583846925,0.8495000000000061,0.6159999999999997,0.6977500000000134,2.2590000000000003,0.7905000000000015,0.15273635523632112,3.0,17.0,49.9,31.4,0.0,0,0,26.1,1.9,0.017143,0.04,4.34774,0,0.011493,14.303999999999998,0.016457279999999998,6.80128303447162,43,6982.468,2,MEDIUM,87.53,0.9594201298134061,1.1872020202020204,0.26740501512638715,0.9594201298134061,deployed_stop_response,1.9456666666666678,,,,,,,,,,,,,,,,,,,,,,,,,
11,SAI,53.0,SOFT,SOFT,12.0,6.0,86.61099999999999,85.367,19.0,14.0,0.10764983772780519,0.12496339918462168,1.2439999999999856,SOFT>SOFT,5.0,-0.017313561456816493,50.85574862616624,1,13.0,0.7571428571428571,70,4,0.031999999999996476,1.0815000000000055,-1.073999999999998,-1.0815000000000055,0.21416666666666137,0.21416666666666137,-0.5665209371011315,0.13767536742634073,0.13767536742634073,1.073999999999998,0.25899999999999324,1,0,0,87.332,1.0813751614133906,-1.0815000000000055,-0.7210000000000036,-0.8252499999999969,1.2179999999999893,0.7959999999999994,-0.07649129924032064,3.0,19.0,48.7,31.2,1.5,0,0,26.0,2.7,0.022989,0.063218,4.337905,0,0.005648,7.1240000000000006,0.01195428,7.0317412587631285,54,7962.524,5,SOFT,87.332,1.4494006963316015,1.1872020202020204,1.0704302462744195,1.4494006963316015,deployed_stop_response,1.2439999999999856,,,,,,,,,,,,,,,,,,,,,,,,,
11,STR,7.0,SOFT,MEDIUM,6.0,3.0,88.13733333333333,87.145,65.0,60.0,0.4358585858585859,0.04545454545454545,0.9923333333333346,SOFT>MEDIUM,5.0,0.3904040404040404,52.24690133683515,1,7.0,0.1,70,6,0.31349999999999767,0.0,0.0,0.0014999999999929514,-0.0030000000000001137,-0.0030000000000001137,-0.19212958237297073,-0.038827961583268546,-0.038827961583268546,-0.0030000000000001137,0.04350000000000165,1,0,0,88.362,0.3621859946618855,0.0,-0.22466666666664992,0.18266666666667675,1.0454999999999899,0.9384999999999977,-0.03582796158326843,5.0,19.0,51.7,30.7,-0.5999999999999943,0,0,25.1,1.7,0.559322,0.853107,0.79247,0,-0.384181,4.676000000000001,0.15661016,5.0238805208462765,8,3879.805,0,SOFT,88.362,1.205700788854405,1.1872020202020204,0.11288290015611935,1.205700788854405,deployed_stop_response,0.9923333333333346,,,,,,,,,,,,,,,,,,,,,,,,,
11,STR,36.0,MEDIUM,SOFT,27.0,3.0,87.68599999999999,86.08133333333335,36.0,31.0,0.05308020147229756,0.08681617516756836,1.6046666666666454,MEDIUM>SOFT,5.0,-0.033735973695270795,51.31454657335781,1,28.0,0.5142857142857142,70,8,0.204500000000003,2.1140000000000043,-1.831000000000003,-1.8285000000000053,-0.022899999999995656,-0.022899999999995656,-1.6307459178510015,0.031228761164730924,0.031228761164730924,2.1140000000000043,-0.0309999999999917,0,1,0,89.001,2.1078737621714936,-2.1140000000000043,-1.315000000000012,-1.6920000000000073,2.7950000000000017,1.3319999999999936,0.05412876116472658,7.0,14.0,50.3,31.0,1.5999999999999943,0,0,26.0,2.4,0.011236,0.033708,11.481817,0,0.011236,17.135999999999996,0.01258432,6.639875833826536,37,6434.338,1,MEDIUM,89.001,1.7081713519335076,1.1872020202020204,1.0933129711545488,1.7081713519335076,deployed_stop_response,1.6046666666666454,,,,,,,,,,,,,,,,,,,,,,,,,
11,VER,13.0,MEDIUM,HARD,12.0,3.0,85.77233333333334,85.31099999999999,59.0,54.0,0.25925925925925924,0.11700866393068855,0.4613333333333429,MEDIUM>HARD,5.0,0.1422505953285707,51.87618523063933,1,13.0,0.18571428571428572,70,8,0.12950000000000017,0.3219999999999885,-0.22399999999998954,-0.332499999999996,0.07149999999999893,0.07149999999999893,-0.18486050532385434,0.033618414421893006,0.033618414421893006,0.22399999999998954,0.22699999999998965,0,1,0,85.957,0.2975438394640406,-0.3219999999999885,-0.18466666666665787,-0.35299999999999443,-1.6570000000000107,1.0869999999999962,-0.03788158557810592,7.0,3.0,51.0,30.9,0.5,0,0,25.4,2.8,0.30814,0.552326,2.045853,0,0.07558200000000004,8.32,0.1602328,5.5909869805108565,14,4367.763,0,MEDIUM,85.957,1.3240970541974297,1.1872020202020204,1.1024727127760894,1.3240970541974297,deployed_stop_response,0.4613333333333429,,,,,,,,,,,,,,,,,,,,,,,,,
12,ALB,25.0,HARD,HARD,22.0,3.0,79.484,78.54166666666667,47.63888888888889,42.77777777777777,0.13958333333333334,0.13301889327850788,0.9423333333333233,HARD>HARD,4.861111111111121,0.0065644400548254545,35.78136172343818,1,23.0,0.3472222222222222,72,8,0.11299999999999955,0.0,0.10699999999999932,0.028999999999996362,-0.0038333333333322155,-0.0038333333333322155,0.24142919777484906,0.024737812167247544,0.024737812167247544,-0.9339999999999975,-0.10999999999999943,0,0,1,79.137,-0.3723106556082172,0.0,0.3469999999999942,0.1349999999999909,0.012000000000000455,0.7789999999999964,0.028571145500579757,7.0,8.0,34.3,19.1,-0.30000000000000426,0,1,56.1,1.5,0.0,0.220126,3.698032,0,-0.3625,-0.6440000000000026,0.0,6.198478716492308,26,7248.96,4,HARD,79.137,1.281228356459696,1.2555280112044815,1.5488825143660319,1.281228356459696,deployed_stop_response,0.9423333333333233,,,,,,,,,,,,,,,,,,,,,,,,,
12,ALB,48.0,HARD,MEDIUM,21.0,4.333333333333333,78.63333333333333,77.24366666666667,25.277777777777782,19.12037037037037,0.08649789029535865,0.0064516129032258064,1.3896666666666562,HARD>MEDIUM,6.157407407407412,0.08004627739213284,34.05898237172318,1,22.0,0.6666666666666666,72,8,0.4370000000000047,-0.6159999999999997,0.23400000000000887,0.8155000000000001,-0.19716666666666546,-0.19716666666666546,0.40882338955138664,-0.0936373675677091,-0.0936373675677091,-0.23400000000000887,-0.11650000000000205,0,0,1,78.35,-0.6301587826954318,0.6159999999999997,0.28333333333334565,0.84375,0.9099999999999966,1.2070000000000078,0.10352929909895636,7.0,13.0,34.3,19.4,-0.5,0,0,53.6,1.6,0.012821,0.25641,3.439361,0,0.006492,-0.6160000000000025,0.011282480000000001,6.866933284461882,49,9091.301,5,HARD,78.35,0.8699645544869411,1.2555280112044815,1.1593804298327324,0.8699645544869411,deployed_stop_response,1.3896666666666562,,,,,,,,,,,,,,,,,,,,,,,,,
12,ALO,33.0,SOFT,HARD,30.0,3.0,79.009,78.618,39.86111111111111,35.0,0.0,0.5172022070756247,0.39100000000000534,SOFT>HARD,4.861111111111107,-0.5172022070756247,34.73279704554676,1,31.0,0.4583333333333333,72,8,0.04800000000000182,0.06499999999999773,-0.09000000000000341,-0.04800000000000182,-0.01191666666666909,-0.01191666666666909,-0.06303010782934848,-0.012285239808937254,-0.012285239808937254,0.09000000000000341,0.1599999999999966,1,0,0,79.071,0.09707777814065821,-0.06499999999999773,-0.06199999999999761,-0.035124999999993634,0.5819999999999936,1.0535000000000068,-0.00036857314226816304,7.0,8.0,30.7,18.9,-0.5,0,0,55.9,3.2,0.0,0.0,20.0,0,0.0,-5.332000000000001,0.0,6.480044561926653,34,7881.98,4,SOFT,79.071,0.4461145932222623,1.2555280112044815,1.278873464996383,0.4461145932222623,deployed_stop_response,0.39100000000000534,,,,,,,,,,,,,,,,,,,,,,,,,
12,ANT,20.0,MEDIUM,HARD,19.0,3.0,77.46233333333333,76.07133333333333,52.5,47.63888888888889,0.0,0.0,1.3910000000000053,MEDIUM>HARD,4.861111111111107,0.0,35.61344475800612,1,20.0,0.2777777777777778,72,8,0.10949999999999704,0.23499999999999943,-0.15900000000000603,-0.27250000000000796,0.07658571428571373,0.07658571428571373,-0.06194653840968556,0.0744500094677138,0.0744500094677138,0.15900000000000603,0.15900000000000603,0,1,0,77.601,0.09676762324909305,-0.23499999999999943,-0.1386666666666656,-0.3100000000000023,-1.397500000000008,0.9074999999999989,-0.002135704817999934,7.0,1.0,38.0,19.5,0.7000000000000028,0,0,55.6,0.7,0.0,0.0,18.405993,0,0.0,2.4,0.0,5.953243334287785,21,6812.883,4,MEDIUM,77.601,0.89417730155112,1.2555280112044815,1.1433900849217902,0.89417730155112,deployed_stop_response,1.3910000000000053,,,,,,,,,,,,,,,,,,,,,,,,,
12,ANT,39.0,HARD,HARD,17.0,3.0,76.75466666666667,75.94233333333334,34.02777777777778,29.166666666666668,0.10995853538548035,0.09271523178807946,0.8123333333333278,HARD>HARD,4.861111111111111,0.017243303597400894,34.16287921639916,1,18.0,0.5416666666666666,72,8,0.23399999999998755,-0.12399999999999523,0.0,-0.05500000000000682,0.050285714285714225,0.050285714285714225,0.16985258413772897,0.04810012117242893,0.04810012117242893,0.3079999999999927,-0.16699999999998738,0,0,1,76.714,-0.2631397885210447,0.12399999999999523,0.04066666666666663,0.039500000000003865,-0.9509999999999934,0.603500000000011,-0.0021855931132852974,7.0,1.0,31.6,19.0,-1.3999999999999986,0,0,55.4,1.8,0.091503,0.895425,1.738088,0,0.091503,-2.447999999999999,0.06588216,6.626717749249025,40,8287.121,5,HARD,76.714,1.079402581860178,1.2555280112044815,1.4275932429554885,1.079402581860178,deployed_stop_response,0.8123333333333278,,,,,,,,,,,,,,,,,,,,,,,,,
12,BOR,10.0,SOFT,MEDIUM,10.0,3.0,78.96333333333332,77.94766666666668,62.22222222222223,57.361111111111114,0.9936708860759493,0.23649108479651557,1.0156666666666467,SOFT>MEDIUM,4.861111111111114,0.7571798012794337,35.37374444334243,1,11.0,0.1388888888888889,72,5,0.22399999999998954,0.06300000000000239,-0.06300000000000239,-0.06300000000000239,-0.10624999999999218,-0.10624999999999218,-0.13768957854976804,-0.03375251983486479,-0.03375251983486479,0.28699999999999193,0.16199999999999193,1,0,0,79.08,0.26224715440548607,-0.06300000000000239,-0.11666666666667425,0.10660000000000025,0.41499999999999204,0.5299999999999869,0.07249748016512739,4.0,13.0,35.0,19.2,-0.8999999999999986,0,0,57.6,1.7,0.993671,1.0,0.447923,0,-0.006329000000000029,0.0,0.43721524,5.2832037287379885,11,6061.59,4,SOFT,79.08,0.47151092396880623,1.2555280112044815,0.19606003651734194,0.47151092396880623,deployed_stop_response,1.0156666666666467,,,,,,,,,,,,,,,,,,,,,,,,,
12,BOR,33.0,MEDIUM,HARD,21.0,3.0,79.01333333333332,77.27566666666667,39.86111111111111,35.0,0.5043264875898186,0.02795698924731183,1.7376666666666551,MEDIUM>HARD,4.861111111111107,0.47636949834250675,34.73279704554676,1,22.0,0.4583333333333333,72,8,0.39700000000000557,-0.23999999999999488,0.08499999999999375,0.5219999999999914,-0.11983333333333235,-0.11983333333333235,0.4025712235056176,-0.00816377272256242,-0.00816377272256242,-0.08499999999999375,0.1150000000000091,0,1,0,78.905,-0.6204655468770994,0.23999999999999488,0.10833333333333428,0.5858749999999873,0.4159999999999968,1.0535000000000068,0.11166956061076994,7.0,13.0,30.7,18.9,-0.5,0,0,55.9,3.2,0.503185,1.0,0.949731,0,0.028501,-3.7840000000000007,0.4428028,6.48768401848461,34,7897.34,5,MEDIUM,78.905,0.5533547334375489,1.2555280112044815,0.9397991944963958,0.5533547334375489,deployed_stop_response,1.7376666666666551,,,,,,,,,,,,,,,,,,,,,,,,,
12,BOT,27.0,HARD,HARD,24.0,5.0,80.79566666666666,78.99900000000001,45.694444444444436,40.833333333333336,0.28703064693402863,0.2985752246658388,1.7966666666666526,HARD>HARD,4.8611111111111,-0.011544577731810168,35.5854004977347,1,25.0,0.375,72,8,0.16499999999999915,0.0,0.26200000000000045,-0.15399999999999636,0.09191666666666502,0.09191666666666502,0.150371178685603,0.03239443612719733,0.03239443612719733,-0.5110000000000099,-0.1944999999999979,0,0,1,80.538,-0.23168510680000054,0.0,0.2576666666666654,-0.07724999999999227,1.6769999999999925,1.5009999999999906,-0.059522230539467695,7.0,18.0,33.0,19.2,-0.6000000000000014,0,0,54.8,2.8,0.304348,0.857143,1.197477,0,-0.053676999999999975,-2.0,0.304348,6.295266001439646,28,7434.852,4,HARD,80.538,1.3494483524276955,1.2555280112044815,1.9850645631157282,1.3494483524276955,deployed_stop_response,1.7966666666666526,,,,,,,,,,,,,,,,,,,,,,,,,
12,COL,20.0,MEDIUM,HARD,17.0,3.0,80.44500000000001,77.72933333333333,52.5,47.63888888888889,0.8923395445134575,0.0,2.715666666666678,MEDIUM>HARD,4.861111111111107,0.8923395445134575,35.61344475800612,1,18.0,0.2777777777777778,72,8,0.30100000000000904,0.0,-0.13300000000000978,-0.26200000000001467,0.1939761904761901,0.1939761904761901,0.06788404663330994,0.13626177232854791,0.13626177232854791,0.13300000000000978,0.054999999999999716,0,1,0,80.641,-0.11117870386168249,0.0,-0.19599999999999795,-0.44137500000000784,1.9040000000000106,0.6749999999999972,-0.057714418147642194,7.0,18.0,38.2,19.5,0.4000000000000057,0,0,56.3,0.9,0.968944,1.0,0.456765,0,0.024845000000000006,2.304000000000002,0.6976396800000001,5.996452088619021,21,6873.082,5,MEDIUM,80.641,1.2113152668991742,1.2555280112044815,1.7702600708066414,1.2113152668991742,deployed_stop_response,2.715666666666678,,,,,,,,,,,,,,,,,,,,,,,,,
12,COL,44.0,HARD,SOFT,22.0,3.0,78.51766666666667,76.63799999999999,29.166666666666668,24.305555555555557,0.012738853503184712,0.1667096700209283,1.8796666666666795,HARD>SOFT,4.861111111111111,-0.15397081651774358,34.03928461755246,1,23.0,0.6111111111111112,72,8,0.3480000000000061,0.0,-0.02400000000000091,-0.012000000000000455,0.04400000000000119,0.04400000000000119,0.04506682152171493,-0.02344501132732723,-0.02344501132732723,0.02400000000000091,0.04899999999999238,0,0,1,78.659,-0.07018995906052794,0.0,-0.14133333333333553,0.32312500000000455,0.5760000000000076,0.9265000000000043,-0.06744501132732841,7.0,17.0,33.7,19.2,0.20000000000000284,0,0,56.3,0.8,0.012739,0.522293,2.450463,0,0.012739,-1.1959999999999973,0.01171988,6.786716950605081,45,8787.387,6,HARD,78.659,0.9566891914757497,1.2555280112044815,1.2940526231038025,0.9566891914757497,deployed_stop_response,1.8796666666666795,,,,,,,,,,,,,,,,,,,,,,,,,
12,GAS,17.0,MEDIUM,HARD,17.0,3.0,78.91933333333333,78.67099999999999,55.416666666666664,50.555555555555564,0.0,0.7664812276599747,0.24833333333333485,MEDIUM>HARD,4.8611111111111,-0.7664812276599747,35.202291749545694,1,18.0,0.2361111111111111,72,8,0.19550000000000267,0.1280000000000001,0.0,-0.24200000000000443,0.05991666666666854,0.05991666666666854,-0.05838011623244199,0.039967251713153636,0.039967251713153636,0.1280000000000001,0.04099999999999682,0,1,0,78.944,0.09396622551544453,-0.1280000000000001,-0.024666666666661285,-0.20999999999999375,0.0,0.8220000000000027,-0.019949414953514905,7.0,8.0,36.3,19.2,0.19999999999999574,0,0,58.6,0.7,0.0,0.0,7.43392,0,0.0,0.935999999999998,0.0,5.805134968916488,18,6606.811,4,MEDIUM,78.944,0.8906177124290297,1.2555280112044815,1.3477322577672484,0.8906177124290297,deployed_stop_response,0.24833333333333485,,,,,,,,,,,,,,,,,,,,,,,,,
12,GAS,45.0,HARD,MEDIUM,26.0,5.0,78.15133333333334,76.51533333333333,28.194444444444443,23.333333333333332,0.23991507430997874,0.7429193899782135,1.63600000000001,HARD>MEDIUM,4.861111111111111,-0.5030043156682348,34.038787629734465,1,27.0,0.625,72,8,0.3205000000000098,0.17100000000000648,0.0,-0.08549999999999613,0.017433333333335098,0.017433333333335098,-0.1513326817379692,-0.041626559235364305,-0.041626559235364305,-0.5139999999999958,-0.0870000000000033,0,0,1,78.037,0.23339085127842907,-0.17100000000000648,0.11433333333333451,0.15312499999998863,0.030000000000001137,0.8830000000000027,-0.0590598925686994,7.0,9.0,33.7,19.2,-1.0999999999999943,0,0,56.3,0.8,0.0,0.0,8.343046,0,-0.726115,-1.403999999999997,0.0,6.795705775173514,46,8833.558,5,HARD,78.037,1.0795736529464495,1.2555280112044815,1.3906264809512703,1.0795736529464495,deployed_stop_response,1.63600000000001,,,,,,,,,,,,,,,,,,,,,,,,,
12,HAM,24.0,SOFT,HARD,24.0,3.0,77.678,75.68733333333334,48.61111111111111,43.75,0.0,0.0,1.9906666666666553,SOFT>HARD,4.861111111111107,0.0,35.843818052827785,1,25.0,0.3333333333333333,72,8,0.12049999999999272,-0.006000000000000227,0.0,0.0030000000000001137,0.01008333333333174,0.01008333333333174,0.007804642950105745,0.01732331029370511,0.01732331029370511,-0.1559999999999917,0.32500000000000284,1,0,0,77.715,-0.012046597069229392,0.006000000000000227,-0.03700000000000614,-0.06212500000000887,-1.399499999999989,0.8900000000000006,0.00723997696037337,7.0,1.0,36.1,19.3,0.3999999999999986,0,0,57.1,0.9,0.0,0.374194,2.916271,0,0.0,1.1000000000000014,0.0,6.142037405587356,25,7135.403,4,SOFT,77.715,0.6299338895766815,1.2555280112044815,1.061400985191936,0.6299338895766815,deployed_stop_response,1.9906666666666553,,,,,,,,,,,,,,,,,,,,,,,,,
12,HUL,18.0,SOFT,SOFT,18.0,3.0,78.76466666666666,79.016,54.444444444444436,49.583333333333336,0.30034400279502266,0.9936841546585994,-0.2513333333333492,SOFT>SOFT,4.8611111111111,-0.6933401518635767,35.317176711670946,1,19.0,0.25,72,8,0.23050000000001347,0.33500000000000796,-0.3960000000000008,-0.36549999999999727,0.03575000000000135,0.03575000000000135,-0.17429123358505194,0.01970462426210846,0.01970462426210846,0.3960000000000008,-0.014500000000005286,1,0,0,79.061,0.2768594148219421,-0.33500000000000796,-0.29633333333333667,-0.23387500000001182,0.11700000000000443,0.38700000000000045,-0.01604537573789289,7.0,8.0,37.3,19.5,1.0,0,1,58.1,1.1,0.550633,1.0,0.895632,0,0.28311700000000006,1.7479999999999978,0.41848108000000006,5.863631175598097,19,6687.226,4,SOFT,79.061,0.5766232534322459,1.2555280112044815,0.7941544929190401,0.5766232534322459,deployed_stop_response,-0.2513333333333492,,,,,,,,,,,,,,,,,,,,,,,,,
12,HUL,47.0,SOFT,HARD,27.0,3.0,77.91533333333332,77.86166666666666,26.25,21.38888888888889,0.0,0.20420273286515325,0.05366666666665765,SOFT>HARD,4.861111111111111,-0.20420273286515325,34.0546591636146,1,28.0,0.6527777777777778,72,8,0.07100000000000506,0.23999999999999488,-0.3050000000000068,-0.23699999999999477,0.0005000000000012031,0.0005000000000012031,-0.19131533028172498,0.0253756805885374,0.0253756805885374,0.3050000000000068,0.08449999999999847,1,0,0,78.131,0.2946678935893772,-0.23999999999999488,-0.2156666666666638,-0.22425000000001205,0.7789999999999964,1.4120000000000061,0.024875680588536196,7.0,8.0,34.8,19.2,0.5,0,0,54.7,0.8,0.00641,0.121795,3.910584,0,0.00641,-0.2240000000000032,0.0071792,6.836259277277067,48,8973.127,5,SOFT,78.131,0.7491052471266043,1.2555280112044815,1.3831207188216372,0.7491052471266043,deployed_stop_response,0.05366666666665765,,,,,,,,,,,,,,,,,,,,,,,,,
12,LAW,20.0,SOFT,MEDIUM,17.0,3.0,78.829,77.42566666666666,52.5,47.63888888888889,0.0,0.2955717318774644,1.403333333333336,SOFT>MEDIUM,4.861111111111107,-0.2955717318774644,35.61344475800612,1,18.0,0.2777777777777778,72,8,0.3819999999999908,0.0,0.01300000000000523,-0.3754999999999882,0.14374999999999857,0.14374999999999857,0.028953324177933837,0.09159196823517166,0.09159196823517166,-0.26300000000000523,0.15900000000000603,1,0,0,78.737,-0.045228424990099825,0.0,0.09199999999999875,-0.32450000000000045,-0.194500000000005,0.7974999999999994,-0.05215803176482692,7.0,5.0,38.0,19.5,0.20000000000000284,0,0,55.6,0.7,0.0,0.0,9.616457,0,-0.006329,2.16,0.0,5.963579343618446,21,6834.993,5,SOFT,78.737,0.7908044631755061,1.2555280112044815,0.43223377738108776,0.7908044631755061,deployed_stop_response,1.403333333333336,,,,,,,,,,,,,,,,,,,,,,,,,
12,LAW,46.0,MEDIUM,MEDIUM,24.0,3.0,78.10966666666667,76.09733333333334,27.222222222222218,22.361111111111114,0.12952528716859926,0.07359307359307359,2.0123333333333306,MEDIUM>MEDIUM,4.861111111111104,0.05593221357552568,34.04270983047876,1,25.0,0.6388888888888888,72,8,0.177500000000002,1.0250000000000057,-0.7169999999999987,-1.0720000000000027,0.11732500000000137,0.11732500000000137,-0.5632991862853771,0.09778648892773024,0.09778648892773024,0.7169999999999987,-0.14100000000000534,0,1,0,78.694,0.8676600975185806,-1.0250000000000057,-0.5843333333333334,-0.9673750000000041,0.7809999999999917,0.8584999999999923,-0.019538511072271128,7.0,7.0,34.3,19.2,0.5999999999999943,0,0,55.4,1.7,0.382166,0.828025,1.448645,0,0.337294,-0.7000000000000028,0.382166,6.811244378601294,47,8868.683,6,MEDIUM,78.694,0.8290060505047568,1.2555280112044815,0.8893721382845385,0.8290060505047568,deployed_stop_response,2.0123333333333306,,,,,,,,,,,,,,,,,,,,,,,,,
12,LEC,20.0,SOFT,MEDIUM,17.0,3.0,77.39966666666668,75.83366666666666,52.5,47.63888888888889,0.0,0.0,1.5660000000000167,SOFT>MEDIUM,4.861111111111107,0.0,35.61344475800612,1,18.0,0.2777777777777778,72,8,0.18200000000000216,0.0,0.0,0.039500000000003865,-0.004150000000000631,-0.004150000000000631,0.08818626446975486,0.0044985618187224664,0.0044985618187224664,-0.07899999999999352,0.15900000000000603,1,0,0,77.435,-0.13775709563489613,0.0,-0.03533333333332678,0.10174999999999557,-1.5635000000000048,0.7974999999999994,0.008648561818723097,7.0,3.0,38.0,19.5,0.20000000000000284,0,0,55.6,0.7,0.0,0.0,7.785254,0,-0.012903,2.16,0.0,5.958424693029782,21,6823.06,4,SOFT,77.435,0.5152722226846648,1.2555280112044815,-0.06520241930268655,0.5152722226846648,deployed_stop_response,1.5660000000000167,,,,,,,,,,,,,,,,,,,,,,,,,
12,LEC,42.0,MEDIUM,HARD,20.0,3.0,76.84599999999999,75.29133333333334,31.111111111111114,26.25,0.3486404662875251,0.26556291390728476,1.5546666666666482,MEDIUM>HARD,4.861111111111114,0.08307755238024034,34.063864281905474,1,21.0,0.5833333333333334,72,8,0.20949999999999136,0.02400000000000091,0.0,-0.22149999999999181,0.06610000000000156,0.06610000000000156,-0.028337174108344243,0.02950769933016326,0.02950769933016326,0.17399999999999238,0.12950000000000017,0,1,0,76.889,0.04369907189187927,-0.02400000000000091,-0.042999999999992156,-0.2238750000000067,-1.096500000000006,0.7424999999999997,-0.036592300669838304,7.0,2.0,33.4,19.0,0.3999999999999986,0,0,55.7,0.0,0.201299,0.902597,1.388198,0,0.109796,-1.3440000000000012,0.16909116000000002,6.705639094860003,43,8528.528,5,MEDIUM,76.889,0.6980617120924157,1.2555280112044815,1.1593535332420597,0.6980617120924157,deployed_stop_response,1.5546666666666482,,,,,,,,,,,,,,,,,,,,,,,,,
12,LIN,35.0,MEDIUM,HARD,29.0,3.0,79.31933333333332,78.49966666666667,37.916666666666664,33.055555555555564,0.12916666666666668,0.7898089171974522,0.8196666666666488,MEDIUM>HARD,4.8611111111111,-0.6606422505307855,34.48484927145002,1,30.0,0.4861111111111111,72,8,0.45599999999999596,0.9119999999999919,-0.8250000000000028,-0.44899999999999807,-0.09408333333333967,-0.09408333333333967,-0.49216904330825173,-0.02146614180859345,-0.02146614180859345,0.8250000000000028,-0.04650000000000176,0,1,0,79.919,0.7594423243267556,-0.9119999999999919,-0.5996666666666783,-0.3747499999999917,1.69850000000001,0.892000000000003,0.07261719152474622,7.0,11.0,30.5,18.8,-0.6000000000000014,0,1,56.8,1.0,0.4,0.80625,1.131689,0,0.4,-5.4,0.48,6.543911845564792,36,8054.973,5,MEDIUM,79.919,0.6407112804094695,1.2555280112044815,1.358003947048342,0.6407112804094695,deployed_stop_response,0.8196666666666488,,,,,,,,,,,,,,,,,,,,,,,,,
12,NOR,20.0,SOFT,HARD,20.0,3.0,77.59033333333333,76.12633333333333,52.5,47.63888888888889,0.05390344422602487,0.17506593280587088,1.4639999999999986,SOFT>HARD,4.861111111111107,-0.12116248857984602,35.61344475800612,1,21.0,0.2777777777777778,72,8,0.1355000000000075,0.3790000000000049,-0.3130000000000024,-0.4934999999999974,0.08116666666666697,0.08116666666666697,-0.17793629890293516,0.07666613567048673,0.07666613567048673,0.3130000000000024,0.20400000000000773,1,0,0,77.821,0.27795697994780255,-0.3790000000000049,-0.23066666666666436,-0.46162499999999795,-1.177500000000009,0.7974999999999994,-0.004500530996180238,7.0,2.0,38.0,19.5,0.7000000000000028,0,0,55.6,0.7,0.025641,0.730769,2.066214,0,-0.058230000000000004,2.52,0.02153844,5.955837369464831,21,6815.18,4,SOFT,77.821,0.8758562997860406,1.2555280112044815,1.275352618790875,0.8758562997860406,deployed_stop_response,1.4639999999999986,,,,,,,,,,,,,,,,,,,,,,,,,
12,NOR,46.0,HARD,HARD,24.0,3.0,76.80966666666666,74.41733333333333,27.222222222222218,22.361111111111114,0.05844155844155844,0.19919584013543745,2.392333333333326,HARD>HARD,4.861111111111104,-0.14075428169387902,34.04270983047876,1,25.0,0.6388888888888888,72,8,0.2119999999999962,0.125,0.0,-0.12600000000000477,0.03237500000000004,0.03237500000000004,-0.006997740230971772,0.009548224686328148,0.009548224686328148,0.12699999999999534,0.02400000000000091,0,0,1,76.72,0.01077874798870937,-0.125,0.08966666666667322,-0.08637500000000387,-1.3675000000000068,0.8830000000000027,-0.022826775313671895,7.0,1.0,33.7,19.2,-1.0999999999999943,0,0,56.3,0.8,0.0,0.0,7.360292,0,0.0,-1.2999999999999972,0.0,6.794586580876499,47,8824.505,5,HARD,76.72,1.105084395120439,1.2555280112044815,1.4030570671775768,1.105084395120439,deployed_stop_response,2.392333333333326,,,,,,,,,,,,,,,,,,,,,,,,,
12,OCO,15.0,SOFT,HARD,15.0,3.0,79.303,79.557,57.361111111111114,52.5,0.5776212085025078,0.5591523556128893,-0.2540000000000049,SOFT>HARD,4.861111111111114,0.018468852889618415,35.09389058851803,1,16.0,0.20833333333333334,72,8,0.13649999999999807,-0.01300000000000523,0.01300000000000523,-0.04949999999999477,0.06325000000000003,0.06325000000000003,0.03410614931314626,0.02351352582220718,0.02351352582220718,-0.01300000000000523,0.04099999999999682,1,0,0,79.244,-0.05711420481844698,0.01300000000000523,0.05900000000001171,-0.09262499999999818,0.24899999999999523,0.7944999999999993,-0.039736474177792844,7.0,12.0,35.2,19.3,1.5,0,0,58.5,1.5,0.522013,1.0,0.953811,0,0.02201299999999995,0.1280000000000018,0.33408832,5.69035945432406,16,6457.424,4,SOFT,79.244,0.7684860631828971,1.2555280112044815,1.3818238463579835,0.7684860631828971,deployed_stop_response,-0.2540000000000049,,,,,,,,,,,,,,,,,,,,,,,,,
12,OCO,35.0,HARD,HARD,18.0,3.0,79.586,78.23,37.916666666666664,33.055555555555564,0.2883198811259297,0.21965271015903928,1.3559999999999945,HARD>HARD,4.8611111111111,0.06866717096689043,34.48484927145002,1,19.0,0.4861111111111111,72,8,0.2785000000000011,0.6709999999999923,0.0,-0.8319999999999936,0.17457142857142827,0.17457142857142827,-0.4734554068302259,0.019321280196859983,0.019321280196859983,-1.3140000000000072,-0.04650000000000176,0,0,1,79.499,0.793721986662618,-0.6709999999999923,0.0870000000000033,-0.5584999999999951,1.2254999999999967,0.866500000000002,-0.1552501483745683,7.0,14.0,30.5,18.8,-0.6000000000000014,0,1,56.8,1.0,0.628931,0.968553,0.844306,0,0.386695,-3.42,0.47798756000000003,6.551080335043404,36,8060.861,5,HARD,79.499,1.202842478650202,1.2555280112044815,2.151673923837233,1.202842478650202,deployed_stop_response,1.3559999999999945,,,,,,,,,,,,,,,,,,,,,,,,,
12,PER,28.0,HARD,HARD,25.0,3.0,80.277,78.17333333333333,44.72222222222223,39.86111111111111,0.18875517598343686,0.0,2.103666666666669,HARD>HARD,4.861111111111121,0.18875517598343686,35.46612943330833,1,26.0,0.3888888888888889,72,8,0.21600000000000819,-0.031999999999996476,0.0,0.07549999999999102,-0.03835714285714363,-0.03835714285714363,0.1062670570533868,-0.014551112848812579,-0.014551112848812579,0.1910000000000025,0.07099999999999795,0,0,1,80.33,-0.16370135521580664,0.031999999999996476,-0.05300000000001148,0.17524999999999125,1.880999999999986,1.5524999999999949,0.02380603000833105,7.0,18.0,32.3,19.1,-0.7000000000000028,0,0,54.0,1.1,0.360248,1.0,1.137509,0,0.18524800000000002,-2.808000000000003,0.37465792,6.331501849893691,29,7516.586,4,HARD,80.33,1.1787978914735389,1.2555280112044815,1.744116773269941,1.1787978914735389,deployed_stop_response,2.103666666666669,,,,,,,,,,,,,,,,,,,,,,,,,
12,PIA,17.0,HARD,HARD,14.0,3.0,77.471,76.31266666666666,55.416666666666664,50.555555555555564,0.0,0.6610480449489738,1.1583333333333456,HARD>HARD,4.8611111111111,-0.6610480449489738,35.202291749545694,1,15.0,0.2361111111111111,72,8,0.11049999999999471,0.023000000000010346,0.0,-0.15050000000000807,0.02850000000000108,0.02850000000000108,-0.01779544460352156,0.03174670857419846,0.03174670857419846,-0.04099999999999682,-0.09449999999999648,0,0,1,77.465,0.028642813147271795,-0.023000000000010346,0.0059999999999860165,-0.12999999999999545,-1.4089999999999918,1.0075000000000003,0.003246708574197378,7.0,3.0,36.3,19.2,0.19999999999999574,0,0,58.6,0.7,0.0,0.0,4.991074,0,0.0,0.7799999999999983,0.0,5.7899601708972535,18,6587.595,4,HARD,77.465,1.1707182643269352,1.2555280112044815,1.4509559571126496,1.1707182643269352,deployed_stop_response,1.1583333333333456,,,,,,,,,,,,,,,,,,,,,,,,,
12,PIA,43.0,HARD,SOFT,24.0,6.0,77.52799999999999,75.64233333333334,30.13888888888889,25.277777777777782,0.22150537634408604,0.40907110491460436,1.8856666666666513,HARD>SOFT,4.861111111111107,-0.18756572857051831,34.04195416511483,1,25.0,0.5972222222222222,72,8,0.16599999999999682,0.2120000000000033,0.0,-0.10600000000000875,-0.029041666666667375,-0.029041666666667375,-0.018177854541690408,0.0011896978399850106,0.0011896978399850106,0.2120000000000033,-0.07150000000000745,0,0,1,77.58,0.028000068031758474,-0.2120000000000033,-0.0519999999999925,-0.07325000000000159,-0.2120000000000033,0.6260000000000048,0.030231364506652387,7.0,5.0,32.9,19.1,-0.5,0,0,56.8,1.2,0.270968,0.56129,1.592923,0,0.19999999999999998,-2.1000000000000014,0.270968,6.733401891837359,44,8616.581,5,HARD,77.58,0.9080794837354079,1.2555280112044815,1.3887300924431334,0.9080794837354079,deployed_stop_response,1.8856666666666513,,,,,,,,,,,,,,,,,,,,,,,,,
12,RUS,16.0,MEDIUM,HARD,15.0,3.0,77.68966666666667,76.432,56.388888888888886,51.52777777777777,0.012903225806451613,0.0,1.2576666666666654,MEDIUM>HARD,4.861111111111114,0.012903225806451613,35.11672207637501,1,16.0,0.2222222222222222,72,8,0.16049999999999187,0.0350000000000108,0.0,-0.17799999999999727,0.09408928571428708,0.09408928571428708,-0.014526729794582138,0.036638319600141134,0.036638319600141134,-0.13599999999999568,0.057999999999992724,0,1,0,77.656,0.023791495498699078,-0.0350000000000108,0.03366666666666163,-0.20050000000000523,-1.3419999999999987,1.031000000000006,-0.05745096611414595,7.0,4.0,36.1,19.2,1.3000000000000043,0,0,58.6,1.3,0.0,0.554839,2.364235,0,0.0,0.704000000000001,0.0,5.730099782973574,17,6512.608,4,MEDIUM,77.656,0.809620450263099,1.2555280112044815,1.130543035856012,0.809620450263099,deployed_stop_response,1.2576666666666654,,,,,,,,,,,,,,,,,,,,,,,,,
12,RUS,39.0,HARD,HARD,21.0,3.0,77.02733333333333,75.97866666666667,34.02777777777778,29.166666666666668,0.09898095438892403,0.3189141153537438,1.0486666666666622,HARD>HARD,4.861111111111111,-0.2199331609648198,34.16287921639916,1,22.0,0.5416666666666666,72,8,0.08200000000001495,0.4579999999999984,-0.48399999999999466,-0.4709999999999894,0.019791666666669393,0.019791666666669393,-0.27450227524116144,0.04785245066385529,0.04785245066385529,0.6400000000000006,-0.14799999999999613,0,0,1,77.402,0.4230784377565726,-0.4579999999999984,-0.3746666666666698,-0.4197500000000076,-0.262999999999991,0.40800000000000836,0.028060783997185895,7.0,3.0,31.6,19.0,-1.3999999999999986,0,0,55.4,1.8,0.277419,0.812903,1.534466,0,0.251275,-2.9919999999999987,0.24412872000000005,6.630683385642372,40,8297.192,5,HARD,77.402,1.149377142076619,1.2555280112044815,1.6334248674029377,1.149377142076619,deployed_stop_response,1.0486666666666622,,,,,,,,,,,,,,,,,,,,,,,,,
12,SAI,29.0,SOFT,HARD,26.0,3.0,80.10933333333334,79.34966666666666,43.75,38.888888888888886,0.07867494824016563,0.14092709826405478,0.7596666666666749,SOFT>HARD,4.861111111111114,-0.06225215002388915,35.33367943955105,1,27.0,0.4027777777777778,72,8,0.15800000000000125,0.7630000000000052,-0.7630000000000052,-1.0045000000000073,0.10150000000000148,0.10150000000000148,-0.5351120821911479,0.08364067781378726,0.08364067781378726,0.7630000000000052,-0.036999999999999034,1,0,0,80.706,0.8242429826307784,-0.7630000000000052,-0.596666666666664,-0.8661250000000109,2.4039999999999964,1.703000000000003,-0.01785932218621422,7.0,11.0,32.0,19.0,-0.29999999999999716,0,1,55.3,1.2,0.248447,0.732919,1.428542,0,0.248447,-3.24,0.26832276,6.354370040797351,30,7579.364,4,SOFT,80.706,0.8642459934213558,1.2555280112044815,1.897580131377069,0.8642459934213558,deployed_stop_response,0.7596666666666749,,,,,,,,,,,,,,,,,,,,,,,,,
12,STR,14.0,SOFT,HARD,11.0,3.0,79.36166666666666,78.77499999999999,58.333333333333336,53.47222222222222,0.10952004219409284,0.0760031175253299,0.5866666666666731,SOFT>HARD,4.861111111111114,0.03351692466876294,35.14808635193259,1,12.0,0.19444444444444445,72,8,0.10799999999999699,0.0,0.0,-0.04949999999999477,-0.007333333333335191,-0.007333333333335191,-0.00038254771595802595,-0.022609367596497572,-0.022609367596497572,-0.40099999999999625,0.03999999999999204,1,0,0,79.291,0.0006583830622020059,0.0,0.07066666666666777,0.03700000000000614,0.23850000000000193,0.5859999999999914,-0.015276034263162382,7.0,14.0,33.7,19.1,-1.1999999999999957,0,0,59.5,0.8,0.0,0.632911,2.189453,0,-0.04375,-0.6239999999999987,0.0,5.627621113690637,15,6381.364,4,SOFT,79.291,0.6539952779005013,1.2555280112044815,1.2795598857012194,0.6539952779005013,deployed_stop_response,0.5866666666666731,,,,,,,,,,,,,,,,,,,,,,,,,
12,STR,34.0,HARD,HARD,18.0,3.0,79.83866666666667,78.13866666666667,38.888888888888886,34.02777777777778,0.10524885472474571,0.0,1.7000000000000028,HARD>HARD,4.861111111111107,0.10524885472474571,34.60193549422162,1,19.0,0.4722222222222222,72,8,0.14850000000000563,0.0,0.7700000000000102,-0.024499999999989086,0.050416666666664625,0.050416666666664625,0.29728211905609214,-0.010037166354325094,-0.010037166354325094,-0.7700000000000102,0.08400000000000318,0,0,1,78.91,-0.47458646091659773,0.0,0.9286666666666719,0.265625,0.5704999999999956,0.7974999999999994,-0.06045383302098972,7.0,16.0,31.1,18.8,0.40000000000000213,0,1,56.3,1.8,0.0,0.0,5.419396,0,-0.044025,-2.9639999999999986,0.0,6.525029657843462,35,7987.078,5,HARD,78.91,1.1126528289568898,1.2555280112044815,1.8129052445622547,1.1126528289568898,deployed_stop_response,1.7000000000000028,,,,,,,,,,,,,,,,,,,,,,,,,
12,TSU,17.0,SOFT,HARD,14.0,3.0,78.93733333333334,78.27866666666667,55.416666666666664,50.555555555555564,0.0,0.008492569002123142,0.6586666666666758,SOFT>HARD,4.8611111111111,-0.008492569002123142,35.202291749545694,1,15.0,0.2361111111111111,72,8,0.16499999999999915,-0.31400000000000716,0.2670000000000101,0.19700000000000273,0.0537083333333328,0.0537083333333328,0.19208120253505,0.003023156420668884,0.003023156420668884,-0.37000000000000455,0.04099999999999682,1,0,0,78.725,-0.30916597566920245,0.31400000000000716,0.21233333333333348,0.15462500000001,-0.20700000000000784,0.8340000000000032,-0.050685176912663915,7.0,10.0,36.3,19.2,0.19999999999999574,0,0,58.6,0.7,0.0,0.356688,2.842693,0,0.0,0.7799999999999983,0.0,5.811140992976701,18,6611.143,4,SOFT,78.725,0.7190496880063612,1.2555280112044815,1.2384311079824608,0.7190496880063612,deployed_stop_response,0.6586666666666758,,,,,,,,,,,,,,,,,,,,,,,,,
12,TSU,42.0,HARD,SOFT,23.0,5.0,77.86233333333332,77.598,31.111111111111114,25.277777777777782,0.0,0.04670912951167728,0.264333333333326,HARD>SOFT,5.833333333333332,-0.04670912951167728,34.063864281905474,1,24.0,0.5833333333333334,72,8,0.062499999999992895,0.06399999999999295,0.0,0.019000000000005457,-0.010904761904762375,-0.010904761904762375,-0.1569305669665937,-0.054913701678831556,-0.054913701678831556,-0.038000000000010914,-0.15449999999999875,0,0,1,77.871,0.24174703995339542,-0.06399999999999295,-0.008666666666670153,-0.001999999999995339,0.19849999999999568,0.7645000000000053,-0.04400893977406918,7.0,9.0,33.4,19.0,0.0,0,0,56.6,2.0,0.0,0.0,7.498282,0,0.0,-1.5360000000000014,0.0,6.725033642166843,43,8591.405,5,HARD,77.871,0.910285995620975,1.2555280112044815,1.3918095355346203,0.910285995620975,deployed_stop_response,0.264333333333326,,,,,,,,,,,,,,,,,,,,,,,,,
9,ALB,13.0,,,,,,,,,,,,HARD>MEDIUM,,,,1,12.0,0.25,52,8,0.8400000000000034,2.1430000000000007,0.0,-1.352000000000004,-0.0775000000000005,-0.0775000000000005,-0.6229094160417361,0.2451580305247025,0.2451580305247025,-1.2109999999999983,-0.3365000000000009,0,0,1,99.328,1.16063087155743,-2.1430000000000007,-0.3230000000000075,-0.2775000000000034,3.3400000000000034,1.0450000000000017,0.3226580305247031,7.0,22.0,43.8,25.0,1.3999999999999986,0,0,48.3,0.4,0.165829,0.78392,1.431165,0,-0.152579,4.223999999999998,0.07959792,5.6937321388027,14,4696.511,2,HARD,99.328,,1.4320698412698427,2.8629676168077793,3.177713601006084,strict_raw_response,2.509999999999991,5212.775,5212.775,MEDIUM,12.0,9.0,2.509999999999991,0.0570000000000021,2.4529999999999887,"ALO,BOT,PER,BEA,BOR",5.0,1.2396666666666647,1.213333333333324,0.0959999999999894,0.1614123333333333,0.020708,99.005,96.495,-0.8273333333333426,-0.5781666666666707,5.0,7.0,-0.0423289999999999,0.0,3.177713601006084,
9,VER,16.0,,,,,,,,,,,,MEDIUM>HARD,,,,1,16.0,0.3076923076923077,52,8,0.1105000000000018,0.0,-0.1880000000000024,0.1140000000000043,-0.0569999999999997,-0.0569999999999997,-0.0258825474189734,-0.0094743533225502,-0.0094743533225502,0.1880000000000024,0.1880000000000024,0,1,0,94.758,0.0407158867259909,0.0,-0.132000000000005,0.0734999999999956,-1.0949999999999989,0.7129999999999939,0.0475256466774495,7.0,5.0,42.9,25.0,-0.8000000000000043,0,0,48.6,3.7,0.994709,1.0,0.536375,0,0.0368139999999999,5.055999999999999,0.6366137599999999,5.814130531825066,17,4861.1,2,MEDIUM,94.758,,1.4320698412698427,1.0778631474604456,1.3084720604113336,strict_raw_response,0.8539999999999992,5515.228,5515.228,HARD,16.0,2.0,0.8539999999999992,0.200000000000017,0.6539999999999822,"RUS,LEC,ANT,NOR,HAM",5.0,0.0519999999999925,0.6019999999999897,0.2316666666666975,0.9207093333333334,0.0638296666666666,94.626,93.772,-0.0083333333333541,0.3668333333333322,6.0,10.0,0.737288,0.0,1.3084720604113336,
9,BOR,25.0,,,,,,,,,,,,MEDIUM>HARD,,,,1,25.0,0.4807692307692308,52,3,0.0550000000000068,-0.137999999999991,0.137999999999991,0.137999999999991,-0.0964999999999989,-0.0964999999999989,0.0703028702236281,-0.0150255913599814,-0.0150255913599814,-0.137999999999991,0.1715000000000017,0,1,0,95.525,-0.1468505747126443,0.137999999999991,0.1103333333333296,0.1103333333333296,-0.0079999999999955,1.203000000000003,0.0814744086400174,2.0,10.0,39.3,25.4,-2.0,0,0,48.5,2.8,0.041885,0.455497,2.752739,0,0.041885,4.299999999999997,0.0418849999999999,6.2878585601617845,26,5758.687,4,MEDIUM,95.525,,1.4320698412698427,1.2750216466370634,1.3140186117434391,strict_raw_response,1.8033333333333417,6412.729,6412.729,HARD,25.0,2.0,1.8033333333333417,0.1670000000000158,1.636333333333326,"HUL,OCO,PIA,HAD,VER",5.0,,,0.5799999999999841,0.0139616666666666,0.617808,95.63533333333334,93.832,0.0,0.0,25.0,0.0,0.0,0.0,1.3140186117434391,
9,LIN,26.0,,,,,,,,,,,,MEDIUM>HARD,,,,1,26.0,0.5,52,4,0.1484999999999985,-0.1484999999999985,0.0,0.1484999999999985,-0.3293333333333331,-0.3293333333333331,0.1132982188269267,-0.0489553018628352,-0.0489553018628352,-0.296999999999997,0.0490000000000065,0,1,0,95.523,-0.2162636394318156,0.1484999999999985,0.0990000000000037,0.3455000000000154,0.2794999999999845,0.8150000000000119,0.2803780314704979,3.0,9.0,39.3,25.6,0.0,0,0,48.5,2.8,0.246073,0.874346,1.425496,0,-0.005236,4.471999999999997,0.2559159199999999,6.322565239927284,27,5851.666,4,MEDIUM,95.523,,1.4320698412698427,1.1404318265723616,1.2247583168971374,strict_raw_response,1.852666666666664,6510.579,6510.579,HARD,26.0,2.0,1.852666666666664,-0.3080000000000069,2.160666666666671,"OCO,COL,PIA,HUL,HAD",5.0,,,0.3056666666666672,0.2057246666666666,0.2554236666666666,95.622,93.76933333333334,0.0,0.0,25.5,0.5,0.0,0.0,1.2247583168971374,
9,LAW,27.0,,,,,,,,,,,,MEDIUM>HARD,,,,1,27.0,0.5192307692307693,52,5,0.340999999999994,-0.6049999999999898,0.2639999999999958,0.6049999999999898,-0.2093333333333309,-0.2093333333333309,0.3202427324425372,-0.1238217168700498,-0.1238217168700498,-0.2639999999999958,-0.0690000000000026,0,1,0,95.183,-0.6099426418952589,0.6049999999999898,0.5063333333333162,0.5983999999999838,0.1100000000000136,0.5880000000000081,0.085511616463281,4.0,8.0,39.3,25.1,0.0,0,0,49.5,1.7,0.131579,0.931579,1.910222,0,-0.187793,4.643999999999997,0.14210532,6.359573868672378,28,5943.73,3,MEDIUM,95.183,,1.4320698412698427,1.092275411188144,1.1939325108111012,strict_raw_response,1.5286666666666662,6606.407,6606.407,HARD,27.0,2.0,1.5286666666666662,-0.1093333333333532,1.6380000000000194,"SAI,OCO,HUL,GAS,ALB",5.0,,,0.2796666666666851,0.255671,0.1168336666666666,95.68933333333332,94.16066666666666,0.0,0.0,26.0,1.0,0.0,0.0,1.1939325108111012,
9,NOR,27.0,,,,,,,,,,,,MEDIUM>HARD,,,,1,27.0,0.5192307692307693,52,5,0.1580000000000012,-0.198999999999998,0.0,0.198999999999998,-0.0651250000000001,-0.0651250000000001,0.0762908364366126,-0.0361887052324076,-0.0361887052324076,-0.198999999999998,-0.0690000000000026,0,1,0,94.525,-0.1453055123956659,0.198999999999998,0.0643333333333373,0.1509999999999962,-0.7349999999999852,0.6894999999999882,0.0289362947675924,4.0,3.0,39.3,25.2,0.0,0,0,48.5,2.8,0.0,0.0,6.907087,0,0.0,4.643999999999997,0.0,6.349138991379798,28,5921.548,3,MEDIUM,94.525,,1.4320698412698427,1.0677030226143052,1.146657188144647,strict_raw_response,1.4056666666666755,6606.407,6606.407,HARD,27.0,2.0,1.4056666666666755,-0.2583333333333399,1.6640000000000157,"HAD,COL,PIA,HUL,GAS",5.0,,,0.4309999999999974,0.0,0.163251,94.58933333333334,93.18366666666668,0.0,0.0,26.0,1.0,0.0,0.0,1.146657188144647,
9,BEA,28.0,,,,,,,,,,,,MEDIUM>HARD,,,,1,28.0,0.5384615384615384,52,7,0.2379999999999995,0.2289999999999992,0.0,-0.5280000000000058,0.1219999999999998,0.1219999999999998,-0.0866687653286391,0.0866039408671568,0.0866039408671568,-0.1349999999999909,0.0975000000000037,0,1,0,97.185,0.1590864186902081,-0.2289999999999992,-0.1443333333333356,-0.3780000000000143,2.5330000000000013,1.132000000000005,-0.035396059132843,6.0,15.0,38.4,24.8,-0.8999999999999986,0,0,50.8,2.3,0.615385,0.979487,0.800164,0,0.079303,3.8079999999999994,0.6892311999999999,6.411818267709897,29,6080.448,3,MEDIUM,97.185,,1.4320698412698427,1.9072075817034129,1.7747325886045475,strict_raw_response,2.269000000000005,6702.144,6702.144,HARD,28.0,2.0,2.269000000000005,-0.2563333333333446,2.52533333333335,"ALO,PER,STR,OCO,SAI",5.0,,,0.5253333333333217,0.3838223333333332,0.3745383333333333,97.04066666666668,94.77166666666666,0.351333333333315,0.8813333333333306,25.0,3.0,0.2909853333333332,0.0,1.7747325886045475,
9,BOT,28.0,,,,,,,,,,,,MEDIUM>HARD,,,,1,28.0,0.5384615384615384,52,7,0.671999999999997,0.0,-0.671999999999997,0.0,-0.1123333333333344,-0.1123333333333344,-0.1599832430029977,-0.0748532504288265,-0.0748532504288265,0.671999999999997,0.0240000000000009,0,1,0,98.598,0.3030800472815826,0.0,-0.5900000000000034,0.0684285714285692,3.945999999999998,1.2420000000000044,0.0374800829045079,6.0,19.0,38.4,24.8,-0.3000000000000042,0,0,50.8,2.3,0.152284,0.461929,2.587606,0,0.152284,3.8079999999999994,0.17055808,6.421622267806518,29,6104.766,3,MEDIUM,98.598,,1.4320698412698427,1.6769924980311175,1.517181880041942,strict_raw_response,1.9116666666666615,6702.144,6702.144,HARD,28.0,2.0,1.9116666666666615,-0.2563333333333446,2.1680000000000064,"ALO,STR,PER,PIA,OCO",5.0,,,0.476333333333315,0.1208466666666666,0.0,98.008,96.09633333333332,-0.9510000000000076,-0.4593333333333333,25.0,3.0,-0.2056359999999999,0.0,1.517181880041942,
10,NOR,29.0,,,,,,,,,,,,HARD>MEDIUM,,,,1,29.0,0.6590909090909091,44,8,0.2005000000000052,0.8220000000000027,-0.8220000000000027,-0.8575000000000017,0.0677083333333333,0.0677083333333333,-0.5338411567019534,0.0726560583854416,0.0726560583854416,1.0530000000000117,0.0030000000000001,0,0,1,111.796,0.9483253137764932,-0.8220000000000027,-0.6250000000000142,-0.8061249999999944,-0.0319999999999964,0.9429999999999978,0.0049477250521082,7.0,4.0,33.3,18.9,0.7999999999999972,0,0,43.7,1.3,0.642857,0.816964,0.844467,0,0.579509,-1.9720000000000035,0.7457141199999999,6.354370040797351,30,6798.802,8,HARD,111.796,,1.4557728613569334,1.7945978747274351,2.6218260409480605,strict_raw_response,1.7723333333333215,7527.908,7527.908,MEDIUM,29.0,2.0,1.7723333333333215,0.2180000000000035,1.554333333333318,"BOR,PIA,LAW,LIN,GAS",5.0,0.4116666666666901,1.142666666666628,0.3613333333333486,0.2654316666666667,0.0962393333333333,111.171,109.39866666666668,0.3716666666666555,0.0681666666666747,25.0,4.0,0.0670363333333333,0.0,2.6218260409480605,
10,ALO,30.0,,,,,,,,,,,,SOFT>HARD,,,,1,11.0,0.6818181818181818,44,8,1.0429999999999993,0.0,1.875,-1.454499999999996,0.4,0.4,0.1786174282574677,0.3786571473098867,0.3786571473098867,-5.170000000000002,0.1064999999999969,1,0,0,116.871,-0.4256993091452585,0.0,2.348333333333329,-0.3966250000000002,4.885000000000005,1.707499999999996,-0.0213428526901132,7.0,19.0,32.5,19.0,-0.6000000000000014,0,0,40.6,2.3,0.038462,0.106838,6.105691,0,-0.088587,-1.1,0.01692328,6.423246963533519,31,7041.996,9,SOFT,116.871,,1.4557728613569334,3.4061324673954756,4.629838526349762,strict_raw_response,3.6686666666666663,7645.811,7645.811,HARD,11.0,2.0,3.6686666666666663,-0.1263333333333207,3.794999999999988,"ALB,HUL,OCO,COL,SAI",5.0,-4.72766666666665,8.522666666666638,0.0330000000000154,0.0931449999999999,0.269304,119.21933333333332,115.55066666666666,4.71866666666665,4.357000000000004,5.0,6.0,0.0742476666666666,0.0,4.629838526349762,
10,BOT,31.0,,,,,,,,,,,,HARD>SOFT,,,,1,30.0,0.7045454545454546,44,8,0.1435000000000101,0.3020000000000067,-0.2120000000000033,-0.3145000000000095,0.0293749999999999,0.0293749999999999,-0.2503048907399119,0.025407977205455,0.025407977205455,0.2120000000000033,-0.0510000000000019,0,0,1,115.161,0.4099427583187918,-0.3020000000000067,-0.3243333333333424,-0.3543750000000045,3.4325000000000045,0.9920000000000044,-0.0039670227945449,7.0,18.0,33.5,19.0,1.0,0,0,37.8,3.7,0.034783,0.06087,20.0,0,0.008696,-1.8,0.0417396,6.442540166468199,32,7117.066,7,HARD,115.161,,1.4557728613569334,1.9330992629086543,2.1294833321620232,strict_raw_response,2.063999999999993,7759.042,7759.042,SOFT,30.0,2.0,2.063999999999993,0.2316666666666549,1.832333333333338,"SAI,ALB,OCO,HUL,GAS",5.0,0.1113333333333344,1.7210000000000036,0.1616666666666617,0.0290236666666666,0.0972176666666666,114.83666666666666,112.77266666666668,0.1049999999999897,-0.2233333333333198,23.0,7.0,0.0101263333333333,0.0,2.1294833321620232,
11,STR,7.0,,,,,,,,,,,,SOFT>MEDIUM,,,,1,7.0,0.1,70,6,0.3134999999999976,0.0,0.0,0.0014999999999929,-0.0030000000000001,-0.0030000000000001,-0.1921295823729707,-0.0388279615832685,-0.0388279615832685,-0.0030000000000001,0.0435000000000016,1,0,0,88.362,0.3621859946618855,0.0,-0.2246666666666499,0.1826666666666767,1.04549999999999,0.9384999999999976,-0.0358279615832684,5.0,19.0,51.7,30.7,-0.5999999999999943,0,0,25.1,1.7,0.559322,0.853107,0.79247,0,-0.384181,4.676000000000001,0.15661016,5.0238805208462765,8,3879.805,0,SOFT,88.362,,1.4828218390804608,1.4152626229705414,1.5107325543145385,strict_raw_response,0.9923333333333488,4336.362,4336.362,MEDIUM,7.0,2.0,0.9923333333333488,-0.521333333333331,1.5136666666666798,"OCO,BOR,BEA,PER,SAI",5.0,,,0.0880000000000222,0.7142749999999999,0.0916523333333333,88.13733333333334,87.145,-0.0013333333333207,0.0541666666666648,5.0,2.0,-0.1468926666666669,0.0,1.5107325543145385,
11,HAM,12.0,,,,,,,,,,,,SOFT>HARD,,,,1,12.0,0.1714285714285714,70,8,0.2025000000000005,0.0709999999999979,-0.0709999999999979,-0.1999999999999886,0.0538749999999996,0.0538749999999996,-0.1287615586059303,0.015388308378274,0.015388308378274,0.0709999999999979,0.0885000000000033,1,0,0,85.803,0.2108822897719164,-0.0709999999999979,-0.157666666666671,-0.2126250000000027,-1.7315000000000111,0.6920000000000002,-0.0384866916217256,7.0,4.0,50.5,30.8,-0.6000000000000014,0,0,25.9,0.5,0.128655,0.438596,2.604529,0,-0.196926,7.44,0.0617544,5.5093883366279774,13,4282.512,0,SOFT,85.803,,1.4828218390804608,1.2629953900400448,1.3261696280206048,strict_raw_response,0.2810000000000059,4782.066,4782.066,HARD,12.0,2.0,0.2810000000000059,-0.3316666666666634,0.6126666666666694,"ANT,HAD,LAW,LIN,RUS",5.0,0.0736666666666536,0.5390000000000157,0.2463333333333111,0.2508273333333333,0.0744416666666666,85.64533333333333,85.36433333333332,0.095333333333329,0.154666666666666,5.0,7.0,-0.634163,0.0,1.3261696280206048,
11,VER,13.0,,,,,,,,,,,,MEDIUM>HARD,,,,1,13.0,0.1857142857142857,70,8,0.1295000000000001,0.3219999999999885,-0.2239999999999895,-0.332499999999996,0.0714999999999989,0.0714999999999989,-0.1848605053238543,0.033618414421893,0.033618414421893,0.2239999999999895,0.2269999999999896,0,1,0,85.957,0.2975438394640406,-0.3219999999999885,-0.1846666666666578,-0.3529999999999944,-1.657000000000011,1.0869999999999962,-0.0378815855781059,7.0,3.0,51.0,30.9,0.5,0,0,25.4,2.8,0.30814,0.552326,2.045853,0,0.075582,8.32,0.1602328,5.5909869805108565,14,4367.763,0,MEDIUM,85.957,,1.4828218390804608,1.1961647035238552,1.3651384254134382,strict_raw_response,0.4613333333333429,4871.622,4871.622,HARD,13.0,2.0,0.4613333333333429,-0.2406666666666694,0.7020000000000124,"ANT,HAD,LAW,LIN,STR",5.0,0.0073333333333351,0.6946666666666772,0.5393333333333601,0.287445,0.015618,85.77233333333334,85.31099999999999,0.2730000000000103,0.1679999999999968,5.0,8.0,0.0632733333333333,0.0,1.3651384254134382,
11,COL,14.0,,,,,,,,,,,,MEDIUM>HARD,,,,1,14.0,0.2,70,8,0.1909999999999954,0.8689999999999998,-0.7879999999999967,-1.0694999999999908,0.1424999999999959,0.1424999999999959,-0.5850722169187321,0.0780641281549179,0.0780641281549179,0.7879999999999967,0.1310000000000073,0,1,0,89.139,0.9293797988161998,-0.8689999999999998,-0.5523333333333369,-0.980249999999998,1.2069999999999936,0.9209999999999994,-0.0644358718450779,7.0,15.0,52.5,30.8,1.5,0,0,25.8,1.3,0.224719,0.44382,3.013269,0,-0.1029649999999999,9.8,0.12584264,5.71042701737487,15,4492.313,0,MEDIUM,89.139,,1.4828218390804608,1.7918375838537373,1.7355343364339109,strict_raw_response,1.9783333333333248,4961.545,4961.545,HARD,14.0,2.0,1.9783333333333248,0.7753333333333359,1.2029999999999887,"ALO,BEA,LIN,STR,BOR",5.0,-0.1123333333333249,1.3153333333333137,0.3956666666666706,0.2764129999999999,0.0192133333333333,88.58666666666666,86.60833333333333,0.500333333333316,0.0671666666666606,5.0,9.0,-0.1064263333333334,0.0,1.7355343364339109,
11,GAS,15.0,,,,,,,,,,,,MEDIUM>HARD,,,,1,15.0,0.2142857142857142,70,8,0.4420000000000001,-0.1620000000000061,0.0,-0.2804999999999893,0.1294999999999986,0.1294999999999986,0.1492141966141673,0.0743434716757949,0.0743434716757949,0.5609999999999928,0.0169999999999959,0,1,0,88.083,-0.2347291489090253,0.1620000000000061,-0.0159999999999911,-0.1301249999999925,0.2715000000000032,1.0095000000000027,-0.0551565283242037,7.0,12.0,51.4,30.9,-1.1000000000000014,0,0,25.4,1.4,0.142045,0.301136,4.587892,0,-0.137955,9.839999999999998,0.085227,5.771441123130016,16,4573.468,0,MEDIUM,88.083,,1.4828218390804608,1.5756572991952331,1.625478635728462,strict_raw_response,1.9383333333333328,5050.88,5050.88,HARD,15.0,2.0,1.9383333333333328,0.8039999999999878,1.1343333333333447,"ALB,BOR,BEA,ALO,STR",5.0,-0.2433333333333251,1.37766666666667,0.3300000000000125,0.2160113333333333,0.0115943333333333,88.06700000000001,86.12866666666667,0.6926666666666819,0.1831666666666744,5.0,10.0,-0.2382416666666666,0.0,1.625478635728462,
11,LEC,15.0,,,,,,,,,,,,SOFT>HARD,,,,1,18.0,0.2142857142857142,70,8,0.1310000000000073,0.0109999999999956,0.0,-0.1295000000000072,0.0938333333333313,0.0938333333333313,-0.0078503082121841,0.048543033297076,0.048543033297076,0.0169999999999959,0.1640000000000085,1,0,0,86.066,0.0123493354327592,-0.0109999999999956,-0.0046666666666794,-0.2126250000000027,-2.055499999999995,1.0139999999999958,-0.0452903000362553,7.0,3.0,51.4,30.9,-0.2000000000000028,0,0,25.4,1.4,0.231214,0.49711,2.553137,0,-0.0420419999999999,11.808,0.16647408,5.739792912179234,16,4542.143,0,SOFT,86.066,,1.4828218390804608,1.2084730922931906,1.3348949801196761,strict_raw_response,1.245999999999981,5050.88,5050.88,HARD,18.0,2.0,1.245999999999981,0.4253333333333415,0.8206666666666393,"ANT,RUS,LAW,BEA,ALO",5.0,-0.003333333333316,0.8239999999999554,0.2463333333333253,0.23211,0.0097926666666666,86.06133333333332,84.81533333333334,0.4126666666666523,-0.0144999999999981,8.0,10.0,-0.62576,0.0,1.3348949801196761,
11,PIA,15.0,,,,,,,,,,,,MEDIUM>HARD,,,,1,15.0,0.2142857142857142,70,8,0.1899999999999977,-0.0379999999999967,0.0379999999999967,0.011499999999998,0.0566249999999991,0.0566249999999991,0.1208753842385874,0.0539397660489223,0.0539397660489223,-0.0379999999999967,0.1640000000000085,0,1,0,85.643,-0.1901493069036917,0.0379999999999967,0.1066666666666691,-0.035624999999996,-2.478499999999997,1.0139999999999958,-0.0026852339510768,7.0,1.0,51.4,30.9,-0.2000000000000028,0,0,25.4,1.4,0.216374,0.350877,4.076759,0,0.088467,9.839999999999998,0.1298244,5.733341276897746,16,4534.84,0,MEDIUM,85.643,,1.4828218390804608,1.0065392732829803,1.308097366479606,strict_raw_response,0.4743333333333339,5050.88,5050.88,HARD,15.0,2.0,0.4743333333333339,0.1790000000000162,0.2953333333333177,"ANT,RUS,LAW,ALB,BEA",5.0,0.1883333333333183,0.1069999999999993,0.3003333333333415,0.2058456666666666,0.007741,85.74966666666667,85.27533333333334,0.6566666666666663,0.2294999999999967,5.0,10.0,0.2058456666666666,0.0,1.308097366479606,
11,NOR,16.0,,,,,,,,,,,,MEDIUM>HARD,,,,1,16.0,0.2285714285714285,70,8,0.2550000000000025,0.159000000000006,-0.2650000000000005,-0.2819999999999965,0.0772499999999976,0.0772499999999976,-0.1205382728770985,0.0479728652175827,0.0479728652175827,0.2650000000000005,-0.0030000000000001,0,1,0,85.878,0.1882946565912249,-0.159000000000006,-0.1880000000000024,-0.323999999999998,-1.6159999999999997,1.0060000000000002,-0.0292771347824148,7.0,1.0,52.9,30.9,1.5,0,0,25.8,0.6,0.023256,0.046512,19.167464,0,-0.029376,11.456,0.0148838399999999,5.802118375377063,17,4621.685,0,MEDIUM,85.878,,1.4828218390804608,1.1710485568269153,1.330795198570532,strict_raw_response,0.998666666666665,5143.218,5143.218,HARD,16.0,2.0,0.998666666666665,0.3776666666666557,0.6210000000000093,"ANT,RUS,ALB,BOR,BEA",5.0,-0.0223333333333215,0.6433333333333309,0.1690000000000111,0.1105673333333333,0.017706,85.69,84.69133333333333,0.5240000000000009,0.1368333333333331,5.0,11.0,-0.5215163333333332,0.0,1.330795198570532,
11,OCO,16.0,,,,,,,,,,,,MEDIUM>HARD,,,,1,16.0,0.2285714285714285,70,8,0.2460000000000022,-0.0180000000000006,0.0,0.0090000000000003,0.0097749999999997,0.0097749999999997,0.3843963501645504,0.0716896772648806,0.0716896772648806,0.1000000000000085,0.1290000000000049,0,1,0,88.293,-0.600471344258878,0.0180000000000006,0.456333333333319,0.2023749999999893,0.6670000000000016,0.9080000000000013,0.0619146772648808,7.0,14.0,52.3,31.0,0.8999999999999986,0,0,24.8,2.2,0.016949,0.045198,4.385639,0,-0.056915,11.071999999999996,0.0108473599999999,5.840641657373398,17,4667.693,0,MEDIUM,88.293,,1.4828218390804608,1.4825571953523884,1.6838759775282297,strict_raw_response,1.6373333333333164,5143.218,5143.218,HARD,16.0,2.0,1.6373333333333164,0.3776666666666557,1.2596666666666607,"ALO,STR,BEA,BOR,ALB",5.0,-0.2596666666666607,1.5193333333333214,0.4316666666666862,0.1136043333333333,0.0172083333333333,88.74933333333333,87.11200000000001,1.141999999999996,0.8058333333333345,5.0,11.0,-0.1473479999999999,0.0,1.6838759775282297,
11,SAI,17.0,,,,,,,,,,,,SOFT>MEDIUM,,,,1,17.0,0.2428571428571428,70,8,0.1234999999999928,-0.2920000000000016,0.0720000000000027,0.055499999999995,0.0321333333333328,0.0321333333333328,0.1285345543279703,-0.0201467094929036,-0.0201467094929036,-0.0720000000000027,-0.019999999999996,1,0,0,88.082,-0.1998002190800605,0.2920000000000016,0.2160000000000081,0.168750000000017,0.3219999999999885,0.5489999999999924,-0.0522800428262364,7.0,16.0,52.3,31.1,0.0,0,0,25.1,3.0,0.017045,0.051136,4.375158,0,-0.0112039999999999,11.764,0.0115906,5.905361848054571,18,4761.854,0,SOFT,88.082,,1.4828218390804608,1.248989575355583,1.430464841053526,strict_raw_response,1.2560000000000144,5251.969,5251.969,MEDIUM,17.0,2.0,1.2560000000000144,0.4440000000000026,0.8120000000000118,"ALB,ALO,STR,BOR,RUS",5.0,-0.3149999999999835,1.1269999999999951,0.2836666666666758,0.0565293333333333,0.0,88.298,87.04199999999999,-0.1363333333333258,-0.5070000000000049,5.0,12.0,-0.2247153333333333,0.0,1.430464841053526,
11,HAD,18.0,,,,,,,,,,,,MEDIUM>HARD,,,,1,18.0,0.2571428571428571,70,8,0.0789999999999935,0.0,0.0,-0.0774999999999863,0.02758333333333,0.02758333333333,0.173263286570048,0.0654551037525865,0.0654551037525865,-0.3780000000000001,-0.2159999999999939,0,1,0,86.939,-0.2684237323674381,0.0,0.1060000000000087,-0.0263750000000015,-0.6060000000000088,0.7120000000000033,0.0378717704192565,7.0,2.0,52.3,31.1,0.0,0,0,25.1,3.0,0.0,0.0,12.055489,0,0.0,12.456,0.0,5.924255797414532,19,4814.36,0,MEDIUM,86.939,,1.4828218390804608,1.3095054464543003,1.3807027504390004,strict_raw_response,2.266999999999996,5338.311,5338.311,HARD,18.0,2.0,2.266999999999996,0.0853333333333381,2.1816666666666578,"BOR,STR,ALO,ALB,RUS",5.0,0.3799999999999954,1.8016666666666623,0.3333333333333286,0.0,0.0,87.045,84.778,0.8943333333333356,0.6418333333333236,5.0,13.0,-0.3738296666666666,0.0,1.3807027504390004,
11,HUL,18.0,,,,,,,,,,,,MEDIUM>HARD,,,,1,18.0,0.2571428571428571,70,8,0.1514999999999986,0.0,0.0,-0.1154999999999972,0.0682916666666664,0.0682916666666664,0.2162654382100726,0.0766315733733888,0.0766315733733888,-0.7980000000000018,-0.2050000000000125,0,1,0,87.673,-0.3350437201995504,0.0,0.2503333333333302,-0.0589999999999975,0.508499999999998,1.0,0.0083399067067223,7.0,11.0,52.3,31.1,0.0,0,0,25.1,3.0,0.022727,0.073864,4.052423,0,0.0056819999999999,12.456,0.01636344,5.948034989180646,19,4829.793,0,MEDIUM,87.673,,1.4828218390804608,1.5440429864842105,1.5635943470206333,strict_raw_response,1.0423333333333176,5338.311,5338.311,HARD,18.0,2.0,1.0423333333333176,0.0853333333333381,0.9569999999999794,"ALB,ALO,BOR,STR,RUS",5.0,-0.3799999999999954,1.3369999999999749,0.3333333333333286,0.018939,0.0192043333333333,87.92333333333333,86.88100000000001,0.8776666666666699,0.6418333333333333,5.0,13.0,-0.7738849999999999,0.0,1.5635943470206333,
11,LIN,19.0,,,,,,,,,,,,MEDIUM>HARD,,,,1,19.0,0.2714285714285714,70,8,0.1835000000000022,-0.1410000000000053,0.3950000000000102,0.1350000000000051,0.0450000000000012,0.0450000000000012,0.4916363093766733,0.0653130994789694,0.0653130994789694,-1.1230000000000049,-0.2364999999999995,0,1,0,87.365,-0.7599502291110696,0.1410000000000053,0.5060000000000002,0.3137500000000131,0.5884999999999962,0.839500000000001,0.0203130994789682,7.0,10.0,51.6,31.5,-0.6999999999999957,0,0,24.6,1.8,0.022857,0.051429,4.038187,0,0.005908,12.616,0.01737132,5.998936561946683,20,4915.876,0,MEDIUM,87.365,,1.4828218390804608,1.557825652953598,1.5339092082297001,strict_raw_response,0.968999999999994,5425.67,5425.67,HARD,19.0,2.0,0.968999999999994,-0.0503333333333131,1.0193333333333072,"ALO,BOR,STR,RUS,ALB",5.0,-0.644999999999996,1.6643333333333032,0.2563333333333588,0.0132686666666666,0.0248936666666666,87.871,86.902,0.9069999999999964,1.0393333333333317,5.0,14.0,-0.02705,0.0,1.5339092082297001,
11,LAW,20.0,,,,,,,,,,,,MEDIUM>HARD,,,,1,20.0,0.2857142857142857,70,8,0.1829999999999998,-0.0179999999999864,0.0,-0.0619999999999976,0.1010833333333328,0.1010833333333328,0.2046587125885821,0.0778560329934908,0.0778560329934908,0.1240000000000094,0.1300000000000096,0,1,0,87.683,-0.3158941495497771,0.0179999999999864,-0.0353333333333409,-0.0251250000000027,0.7385000000000019,1.2224999999999966,-0.0232273003398419,7.0,7.0,52.4,31.1,0.7999999999999972,0,0,24.7,1.1,0.0,0.0,7.682335,0,0.0,13.92,0.0,6.042632833682381,21,4999.179,0,MEDIUM,87.683,,1.4828218390804608,1.568146133312608,1.5339594185879926,strict_raw_response,1.578666666666663,5512.916,5512.916,HARD,20.0,2.0,1.578666666666663,-0.4956666666666507,2.074333333333314,"ALO,STR,BOR,COL,ALB",5.0,-0.9909999999999995,3.0653333333333137,0.4836666666666502,0.0019046666666666,0.01351,87.64766666666667,86.069,0.926333333333332,1.2918333333333294,5.0,15.0,0.0019046666666666,0.0,1.5339594185879926,
11,ANT,21.0,,,,,,,,,,,,MEDIUM>HARD,,,,1,21.0,0.3,70,8,0.2039999999999864,0.0699999999999931,-0.0699999999999931,0.0339999999999918,-0.0881333333333311,-0.0881333333333311,-0.0463469280583552,-0.0256320580305538,-0.0256320580305538,0.191999999999993,0.0069999999999907,0,1,0,85.702,0.0714721141016525,-0.0699999999999931,-0.0873333333333334,0.0822500000000019,-1.2475000000000025,1.1024999999999991,0.0625012753027773,7.0,1.0,52.4,30.9,0.0,0,0,24.7,1.1,0.0,0.0,7.863515,0,0.0,14.616,0.0,6.077642243349034,22,5058.031,0,MEDIUM,85.702,,1.4828218390804608,1.092349503699393,1.146141342317119,strict_raw_response,1.26100000000001,5600.773,5600.773,HARD,21.0,2.0,1.26100000000001,-0.1213333333333253,1.3823333333333352,"LEC,VER,RUS,GAS,HAM",5.0,0.0430000000000063,1.3393333333333288,0.2226666666666688,0.0,0.0,85.61466666666666,84.35366666666665,-0.0829999999999842,0.3236666666666725,5.0,16.0,-0.4435263333333333,0.0,1.146141342317119,
11,BEA,21.0,,,,,,,,,,,,MEDIUM>HARD,,,,1,21.0,0.3,70,8,0.1275000000000119,0.8389999999999986,-0.8389999999999986,-0.8220000000000027,-0.0244999999999985,-0.0244999999999985,-0.6331657680707536,0.0388106231903334,0.0388106231903334,0.8389999999999986,-0.0174999999999911,0,1,0,89.195,0.9764119849287596,-0.8389999999999986,-0.6503333333333217,-0.7851249999999936,3.2029999999999887,1.121000000000009,0.063310623190332,7.0,14.0,52.1,31.1,-0.2999999999999971,0,0,25.1,3.5,0.011173,0.050279,4.430443,0,0.005523,14.364,0.00938532,6.107022887742255,22,5114.156,0,MEDIUM,89.195,,1.4828218390804608,1.9959131800147243,1.665177424985395,strict_raw_response,2.048333333333346,5600.773,5600.773,HARD,21.0,2.0,2.048333333333346,-0.6823333333333466,2.7306666666666928,"COL,STR,ALO,OCO,BOR",5.0,-0.6299999999999955,3.360666666666688,0.6706666666666763,0.0056076666666666,0.0038313333333333,88.54466666666667,86.49633333333333,0.1123333333333249,0.7983333333333273,5.0,16.0,-0.7534196666666667,0.0,1.665177424985395,
11,ALB,25.0,,,,,,,,,,,,MEDIUM>HARD,,,,1,25.0,0.3571428571428571,70,8,0.1969999999999956,1.481999999999999,-1.3399999999999892,-1.4110000000000014,0.0169583333333331,0.0169583333333331,-0.975543212350928,0.0606239900817702,0.0606239900817702,1.634999999999991,0.164999999999992,0,1,0,89.862,1.5029709680483307,-1.481999999999999,-0.99166666666666,-1.2018750000000011,3.352000000000004,1.2704999999999984,0.0436656567484371,7.0,16.0,50.7,31.0,0.9000000000000057,0,0,26.1,1.7,0.011111,0.044444,12.336821,0,0.011111,15.700000000000005,0.011111,6.282266746896006,26,5477.249,0,MEDIUM,89.862,,1.4828218390804608,2.0018607529499026,1.702172366244535,strict_raw_response,2.187999999999988,5953.165,5953.165,HARD,25.0,2.0,2.187999999999988,0.6189999999999856,1.5690000000000026,"ALO,COL,OCO,SAI,HUL",5.0,0.2749999999999915,1.2940000000000111,0.2230000000000132,0.0037036666666666,0.0038536666666666,88.87033333333333,86.68233333333335,0.0660000000000025,0.7683333333333355,5.0,20.0,-0.593664,0.0,1.702172366244535,
11,RUS,26.0,,,,,,,,,,,,MEDIUM>HARD,,,,1,26.0,0.3714285714285714,70,8,0.2110000000000056,0.5309999999999917,-0.4129999999999967,-0.5109999999999957,0.0770714285714301,0.0770714285714301,-0.4689946009963961,-0.0079233275638186,-0.0079233275638186,0.4129999999999967,0.4239999999999995,0,1,0,86.737,0.7223643772137365,-0.5309999999999917,-0.3146666666666675,-0.5051249999999925,0.0204999999999984,1.0714999999999932,-0.0849947561352487,7.0,7.0,50.7,30.9,0.9000000000000057,0,0,26.1,2.5,0.011494,0.034483,4.30835,0,0.011494,16.328000000000003,0.01195376,6.304448802421981,27,5516.243,0,MEDIUM,86.737,,1.4828218390804608,1.4307218370572432,1.3464207962292523,strict_raw_response,2.280999999999992,6040.764,6040.764,HARD,26.0,2.0,2.280999999999992,-0.4086666666666616,2.6896666666666533,"BEA,GAS,LAW,HAD,VER",5.0,0.8006666666666717,1.8889999999999816,0.3043333333333322,0.0038313333333333,0.001984,86.42233333333333,84.14133333333334,-0.63066666666667,0.1180000000000092,5.0,21.0,-0.6850223333333334,0.0,1.3464207962292523,
11,BOR,28.0,,,,,,,,,,,,SOFT>HARD,,,,1,28.0,0.4,70,8,0.1884999999999976,0.4370000000000118,-0.4370000000000118,-0.5395000000000039,0.1047500000000024,0.1047500000000024,-0.4473773865732511,0.0080543546222492,0.0080543546222492,0.5440000000000111,-0.3389999999999986,1,0,0,87.68,0.6890448555301845,-0.4370000000000118,-0.3270000000000124,-0.5575000000000045,1.344500000000011,0.8135000000000048,-0.0966956453777531,7.0,8.0,50.0,30.9,-1.2999999999999972,0,0,25.6,3.7,0.0,0.0,17.844183,0,0.0,16.8,0.0,6.380122536899765,29,5710.018,0,SOFT,87.68,,1.4828218390804608,1.7498690027655819,1.3882755757652365,strict_raw_response,1.7806666666666473,6217.757,6217.757,HARD,28.0,2.0,1.7806666666666473,0.1556666666666899,1.6249999999999574,"STR,GAS,BEA,COL,SAI",5.0,0.1786666666666576,1.4463333333332995,0.2183333333333053,0.0,0.015461,87.353,85.57233333333335,-0.2833333333333314,0.6516666666666708,5.0,23.0,-0.9790476666666666,0.0,1.3882755757652365,
11,HAM,29.0,,,,,,,,,,,,HARD>HARD,,,,1,16.0,0.4142857142857143,70,8,0.1844999999999999,0.0789999999999935,0.0,-0.0935000000000059,0.0603392857142855,0.0603392857142855,-0.0576297877991294,0.0106937331820476,0.0106937331820476,0.108000000000004,0.2859999999999942,0,0,1,85.619,0.0900243619230138,-0.0789999999999935,0.0663333333333469,-0.1433749999999918,-1.211500000000001,0.9840000000000018,-0.0496455525322379,7.0,4.0,50.5,31.0,-0.7999999999999972,0,0,25.6,2.0,0.005848,0.040936,4.252818,0,-0.005848,9.92,0.0037427199999999,6.405228458030842,30,5756.635,1,HARD,85.619,,1.4828218390804608,1.4510021288468722,1.8476087244188029,strict_raw_response,1.659000000000006,6305.75,6305.75,HARD,16.0,2.0,1.659000000000006,-0.2026666666666727,1.8616666666666788,"HAD,LEC,VER,ANT,HUL",5.0,0.3756666666666461,1.4860000000000326,0.0706666666666535,0.0097239999999999,0.001996,85.68533333333335,84.02633333333334,-0.0153333333333165,0.7331666666666716,5.0,11.0,-0.013635,0.0,1.8476087244188029,
11,PIA,32.0,,,,,,,,,,,,HARD>HARD,,,,1,16.0,0.4571428571428571,70,8,0.231500000000004,0.0,0.0,-0.2310000000000087,0.0922499999999993,0.0922499999999993,0.0443509706208828,0.1108050524132793,0.1108050524132793,-0.0120000000000004,0.071000000000005,0,0,1,85.831,-0.0692813210544471,0.0,-0.0280000000000057,-0.3072500000000104,-0.5720000000000027,0.9789999999999992,0.01855505241328,7.0,1.0,51.1,31.0,0.8000000000000043,0,0,25.9,1.3,0.017544,0.05848,3.967282,0,0.000102,10.304,0.01122816,6.496774990185863,33,6006.097,1,HARD,85.831,,1.4828218390804608,1.6467021800577288,1.9925672366248568,strict_raw_response,1.2906666666666666,6569.051,6569.051,HARD,16.0,2.0,1.2906666666666666,0.0396666666666618,1.2510000000000048,"HUL,ANT,LAW,NOR,VER",5.0,-0.2836666666666616,1.5346666666666664,0.4526666666666727,0.011662,0.011719,85.803,84.51233333333333,1.391333333333321,1.6886666666666628,5.0,11.0,0.011662,0.0,1.9925672366248568,
11,BEA,41.0,,,,,,,,,,,,HARD>HARD,,,,1,19.0,0.5857142857142857,70,3,1.0600000000000025,1.0600000000000025,-1.0600000000000025,-1.0600000000000025,0.4,0.4,-0.6108469801021386,0.1570405587838242,0.1570405587838242,1.0600000000000025,0.0514999999999972,0,0,1,89.694,1.275954022988515,-1.0600000000000025,-1.1539999999999964,-1.1539999999999964,4.1625000000000085,0.880500000000005,-0.2429594412161758,2.0,19.0,49.9,31.0,0.2999999999999971,0,0,26.1,1.9,0.01676,0.061453,4.455229,0,-0.0001889999999999,11.323999999999998,0.0127376,6.782192056006791,42,6904.63,2,HARD,89.694,,1.4828218390804608,2.580665802066517,2.5563709641757,strict_raw_response,2.299666666666667,7377.768,7377.768,HARD,19.0,2.0,2.299666666666667,0.6276666666666841,1.6719999999999828,"STR,OCO,LIN,ALB,COL",5.0,,,0.4223333333333272,0.0150459999999999,0.0192903333333333,88.54,86.24033333333334,0.0,0.0,19.0,0.0,0.0,0.0,2.5563709641757,
11,LAW,41.0,,,,,,,,,,,,HARD>SOFT,,,,1,20.0,0.5857142857142857,70,3,0.0690000000000026,0.0,0.0,0.0,0.0345000000000013,0.0345000000000013,0.0529307536538112,-0.0034840714327639,-0.0034840714327639,-0.1450000000000102,-0.2169999999999987,0,0,1,86.529,-0.1105632183908085,0.0,0.0253333333333358,0.0253333333333358,0.9359999999999928,1.0489999999999924,-0.0379840714327652,2.0,9.0,49.6,31.0,0.3000000000000042,0,0,26.0,2.2,0.00578,0.046243,4.656187,0,0.00578,11.68,0.004624,6.761572768804055,42,6835.414,2,HARD,86.529,,1.4828218390804608,1.427278451506382,1.2265223697553955,strict_raw_response,1.419333333333341,7377.768,7377.768,SOFT,20.0,2.0,1.419333333333341,-0.4796666666666738,1.8990000000000151,"LIN,OCO,BOR,ALO,COL",5.0,,,0.2076666666666682,0.0019266666666666,0.0058593333333333,86.55433333333333,85.13499999999999,0.0,0.0,20.0,0.0,0.0,0.0,1.2265223697553955,
11,SAI,42.0,,,,,,,,,,,,MEDIUM>SOFT,,,,1,24.0,0.6,70,4,0.1679999999999992,-0.8495000000000061,0.7560000000000002,0.8495000000000061,-0.2506666666666651,-0.2506666666666651,0.5069189864627504,-0.097930311430344,-0.097930311430344,-1.0919999999999987,-0.0459999999999922,0,1,0,87.53,-0.9676069583846924,0.8495000000000061,0.6159999999999997,0.6977500000000134,2.2590000000000003,0.7905000000000015,0.1527363552363211,3.0,17.0,49.9,31.4,0.0,0,0,26.1,1.9,0.017143,0.04,4.34774,0,0.011493,14.303999999999998,0.0164572799999999,6.80128303447162,43,6982.468,2,MEDIUM,87.53,,1.4828218390804608,0.58637582959139,0.6698533334057198,strict_raw_response,1.945666666666668,7489.188,7489.188,SOFT,24.0,5.0,1.945666666666668,0.6723333333333272,1.2733333333333403,"ALB,OCO,LIN,RUS,STR",5.0,,,0.2616666666666702,0.0132473333333333,0.0174086666666666,88.146,86.20033333333333,0.0,0.0,23.5,0.5,0.0,0.0,0.6698533334057198,
12,BOR,10.0,,,,,,,,,,,,SOFT>MEDIUM,,,,1,11.0,0.1388888888888889,72,5,0.2239999999999895,0.0630000000000023,-0.0630000000000023,-0.0630000000000023,-0.1062499999999921,-0.1062499999999921,-0.137689578549768,-0.0337525198348647,-0.0337525198348647,0.2869999999999919,0.1619999999999919,1,0,0,79.08,0.262247154405486,-0.0630000000000023,-0.1166666666666742,0.1066000000000002,0.414999999999992,0.5299999999999869,0.0724974801651273,4.0,13.0,35.0,19.2,-0.8999999999999986,0,0,57.6,1.7,0.993671,1.0,0.447923,0,-0.006329,0.0,0.43721524,5.2832037287379885,11,6061.59,4,SOFT,79.08,,1.4807238095238102,1.206998853736487,1.221184593923014,strict_raw_response,1.0156666666666467,6470.732,6470.732,MEDIUM,11.0,2.0,1.0156666666666467,-0.3426666666666591,1.358333333333306,"OCO,ALB,ALO,LIN,GAS",5.0,,,0.1359999999999814,0.9978903333333332,0.234463,78.96333333333332,77.94766666666668,0.0,0.0,10.0,1.0,0.0,0.0,1.221184593923014,
12,STR,14.0,,,,,,,,,,,,SOFT>HARD,,,,1,12.0,0.1944444444444444,72,8,0.1079999999999969,0.0,0.0,-0.0494999999999947,-0.0073333333333351,-0.0073333333333351,-0.000382547715958,-0.0226093675964975,-0.0226093675964975,-0.4009999999999962,0.039999999999992,1,0,0,79.291,0.000658383062202,0.0,0.0706666666666677,0.0370000000000061,0.2385000000000019,0.5859999999999914,-0.0152760342631623,7.0,14.0,33.7,19.1,-1.1999999999999955,0,0,59.5,0.8,0.0,0.632911,2.189453,0,-0.04375,-0.6239999999999987,0.0,5.627621113690637,15,6381.364,4,SOFT,79.291,,1.4807238095238102,1.4565006965354956,1.2271907640105129,strict_raw_response,0.5866666666666731,6794.609,6794.609,HARD,12.0,2.0,0.5866666666666731,0.0960000000000036,0.4906666666666694,"ALB,SAI,ALO,LIN,COL",5.0,0.1056666666666927,0.3849999999999767,0.0709999999999837,0.117959,0.065441,79.36166666666666,78.77499999999999,0.1269999999999953,-0.1478333333333334,7.0,5.0,-0.5208306666666667,0.0,1.2271907640105129,
12,OCO,15.0,,,,,,,,,,,,SOFT>HARD,,,,1,16.0,0.2083333333333333,72,8,0.136499999999998,-0.0130000000000052,0.0130000000000052,-0.0494999999999947,0.06325,0.06325,0.0341061493131462,0.0235135258222071,0.0235135258222071,-0.0130000000000052,0.0409999999999968,1,0,0,79.244,-0.0571142048184469,0.0130000000000052,0.0590000000000117,-0.0926249999999981,0.2489999999999952,0.7944999999999993,-0.0397364741777928,7.0,12.0,35.2,19.3,1.5,0,0,58.5,1.5,0.522013,1.0,0.953811,0,0.0220129999999999,0.1280000000000018,0.33408832,5.69035945432406,16,6457.424,4,SOFT,79.244,,1.4807238095238102,1.5238081576211449,1.2938644030855604,strict_raw_response,-0.2539999999999907,6874.532,6874.532,HARD,16.0,2.0,-0.2539999999999907,0.0666666666666628,-0.3206666666666535,"LIN,ALB,SAI,ALO,COL",5.0,-0.0100000000000193,-0.3106666666666342,0.0593333333333276,0.5503146666666666,0.552902,79.30300000000001,79.557,0.3526666666666784,4.718447854656915e-15,10.0,6.0,-0.215508,0.0,1.2938644030855604,
12,RUS,16.0,,,,,,,,,,,,MEDIUM>HARD,,,,1,16.0,0.2222222222222222,72,8,0.1604999999999918,0.0350000000000108,0.0,-0.1779999999999972,0.094089285714287,0.094089285714287,-0.0145267297945821,0.0366383196001411,0.0366383196001411,-0.1359999999999956,0.0579999999999927,0,1,0,77.656,0.023791495498699,-0.0350000000000108,0.0336666666666616,-0.2005000000000052,-1.3419999999999987,1.031000000000006,-0.0574509661141459,7.0,4.0,36.1,19.2,1.3000000000000045,0,0,58.6,1.3,0.0,0.554839,2.364235,0,0.0,0.704000000000001,0.0,5.730099782973574,17,6512.608,4,MEDIUM,77.656,,1.4807238095238102,1.2350754854903399,1.186476249494855,strict_raw_response,1.2576666666666654,6957.451,6957.451,HARD,16.0,2.0,1.2576666666666654,0.1043333333333436,1.1533333333333218,"HAM,ALB,LIN,SAI,ALO",5.0,-0.0620000000000118,1.2153333333333336,0.0523333333333511,0.0215053333333333,0.0219296666666666,77.68966666666667,76.432,0.4749999999999943,0.1906666666666627,9.0,7.0,-0.3587346666666666,0.0,1.186476249494855,
12,GAS,17.0,,,,,,,,,,,,MEDIUM>HARD,,,,1,18.0,0.2361111111111111,72,8,0.1955000000000026,0.1280000000000001,0.0,-0.2420000000000044,0.0599166666666685,0.0599166666666685,-0.0583801162324419,0.0399672517131536,0.0399672517131536,0.1280000000000001,0.0409999999999968,0,1,0,78.944,0.0939662255154445,-0.1280000000000001,-0.0246666666666612,-0.2099999999999937,0.0,0.8220000000000027,-0.0199494149535149,7.0,8.0,36.3,19.2,0.1999999999999957,0,0,58.6,0.7,0.0,0.0,7.43392,0,0.0,0.935999999999998,0.0,5.805134968916488,18,6606.811,4,MEDIUM,78.944,,1.4807238095238102,1.5123415380601855,1.3175189672931715,strict_raw_response,0.248333333333349,7054.249,7054.249,HARD,18.0,2.0,0.248333333333349,0.1196666666666743,0.1286666666666747,"LIN,ALB,ALO,SAI,BOR",5.0,-0.1013333333333434,0.2300000000000182,0.0816666666666776,0.0,0.7750406666666666,78.91933333333334,78.67099999999999,0.4153333333333506,0.1225000000000022,10.0,8.0,-0.0615709999999999,0.0,1.3175189672931715,
12,PIA,17.0,,,,,,,,,,,,HARD>HARD,,,,1,15.0,0.2361111111111111,72,8,0.1104999999999947,0.0230000000000103,0.0,-0.150500000000008,0.028500000000001,0.028500000000001,-0.0177954446035215,0.0317467085741984,0.0317467085741984,-0.0409999999999968,-0.0944999999999964,0,0,1,77.465,0.0286428131472717,-0.0230000000000103,0.005999999999986,-0.1299999999999954,-1.4089999999999918,1.0075000000000005,0.0032467085741973,7.0,3.0,36.3,19.2,0.1999999999999957,0,0,58.6,0.7,0.0,0.0,4.991074,0,0.0,0.7799999999999983,0.0,5.7899601708972535,18,6587.595,4,HARD,77.465,,1.4807238095238102,1.3493100690072746,1.5493942242252015,strict_raw_response,1.1583333333333314,7054.249,7054.249,HARD,15.0,2.0,1.1583333333333314,0.1196666666666743,1.038666666666657,"HAM,LIN,ALB,ALO,SAI",5.0,0.1156666666666552,0.9230000000000018,0.0619999999999976,0.0,0.6697196666666666,77.47099999999999,76.31266666666666,0.2603333333333211,0.0261666666666637,7.0,8.0,0.0,0.0,1.5493942242252015,
12,TSU,17.0,,,,,,,,,,,,SOFT>HARD,,,,1,15.0,0.2361111111111111,72,8,0.1649999999999991,-0.3140000000000071,0.2670000000000101,0.1970000000000027,0.0537083333333328,0.0537083333333328,0.19208120253505,0.0030231564206688,0.0030231564206688,-0.3700000000000045,0.0409999999999968,1,0,0,78.725,-0.3091659756692024,0.3140000000000071,0.2123333333333334,0.15462500000001,-0.2070000000000078,0.8340000000000032,-0.0506851769126639,7.0,10.0,36.3,19.2,0.1999999999999957,0,0,58.6,0.7,0.0,0.356688,2.842693,0,0.0,0.7799999999999983,0.0,5.811140992976701,18,6611.143,4,SOFT,78.725,,1.4807238095238102,1.4300156201047822,1.2082343970058276,strict_raw_response,0.6586666666666616,7054.249,7054.249,HARD,15.0,2.0,0.6586666666666616,0.1196666666666743,0.5389999999999873,"ALB,LIN,ALO,SAI,HAM",5.0,-0.0769999999999981,0.6159999999999854,0.0619999999999976,0.0,0.0063693333333333,78.93733333333333,78.27866666666667,0.1686666666666525,-0.1645000000000038,7.0,8.0,-0.2679456666666666,0.0,1.2082343970058276,
12,HUL,18.0,,,,,,,,,,,,SOFT>SOFT,,,,1,19.0,0.25,72,8,0.2305000000000134,0.3350000000000079,-0.3960000000000008,-0.3654999999999972,0.0357500000000013,0.0357500000000013,-0.1742912335850519,0.0197046242621084,0.0197046242621084,0.3960000000000008,-0.0145000000000052,1,0,0,79.061,0.2768594148219421,-0.3350000000000079,-0.2963333333333366,-0.2338750000000118,0.1170000000000044,0.3870000000000004,-0.0160453757378928,7.0,8.0,37.3,19.5,1.0,0,1,58.1,1.1,0.550633,1.0,0.895632,0,0.283117,1.7479999999999978,0.41848108,5.863631175598097,19,6687.226,4,SOFT,79.061,,1.4807238095238102,0.7463474137483457,0.6827984241996493,strict_raw_response,-0.2513333333333349,7132.495,7132.495,SOFT,19.0,2.0,-0.2513333333333349,-0.1729999999999876,-0.0783333333333473,"ALB,LIN,SAI,BOR,ALO",5.0,0.1353333333333353,-0.2136666666666826,0.0816666666666918,0.310933,0.9957806666666666,78.76466666666667,79.016,0.1646666666666618,-0.1061666666666667,10.0,9.0,-0.0555643333333332,0.0,0.6827984241996493,
12,ANT,20.0,,,,,,,,,,,,MEDIUM>HARD,,,,1,20.0,0.2777777777777778,72,8,0.109499999999997,0.2349999999999994,-0.159000000000006,-0.2725000000000079,0.0765857142857137,0.0765857142857137,-0.0619465384096855,0.0744500094677138,0.0744500094677138,0.159000000000006,0.159000000000006,0,1,0,77.601,0.096767623249093,-0.2349999999999994,-0.1386666666666656,-0.3100000000000023,-1.397500000000008,0.9074999999999988,-0.0021357048179999,7.0,1.0,38.0,19.5,0.7000000000000028,0,0,55.6,0.7,0.0,0.0,18.405993,0,0.0,2.4,0.0,5.953243334287785,21,6812.883,4,MEDIUM,77.601,,1.4807238095238102,1.1833726057135256,1.1696114306444652,strict_raw_response,1.3910000000000051,7287.437,7287.437,HARD,20.0,2.0,1.3910000000000051,-0.3506666666666547,1.74166666666666,"LIN,ALO,ALB,SAI,STR",5.0,-0.3823333333333352,2.1239999999999952,0.0919999999999845,0.0,0.0,77.46233333333333,76.07133333333333,0.7710000000000008,0.6078333333333226,9.0,11.0,0.0,0.0,1.1696114306444652,
12,COL,20.0,,,,,,,,,,,,MEDIUM>HARD,,,,1,18.0,0.2777777777777778,72,8,0.301000000000009,0.0,-0.1330000000000097,-0.2620000000000146,0.1939761904761901,0.1939761904761901,0.0678840466333099,0.1362617723285479,0.1362617723285479,0.1330000000000097,0.0549999999999997,0,1,0,80.641,-0.1111787038616824,0.0,-0.1959999999999979,-0.4413750000000078,1.9040000000000104,0.6749999999999972,-0.0577144181476421,7.0,18.0,38.2,19.5,0.4000000000000057,0,0,56.3,0.9,0.968944,1.0,0.456765,0,0.024845,2.304000000000002,0.6976396800000001,5.996452088619021,21,6873.082,5,MEDIUM,80.641,,1.4807238095238102,1.9742550570231192,1.6489040282861926,strict_raw_response,2.715666666666678,7287.437,7287.437,HARD,18.0,2.0,2.715666666666678,-0.2586666666666701,2.974333333333348,"PER,BOT,SAI,LIN,ALO",5.0,-0.9226666666666716,3.89700000000002,0.0919999999999845,0.890269,0.0,80.44500000000001,77.72933333333333,1.0206666666666706,1.0940000000000036,11.0,7.0,0.598652,0.0,1.6489040282861926,
12,LAW,20.0,,,,,,,,,,,,SOFT>MEDIUM,,,,1,18.0,0.2777777777777778,72,8,0.3819999999999908,0.0,0.0130000000000052,-0.3754999999999882,0.1437499999999985,0.1437499999999985,0.0289533241779338,0.0915919682351716,0.0915919682351716,-0.2630000000000052,0.159000000000006,1,0,0,78.737,-0.0452284249900998,0.0,0.0919999999999987,-0.3245000000000004,-0.194500000000005,0.7974999999999994,-0.0521580317648269,7.0,5.0,38.0,19.5,0.2000000000000028,0,0,55.6,0.7,0.0,0.0,9.616457,0,-0.006329,2.16,0.0,5.963579343618446,21,6834.993,5,SOFT,78.737,,1.4807238095238102,1.3089825799192387,1.3978768382675246,strict_raw_response,1.403333333333336,7287.437,7287.437,MEDIUM,18.0,2.0,1.403333333333336,-0.3506666666666547,1.753999999999991,"ALO,LIN,ALB,SAI,STR",5.0,-0.7670000000000101,2.521000000000001,0.0919999999999845,0.0042326666666666,0.3018996666666666,78.829,77.42566666666666,1.103999999999985,0.9394999999999906,7.0,11.0,-0.0323263333333333,0.0,1.3978768382675246,
12,LEC,20.0,,,,,,,,,,,,SOFT>MEDIUM,,,,1,18.0,0.2777777777777778,72,8,0.1820000000000021,0.0,0.0,0.0395000000000038,-0.0041500000000006,-0.0041500000000006,0.0881862644697548,0.0044985618187224,0.0044985618187224,-0.0789999999999935,0.159000000000006,1,0,0,77.435,-0.1377570956348961,0.0,-0.0353333333333267,0.1017499999999955,-1.5635000000000048,0.7974999999999994,0.008648561818723,7.0,3.0,38.0,19.5,0.2000000000000028,0,0,55.6,0.7,0.0,0.0,7.785254,0,-0.012903,2.16,0.0,5.958424693029782,21,6823.06,4,SOFT,77.435,,1.4807238095238102,0.8028350981266699,1.009078874289397,strict_raw_response,1.5660000000000167,7287.437,7287.437,MEDIUM,18.0,2.0,1.5660000000000167,-0.3506666666666547,1.9166666666666716,"LIN,ALO,ALB,SAI,STR",5.0,0.6316666666666606,1.2850000000000108,0.0919999999999845,0.0064516666666666,0.0,77.39966666666668,75.83366666666666,0.2220000000000084,0.0588333333333253,7.0,11.0,-0.980575,0.0,1.009078874289397,
12,NOR,20.0,,,,,,,,,,,,SOFT>HARD,,,,1,21.0,0.2777777777777778,72,8,0.1355000000000075,0.3790000000000049,-0.3130000000000024,-0.4934999999999974,0.0811666666666669,0.0811666666666669,-0.1779362989029351,0.0766661356704867,0.0766661356704867,0.3130000000000024,0.2040000000000077,1,0,0,77.821,0.2779569799478025,-0.3790000000000049,-0.2306666666666643,-0.4616249999999979,-1.177500000000009,0.7974999999999994,-0.0045005309961802,7.0,2.0,38.0,19.5,0.7000000000000028,0,0,55.6,0.7,0.025641,0.730769,2.066214,0,-0.05823,2.52,0.02153844,5.955837369464831,21,6815.18,4,SOFT,77.821,,1.4807238095238102,1.2279865634408713,1.1736482832215493,strict_raw_response,1.4639999999999986,7287.437,7287.437,HARD,21.0,2.0,1.4639999999999986,-0.3506666666666547,1.814666666666653,"LIN,ALO,ALB,SAI,STR",5.0,-0.4316666666666719,2.2463333333333253,0.0919999999999845,0.0689716666666666,0.1860166666666666,77.59033333333333,76.12633333333333,0.820999999999998,0.6578333333333244,10.0,11.0,-0.5969453333333333,0.0,1.1736482832215493,
12,HAM,24.0,,,,,,,,,,,,SOFT>HARD,,,,1,25.0,0.3333333333333333,72,8,0.1204999999999927,-0.0060000000000002,0.0,0.0030000000000001,0.0100833333333317,0.0100833333333317,0.0078046429501057,0.0173233102937051,0.0173233102937051,-0.1559999999999917,0.3250000000000028,1,0,0,77.715,-0.0120465970692293,0.0060000000000002,-0.0370000000000061,-0.0621250000000088,-1.399499999999989,0.8900000000000006,0.0072399769603733,7.0,1.0,36.1,19.3,0.3999999999999986,0,0,57.1,0.9,0.0,0.374194,2.916271,0,0.0,1.1000000000000014,0.0,6.142037405587356,25,7135.403,4,SOFT,77.715,,1.4807238095238102,1.1107947129149516,1.0415710948052164,strict_raw_response,1.9906666666666557,7617.105,7617.105,HARD,25.0,2.0,1.9906666666666557,-0.7649999999999864,2.7556666666666416,"PIA,BOR,TSU,RUS,LIN",5.0,0.123666666666665,2.6319999999999766,0.3530000000000228,0.0064516666666666,0.0,77.678,75.68733333333334,0.4129999999999967,0.1534999999999939,10.0,15.0,-0.4839266666666666,0.0,1.0415710948052164,
12,ALB,25.0,,,,,,,,,,,,HARD>HARD,,,,1,23.0,0.3472222222222222,72,8,0.1129999999999995,0.0,0.1069999999999993,0.0289999999999963,-0.0038333333333322,-0.0038333333333322,0.241429197774849,0.0247378121672475,0.0247378121672475,-0.9339999999999976,-0.1099999999999994,0,0,1,79.137,-0.3723106556082172,0.0,0.3469999999999942,0.1349999999999909,0.0120000000000004,0.7789999999999964,0.0285711455005797,7.0,8.0,34.3,19.1,-0.3000000000000042,0,1,56.1,1.5,0.0,0.220126,3.698032,0,-0.3625,-0.6440000000000026,0.0,6.198478716492308,26,7248.96,4,HARD,79.137,,1.4807238095238102,1.5392740956384041,1.7545243643860309,strict_raw_response,0.9423333333333233,7696.471,7696.471,HARD,23.0,2.0,0.9423333333333233,-0.8353333333333524,1.7776666666666756,"HUL,STR,GAS,LIN,BOR",5.0,0.0096666666666749,1.768000000000001,0.2163333333333241,0.1208333333333333,0.137265,79.484,78.54166666666667,0.5249999999999915,0.1426666666666752,7.0,16.0,-0.4119543333333333,0.0,1.7545243643860309,
12,BOT,27.0,,,,,,,,,,,,HARD>HARD,,,,1,25.0,0.375,72,8,0.1649999999999991,0.0,0.2620000000000004,-0.1539999999999963,0.091916666666665,0.091916666666665,0.150371178685603,0.0323944361271973,0.0323944361271973,-0.5110000000000099,-0.1944999999999979,0,0,1,80.538,-0.2316851068000005,0.0,0.2576666666666654,-0.0772499999999922,1.6769999999999925,1.5009999999999906,-0.0595222305394676,7.0,18.0,33.0,19.2,-0.6000000000000014,0,0,54.8,2.8,0.304348,0.857143,1.197477,0,-0.0536769999999999,-2.0,0.304348,6.295266001439646,28,7434.852,4,HARD,80.538,,1.4807238095238102,2.039165530095231,1.9708969133886964,strict_raw_response,1.7966666666666526,7854.102,7854.102,HARD,25.0,4.0,1.7966666666666526,0.7706666666666706,1.025999999999982,"GAS,ALO,STR,HUL,LIN",5.0,-0.6210000000000093,1.6469999999999914,0.7233333333333434,0.2849733333333333,0.304731,80.79566666666666,78.99900000000001,0.9893333333333204,0.5843333333333383,7.0,18.0,-0.1075056666666667,0.0,1.9708969133886964,
12,PER,28.0,,,,,,,,,,,,HARD>HARD,,,,1,26.0,0.3888888888888889,72,8,0.2160000000000081,-0.0319999999999964,0.0,0.075499999999991,-0.0383571428571436,-0.0383571428571436,0.1062670570533868,-0.0145511128488125,-0.0145511128488125,0.1910000000000025,0.0709999999999979,0,0,1,80.33,-0.1637013552158066,0.0319999999999964,-0.0530000000000114,0.1752499999999912,1.880999999999986,1.5524999999999949,0.023806030008331,7.0,18.0,32.3,19.1,-0.7000000000000028,0,0,54.0,1.1,0.360248,1.0,1.137509,0,0.185248,-2.808000000000003,0.37465792,6.331501849893691,29,7516.586,4,HARD,80.33,,1.4807238095238102,1.848667215169463,1.8381794628778072,strict_raw_response,2.103666666666655,7932.734,7932.734,HARD,26.0,2.0,2.103666666666655,1.5626666666666722,0.5409999999999826,"GAS,TSU,LIN,HUL,ALO",5.0,0.4290000000000162,0.1119999999999663,0.289999999999992,0.1866976666666666,0.0,80.27699999999999,78.17333333333333,0.3209999999999837,0.1343333333333305,7.0,19.0,-0.4445523333333333,0.0,1.8381794628778072,
12,SAI,29.0,,,,,,,,,,,,SOFT>HARD,,,,1,27.0,0.4027777777777778,72,8,0.1580000000000012,0.7630000000000052,-0.7630000000000052,-1.0045000000000073,0.1015000000000014,0.1015000000000014,-0.5351120821911479,0.0836406778137872,0.0836406778137872,0.7630000000000052,-0.036999999999999,1,0,0,80.706,0.8242429826307784,-0.7630000000000052,-0.596666666666664,-0.8661250000000109,2.4039999999999964,1.703000000000003,-0.0178593221862142,7.0,11.0,32.0,19.0,-0.2999999999999971,0,1,55.3,1.2,0.248447,0.732919,1.428542,0,0.248447,-3.24,0.26832276,6.354370040797351,30,7579.364,4,SOFT,80.706,,1.4807238095238102,1.9139574398040753,1.4775688477445614,strict_raw_response,0.7596666666666749,8011.771,8011.771,HARD,27.0,2.0,0.7596666666666749,1.2710000000000008,-0.5113333333333259,"LIN,GAS,STR,COL,TSU",5.0,-0.9763333333333292,0.4650000000000034,0.3733333333333206,0.084912,0.1430766666666666,80.10933333333334,79.34966666666666,0.798000000000016,0.7820000000000012,7.0,20.0,-0.1592696666666666,0.0,1.4775688477445614,
12,ALO,33.0,,,,,,,,,,,,SOFT>HARD,,,,1,31.0,0.4583333333333333,72,8,0.0480000000000018,0.0649999999999977,-0.0900000000000034,-0.0480000000000018,-0.011916666666669,-0.011916666666669,-0.0630301078293484,-0.0122852398089372,-0.0122852398089372,0.0900000000000034,0.1599999999999966,1,0,0,79.071,0.0970777781406582,-0.0649999999999977,-0.0619999999999976,-0.0351249999999936,0.5819999999999936,1.0535000000000068,-0.0003685731422681,7.0,8.0,30.7,18.9,-0.5,0,0,55.9,3.2,0.0,0.0,20.0,0,0.0,-5.332000000000001,0.0,6.480044561926653,34,7881.98,4,SOFT,79.071,,1.4807238095238102,1.4137055678920671,1.1151500105097467,strict_raw_response,0.3910000000000053,8330.534,8330.534,HARD,31.0,2.0,0.3910000000000053,-0.2193333333333385,0.6103333333333438,"GAS,ALB,BOT,COL,PER",5.0,-1.2346666666666837,1.8450000000000275,0.9903333333333252,0.0,0.50449,79.009,78.618,-0.0796666666666539,0.3143333333333326,7.0,24.0,-0.3833956666666667,0.0,1.1151500105097467,
12,BOR,33.0,,,,,,,,,,,,MEDIUM>HARD,,,,1,22.0,0.4583333333333333,72,8,0.3970000000000055,-0.2399999999999948,0.0849999999999937,0.5219999999999914,-0.1198333333333323,-0.1198333333333323,0.4025712235056176,-0.0081637727225624,-0.0081637727225624,-0.0849999999999937,0.1150000000000091,0,1,0,78.905,-0.6204655468770994,0.2399999999999948,0.1083333333333342,0.5858749999999873,0.4159999999999968,1.0535000000000068,0.1116695606107699,7.0,13.0,30.7,18.9,-0.5,0,0,55.9,3.2,0.503185,1.0,0.949731,0,0.028501,-3.7840000000000007,0.4428028,6.48768401848461,34,7897.34,5,MEDIUM,78.905,,1.4807238095238102,1.2574269058333856,1.137702993496326,strict_raw_response,1.7376666666666694,8330.534,8330.534,HARD,22.0,2.0,1.7376666666666694,0.1400000000000147,1.5976666666666546,"BOT,GAS,ALB,TSU,COL",5.0,-0.9473333333333472,2.5450000000000017,1.2643333333333544,0.483189,0.0344086666666666,79.01333333333334,77.27566666666667,-0.4089999999999918,0.2836666666666616,5.0,17.0,-0.3567656666666667,0.0,1.137702993496326,
12,STR,34.0,,,,,,,,,,,,HARD>HARD,,,,1,19.0,0.4722222222222222,72,8,0.1485000000000056,0.0,0.7700000000000102,-0.024499999999989,0.0504166666666646,0.0504166666666646,0.2972821190560921,-0.010037166354325,-0.010037166354325,-0.7700000000000102,0.0840000000000031,0,0,1,78.91,-0.4745864609165977,0.0,0.928666666666672,0.265625,0.5704999999999956,0.7974999999999994,-0.0604538330209897,7.0,16.0,31.1,18.8,0.4000000000000021,0,1,56.3,1.8,0.0,0.0,5.419396,0,-0.044025,-2.963999999999998,0.0,6.525029657843462,35,7987.078,5,HARD,78.91,,1.4807238095238102,1.8755703743891883,1.8548497452868986,strict_raw_response,1.7000000000000028,8409.963,8409.963,HARD,19.0,2.0,1.7000000000000028,0.4576666666666682,1.2423333333333346,"COL,ALB,GAS,SAI,BOT",5.0,-2.3046666666666766,3.5470000000000117,0.9333333333333228,0.1010946666666666,0.0,79.83866666666667,78.13866666666667,-0.0210000000000007,0.6721666666666645,5.0,14.0,-0.2309629999999999,0.0,1.8548497452868986,
12,LIN,35.0,,,,,,,,,,,,MEDIUM>HARD,,,,1,30.0,0.4861111111111111,72,8,0.4559999999999959,0.911999999999992,-0.8250000000000028,-0.448999999999998,-0.0940833333333396,-0.0940833333333396,-0.4921690433082517,-0.0214661418085934,-0.0214661418085934,0.8250000000000028,-0.0465000000000017,0,1,0,79.919,0.7594423243267556,-0.911999999999992,-0.5996666666666783,-0.3747499999999917,1.69850000000001,0.892000000000003,0.0726171915247462,7.0,11.0,30.5,18.8,-0.6000000000000014,0,1,56.8,1.0,0.4,0.80625,1.131689,0,0.4,-5.4,0.48,6.543911845564792,36,8054.973,5,MEDIUM,79.919,,1.4807238095238102,1.5045709831583924,1.2083153062792937,strict_raw_response,0.8196666666666488,8489.45,8489.45,HARD,30.0,2.0,0.8196666666666488,-0.4936666666666696,1.3133333333333184,"ALB,BOT,PIA,PER,COL",5.0,1.3200000000000216,-0.0066666666667032,0.1186666666666553,0.1333333333333333,0.7961783333333333,79.31933333333332,78.49966666666667,0.2329999999999756,0.604833333333327,5.0,25.0,-0.2740386666666666,0.0,1.2083153062792937,
12,OCO,35.0,,,,,,,,,,,,HARD>HARD,,,,1,19.0,0.4861111111111111,72,8,0.2785000000000011,0.6709999999999923,0.0,-0.8319999999999936,0.1745714285714282,0.1745714285714282,-0.4734554068302259,0.0193212801968599,0.0193212801968599,-1.3140000000000072,-0.0465000000000017,0,0,1,79.499,0.793721986662618,-0.6709999999999923,0.0870000000000033,-0.5584999999999951,1.2254999999999967,0.866500000000002,-0.1552501483745683,7.0,14.0,30.5,18.8,-0.6000000000000014,0,1,56.8,1.0,0.628931,0.968553,0.844306,0,0.386695,-3.42,0.47798756,6.551080335043404,36,8060.861,5,HARD,79.499,,1.4807238095238102,2.052824277932669,1.907104486418056,strict_raw_response,1.3559999999999943,8489.45,8489.45,HARD,19.0,2.0,1.3559999999999943,-0.4936666666666696,1.849666666666664,"ALB,BOT,PIA,PER,SAI",5.0,-0.7616666666666845,2.6113333333333486,0.3269999999999839,0.2967583333333333,0.223872,79.586,78.23,-0.6226666666666745,-0.0368333333333339,5.0,14.0,-0.663684,0.0,1.907104486418056,
12,ANT,39.0,,,,,,,,,,,,HARD>HARD,,,,1,18.0,0.5416666666666666,72,8,0.2339999999999875,-0.1239999999999952,0.0,-0.0550000000000068,0.0502857142857142,0.0502857142857142,0.1698525841377289,0.0481001211724289,0.0481001211724289,0.3079999999999927,-0.1669999999999873,0,0,1,76.714,-0.2631397885210447,0.1239999999999952,0.0406666666666666,0.0395000000000038,-0.9509999999999934,0.603500000000011,-0.0021855931132852,7.0,1.0,31.6,19.0,-1.3999999999999986,0,0,55.4,1.8,0.091503,0.895425,1.738088,0,0.091503,-2.447999999999999,0.06588216,6.626717749249025,40,8287.121,5,HARD,76.714,,1.4807238095238102,1.3375402296270762,1.5052174269233842,strict_raw_response,0.8123333333333278,8809.268,8809.268,HARD,18.0,2.0,0.8123333333333278,-0.2900000000000062,1.102333333333334,"NOR,HUL,BOR,LAW,HAM",5.0,-0.3486666666666735,1.4510000000000076,0.2269999999999896,0.122974,0.0971013333333333,76.75466666666667,75.94233333333334,0.5556666666666672,1.9005000000000083,5.0,13.0,0.1186166666666666,0.0,1.5052174269233842,
12,RUS,39.0,,,,,,,,,,,,HARD>HARD,,,,1,22.0,0.5416666666666666,72,8,0.0820000000000149,0.4579999999999984,-0.4839999999999946,-0.4709999999999894,0.0197916666666693,0.0197916666666693,-0.2745022752411614,0.0478524506638552,0.0478524506638552,0.6400000000000006,-0.1479999999999961,0,0,1,77.402,0.4230784377565726,-0.4579999999999984,-0.3746666666666698,-0.4197500000000076,-0.262999999999991,0.4080000000000083,0.0280607839971858,7.0,3.0,31.6,19.0,-1.3999999999999986,0,0,55.4,1.8,0.277419,0.812903,1.534466,0,0.251275,-2.9919999999999987,0.24412872,6.630683385642372,40,8297.192,5,HARD,77.402,,1.4807238095238102,1.4409429156334383,1.5625430731336862,strict_raw_response,1.0486666666666622,8809.268,8809.268,HARD,22.0,2.0,1.0486666666666622,-0.2900000000000062,1.3386666666666684,"BOR,LAW,HAM,STR,HUL",5.0,-0.220000000000013,1.5586666666666815,0.2269999999999896,0.1055166666666666,0.3210496666666667,77.02733333333333,75.97866666666667,0.6083333333333343,1.814666666666663,5.0,17.0,0.0989806666666666,0.0,1.5625430731336862,
12,LEC,42.0,,,,,,,,,,,,MEDIUM>HARD,,,,1,21.0,0.5833333333333334,72,8,0.2094999999999913,0.0240000000000009,0.0,-0.2214999999999918,0.0661000000000015,0.0661000000000015,-0.0283371741083442,0.0295076993301632,0.0295076993301632,0.1739999999999923,0.1295000000000001,0,1,0,76.889,0.0436990718918792,-0.0240000000000009,-0.0429999999999921,-0.2238750000000067,-1.096500000000006,0.7424999999999997,-0.0365923006698383,7.0,2.0,33.4,19.0,0.3999999999999986,0,0,55.7,0.0,0.201299,0.902597,1.388198,0,0.109796,-1.3440000000000012,0.16909116,6.705639094860003,43,8528.528,5,MEDIUM,76.889,,1.4807238095238102,1.231876858388316,1.0557465821659766,strict_raw_response,1.5546666666666624,9049.867,9049.867,HARD,21.0,2.0,1.5546666666666624,-0.0323333333333408,1.5870000000000033,"HAM,HUL,LIN,SAI,OCO",5.0,-0.4236666666666622,2.010666666666665,0.5949999999999989,0.3638343333333333,0.256718,76.846,75.29133333333334,0.9126666666666808,2.205666666666664,5.0,16.0,0.3419043333333333,0.0,1.0557465821659766,
12,PIA,43.0,,,,,,,,,,,,HARD>SOFT,,,,1,25.0,0.5972222222222222,72,8,0.1659999999999968,0.2120000000000033,0.0,-0.1060000000000087,-0.0290416666666673,-0.0290416666666673,-0.0181778545416904,0.001189697839985,0.001189697839985,0.2120000000000033,-0.0715000000000074,0,0,1,77.58,0.0280000680317584,-0.2120000000000033,-0.0519999999999925,-0.0732500000000015,-0.2120000000000033,0.6260000000000048,0.0302313645066523,7.0,5.0,32.9,19.1,-0.5,0,0,56.8,1.2,0.270968,0.56129,1.592923,0,0.1999999999999999,-2.1000000000000014,0.270968,6.733401891837359,44,8616.581,5,HARD,77.58,,1.4807238095238102,1.212664702561124,1.0423668170278437,strict_raw_response,1.8856666666666653,9129.67,9129.67,SOFT,25.0,5.0,1.8856666666666653,-0.1406666666666751,2.0263333333333406,"OCO,ALO,PER,SAI,HAM",5.0,0.3446666666666687,1.681666666666672,0.4863333333333344,0.23871,0.4068489999999999,77.528,75.64233333333334,0.9083333333333456,2.042666666666657,5.0,20.0,-0.3793190000000001,0.0,1.0423668170278437,
12,TSU,43.0,,,,,,,,,,,,HARD>SOFT,,,,1,25.0,0.5972222222222222,72,8,0.0779999999999958,6.210000000000008,-6.171999999999997,-6.1910000000000025,0.0203749999999942,0.0203749999999942,-6.225536483731844,-0.0263931000001512,-0.0263931000001512,6.210000000000008,0.0990000000000037,0,0,1,84.081,5.0,-6.210000000000008,-4.12733333333334,-5.444625000000002,6.189999999999998,0.4829999999999899,-0.0467681000001455,7.0,9.0,33.5,19.2,0.1000000000000014,0,0,56.3,2.2,0.011834,0.029586,7.560469,0,0.011834,-1.5,0.011834,6.74993119378857,44,8675.486,5,HARD,84.081,,1.4807238095238102,2.176523211903345,1.7292132285247754,strict_raw_response,2.3556666666666644,9129.67,9129.67,SOFT,25.0,4.0,2.3556666666666644,0.4753333333333387,1.8803333333333256,"BOR,LIN,BOT,SAI,ALB",5.0,-2.030000000000016,3.910333333333341,0.5243333333333453,0.0039446666666666,0.0467506666666666,79.95366666666666,77.598,1.112333333333325,2.323666666666668,5.0,20.0,-0.1669816666666666,0.0,1.7292132285247754,
12,COL,44.0,,,,,,,,,,,,HARD>SOFT,,,,1,23.0,0.6111111111111112,72,8,0.3480000000000061,0.0,-0.0240000000000009,-0.0120000000000004,0.0440000000000011,0.0440000000000011,0.0450668215217149,-0.0234450113273272,-0.0234450113273272,0.0240000000000009,0.0489999999999923,0,0,1,78.659,-0.0701899590605279,0.0,-0.1413333333333355,0.3231250000000045,0.5760000000000076,0.9265000000000044,-0.0674450113273284,7.0,17.0,33.7,19.2,0.2000000000000028,0,0,56.3,0.8,0.012739,0.522293,2.450463,0,0.012739,-1.1959999999999973,0.01171988,6.786716950605081,45,8787.387,6,HARD,78.659,,1.4807238095238102,1.2264013302399857,1.039304328225265,strict_raw_response,1.8796666666666797,9209.847,9209.847,SOFT,23.0,2.0,1.8796666666666797,0.2026666666666727,1.6770000000000067,"BOR,PER,OCO,LIN,BOT",5.0,0.3743333333333396,1.302666666666667,0.4843333333333248,0.027601,0.1689463333333333,78.51766666666667,76.63799999999999,1.0323333333333269,2.1153333333333344,5.0,18.0,0.027601,0.0,1.039304328225265,
12,GAS,45.0,,,,,,,,,,,,HARD>MEDIUM,,,,1,27.0,0.625,72,8,0.3205000000000098,0.1710000000000064,0.0,-0.0854999999999961,0.017433333333335,0.017433333333335,-0.1513326817379692,-0.0416265592353643,-0.0416265592353643,-0.5139999999999958,-0.0870000000000033,0,0,1,78.037,0.233390851278429,-0.1710000000000064,0.1143333333333345,0.1531249999999886,0.0300000000000011,0.8830000000000027,-0.0590598925686994,7.0,9.0,33.7,19.2,-1.0999999999999943,0,0,56.3,0.8,0.0,0.0,8.343046,0,-0.726115,-1.403999999999997,0.0,6.795705775173514,46,8833.558,5,HARD,78.037,,1.4807238095238102,1.6636906251180263,1.5525815512389518,strict_raw_response,1.63600000000001,9290.13,9290.13,MEDIUM,27.0,4.0,1.63600000000001,0.0899999999999892,1.5460000000000207,"OCO,PER,ALO,ANT,BOT",5.0,0.7453333333333205,0.8006666666667002,0.0653333333333421,0.2420383333333333,0.7494553333333333,78.15133333333334,76.51533333333333,-1.038666666666657,-0.1939999999999979,5.0,22.0,-0.7327116666666665,0.0,1.5525815512389518,
12,LAW,46.0,,,,,,,,,,,,MEDIUM>MEDIUM,,,,1,25.0,0.6388888888888888,72,8,0.177500000000002,1.0250000000000057,-0.7169999999999987,-1.0720000000000027,0.1173250000000013,0.1173250000000013,-0.5632991862853771,0.0977864889277302,0.0977864889277302,0.7169999999999987,-0.1410000000000053,0,1,0,78.694,0.8676600975185806,-1.0250000000000057,-0.5843333333333334,-0.967375000000004,0.7809999999999917,0.8584999999999923,-0.0195385110722711,7.0,7.0,34.3,19.2,0.5999999999999943,0,0,55.4,1.7,0.382166,0.828025,1.448645,0,0.337294,-0.7000000000000028,0.382166,6.811244378601294,47,8868.683,6,MEDIUM,78.694,,1.4807238095238102,1.4200072319665051,1.2747735727155887,strict_raw_response,2.01233333333333,9376.799,9376.799,MEDIUM,25.0,2.0,2.01233333333333,0.0210000000000007,1.9913333333333296,"BOR,OCO,ALO,PER,LIN",5.0,-0.3783333333333445,2.3696666666666744,0.4580000000000126,0.142346,0.0888446666666666,78.10966666666667,76.09733333333334,1.2759999999999962,2.2973333333333272,5.0,20.0,0.142346,0.0,1.2747735727155887,
12,NOR,46.0,,,,,,,,,,,,HARD>HARD,,,,1,25.0,0.6388888888888888,72,8,0.2119999999999962,0.125,0.0,-0.1260000000000047,0.032375,0.032375,-0.0069977402309717,0.0095482246863281,0.0095482246863281,0.1269999999999953,0.0240000000000009,0,0,1,76.72,0.0107787479887093,-0.125,0.0896666666666732,-0.0863750000000038,-1.3675000000000068,0.8830000000000027,-0.0228267753136718,7.0,1.0,33.7,19.2,-1.0999999999999943,0,0,56.3,0.8,0.0,0.0,7.360292,0,0.0,-1.2999999999999972,0.0,6.794586580876499,47,8824.505,5,HARD,76.72,,1.4807238095238102,1.2577673336147783,1.4730312947687578,strict_raw_response,2.3923333333333403,9376.799,9376.799,HARD,25.0,2.0,2.3923333333333403,0.1190000000000139,2.2733333333333263,"LIN,ANT,HAM,ALO,RUS",5.0,0.0856666666666683,2.187666666666658,0.0980000000000131,0.0584416666666666,0.2260416666666667,76.80966666666667,74.41733333333333,0.7439999999999998,1.7829999999999917,5.0,20.0,-0.1451186666666666,0.0,1.4730312947687578,
12,HUL,47.0,,,,,,,,,,,,SOFT>HARD,,,,1,28.0,0.6527777777777778,72,8,0.071000000000005,0.2399999999999948,-0.3050000000000068,-0.2369999999999947,0.0005000000000012,0.0005000000000012,-0.1913153302817249,0.0253756805885374,0.0253756805885374,0.3050000000000068,0.0844999999999984,1,0,0,78.131,0.2946678935893772,-0.2399999999999948,-0.2156666666666638,-0.224250000000012,0.7789999999999964,1.412000000000006,0.0248756805885361,7.0,8.0,34.8,19.2,0.5,0,0,54.7,0.8,0.00641,0.121795,3.910584,0,0.00641,-0.2240000000000032,0.0071792,6.836259277277067,48,8973.127,5,SOFT,78.131,,1.4807238095238102,1.4381509063389712,1.1021979671336053,strict_raw_response,0.0536666666666718,9482.251,9482.251,HARD,28.0,2.0,0.0536666666666718,-0.0399999999999778,0.0936666666666496,"BOR,LIN,OCO,HAM,ALO",5.0,0.4359999999999928,-0.3423333333333431,0.2063333333333616,0.0021366666666666,0.225503,77.91533333333334,77.86166666666666,-1.529999999999987,-0.1828333333333347,5.0,23.0,-0.9601276666666666,0.0,1.1021979671336053,
9,ALB,13.0,,,,,,,,,,,,HARD>MEDIUM,,,,1,12.0,0.25,52,8,0.8400000000000034,2.1430000000000007,0.0,-1.352000000000004,-0.0775000000000005,-0.0775000000000005,-0.6229094160417361,0.2451580305247025,0.2451580305247025,-1.2109999999999983,-0.3365000000000009,0,0,1,99.328,1.16063087155743,-2.1430000000000007,-0.3230000000000075,-0.2775000000000034,3.3400000000000034,1.0450000000000017,0.3226580305247031,7.0,22.0,43.8,25.0,1.3999999999999986,0,0,48.3,0.4,0.165829,0.78392,1.431165,0,-0.152579,4.223999999999998,0.07959792,5.6937321388027,14,4696.511,2,HARD,99.328,,1.459620748299321,2.941428014876209,2.025752662033225,strict_relative_response,2.4529999999999887,5212.775,5212.775,MEDIUM,12.0,9.0,2.509999999999991,0.0570000000000021,2.4529999999999887,"ALO,BOT,PER,BEA,BOR",5.0,1.2396666666666647,1.213333333333324,0.0959999999999894,0.1614123333333333,0.020708,99.005,96.495,-0.8273333333333426,-0.5781666666666707,5.0,7.0,-0.0423289999999999,0.0,,2.025752662033225
9,VER,16.0,,,,,,,,,,,,MEDIUM>HARD,,,,1,16.0,0.3076923076923077,52,8,0.1105000000000018,0.0,-0.1880000000000024,0.1140000000000043,-0.0569999999999997,-0.0569999999999997,-0.0258825474189734,-0.0094743533225502,-0.0094743533225502,0.1880000000000024,0.1880000000000024,0,1,0,94.758,0.0407158867259909,0.0,-0.132000000000005,0.0734999999999956,-1.0949999999999989,0.7129999999999939,0.0475256466774495,7.0,5.0,42.9,25.0,-0.8000000000000043,0,0,48.6,3.7,0.994709,1.0,0.536375,0,0.0368139999999999,5.055999999999999,0.6366137599999999,5.814130531825066,17,4861.1,2,MEDIUM,94.758,,1.459620748299321,1.0353165813291618,1.2887476825239124,strict_relative_response,0.6539999999999822,5515.228,5515.228,HARD,16.0,2.0,0.8539999999999992,0.200000000000017,0.6539999999999822,"RUS,LEC,ANT,NOR,HAM",5.0,0.0519999999999925,0.6019999999999897,0.2316666666666975,0.9207093333333334,0.0638296666666666,94.626,93.772,-0.0083333333333541,0.3668333333333322,6.0,10.0,0.737288,0.0,,1.2887476825239124
9,BOR,25.0,,,,,,,,,,,,MEDIUM>HARD,,,,1,25.0,0.4807692307692308,52,3,0.0550000000000068,-0.137999999999991,0.137999999999991,0.137999999999991,-0.0964999999999989,-0.0964999999999989,0.0703028702236281,-0.0150255913599814,-0.0150255913599814,-0.137999999999991,0.1715000000000017,0,1,0,95.525,-0.1468505747126443,0.137999999999991,0.1103333333333296,0.1103333333333296,-0.0079999999999955,1.203000000000003,0.0814744086400174,2.0,10.0,39.3,25.4,-2.0,0,0,48.5,2.8,0.041885,0.455497,2.752739,0,0.041885,4.299999999999997,0.0418849999999999,6.2878585601617845,26,5758.687,4,MEDIUM,95.525,,1.459620748299321,1.3166563225559782,1.296337370358116,strict_relative_response,1.636333333333326,6412.729,6412.729,HARD,25.0,2.0,1.8033333333333417,0.1670000000000158,1.636333333333326,"HUL,OCO,PIA,HAD,VER",5.0,,,0.5799999999999841,0.0139616666666666,0.617808,95.63533333333334,93.832,0.0,0.0,25.0,0.0,0.0,0.0,,1.296337370358116
9,LIN,26.0,,,,,,,,,,,,MEDIUM>HARD,,,,1,26.0,0.5,52,4,0.1484999999999985,-0.1484999999999985,0.0,0.1484999999999985,-0.3293333333333331,-0.3293333333333331,0.1132982188269267,-0.0489553018628352,-0.0489553018628352,-0.296999999999997,0.0490000000000065,0,1,0,95.523,-0.2162636394318156,0.1484999999999985,0.0990000000000037,0.3455000000000154,0.2794999999999845,0.8150000000000119,0.2803780314704979,3.0,9.0,39.3,25.6,0.0,0,0,48.5,2.8,0.246073,0.874346,1.425496,0,-0.005236,4.471999999999997,0.2559159199999999,6.322565239927284,27,5851.666,4,MEDIUM,95.523,,1.459620748299321,1.208376827794282,1.247641501584476,strict_relative_response,2.160666666666671,6510.579,6510.579,HARD,26.0,2.0,1.852666666666664,-0.3080000000000069,2.160666666666671,"OCO,COL,PIA,HUL,HAD",5.0,,,0.3056666666666672,0.2057246666666666,0.2554236666666666,95.622,93.76933333333334,0.0,0.0,25.5,0.5,0.0,0.0,,1.247641501584476
9,LAW,27.0,,,,,,,,,,,,MEDIUM>HARD,,,,1,27.0,0.5192307692307693,52,5,0.340999999999994,-0.6049999999999898,0.2639999999999958,0.6049999999999898,-0.2093333333333309,-0.2093333333333309,0.3202427324425372,-0.1238217168700498,-0.1238217168700498,-0.2639999999999958,-0.0690000000000026,0,1,0,95.183,-0.6099426418952589,0.6049999999999898,0.5063333333333162,0.5983999999999838,0.1100000000000136,0.5880000000000081,0.085511616463281,4.0,8.0,39.3,25.1,0.0,0,0,49.5,1.7,0.131579,0.931579,1.910222,0,-0.187793,4.643999999999997,0.14210532,6.359573868672378,28,5943.73,3,MEDIUM,95.183,,1.459620748299321,1.0881857102486852,1.1653626981033192,strict_relative_response,1.6380000000000194,6606.407,6606.407,HARD,27.0,2.0,1.5286666666666662,-0.1093333333333532,1.6380000000000194,"SAI,OCO,HUL,GAS,ALB",5.0,,,0.2796666666666851,0.255671,0.1168336666666666,95.68933333333332,94.16066666666666,0.0,0.0,26.0,1.0,0.0,0.0,,1.1653626981033192
9,NOR,27.0,,,,,,,,,,,,MEDIUM>HARD,,,,1,27.0,0.5192307692307693,52,5,0.1580000000000012,-0.198999999999998,0.0,0.198999999999998,-0.0651250000000001,-0.0651250000000001,0.0762908364366126,-0.0361887052324076,-0.0361887052324076,-0.198999999999998,-0.0690000000000026,0,1,0,94.525,-0.1453055123956659,0.198999999999998,0.0643333333333373,0.1509999999999962,-0.7349999999999852,0.6894999999999882,0.0289362947675924,4.0,3.0,39.3,25.2,0.0,0,0,48.5,2.8,0.0,0.0,6.907087,0,0.0,4.643999999999997,0.0,6.349138991379798,28,5921.548,3,MEDIUM,94.525,,1.459620748299321,1.076665047920882,1.2097349775912614,strict_relative_response,1.6640000000000157,6606.407,6606.407,HARD,27.0,2.0,1.4056666666666755,-0.2583333333333399,1.6640000000000157,"HAD,COL,PIA,HUL,GAS",5.0,,,0.4309999999999974,0.0,0.163251,94.58933333333334,93.18366666666668,0.0,0.0,26.0,1.0,0.0,0.0,,1.2097349775912614
9,BEA,28.0,,,,,,,,,,,,MEDIUM>HARD,,,,1,28.0,0.5384615384615384,52,7,0.2379999999999995,0.2289999999999992,0.0,-0.5280000000000058,0.1219999999999998,0.1219999999999998,-0.0866687653286391,0.0866039408671568,0.0866039408671568,-0.1349999999999909,0.0975000000000037,0,1,0,97.185,0.1590864186902081,-0.2289999999999992,-0.1443333333333356,-0.3780000000000143,2.5330000000000013,1.132000000000005,-0.035396059132843,6.0,15.0,38.4,24.8,-0.8999999999999986,0,0,50.8,2.3,0.615385,0.979487,0.800164,0,0.079303,3.8079999999999994,0.6892311999999999,6.411818267709897,29,6080.448,3,MEDIUM,97.185,,1.459620748299321,2.0392332649716196,1.5243322776560253,strict_relative_response,2.52533333333335,6702.144,6702.144,HARD,28.0,2.0,2.269000000000005,-0.2563333333333446,2.52533333333335,"ALO,PER,STR,OCO,SAI",5.0,,,0.5253333333333217,0.3838223333333332,0.3745383333333333,97.04066666666668,94.77166666666666,0.351333333333315,0.8813333333333306,25.0,3.0,0.2909853333333332,0.0,,1.5243322776560253
9,BOT,28.0,,,,,,,,,,,,MEDIUM>HARD,,,,1,28.0,0.5384615384615384,52,7,0.671999999999997,0.0,-0.671999999999997,0.0,-0.1123333333333344,-0.1123333333333344,-0.1599832430029977,-0.0748532504288265,-0.0748532504288265,0.671999999999997,0.0240000000000009,0,1,0,98.598,0.3030800472815826,0.0,-0.5900000000000034,0.0684285714285692,3.945999999999998,1.2420000000000044,0.0374800829045079,6.0,19.0,38.4,24.8,-0.3000000000000042,0,0,50.8,2.3,0.152284,0.461929,2.587606,0,0.152284,3.8079999999999994,0.17055808,6.421622267806518,29,6104.766,3,MEDIUM,98.598,,1.459620748299321,1.825310106803927,1.4412129556835231,strict_relative_response,2.1680000000000064,6702.144,6702.144,HARD,28.0,2.0,1.9116666666666615,-0.2563333333333446,2.1680000000000064,"ALO,STR,PER,PIA,OCO",5.0,,,0.476333333333315,0.1208466666666666,0.0,98.008,96.09633333333332,-0.9510000000000076,-0.4593333333333333,25.0,3.0,-0.2056359999999999,0.0,,1.4412129556835231
10,NOR,29.0,,,,,,,,,,,,HARD>MEDIUM,,,,1,29.0,0.6590909090909091,44,8,0.2005000000000052,0.8220000000000027,-0.8220000000000027,-0.8575000000000017,0.0677083333333333,0.0677083333333333,-0.5338411567019534,0.0726560583854416,0.0726560583854416,1.0530000000000117,0.0030000000000001,0,0,1,111.796,0.9483253137764932,-0.8220000000000027,-0.6250000000000142,-0.8061249999999944,-0.0319999999999964,0.9429999999999978,0.0049477250521082,7.0,4.0,33.3,18.9,0.7999999999999972,0,0,43.7,1.3,0.642857,0.816964,0.844467,0,0.579509,-1.9720000000000035,0.7457141199999999,6.354370040797351,30,6798.802,8,HARD,111.796,,1.490020440251574,1.7652452984229816,1.887483257938019,strict_relative_response,1.554333333333318,7527.908,7527.908,MEDIUM,29.0,2.0,1.7723333333333215,0.2180000000000035,1.554333333333318,"BOR,PIA,LAW,LIN,GAS",5.0,0.4116666666666901,1.142666666666628,0.3613333333333486,0.2654316666666667,0.0962393333333333,111.171,109.39866666666668,0.3716666666666555,0.0681666666666747,25.0,4.0,0.0670363333333333,0.0,,1.887483257938019
10,ALO,30.0,,,,,,,,,,,,SOFT>HARD,,,,1,11.0,0.6818181818181818,44,8,1.0429999999999993,0.0,1.875,-1.454499999999996,0.4,0.4,0.1786174282574677,0.3786571473098867,0.3786571473098867,-5.170000000000002,0.1064999999999969,1,0,0,116.871,-0.4256993091452585,0.0,2.348333333333329,-0.3966250000000002,4.885000000000005,1.707499999999996,-0.0213428526901132,7.0,19.0,32.5,19.0,-0.6000000000000014,0,0,40.6,2.3,0.038462,0.106838,6.105691,0,-0.088587,-1.1,0.01692328,6.423246963533519,31,7041.996,9,SOFT,116.871,,1.490020440251574,3.245268986138946,2.126625485554969,strict_relative_response,3.794999999999988,7645.811,7645.811,HARD,11.0,2.0,3.6686666666666663,-0.1263333333333207,3.794999999999988,"ALB,HUL,OCO,COL,SAI",5.0,-4.72766666666665,8.522666666666638,0.0330000000000154,0.0931449999999999,0.269304,119.21933333333332,115.55066666666666,4.71866666666665,4.357000000000004,5.0,6.0,0.0742476666666666,0.0,,2.126625485554969
10,BOT,31.0,,,,,,,,,,,,HARD>SOFT,,,,1,30.0,0.7045454545454546,44,8,0.1435000000000101,0.3020000000000067,-0.2120000000000033,-0.3145000000000095,0.0293749999999999,0.0293749999999999,-0.2503048907399119,0.025407977205455,0.025407977205455,0.2120000000000033,-0.0510000000000019,0,0,1,115.161,0.4099427583187918,-0.3020000000000067,-0.3243333333333424,-0.3543750000000045,3.4325000000000045,0.9920000000000044,-0.0039670227945449,7.0,18.0,33.5,19.0,1.0,0,0,37.8,3.7,0.034783,0.06087,20.0,0,0.008696,-1.8,0.0417396,6.442540166468199,32,7117.066,7,HARD,115.161,,1.490020440251574,2.0788604627537297,1.7181034890594606,strict_relative_response,1.832333333333338,7759.042,7759.042,SOFT,30.0,2.0,2.063999999999993,0.2316666666666549,1.832333333333338,"SAI,ALB,OCO,HUL,GAS",5.0,0.1113333333333344,1.7210000000000036,0.1616666666666617,0.0290236666666666,0.0972176666666666,114.83666666666666,112.77266666666668,0.1049999999999897,-0.2233333333333198,23.0,7.0,0.0101263333333333,0.0,,1.7181034890594606
11,STR,7.0,,,,,,,,,,,,SOFT>MEDIUM,,,,1,7.0,0.1,70,6,0.3134999999999976,0.0,0.0,0.0014999999999929,-0.0030000000000001,-0.0030000000000001,-0.1921295823729707,-0.0388279615832685,-0.0388279615832685,-0.0030000000000001,0.0435000000000016,1,0,0,88.362,0.3621859946618855,0.0,-0.2246666666666499,0.1826666666666767,1.04549999999999,0.9384999999999976,-0.0358279615832684,5.0,19.0,51.7,30.7,-0.5999999999999943,0,0,25.1,1.7,0.559322,0.853107,0.79247,0,-0.384181,4.676000000000001,0.15661016,5.0238805208462765,8,3879.805,0,SOFT,88.362,,1.514897553516821,1.2649817481643193,1.4388612268610859,strict_relative_response,1.5136666666666798,4336.362,4336.362,MEDIUM,7.0,2.0,0.9923333333333488,-0.521333333333331,1.5136666666666798,"OCO,BOR,BEA,PER,SAI",5.0,,,0.0880000000000222,0.7142749999999999,0.0916523333333333,88.13733333333334,87.145,-0.0013333333333207,0.0541666666666648,5.0,2.0,-0.1468926666666669,0.0,,1.4388612268610859
11,HAM,12.0,,,,,,,,,,,,SOFT>HARD,,,,1,12.0,0.1714285714285714,70,8,0.2025000000000005,0.0709999999999979,-0.0709999999999979,-0.1999999999999886,0.0538749999999996,0.0538749999999996,-0.1287615586059303,0.015388308378274,0.015388308378274,0.0709999999999979,0.0885000000000033,1,0,0,85.803,0.2108822897719164,-0.0709999999999979,-0.157666666666671,-0.2126250000000027,-1.7315000000000111,0.6920000000000002,-0.0384866916217256,7.0,4.0,50.5,30.8,-0.6000000000000014,0,0,25.9,0.5,0.128655,0.438596,2.604529,0,-0.196926,7.44,0.0617544,5.5093883366279774,13,4282.512,0,SOFT,85.803,,1.514897553516821,1.0422037775592796,1.359109451645154,strict_relative_response,0.6126666666666694,4782.066,4782.066,HARD,12.0,2.0,0.2810000000000059,-0.3316666666666634,0.6126666666666694,"ANT,HAD,LAW,LIN,RUS",5.0,0.0736666666666536,0.5390000000000157,0.2463333333333111,0.2508273333333333,0.0744416666666666,85.64533333333333,85.36433333333332,0.095333333333329,0.154666666666666,5.0,7.0,-0.634163,0.0,,1.359109451645154
11,VER,13.0,,,,,,,,,,,,MEDIUM>HARD,,,,1,13.0,0.1857142857142857,70,8,0.1295000000000001,0.3219999999999885,-0.2239999999999895,-0.332499999999996,0.0714999999999989,0.0714999999999989,-0.1848605053238543,0.033618414421893,0.033618414421893,0.2239999999999895,0.2269999999999896,0,1,0,85.957,0.2975438394640406,-0.3219999999999885,-0.1846666666666578,-0.3529999999999944,-1.657000000000011,1.0869999999999962,-0.0378815855781059,7.0,3.0,51.0,30.9,0.5,0,0,25.4,2.8,0.30814,0.552326,2.045853,0,0.075582,8.32,0.1602328,5.5909869805108565,14,4367.763,0,MEDIUM,85.957,,1.514897553516821,1.1096258817103353,1.3574694589170708,strict_relative_response,0.7020000000000124,4871.622,4871.622,HARD,13.0,2.0,0.4613333333333429,-0.2406666666666694,0.7020000000000124,"ANT,HAD,LAW,LIN,STR",5.0,0.0073333333333351,0.6946666666666772,0.5393333333333601,0.287445,0.015618,85.77233333333334,85.31099999999999,0.2730000000000103,0.1679999999999968,5.0,8.0,0.0632733333333333,0.0,,1.3574694589170708
11,COL,14.0,,,,,,,,,,,,MEDIUM>HARD,,,,1,14.0,0.2,70,8,0.1909999999999954,0.8689999999999998,-0.7879999999999967,-1.0694999999999908,0.1424999999999959,0.1424999999999959,-0.5850722169187321,0.0780641281549179,0.0780641281549179,0.7879999999999967,0.1310000000000073,0,1,0,89.139,0.9293797988161998,-0.8689999999999998,-0.5523333333333369,-0.980249999999998,1.2069999999999936,0.9209999999999994,-0.0644358718450779,7.0,15.0,52.5,30.8,1.5,0,0,25.8,1.3,0.224719,0.44382,3.013269,0,-0.1029649999999999,9.8,0.12584264,5.71042701737487,15,4492.313,0,MEDIUM,89.139,,1.514897553516821,1.8568816903768894,1.6139986462491016,strict_relative_response,1.2029999999999887,4961.545,4961.545,HARD,14.0,2.0,1.9783333333333248,0.7753333333333359,1.2029999999999887,"ALO,BEA,LIN,STR,BOR",5.0,-0.1123333333333249,1.3153333333333137,0.3956666666666706,0.2764129999999999,0.0192133333333333,88.58666666666666,86.60833333333333,0.500333333333316,0.0671666666666606,5.0,9.0,-0.1064263333333334,0.0,,1.6139986462491016
11,GAS,15.0,,,,,,,,,,,,MEDIUM>HARD,,,,1,15.0,0.2142857142857142,70,8,0.4420000000000001,-0.1620000000000061,0.0,-0.2804999999999893,0.1294999999999986,0.1294999999999986,0.1492141966141673,0.0743434716757949,0.0743434716757949,0.5609999999999928,0.0169999999999959,0,1,0,88.083,-0.2347291489090253,0.1620000000000061,-0.0159999999999911,-0.1301249999999925,0.2715000000000032,1.0095000000000027,-0.0551565283242037,7.0,12.0,51.4,30.9,-1.1000000000000014,0,0,25.4,1.4,0.142045,0.301136,4.587892,0,-0.137955,9.839999999999998,0.085227,5.771441123130016,16,4573.468,0,MEDIUM,88.083,,1.514897553516821,1.5046943809593814,1.5154604151498203,strict_relative_response,1.1343333333333447,5050.88,5050.88,HARD,15.0,2.0,1.9383333333333328,0.8039999999999878,1.1343333333333447,"ALB,BOR,BEA,ALO,STR",5.0,-0.2433333333333251,1.37766666666667,0.3300000000000125,0.2160113333333333,0.0115943333333333,88.06700000000001,86.12866666666667,0.6926666666666819,0.1831666666666744,5.0,10.0,-0.2382416666666666,0.0,,1.5154604151498203
11,LEC,15.0,,,,,,,,,,,,SOFT>HARD,,,,1,18.0,0.2142857142857142,70,8,0.1310000000000073,0.0109999999999956,0.0,-0.1295000000000072,0.0938333333333313,0.0938333333333313,-0.0078503082121841,0.048543033297076,0.048543033297076,0.0169999999999959,0.1640000000000085,1,0,0,86.066,0.0123493354327592,-0.0109999999999956,-0.0046666666666794,-0.2126250000000027,-2.055499999999995,1.0139999999999958,-0.0452903000362553,7.0,3.0,51.4,30.9,-0.2000000000000028,0,0,25.4,1.4,0.231214,0.49711,2.553137,0,-0.0420419999999999,11.808,0.16647408,5.739792912179234,16,4542.143,0,SOFT,86.066,,1.514897553516821,1.0013049969150365,1.3506966380569845,strict_relative_response,0.8206666666666393,5050.88,5050.88,HARD,18.0,2.0,1.245999999999981,0.4253333333333415,0.8206666666666393,"ANT,RUS,LAW,BEA,ALO",5.0,-0.003333333333316,0.8239999999999554,0.2463333333333253,0.23211,0.0097926666666666,86.06133333333332,84.81533333333334,0.4126666666666523,-0.0144999999999981,8.0,10.0,-0.62576,0.0,,1.3506966380569845
11,PIA,15.0,,,,,,,,,,,,MEDIUM>HARD,,,,1,15.0,0.2142857142857142,70,8,0.1899999999999977,-0.0379999999999967,0.0379999999999967,0.011499999999998,0.0566249999999991,0.0566249999999991,0.1208753842385874,0.0539397660489223,0.0539397660489223,-0.0379999999999967,0.1640000000000085,0,1,0,85.643,-0.1901493069036917,0.0379999999999967,0.1066666666666691,-0.035624999999996,-2.478499999999997,1.0139999999999958,-0.0026852339510768,7.0,1.0,51.4,30.9,-0.2000000000000028,0,0,25.4,1.4,0.216374,0.350877,4.076759,0,0.088467,9.839999999999998,0.1298244,5.733341276897746,16,4534.84,0,MEDIUM,85.643,,1.514897553516821,0.8621774287337476,1.3005628807518421,strict_relative_response,0.2953333333333177,5050.88,5050.88,HARD,15.0,2.0,0.4743333333333339,0.1790000000000162,0.2953333333333177,"ANT,RUS,LAW,ALB,BEA",5.0,0.1883333333333183,0.1069999999999993,0.3003333333333415,0.2058456666666666,0.007741,85.74966666666667,85.27533333333334,0.6566666666666663,0.2294999999999967,5.0,10.0,0.2058456666666666,0.0,,1.3005628807518421
11,NOR,16.0,,,,,,,,,,,,MEDIUM>HARD,,,,1,16.0,0.2285714285714285,70,8,0.2550000000000025,0.159000000000006,-0.2650000000000005,-0.2819999999999965,0.0772499999999976,0.0772499999999976,-0.1205382728770985,0.0479728652175827,0.0479728652175827,0.2650000000000005,-0.0030000000000001,0,1,0,85.878,0.1882946565912249,-0.159000000000006,-0.1880000000000024,-0.323999999999998,-1.6159999999999997,1.0060000000000002,-0.0292771347824148,7.0,1.0,52.9,30.9,1.5,0,0,25.8,0.6,0.023256,0.046512,19.167464,0,-0.029376,11.456,0.0148838399999999,5.802118375377063,17,4621.685,0,MEDIUM,85.878,,1.514897553516821,1.0721154590167317,1.354435630715247,strict_relative_response,0.6210000000000093,5143.218,5143.218,HARD,16.0,2.0,0.998666666666665,0.3776666666666557,0.6210000000000093,"ANT,RUS,ALB,BOR,BEA",5.0,-0.0223333333333215,0.6433333333333309,0.1690000000000111,0.1105673333333333,0.017706,85.69,84.69133333333333,0.5240000000000009,0.1368333333333331,5.0,11.0,-0.5215163333333332,0.0,,1.354435630715247
11,OCO,16.0,,,,,,,,,,,,MEDIUM>HARD,,,,1,16.0,0.2285714285714285,70,8,0.2460000000000022,-0.0180000000000006,0.0,0.0090000000000003,0.0097749999999997,0.0097749999999997,0.3843963501645504,0.0716896772648806,0.0716896772648806,0.1000000000000085,0.1290000000000049,0,1,0,88.293,-0.600471344258878,0.0180000000000006,0.456333333333319,0.2023749999999893,0.6670000000000016,0.9080000000000013,0.0619146772648808,7.0,14.0,52.3,31.0,0.8999999999999986,0,0,24.8,2.2,0.016949,0.045198,4.385639,0,-0.056915,11.071999999999996,0.0108473599999999,5.840641657373398,17,4667.693,0,MEDIUM,88.293,,1.514897553516821,1.4956793114611995,1.5077063937512423,strict_relative_response,1.2596666666666607,5143.218,5143.218,HARD,16.0,2.0,1.6373333333333164,0.3776666666666557,1.2596666666666607,"ALO,STR,BEA,BOR,ALB",5.0,-0.2596666666666607,1.5193333333333214,0.4316666666666862,0.1136043333333333,0.0172083333333333,88.74933333333333,87.11200000000001,1.141999999999996,0.8058333333333345,5.0,11.0,-0.1473479999999999,0.0,,1.5077063937512423
11,SAI,17.0,,,,,,,,,,,,SOFT>MEDIUM,,,,1,17.0,0.2428571428571428,70,8,0.1234999999999928,-0.2920000000000016,0.0720000000000027,0.055499999999995,0.0321333333333328,0.0321333333333328,0.1285345543279703,-0.0201467094929036,-0.0201467094929036,-0.0720000000000027,-0.019999999999996,1,0,0,88.082,-0.1998002190800605,0.2920000000000016,0.2160000000000081,0.168750000000017,0.3219999999999885,0.5489999999999924,-0.0522800428262364,7.0,16.0,52.3,31.1,0.0,0,0,25.1,3.0,0.017045,0.051136,4.375158,0,-0.0112039999999999,11.764,0.0115906,5.905361848054571,18,4761.854,0,SOFT,88.082,,1.514897553516821,1.1172057158057656,1.3756413521177364,strict_relative_response,0.8120000000000118,5251.969,5251.969,MEDIUM,17.0,2.0,1.2560000000000144,0.4440000000000026,0.8120000000000118,"ALB,ALO,STR,BOR,RUS",5.0,-0.3149999999999835,1.1269999999999951,0.2836666666666758,0.0565293333333333,0.0,88.298,87.04199999999999,-0.1363333333333258,-0.5070000000000049,5.0,12.0,-0.2247153333333333,0.0,,1.3756413521177364
11,HAD,18.0,,,,,,,,,,,,MEDIUM>HARD,,,,1,18.0,0.2571428571428571,70,8,0.0789999999999935,0.0,0.0,-0.0774999999999863,0.02758333333333,0.02758333333333,0.173263286570048,0.0654551037525865,0.0654551037525865,-0.3780000000000001,-0.2159999999999939,0,1,0,86.939,-0.2684237323674381,0.0,0.1060000000000087,-0.0263750000000015,-0.6060000000000088,0.7120000000000033,0.0378717704192565,7.0,2.0,52.3,31.1,0.0,0,0,25.1,3.0,0.0,0.0,12.055489,0,0.0,12.456,0.0,5.924255797414532,19,4814.36,0,MEDIUM,86.939,,1.514897553516821,1.2887613159781468,1.3598449977893188,strict_relative_response,2.1816666666666578,5338.311,5338.311,HARD,18.0,2.0,2.266999999999996,0.0853333333333381,2.1816666666666578,"BOR,STR,ALO,ALB,RUS",5.0,0.3799999999999954,1.8016666666666623,0.3333333333333286,0.0,0.0,87.045,84.778,0.8943333333333356,0.6418333333333236,5.0,13.0,-0.3738296666666666,0.0,,1.3598449977893188
11,HUL,18.0,,,,,,,,,,,,MEDIUM>HARD,,,,1,18.0,0.2571428571428571,70,8,0.1514999999999986,0.0,0.0,-0.1154999999999972,0.0682916666666664,0.0682916666666664,0.2162654382100726,0.0766315733733888,0.0766315733733888,-0.7980000000000018,-0.2050000000000125,0,1,0,87.673,-0.3350437201995504,0.0,0.2503333333333302,-0.0589999999999975,0.508499999999998,1.0,0.0083399067067223,7.0,11.0,52.3,31.1,0.0,0,0,25.1,3.0,0.022727,0.073864,4.052423,0,0.0056819999999999,12.456,0.01636344,5.948034989180646,19,4829.793,0,MEDIUM,87.673,,1.514897553516821,1.5617942086907517,1.4631174209052693,strict_relative_response,0.9569999999999794,5338.311,5338.311,HARD,18.0,2.0,1.0423333333333176,0.0853333333333381,0.9569999999999794,"ALB,ALO,BOR,STR,RUS",5.0,-0.3799999999999954,1.3369999999999749,0.3333333333333286,0.018939,0.0192043333333333,87.92333333333333,86.88100000000001,0.8776666666666699,0.6418333333333333,5.0,13.0,-0.7738849999999999,0.0,,1.4631174209052693
11,LIN,19.0,,,,,,,,,,,,MEDIUM>HARD,,,,1,19.0,0.2714285714285714,70,8,0.1835000000000022,-0.1410000000000053,0.3950000000000102,0.1350000000000051,0.0450000000000012,0.0450000000000012,0.4916363093766733,0.0653130994789694,0.0653130994789694,-1.1230000000000049,-0.2364999999999995,0,1,0,87.365,-0.7599502291110696,0.1410000000000053,0.5060000000000002,0.3137500000000131,0.5884999999999962,0.839500000000001,0.0203130994789682,7.0,10.0,51.6,31.5,-0.6999999999999957,0,0,24.6,1.8,0.022857,0.051429,4.038187,0,0.005908,12.616,0.01737132,5.998936561946683,20,4915.876,0,MEDIUM,87.365,,1.514897553516821,1.5843397527536123,1.4323458268314864,strict_relative_response,1.0193333333333072,5425.67,5425.67,HARD,19.0,2.0,0.968999999999994,-0.0503333333333131,1.0193333333333072,"ALO,BOR,STR,RUS,ALB",5.0,-0.644999999999996,1.6643333333333032,0.2563333333333588,0.0132686666666666,0.0248936666666666,87.871,86.902,0.9069999999999964,1.0393333333333317,5.0,14.0,-0.02705,0.0,,1.4323458268314864
11,LAW,20.0,,,,,,,,,,,,MEDIUM>HARD,,,,1,20.0,0.2857142857142857,70,8,0.1829999999999998,-0.0179999999999864,0.0,-0.0619999999999976,0.1010833333333328,0.1010833333333328,0.2046587125885821,0.0778560329934908,0.0778560329934908,0.1240000000000094,0.1300000000000096,0,1,0,87.683,-0.3158941495497771,0.0179999999999864,-0.0353333333333409,-0.0251250000000027,0.7385000000000019,1.2224999999999966,-0.0232273003398419,7.0,7.0,52.4,31.1,0.7999999999999972,0,0,24.7,1.1,0.0,0.0,7.682335,0,0.0,13.92,0.0,6.042632833682381,21,4999.179,0,MEDIUM,87.683,,1.514897553516821,1.6026449715016282,1.48300113746157,strict_relative_response,2.074333333333314,5512.916,5512.916,HARD,20.0,2.0,1.578666666666663,-0.4956666666666507,2.074333333333314,"ALO,STR,BOR,COL,ALB",5.0,-0.9909999999999995,3.0653333333333137,0.4836666666666502,0.0019046666666666,0.01351,87.64766666666667,86.069,0.926333333333332,1.2918333333333294,5.0,15.0,0.0019046666666666,0.0,,1.48300113746157
11,ANT,21.0,,,,,,,,,,,,MEDIUM>HARD,,,,1,21.0,0.3,70,8,0.2039999999999864,0.0699999999999931,-0.0699999999999931,0.0339999999999918,-0.0881333333333311,-0.0881333333333311,-0.0463469280583552,-0.0256320580305538,-0.0256320580305538,0.191999999999993,0.0069999999999907,0,1,0,85.702,0.0714721141016525,-0.0699999999999931,-0.0873333333333334,0.0822500000000019,-1.2475000000000025,1.1024999999999991,0.0625012753027773,7.0,1.0,52.4,30.9,0.0,0,0,24.7,1.1,0.0,0.0,7.863515,0,0.0,14.616,0.0,6.077642243349034,22,5058.031,0,MEDIUM,85.702,,1.514897553516821,1.0672246185286494,1.2642061762772154,strict_relative_response,1.3823333333333352,5600.773,5600.773,HARD,21.0,2.0,1.26100000000001,-0.1213333333333253,1.3823333333333352,"LEC,VER,RUS,GAS,HAM",5.0,0.0430000000000063,1.3393333333333288,0.2226666666666688,0.0,0.0,85.61466666666666,84.35366666666665,-0.0829999999999842,0.3236666666666725,5.0,16.0,-0.4435263333333333,0.0,,1.2642061762772154
11,BEA,21.0,,,,,,,,,,,,MEDIUM>HARD,,,,1,21.0,0.3,70,8,0.1275000000000119,0.8389999999999986,-0.8389999999999986,-0.8220000000000027,-0.0244999999999985,-0.0244999999999985,-0.6331657680707536,0.0388106231903334,0.0388106231903334,0.8389999999999986,-0.0174999999999911,0,1,0,89.195,0.9764119849287596,-0.8389999999999986,-0.6503333333333217,-0.7851249999999936,3.2029999999999887,1.121000000000009,0.063310623190332,7.0,14.0,52.1,31.1,-0.2999999999999971,0,0,25.1,3.5,0.011173,0.050279,4.430443,0,0.005523,14.364,0.00938532,6.107022887742255,22,5114.156,0,MEDIUM,89.195,,1.514897553516821,2.2199593698300317,1.6317423466135117,strict_relative_response,2.7306666666666928,5600.773,5600.773,HARD,21.0,2.0,2.048333333333346,-0.6823333333333466,2.7306666666666928,"COL,STR,ALO,OCO,BOR",5.0,-0.6299999999999955,3.360666666666688,0.6706666666666763,0.0056076666666666,0.0038313333333333,88.54466666666667,86.49633333333333,0.1123333333333249,0.7983333333333273,5.0,16.0,-0.7534196666666667,0.0,,1.6317423466135117
11,ALB,25.0,,,,,,,,,,,,MEDIUM>HARD,,,,1,25.0,0.3571428571428571,70,8,0.1969999999999956,1.481999999999999,-1.3399999999999892,-1.4110000000000014,0.0169583333333331,0.0169583333333331,-0.975543212350928,0.0606239900817702,0.0606239900817702,1.634999999999991,0.164999999999992,0,1,0,89.862,1.5029709680483307,-1.481999999999999,-0.99166666666666,-1.2018750000000011,3.352000000000004,1.2704999999999984,0.0436656567484371,7.0,16.0,50.7,31.0,0.9000000000000057,0,0,26.1,1.7,0.011111,0.044444,12.336821,0,0.011111,15.700000000000005,0.011111,6.282266746896006,26,5477.249,0,MEDIUM,89.862,,1.514897553516821,2.2894549126201613,1.6969881499896262,strict_relative_response,1.5690000000000026,5953.165,5953.165,HARD,25.0,2.0,2.187999999999988,0.6189999999999856,1.5690000000000026,"ALO,COL,OCO,SAI,HUL",5.0,0.2749999999999915,1.2940000000000111,0.2230000000000132,0.0037036666666666,0.0038536666666666,88.87033333333333,86.68233333333335,0.0660000000000025,0.7683333333333355,5.0,20.0,-0.593664,0.0,,1.6969881499896262
11,RUS,26.0,,,,,,,,,,,,MEDIUM>HARD,,,,1,26.0,0.3714285714285714,70,8,0.2110000000000056,0.5309999999999917,-0.4129999999999967,-0.5109999999999957,0.0770714285714301,0.0770714285714301,-0.4689946009963961,-0.0079233275638186,-0.0079233275638186,0.4129999999999967,0.4239999999999995,0,1,0,86.737,0.7223643772137365,-0.5309999999999917,-0.3146666666666675,-0.5051249999999925,0.0204999999999984,1.0714999999999932,-0.0849947561352487,7.0,7.0,50.7,30.9,0.9000000000000057,0,0,26.1,2.5,0.011494,0.034483,4.30835,0,0.011494,16.328000000000003,0.01195376,6.304448802421981,27,5516.243,0,MEDIUM,86.737,,1.514897553516821,1.504326864613527,1.4321689037944387,strict_relative_response,2.6896666666666533,6040.764,6040.764,HARD,26.0,2.0,2.280999999999992,-0.4086666666666616,2.6896666666666533,"BEA,GAS,LAW,HAD,VER",5.0,0.8006666666666717,1.8889999999999816,0.3043333333333322,0.0038313333333333,0.001984,86.42233333333333,84.14133333333334,-0.63066666666667,0.1180000000000092,5.0,21.0,-0.6850223333333334,0.0,,1.4321689037944387
11,BOR,28.0,,,,,,,,,,,,SOFT>HARD,,,,1,28.0,0.4,70,8,0.1884999999999976,0.4370000000000118,-0.4370000000000118,-0.5395000000000039,0.1047500000000024,0.1047500000000024,-0.4473773865732511,0.0080543546222492,0.0080543546222492,0.5440000000000111,-0.3389999999999986,1,0,0,87.68,0.6890448555301845,-0.4370000000000118,-0.3270000000000124,-0.5575000000000045,1.344500000000011,0.8135000000000048,-0.0966956453777531,7.0,8.0,50.0,30.9,-1.2999999999999972,0,0,25.6,3.7,0.0,0.0,17.844183,0,0.0,16.8,0.0,6.380122536899765,29,5710.018,0,SOFT,87.68,,1.514897553516821,1.786753020752401,1.4831918944714446,strict_relative_response,1.6249999999999574,6217.757,6217.757,HARD,28.0,2.0,1.7806666666666473,0.1556666666666899,1.6249999999999574,"STR,GAS,BEA,COL,SAI",5.0,0.1786666666666576,1.4463333333332995,0.2183333333333053,0.0,0.015461,87.353,85.57233333333335,-0.2833333333333314,0.6516666666666708,5.0,23.0,-0.9790476666666666,0.0,,1.4831918944714446
11,HAM,29.0,,,,,,,,,,,,HARD>HARD,,,,1,16.0,0.4142857142857143,70,8,0.1844999999999999,0.0789999999999935,0.0,-0.0935000000000059,0.0603392857142855,0.0603392857142855,-0.0576297877991294,0.0106937331820476,0.0106937331820476,0.108000000000004,0.2859999999999942,0,0,1,85.619,0.0900243619230138,-0.0789999999999935,0.0663333333333469,-0.1433749999999918,-1.211500000000001,0.9840000000000018,-0.0496455525322379,7.0,4.0,50.5,31.0,-0.7999999999999972,0,0,25.6,2.0,0.005848,0.040936,4.252818,0,-0.005848,9.92,0.0037427199999999,6.405228458030842,30,5756.635,1,HARD,85.619,,1.514897553516821,1.4600635829448243,1.6980642599257316,strict_relative_response,1.8616666666666788,6305.75,6305.75,HARD,16.0,2.0,1.659000000000006,-0.2026666666666727,1.8616666666666788,"HAD,LEC,VER,ANT,HUL",5.0,0.3756666666666461,1.4860000000000326,0.0706666666666535,0.0097239999999999,0.001996,85.68533333333335,84.02633333333334,-0.0153333333333165,0.7331666666666716,5.0,11.0,-0.013635,0.0,,1.6980642599257316
11,PIA,32.0,,,,,,,,,,,,HARD>HARD,,,,1,16.0,0.4571428571428571,70,8,0.231500000000004,0.0,0.0,-0.2310000000000087,0.0922499999999993,0.0922499999999993,0.0443509706208828,0.1108050524132793,0.1108050524132793,-0.0120000000000004,0.071000000000005,0,0,1,85.831,-0.0692813210544471,0.0,-0.0280000000000057,-0.3072500000000104,-0.5720000000000027,0.9789999999999992,0.01855505241328,7.0,1.0,51.1,31.0,0.8000000000000043,0,0,25.9,1.3,0.017544,0.05848,3.967282,0,0.000102,10.304,0.01122816,6.496774990185863,33,6006.097,1,HARD,85.831,,1.514897553516821,1.6611174634013208,1.801357752448569,strict_relative_response,1.2510000000000048,6569.051,6569.051,HARD,16.0,2.0,1.2906666666666666,0.0396666666666618,1.2510000000000048,"HUL,ANT,LAW,NOR,VER",5.0,-0.2836666666666616,1.5346666666666664,0.4526666666666727,0.011662,0.011719,85.803,84.51233333333333,1.391333333333321,1.6886666666666628,5.0,11.0,0.011662,0.0,,1.801357752448569
11,BEA,41.0,,,,,,,,,,,,HARD>HARD,,,,1,19.0,0.5857142857142857,70,3,1.0600000000000025,1.0600000000000025,-1.0600000000000025,-1.0600000000000025,0.4,0.4,-0.6108469801021386,0.1570405587838242,0.1570405587838242,1.0600000000000025,0.0514999999999972,0,0,1,89.694,1.275954022988515,-1.0600000000000025,-1.1539999999999964,-1.1539999999999964,4.1625000000000085,0.880500000000005,-0.2429594412161758,2.0,19.0,49.9,31.0,0.2999999999999971,0,0,26.1,1.9,0.01676,0.061453,4.455229,0,-0.0001889999999999,11.323999999999998,0.0127376,6.782192056006791,42,6904.63,2,HARD,89.694,,1.514897553516821,2.790566707979013,2.2854754742789645,strict_relative_response,1.6719999999999828,7377.768,7377.768,HARD,19.0,2.0,2.299666666666667,0.6276666666666841,1.6719999999999828,"STR,OCO,LIN,ALB,COL",5.0,,,0.4223333333333272,0.0150459999999999,0.0192903333333333,88.54,86.24033333333334,0.0,0.0,19.0,0.0,0.0,0.0,,2.2854754742789645
11,LAW,41.0,,,,,,,,,,,,HARD>SOFT,,,,1,20.0,0.5857142857142857,70,3,0.0690000000000026,0.0,0.0,0.0,0.0345000000000013,0.0345000000000013,0.0529307536538112,-0.0034840714327639,-0.0034840714327639,-0.1450000000000102,-0.2169999999999987,0,0,1,86.529,-0.1105632183908085,0.0,0.0253333333333358,0.0253333333333358,0.9359999999999928,1.0489999999999924,-0.0379840714327652,2.0,9.0,49.6,31.0,0.3000000000000042,0,0,26.0,2.2,0.00578,0.046243,4.656187,0,0.00578,11.68,0.004624,6.761572768804055,42,6835.414,2,HARD,86.529,,1.514897553516821,1.3957931193462336,1.426036998028198,strict_relative_response,1.8990000000000151,7377.768,7377.768,SOFT,20.0,2.0,1.419333333333341,-0.4796666666666738,1.8990000000000151,"LIN,OCO,BOR,ALO,COL",5.0,,,0.2076666666666682,0.0019266666666666,0.0058593333333333,86.55433333333333,85.13499999999999,0.0,0.0,20.0,0.0,0.0,0.0,,1.426036998028198
11,SAI,42.0,,,,,,,,,,,,MEDIUM>SOFT,,,,1,24.0,0.6,70,4,0.1679999999999992,-0.8495000000000061,0.7560000000000002,0.8495000000000061,-0.2506666666666651,-0.2506666666666651,0.5069189864627504,-0.097930311430344,-0.097930311430344,-1.0919999999999987,-0.0459999999999922,0,1,0,87.53,-0.9676069583846924,0.8495000000000061,0.6159999999999997,0.6977500000000134,2.2590000000000003,0.7905000000000015,0.1527363552363211,3.0,17.0,49.9,31.4,0.0,0,0,26.1,1.9,0.017143,0.04,4.34774,0,0.011493,14.303999999999998,0.0164572799999999,6.80128303447162,43,6982.468,2,MEDIUM,87.53,,1.514897553516821,0.6367945647055789,1.0796803624080473,strict_relative_response,1.2733333333333403,7489.188,7489.188,SOFT,24.0,5.0,1.945666666666668,0.6723333333333272,1.2733333333333403,"ALB,OCO,LIN,RUS,STR",5.0,,,0.2616666666666702,0.0132473333333333,0.0174086666666666,88.146,86.20033333333333,0.0,0.0,23.5,0.5,0.0,0.0,,1.0796803624080473
12,BOR,10.0,,,,,,,,,,,,SOFT>MEDIUM,,,,1,11.0,0.1388888888888889,72,5,0.2239999999999895,0.0630000000000023,-0.0630000000000023,-0.0630000000000023,-0.1062499999999921,-0.1062499999999921,-0.137689578549768,-0.0337525198348647,-0.0337525198348647,0.2869999999999919,0.1619999999999919,1,0,0,79.08,0.262247154405486,-0.0630000000000023,-0.1166666666666742,0.1066000000000002,0.414999999999992,0.5299999999999869,0.0724974801651273,4.0,13.0,35.0,19.2,-0.8999999999999986,0,0,57.6,1.7,0.993671,1.0,0.447923,0,-0.006329,0.0,0.43721524,5.2832037287379885,11,6061.59,4,SOFT,79.08,,1.4908583959899755,1.1338590551708057,1.3041409811913023,strict_relative_response,1.358333333333306,6470.732,6470.732,MEDIUM,11.0,2.0,1.0156666666666467,-0.3426666666666591,1.358333333333306,"OCO,ALB,ALO,LIN,GAS",5.0,,,0.1359999999999814,0.9978903333333332,0.234463,78.96333333333332,77.94766666666668,0.0,0.0,10.0,1.0,0.0,0.0,,1.3041409811913023
12,STR,14.0,,,,,,,,,,,,SOFT>HARD,,,,1,12.0,0.1944444444444444,72,8,0.1079999999999969,0.0,0.0,-0.0494999999999947,-0.0073333333333351,-0.0073333333333351,-0.000382547715958,-0.0226093675964975,-0.0226093675964975,-0.4009999999999962,0.039999999999992,1,0,0,79.291,0.000658383062202,0.0,0.0706666666666677,0.0370000000000061,0.2385000000000019,0.5859999999999914,-0.0152760342631623,7.0,14.0,33.7,19.1,-1.1999999999999955,0,0,59.5,0.8,0.0,0.632911,2.189453,0,-0.04375,-0.6239999999999987,0.0,5.627621113690637,15,6381.364,4,SOFT,79.291,,1.4908583959899755,1.386681812379255,1.3256995045685844,strict_relative_response,0.4906666666666694,6794.609,6794.609,HARD,12.0,2.0,0.5866666666666731,0.0960000000000036,0.4906666666666694,"ALB,SAI,ALO,LIN,COL",5.0,0.1056666666666927,0.3849999999999767,0.0709999999999837,0.117959,0.065441,79.36166666666666,78.77499999999999,0.1269999999999953,-0.1478333333333334,7.0,5.0,-0.5208306666666667,0.0,,1.3256995045685844
12,OCO,15.0,,,,,,,,,,,,SOFT>HARD,,,,1,16.0,0.2083333333333333,72,8,0.136499999999998,-0.0130000000000052,0.0130000000000052,-0.0494999999999947,0.06325,0.06325,0.0341061493131462,0.0235135258222071,0.0235135258222071,-0.0130000000000052,0.0409999999999968,1,0,0,79.244,-0.0571142048184469,0.0130000000000052,0.0590000000000117,-0.0926249999999981,0.2489999999999952,0.7944999999999993,-0.0397364741777928,7.0,12.0,35.2,19.3,1.5,0,0,58.5,1.5,0.522013,1.0,0.953811,0,0.0220129999999999,0.1280000000000018,0.33408832,5.69035945432406,16,6457.424,4,SOFT,79.244,,1.4908583959899755,1.4511144682357315,1.365834945268134,strict_relative_response,-0.3206666666666535,6874.532,6874.532,HARD,16.0,2.0,-0.2539999999999907,0.0666666666666628,-0.3206666666666535,"LIN,ALB,SAI,ALO,COL",5.0,-0.0100000000000193,-0.3106666666666342,0.0593333333333276,0.5503146666666666,0.552902,79.30300000000001,79.557,0.3526666666666784,4.718447854656915e-15,10.0,6.0,-0.215508,0.0,,1.365834945268134
12,RUS,16.0,,,,,,,,,,,,MEDIUM>HARD,,,,1,16.0,0.2222222222222222,72,8,0.1604999999999918,0.0350000000000108,0.0,-0.1779999999999972,0.094089285714287,0.094089285714287,-0.0145267297945821,0.0366383196001411,0.0366383196001411,-0.1359999999999956,0.0579999999999927,0,1,0,77.656,0.023791495498699,-0.0350000000000108,0.0336666666666616,-0.2005000000000052,-1.3419999999999987,1.031000000000006,-0.0574509661141459,7.0,4.0,36.1,19.2,1.3000000000000045,0,0,58.6,1.3,0.0,0.554839,2.364235,0,0.0,0.704000000000001,0.0,5.730099782973574,17,6512.608,4,MEDIUM,77.656,,1.4908583959899755,1.1655046290621787,1.2917791470180775,strict_relative_response,1.1533333333333218,6957.451,6957.451,HARD,16.0,2.0,1.2576666666666654,0.1043333333333436,1.1533333333333218,"HAM,ALB,LIN,SAI,ALO",5.0,-0.0620000000000118,1.2153333333333336,0.0523333333333511,0.0215053333333333,0.0219296666666666,77.68966666666667,76.432,0.4749999999999943,0.1906666666666627,9.0,7.0,-0.3587346666666666,0.0,,1.2917791470180775
12,GAS,17.0,,,,,,,,,,,,MEDIUM>HARD,,,,1,18.0,0.2361111111111111,72,8,0.1955000000000026,0.1280000000000001,0.0,-0.2420000000000044,0.0599166666666685,0.0599166666666685,-0.0583801162324419,0.0399672517131536,0.0399672517131536,0.1280000000000001,0.0409999999999968,0,1,0,78.944,0.0939662255154445,-0.1280000000000001,-0.0246666666666612,-0.2099999999999937,0.0,0.8220000000000027,-0.0199494149535149,7.0,8.0,36.3,19.2,0.1999999999999957,0,0,58.6,0.7,0.0,0.0,7.43392,0,0.0,0.935999999999998,0.0,5.805134968916488,18,6606.811,4,MEDIUM,78.944,,1.4908583959899755,1.4945228696863853,1.3842524566990788,strict_relative_response,0.1286666666666747,7054.249,7054.249,HARD,18.0,2.0,0.248333333333349,0.1196666666666743,0.1286666666666747,"LIN,ALB,ALO,SAI,BOR",5.0,-0.1013333333333434,0.2300000000000182,0.0816666666666776,0.0,0.7750406666666666,78.91933333333334,78.67099999999999,0.4153333333333506,0.1225000000000022,10.0,8.0,-0.0615709999999999,0.0,,1.3842524566990788
12,PIA,17.0,,,,,,,,,,,,HARD>HARD,,,,1,15.0,0.2361111111111111,72,8,0.1104999999999947,0.0230000000000103,0.0,-0.150500000000008,0.028500000000001,0.028500000000001,-0.0177954446035215,0.0317467085741984,0.0317467085741984,-0.0409999999999968,-0.0944999999999964,0,0,1,77.465,0.0286428131472717,-0.0230000000000103,0.005999999999986,-0.1299999999999954,-1.4089999999999918,1.0075000000000005,0.0032467085741973,7.0,3.0,36.3,19.2,0.1999999999999957,0,0,58.6,0.7,0.0,0.0,4.991074,0,0.0,0.7799999999999983,0.0,5.7899601708972535,18,6587.595,4,HARD,77.465,,1.4908583959899755,1.3651002094844376,1.5663982603476838,strict_relative_response,1.038666666666657,7054.249,7054.249,HARD,15.0,2.0,1.1583333333333314,0.1196666666666743,1.038666666666657,"HAM,LIN,ALB,ALO,SAI",5.0,0.1156666666666552,0.9230000000000018,0.0619999999999976,0.0,0.6697196666666666,77.47099999999999,76.31266666666666,0.2603333333333211,0.0261666666666637,7.0,8.0,0.0,0.0,,1.5663982603476838
12,TSU,17.0,,,,,,,,,,,,SOFT>HARD,,,,1,15.0,0.2361111111111111,72,8,0.1649999999999991,-0.3140000000000071,0.2670000000000101,0.1970000000000027,0.0537083333333328,0.0537083333333328,0.19208120253505,0.0030231564206688,0.0030231564206688,-0.3700000000000045,0.0409999999999968,1,0,0,78.725,-0.3091659756692024,0.3140000000000071,0.2123333333333334,0.15462500000001,-0.2070000000000078,0.8340000000000032,-0.0506851769126639,7.0,10.0,36.3,19.2,0.1999999999999957,0,0,58.6,0.7,0.0,0.356688,2.842693,0,0.0,0.7799999999999983,0.0,5.811140992976701,18,6611.143,4,SOFT,78.725,,1.4908583959899755,1.3246147404238804,1.3078769583103682,strict_relative_response,0.5389999999999873,7054.249,7054.249,HARD,15.0,2.0,0.6586666666666616,0.1196666666666743,0.5389999999999873,"ALB,LIN,ALO,SAI,HAM",5.0,-0.0769999999999981,0.6159999999999854,0.0619999999999976,0.0,0.0063693333333333,78.93733333333333,78.27866666666667,0.1686666666666525,-0.1645000000000038,7.0,8.0,-0.2679456666666666,0.0,,1.3078769583103682
12,HUL,18.0,,,,,,,,,,,,SOFT>SOFT,,,,1,19.0,0.25,72,8,0.2305000000000134,0.3350000000000079,-0.3960000000000008,-0.3654999999999972,0.0357500000000013,0.0357500000000013,-0.1742912335850519,0.0197046242621084,0.0197046242621084,0.3960000000000008,-0.0145000000000052,1,0,0,79.061,0.2768594148219421,-0.3350000000000079,-0.2963333333333366,-0.2338750000000118,0.1170000000000044,0.3870000000000004,-0.0160453757378928,7.0,8.0,37.3,19.5,1.0,0,1,58.1,1.1,0.550633,1.0,0.895632,0,0.283117,1.7479999999999978,0.41848108,5.863631175598097,19,6687.226,4,SOFT,79.061,,1.4908583959899755,0.6421579116028207,1.0417104891662665,strict_relative_response,-0.0783333333333473,7132.495,7132.495,SOFT,19.0,2.0,-0.2513333333333349,-0.1729999999999876,-0.0783333333333473,"ALB,LIN,SAI,BOR,ALO",5.0,0.1353333333333353,-0.2136666666666826,0.0816666666666918,0.310933,0.9957806666666666,78.76466666666667,79.016,0.1646666666666618,-0.1061666666666667,10.0,9.0,-0.0555643333333332,0.0,,1.0417104891662665
12,ANT,20.0,,,,,,,,,,,,MEDIUM>HARD,,,,1,20.0,0.2777777777777778,72,8,0.109499999999997,0.2349999999999994,-0.159000000000006,-0.2725000000000079,0.0765857142857137,0.0765857142857137,-0.0619465384096855,0.0744500094677138,0.0744500094677138,0.159000000000006,0.159000000000006,0,1,0,77.601,0.096767623249093,-0.2349999999999994,-0.1386666666666656,-0.3100000000000023,-1.397500000000008,0.9074999999999988,-0.0021357048179999,7.0,1.0,38.0,19.5,0.7000000000000028,0,0,55.6,0.7,0.0,0.0,18.405993,0,0.0,2.4,0.0,5.953243334287785,21,6812.883,4,MEDIUM,77.601,,1.4908583959899755,1.1573584369791974,1.3117447555666992,strict_relative_response,1.74166666666666,7287.437,7287.437,HARD,20.0,2.0,1.3910000000000051,-0.3506666666666547,1.74166666666666,"LIN,ALO,ALB,SAI,STR",5.0,-0.3823333333333352,2.1239999999999952,0.0919999999999845,0.0,0.0,77.46233333333333,76.07133333333333,0.7710000000000008,0.6078333333333226,9.0,11.0,0.0,0.0,,1.3117447555666992
12,COL,20.0,,,,,,,,,,,,MEDIUM>HARD,,,,1,18.0,0.2777777777777778,72,8,0.301000000000009,0.0,-0.1330000000000097,-0.2620000000000146,0.1939761904761901,0.1939761904761901,0.0678840466333099,0.1362617723285479,0.1362617723285479,0.1330000000000097,0.0549999999999997,0,1,0,80.641,-0.1111787038616824,0.0,-0.1959999999999979,-0.4413750000000078,1.9040000000000104,0.6749999999999972,-0.0577144181476421,7.0,18.0,38.2,19.5,0.4000000000000057,0,0,56.3,0.9,0.968944,1.0,0.456765,0,0.024845,2.304000000000002,0.6976396800000001,5.996452088619021,21,6873.082,5,MEDIUM,80.641,,1.4908583959899755,1.9498372467468912,1.612784473953486,strict_relative_response,2.974333333333348,7287.437,7287.437,HARD,18.0,2.0,2.715666666666678,-0.2586666666666701,2.974333333333348,"PER,BOT,SAI,LIN,ALO",5.0,-0.9226666666666716,3.89700000000002,0.0919999999999845,0.890269,0.0,80.44500000000001,77.72933333333333,1.0206666666666706,1.0940000000000036,11.0,7.0,0.598652,0.0,,1.612784473953486
12,LAW,20.0,,,,,,,,,,,,SOFT>MEDIUM,,,,1,18.0,0.2777777777777778,72,8,0.3819999999999908,0.0,0.0130000000000052,-0.3754999999999882,0.1437499999999985,0.1437499999999985,0.0289533241779338,0.0915919682351716,0.0915919682351716,-0.2630000000000052,0.159000000000006,1,0,0,78.737,-0.0452284249900998,0.0,0.0919999999999987,-0.3245000000000004,-0.194500000000005,0.7974999999999994,-0.0521580317648269,7.0,5.0,38.0,19.5,0.2000000000000028,0,0,55.6,0.7,0.0,0.0,9.616457,0,-0.006329,2.16,0.0,5.963579343618446,21,6834.993,5,SOFT,78.737,,1.4908583959899755,1.1806769859246826,1.421675590694219,strict_relative_response,1.753999999999991,7287.437,7287.437,MEDIUM,18.0,2.0,1.403333333333336,-0.3506666666666547,1.753999999999991,"ALO,LIN,ALB,SAI,STR",5.0,-0.7670000000000101,2.521000000000001,0.0919999999999845,0.0042326666666666,0.3018996666666666,78.829,77.42566666666666,1.103999999999985,0.9394999999999906,7.0,11.0,-0.0323263333333333,0.0,,1.421675590694219
12,LEC,20.0,,,,,,,,,,,,SOFT>MEDIUM,,,,1,18.0,0.2777777777777778,72,8,0.1820000000000021,0.0,0.0,0.0395000000000038,-0.0041500000000006,-0.0041500000000006,0.0881862644697548,0.0044985618187224,0.0044985618187224,-0.0789999999999935,0.159000000000006,1,0,0,77.435,-0.1377570956348961,0.0,-0.0353333333333267,0.1017499999999955,-1.5635000000000048,0.7974999999999994,0.008648561818723,7.0,3.0,38.0,19.5,0.2000000000000028,0,0,55.6,0.7,0.0,0.0,7.785254,0,-0.012903,2.16,0.0,5.958424693029782,21,6823.06,4,SOFT,77.435,,1.4908583959899755,0.713824451816579,1.181947369714807,strict_relative_response,1.9166666666666716,7287.437,7287.437,MEDIUM,18.0,2.0,1.5660000000000167,-0.3506666666666547,1.9166666666666716,"LIN,ALO,ALB,SAI,STR",5.0,0.6316666666666606,1.2850000000000108,0.0919999999999845,0.0064516666666666,0.0,77.39966666666668,75.83366666666666,0.2220000000000084,0.0588333333333253,7.0,11.0,-0.980575,0.0,,1.181947369714807
12,NOR,20.0,,,,,,,,,,,,SOFT>HARD,,,,1,21.0,0.2777777777777778,72,8,0.1355000000000075,0.3790000000000049,-0.3130000000000024,-0.4934999999999974,0.0811666666666669,0.0811666666666669,-0.1779362989029351,0.0766661356704867,0.0766661356704867,0.3130000000000024,0.2040000000000077,1,0,0,77.821,0.2779569799478025,-0.3790000000000049,-0.2306666666666643,-0.4616249999999979,-1.177500000000009,0.7974999999999994,-0.0045005309961802,7.0,2.0,38.0,19.5,0.7000000000000028,0,0,55.6,0.7,0.025641,0.730769,2.066214,0,-0.05823,2.52,0.02153844,5.955837369464831,21,6815.18,4,SOFT,77.821,,1.4908583959899755,1.1591358100895421,1.3298541663509846,strict_relative_response,1.814666666666653,7287.437,7287.437,HARD,21.0,2.0,1.4639999999999986,-0.3506666666666547,1.814666666666653,"LIN,ALO,ALB,SAI,STR",5.0,-0.4316666666666719,2.2463333333333253,0.0919999999999845,0.0689716666666666,0.1860166666666666,77.59033333333333,76.12633333333333,0.820999999999998,0.6578333333333244,10.0,11.0,-0.5969453333333333,0.0,,1.3298541663509846
12,HAM,24.0,,,,,,,,,,,,SOFT>HARD,,,,1,25.0,0.3333333333333333,72,8,0.1204999999999927,-0.0060000000000002,0.0,0.0030000000000001,0.0100833333333317,0.0100833333333317,0.0078046429501057,0.0173233102937051,0.0173233102937051,-0.1559999999999917,0.3250000000000028,1,0,0,77.715,-0.0120465970692293,0.0060000000000002,-0.0370000000000061,-0.0621250000000088,-1.399499999999989,0.8900000000000006,0.0072399769603733,7.0,1.0,36.1,19.3,0.3999999999999986,0,0,57.1,0.9,0.0,0.374194,2.916271,0,0.0,1.1000000000000014,0.0,6.142037405587356,25,7135.403,4,SOFT,77.715,,1.4908583959899755,1.054232853082301,1.2406457267176032,strict_relative_response,2.7556666666666416,7617.105,7617.105,HARD,25.0,2.0,1.9906666666666557,-0.7649999999999864,2.7556666666666416,"PIA,BOR,TSU,RUS,LIN",5.0,0.123666666666665,2.6319999999999766,0.3530000000000228,0.0064516666666666,0.0,77.678,75.68733333333334,0.4129999999999967,0.1534999999999939,10.0,15.0,-0.4839266666666666,0.0,,1.2406457267176032
12,ALB,25.0,,,,,,,,,,,,HARD>HARD,,,,1,23.0,0.3472222222222222,72,8,0.1129999999999995,0.0,0.1069999999999993,0.0289999999999963,-0.0038333333333322,-0.0038333333333322,0.241429197774849,0.0247378121672475,0.0247378121672475,-0.9339999999999976,-0.1099999999999994,0,0,1,79.137,-0.3723106556082172,0.0,0.3469999999999942,0.1349999999999909,0.0120000000000004,0.7789999999999964,0.0285711455005797,7.0,8.0,34.3,19.1,-0.3000000000000042,0,1,56.1,1.5,0.0,0.220126,3.698032,0,-0.3625,-0.6440000000000026,0.0,6.198478716492308,26,7248.96,4,HARD,79.137,,1.4908583959899755,1.656599744873639,1.6778022670601263,strict_relative_response,1.7776666666666756,7696.471,7696.471,HARD,23.0,2.0,0.9423333333333233,-0.8353333333333524,1.7776666666666756,"HUL,STR,GAS,LIN,BOR",5.0,0.0096666666666749,1.768000000000001,0.2163333333333241,0.1208333333333333,0.137265,79.484,78.54166666666667,0.5249999999999915,0.1426666666666752,7.0,16.0,-0.4119543333333333,0.0,,1.6778022670601263
12,BOT,27.0,,,,,,,,,,,,HARD>HARD,,,,1,25.0,0.375,72,8,0.1649999999999991,0.0,0.2620000000000004,-0.1539999999999963,0.091916666666665,0.091916666666665,0.150371178685603,0.0323944361271973,0.0323944361271973,-0.5110000000000099,-0.1944999999999979,0,0,1,80.538,-0.2316851068000005,0.0,0.2576666666666654,-0.0772499999999922,1.6769999999999925,1.5009999999999906,-0.0595222305394676,7.0,18.0,33.0,19.2,-0.6000000000000014,0,0,54.8,2.8,0.304348,0.857143,1.197477,0,-0.0536769999999999,-2.0,0.304348,6.295266001439646,28,7434.852,4,HARD,80.538,,1.4908583959899755,2.1881115156839703,1.8208507387904758,strict_relative_response,1.025999999999982,7854.102,7854.102,HARD,25.0,4.0,1.7966666666666526,0.7706666666666706,1.025999999999982,"GAS,ALO,STR,HUL,LIN",5.0,-0.6210000000000093,1.6469999999999914,0.7233333333333434,0.2849733333333333,0.304731,80.79566666666666,78.99900000000001,0.9893333333333204,0.5843333333333383,7.0,18.0,-0.1075056666666667,0.0,,1.8208507387904758
12,PER,28.0,,,,,,,,,,,,HARD>HARD,,,,1,26.0,0.3888888888888889,72,8,0.2160000000000081,-0.0319999999999964,0.0,0.075499999999991,-0.0383571428571436,-0.0383571428571436,0.1062670570533868,-0.0145511128488125,-0.0145511128488125,0.1910000000000025,0.0709999999999979,0,0,1,80.33,-0.1637013552158066,0.0319999999999964,-0.0530000000000114,0.1752499999999912,1.880999999999986,1.5524999999999949,0.023806030008331,7.0,18.0,32.3,19.1,-0.7000000000000028,0,0,54.0,1.1,0.360248,1.0,1.137509,0,0.185248,-2.808000000000003,0.37465792,6.331501849893691,29,7516.586,4,HARD,80.33,,1.4908583959899755,2.0186614210435456,1.7781444486690872,strict_relative_response,0.5409999999999826,7932.734,7932.734,HARD,26.0,2.0,2.103666666666655,1.5626666666666722,0.5409999999999826,"GAS,TSU,LIN,HUL,ALO",5.0,0.4290000000000162,0.1119999999999663,0.289999999999992,0.1866976666666666,0.0,80.27699999999999,78.17333333333333,0.3209999999999837,0.1343333333333305,7.0,19.0,-0.4445523333333333,0.0,,1.7781444486690872
12,SAI,29.0,,,,,,,,,,,,SOFT>HARD,,,,1,27.0,0.4027777777777778,72,8,0.1580000000000012,0.7630000000000052,-0.7630000000000052,-1.0045000000000073,0.1015000000000014,0.1015000000000014,-0.5351120821911479,0.0836406778137872,0.0836406778137872,0.7630000000000052,-0.036999999999999,1,0,0,80.706,0.8242429826307784,-0.7630000000000052,-0.596666666666664,-0.8661250000000109,2.4039999999999964,1.703000000000003,-0.0178593221862142,7.0,11.0,32.0,19.0,-0.2999999999999971,0,1,55.3,1.2,0.248447,0.732919,1.428542,0,0.248447,-3.24,0.26832276,6.354370040797351,30,7579.364,4,SOFT,80.706,,1.4908583959899755,1.9921940684114747,1.5778911609145156,strict_relative_response,-0.5113333333333259,8011.771,8011.771,HARD,27.0,2.0,0.7596666666666749,1.2710000000000008,-0.5113333333333259,"LIN,GAS,STR,COL,TSU",5.0,-0.9763333333333292,0.4650000000000034,0.3733333333333206,0.084912,0.1430766666666666,80.10933333333334,79.34966666666666,0.798000000000016,0.7820000000000012,7.0,20.0,-0.1592696666666666,0.0,,1.5778911609145156
12,ALO,33.0,,,,,,,,,,,,SOFT>HARD,,,,1,31.0,0.4583333333333333,72,8,0.0480000000000018,0.0649999999999977,-0.0900000000000034,-0.0480000000000018,-0.011916666666669,-0.011916666666669,-0.0630301078293484,-0.0122852398089372,-0.0122852398089372,0.0900000000000034,0.1599999999999966,1,0,0,79.071,0.0970777781406582,-0.0649999999999977,-0.0619999999999976,-0.0351249999999936,0.5819999999999936,1.0535000000000068,-0.0003685731422681,7.0,8.0,30.7,18.9,-0.5,0,0,55.9,3.2,0.0,0.0,20.0,0,0.0,-5.332000000000001,0.0,6.480044561926653,34,7881.98,4,SOFT,79.071,,1.4908583959899755,1.4779355413478799,1.3189097008753081,strict_relative_response,0.6103333333333438,8330.534,8330.534,HARD,31.0,2.0,0.3910000000000053,-0.2193333333333385,0.6103333333333438,"GAS,ALB,BOT,COL,PER",5.0,-1.2346666666666837,1.8450000000000275,0.9903333333333252,0.0,0.50449,79.009,78.618,-0.0796666666666539,0.3143333333333326,7.0,24.0,-0.3833956666666667,0.0,,1.3189097008753081
12,BOR,33.0,,,,,,,,,,,,MEDIUM>HARD,,,,1,22.0,0.4583333333333333,72,8,0.3970000000000055,-0.2399999999999948,0.0849999999999937,0.5219999999999914,-0.1198333333333323,-0.1198333333333323,0.4025712235056176,-0.0081637727225624,-0.0081637727225624,-0.0849999999999937,0.1150000000000091,0,1,0,78.905,-0.6204655468770994,0.2399999999999948,0.1083333333333342,0.5858749999999873,0.4159999999999968,1.0535000000000068,0.1116695606107699,7.0,13.0,30.7,18.9,-0.5,0,0,55.9,3.2,0.503185,1.0,0.949731,0,0.028501,-3.7840000000000007,0.4428028,6.48768401848461,34,7897.34,5,MEDIUM,78.905,,1.4908583959899755,1.2772379583979359,1.3229607882232721,strict_relative_response,1.5976666666666546,8330.534,8330.534,HARD,22.0,2.0,1.7376666666666694,0.1400000000000147,1.5976666666666546,"BOT,GAS,ALB,TSU,COL",5.0,-0.9473333333333472,2.5450000000000017,1.2643333333333544,0.483189,0.0344086666666666,79.01333333333334,77.27566666666667,-0.4089999999999918,0.2836666666666616,5.0,17.0,-0.3567656666666667,0.0,,1.3229607882232721
12,STR,34.0,,,,,,,,,,,,HARD>HARD,,,,1,19.0,0.4722222222222222,72,8,0.1485000000000056,0.0,0.7700000000000102,-0.024499999999989,0.0504166666666646,0.0504166666666646,0.2972821190560921,-0.010037166354325,-0.010037166354325,-0.7700000000000102,0.0840000000000031,0,0,1,78.91,-0.4745864609165977,0.0,0.928666666666672,0.265625,0.5704999999999956,0.7974999999999994,-0.0604538330209897,7.0,16.0,31.1,18.8,0.4000000000000021,0,1,56.3,1.8,0.0,0.0,5.419396,0,-0.044025,-2.963999999999998,0.0,6.525029657843462,35,7987.078,5,HARD,78.91,,1.4908583959899755,2.0166348234626916,1.7389469849755048,strict_relative_response,1.2423333333333346,8409.963,8409.963,HARD,19.0,2.0,1.7000000000000028,0.4576666666666682,1.2423333333333346,"COL,ALB,GAS,SAI,BOT",5.0,-2.3046666666666766,3.5470000000000117,0.9333333333333228,0.1010946666666666,0.0,79.83866666666667,78.13866666666667,-0.0210000000000007,0.6721666666666645,5.0,14.0,-0.2309629999999999,0.0,,1.7389469849755048
12,LIN,35.0,,,,,,,,,,,,MEDIUM>HARD,,,,1,30.0,0.4861111111111111,72,8,0.4559999999999959,0.911999999999992,-0.8250000000000028,-0.448999999999998,-0.0940833333333396,-0.0940833333333396,-0.4921690433082517,-0.0214661418085934,-0.0214661418085934,0.8250000000000028,-0.0465000000000017,0,1,0,79.919,0.7594423243267556,-0.911999999999992,-0.5996666666666783,-0.3747499999999917,1.69850000000001,0.892000000000003,0.0726171915247462,7.0,11.0,30.5,18.8,-0.6000000000000014,0,1,56.8,1.0,0.4,0.80625,1.131689,0,0.4,-5.4,0.48,6.543911845564792,36,8054.973,5,MEDIUM,79.919,,1.4908583959899755,1.6476383559969587,1.4451257209338915,strict_relative_response,1.3133333333333184,8489.45,8489.45,HARD,30.0,2.0,0.8196666666666488,-0.4936666666666696,1.3133333333333184,"ALB,BOT,PIA,PER,COL",5.0,1.3200000000000216,-0.0066666666667032,0.1186666666666553,0.1333333333333333,0.7961783333333333,79.31933333333332,78.49966666666667,0.2329999999999756,0.604833333333327,5.0,25.0,-0.2740386666666666,0.0,,1.4451257209338915
12,OCO,35.0,,,,,,,,,,,,HARD>HARD,,,,1,19.0,0.4861111111111111,72,8,0.2785000000000011,0.6709999999999923,0.0,-0.8319999999999936,0.1745714285714282,0.1745714285714282,-0.4734554068302259,0.0193212801968599,0.0193212801968599,-1.3140000000000072,-0.0465000000000017,0,0,1,79.499,0.793721986662618,-0.6709999999999923,0.0870000000000033,-0.5584999999999951,1.2254999999999967,0.866500000000002,-0.1552501483745683,7.0,14.0,30.5,18.8,-0.6000000000000014,0,1,56.8,1.0,0.628931,0.968553,0.844306,0,0.386695,-3.42,0.47798756,6.551080335043404,36,8060.861,5,HARD,79.499,,1.4908583959899755,2.197999878747127,1.8479318297571876,strict_relative_response,1.849666666666664,8489.45,8489.45,HARD,19.0,2.0,1.3559999999999943,-0.4936666666666696,1.849666666666664,"ALB,BOT,PIA,PER,SAI",5.0,-0.7616666666666845,2.6113333333333486,0.3269999999999839,0.2967583333333333,0.223872,79.586,78.23,-0.6226666666666745,-0.0368333333333339,5.0,14.0,-0.663684,0.0,,1.8479318297571876
12,ANT,39.0,,,,,,,,,,,,HARD>HARD,,,,1,18.0,0.5416666666666666,72,8,0.2339999999999875,-0.1239999999999952,0.0,-0.0550000000000068,0.0502857142857142,0.0502857142857142,0.1698525841377289,0.0481001211724289,0.0481001211724289,0.3079999999999927,-0.1669999999999873,0,0,1,76.714,-0.2631397885210447,0.1239999999999952,0.0406666666666666,0.0395000000000038,-0.9509999999999934,0.603500000000011,-0.0021855931132852,7.0,1.0,31.6,19.0,-1.3999999999999986,0,0,55.4,1.8,0.091503,0.895425,1.738088,0,0.091503,-2.447999999999999,0.06588216,6.626717749249025,40,8287.121,5,HARD,76.714,,1.4908583959899755,1.3846038187889245,1.6186865638387675,strict_relative_response,1.102333333333334,8809.268,8809.268,HARD,18.0,2.0,0.8123333333333278,-0.2900000000000062,1.102333333333334,"NOR,HUL,BOR,LAW,HAM",5.0,-0.3486666666666735,1.4510000000000076,0.2269999999999896,0.122974,0.0971013333333333,76.75466666666667,75.94233333333334,0.5556666666666672,1.9005000000000083,5.0,13.0,0.1186166666666666,0.0,,1.6186865638387675
12,RUS,39.0,,,,,,,,,,,,HARD>HARD,,,,1,22.0,0.5416666666666666,72,8,0.0820000000000149,0.4579999999999984,-0.4839999999999946,-0.4709999999999894,0.0197916666666693,0.0197916666666693,-0.2745022752411614,0.0478524506638552,0.0478524506638552,0.6400000000000006,-0.1479999999999961,0,0,1,77.402,0.4230784377565726,-0.4579999999999984,-0.3746666666666698,-0.4197500000000076,-0.262999999999991,0.4080000000000083,0.0280607839971858,7.0,3.0,31.6,19.0,-1.3999999999999986,0,0,55.4,1.8,0.277419,0.812903,1.534466,0,0.251275,-2.9919999999999987,0.24412872,6.630683385642372,40,8297.192,5,HARD,77.402,,1.4908583959899755,1.5860548062895226,1.6852702327769424,strict_relative_response,1.3386666666666684,8809.268,8809.268,HARD,22.0,2.0,1.0486666666666622,-0.2900000000000062,1.3386666666666684,"BOR,LAW,HAM,STR,HUL",5.0,-0.220000000000013,1.5586666666666815,0.2269999999999896,0.1055166666666666,0.3210496666666667,77.02733333333333,75.97866666666667,0.6083333333333343,1.814666666666663,5.0,17.0,0.0989806666666666,0.0,,1.6852702327769424
12,LEC,42.0,,,,,,,,,,,,MEDIUM>HARD,,,,1,21.0,0.5833333333333334,72,8,0.2094999999999913,0.0240000000000009,0.0,-0.2214999999999918,0.0661000000000015,0.0661000000000015,-0.0283371741083442,0.0295076993301632,0.0295076993301632,0.1739999999999923,0.1295000000000001,0,1,0,76.889,0.0436990718918792,-0.0240000000000009,-0.0429999999999921,-0.2238750000000067,-1.096500000000006,0.7424999999999997,-0.0365923006698383,7.0,2.0,33.4,19.0,0.3999999999999986,0,0,55.7,0.0,0.201299,0.902597,1.388198,0,0.109796,-1.3440000000000012,0.16909116,6.705639094860003,43,8528.528,5,MEDIUM,76.889,,1.4908583959899755,1.2246844153397607,1.318023394811651,strict_relative_response,1.5870000000000033,9049.867,9049.867,HARD,21.0,2.0,1.5546666666666624,-0.0323333333333408,1.5870000000000033,"HAM,HUL,LIN,SAI,OCO",5.0,-0.4236666666666622,2.010666666666665,0.5949999999999989,0.3638343333333333,0.256718,76.846,75.29133333333334,0.9126666666666808,2.205666666666664,5.0,16.0,0.3419043333333333,0.0,,1.318023394811651
12,PIA,43.0,,,,,,,,,,,,HARD>SOFT,,,,1,25.0,0.5972222222222222,72,8,0.1659999999999968,0.2120000000000033,0.0,-0.1060000000000087,-0.0290416666666673,-0.0290416666666673,-0.0181778545416904,0.001189697839985,0.001189697839985,0.2120000000000033,-0.0715000000000074,0,0,1,77.58,0.0280000680317584,-0.2120000000000033,-0.0519999999999925,-0.0732500000000015,-0.2120000000000033,0.6260000000000048,0.0302313645066523,7.0,5.0,32.9,19.1,-0.5,0,0,56.8,1.2,0.270968,0.56129,1.592923,0,0.1999999999999999,-2.1000000000000014,0.270968,6.733401891837359,44,8616.581,5,HARD,77.58,,1.4908583959899755,1.2476182502774058,1.358796090815498,strict_relative_response,2.0263333333333406,9129.67,9129.67,SOFT,25.0,5.0,1.8856666666666653,-0.1406666666666751,2.0263333333333406,"OCO,ALO,PER,SAI,HAM",5.0,0.3446666666666687,1.681666666666672,0.4863333333333344,0.23871,0.4068489999999999,77.528,75.64233333333334,0.9083333333333456,2.042666666666657,5.0,20.0,-0.3793190000000001,0.0,,1.358796090815498
12,TSU,43.0,,,,,,,,,,,,HARD>SOFT,,,,1,25.0,0.5972222222222222,72,8,0.0779999999999958,6.210000000000008,-6.171999999999997,-6.1910000000000025,0.0203749999999942,0.0203749999999942,-6.225536483731844,-0.0263931000001512,-0.0263931000001512,6.210000000000008,0.0990000000000037,0,0,1,84.081,5.0,-6.210000000000008,-4.12733333333334,-5.444625000000002,6.189999999999998,0.4829999999999899,-0.0467681000001455,7.0,9.0,33.5,19.2,0.1000000000000014,0,0,56.3,2.2,0.011834,0.029586,7.560469,0,0.011834,-1.5,0.011834,6.74993119378857,44,8675.486,5,HARD,84.081,,1.4908583959899755,2.6851863505735616,2.1590584901146284,strict_relative_response,1.8803333333333256,9129.67,9129.67,SOFT,25.0,4.0,2.3556666666666644,0.4753333333333387,1.8803333333333256,"BOR,LIN,BOT,SAI,ALB",5.0,-2.030000000000016,3.910333333333341,0.5243333333333453,0.0039446666666666,0.0467506666666666,79.95366666666666,77.598,1.112333333333325,2.323666666666668,5.0,20.0,-0.1669816666666666,0.0,,2.1590584901146284
12,COL,44.0,,,,,,,,,,,,HARD>SOFT,,,,1,23.0,0.6111111111111112,72,8,0.3480000000000061,0.0,-0.0240000000000009,-0.0120000000000004,0.0440000000000011,0.0440000000000011,0.0450668215217149,-0.0234450113273272,-0.0234450113273272,0.0240000000000009,0.0489999999999923,0,0,1,78.659,-0.0701899590605279,0.0,-0.1413333333333355,0.3231250000000045,0.5760000000000076,0.9265000000000044,-0.0674450113273284,7.0,17.0,33.7,19.2,0.2000000000000028,0,0,56.3,0.8,0.012739,0.522293,2.450463,0,0.012739,-1.1959999999999973,0.01171988,6.786716950605081,45,8787.387,6,HARD,78.659,,1.4908583959899755,1.2392236245719217,1.3723483666439524,strict_relative_response,1.6770000000000067,9209.847,9209.847,SOFT,23.0,2.0,1.8796666666666797,0.2026666666666727,1.6770000000000067,"BOR,PER,OCO,LIN,BOT",5.0,0.3743333333333396,1.302666666666667,0.4843333333333248,0.027601,0.1689463333333333,78.51766666666667,76.63799999999999,1.0323333333333269,2.1153333333333344,5.0,18.0,0.027601,0.0,,1.3723483666439524
12,GAS,45.0,,,,,,,,,,,,HARD>MEDIUM,,,,1,27.0,0.625,72,8,0.3205000000000098,0.1710000000000064,0.0,-0.0854999999999961,0.017433333333335,0.017433333333335,-0.1513326817379692,-0.0416265592353643,-0.0416265592353643,-0.5139999999999958,-0.0870000000000033,0,0,1,78.037,0.233390851278429,-0.1710000000000064,0.1143333333333345,0.1531249999999886,0.0300000000000011,0.8830000000000027,-0.0590598925686994,7.0,9.0,33.7,19.2,-1.0999999999999943,0,0,56.3,0.8,0.0,0.0,8.343046,0,-0.726115,-1.403999999999997,0.0,6.795705775173514,46,8833.558,5,HARD,78.037,,1.4908583959899755,1.6429149263923992,1.6281018166821153,strict_relative_response,1.5460000000000207,9290.13,9290.13,MEDIUM,27.0,4.0,1.63600000000001,0.0899999999999892,1.5460000000000207,"OCO,PER,ALO,ANT,BOT",5.0,0.7453333333333205,0.8006666666667002,0.0653333333333421,0.2420383333333333,0.7494553333333333,78.15133333333334,76.51533333333333,-1.038666666666657,-0.1939999999999979,5.0,22.0,-0.7327116666666665,0.0,,1.6281018166821153
12,LAW,46.0,,,,,,,,,,,,MEDIUM>MEDIUM,,,,1,25.0,0.6388888888888888,72,8,0.177500000000002,1.0250000000000057,-0.7169999999999987,-1.0720000000000027,0.1173250000000013,0.1173250000000013,-0.5632991862853771,0.0977864889277302,0.0977864889277302,0.7169999999999987,-0.1410000000000053,0,1,0,78.694,0.8676600975185806,-1.0250000000000057,-0.5843333333333334,-0.967375000000004,0.7809999999999917,0.8584999999999923,-0.0195385110722711,7.0,7.0,34.3,19.2,0.5999999999999943,0,0,55.4,1.7,0.382166,0.828025,1.448645,0,0.337294,-0.7000000000000028,0.382166,6.811244378601294,47,8868.683,6,MEDIUM,78.694,,1.4908583959899755,1.574162447464176,1.487500655261542,strict_relative_response,1.9913333333333296,9376.799,9376.799,MEDIUM,25.0,2.0,2.01233333333333,0.0210000000000007,1.9913333333333296,"BOR,OCO,ALO,PER,LIN",5.0,-0.3783333333333445,2.3696666666666744,0.4580000000000126,0.142346,0.0888446666666666,78.10966666666667,76.09733333333334,1.2759999999999962,2.2973333333333272,5.0,20.0,0.142346,0.0,,1.487500655261542
12,NOR,46.0,,,,,,,,,,,,HARD>HARD,,,,1,25.0,0.6388888888888888,72,8,0.2119999999999962,0.125,0.0,-0.1260000000000047,0.032375,0.032375,-0.0069977402309717,0.0095482246863281,0.0095482246863281,0.1269999999999953,0.0240000000000009,0,0,1,76.72,0.0107787479887093,-0.125,0.0896666666666732,-0.0863750000000038,-1.3675000000000068,0.8830000000000027,-0.0228267753136718,7.0,1.0,33.7,19.2,-1.0999999999999943,0,0,56.3,0.8,0.0,0.0,7.360292,0,0.0,-1.2999999999999972,0.0,6.794586580876499,47,8824.505,5,HARD,76.72,,1.4908583959899755,1.3625610793511596,1.615377639132224,strict_relative_response,2.2733333333333263,9376.799,9376.799,HARD,25.0,2.0,2.3923333333333403,0.1190000000000139,2.2733333333333263,"LIN,ANT,HAM,ALO,RUS",5.0,0.0856666666666683,2.187666666666658,0.0980000000000131,0.0584416666666666,0.2260416666666667,76.80966666666667,74.41733333333333,0.7439999999999998,1.7829999999999917,5.0,20.0,-0.1451186666666666,0.0,,1.615377639132224
12,HUL,47.0,,,,,,,,,,,,SOFT>HARD,,,,1,28.0,0.6527777777777778,72,8,0.071000000000005,0.2399999999999948,-0.3050000000000068,-0.2369999999999947,0.0005000000000012,0.0005000000000012,-0.1913153302817249,0.0253756805885374,0.0253756805885374,0.3050000000000068,0.0844999999999984,1,0,0,78.131,0.2946678935893772,-0.2399999999999948,-0.2156666666666638,-0.224250000000012,0.7789999999999964,1.412000000000006,0.0248756805885361,7.0,8.0,34.8,19.2,0.5,0,0,54.7,0.8,0.00641,0.121795,3.910584,0,0.00641,-0.2240000000000032,0.0071792,6.836259277277067,48,8973.127,5,SOFT,78.131,,1.4908583959899755,1.517924792743601,1.3805721870153425,strict_relative_response,0.0936666666666496,9482.251,9482.251,HARD,28.0,2.0,0.0536666666666718,-0.0399999999999778,0.0936666666666496,"BOR,LIN,OCO,HAM,ALO",5.0,0.4359999999999928,-0.3423333333333431,0.2063333333333616,0.0021366666666666,0.225503,77.91533333333334,77.86166666666666,-1.529999999999987,-0.1828333333333347,5.0,23.0,-0.9601276666666666,0.0,,1.3805721870153425
