round,driver,lap,issued_s,label_s,control_selection_s,pair,new_compound,old_age,new_age,raw_step_s,control_step_s,relative_step_s,controls,control_n,placebo_relative_s,pretrend_corrected_s,control_mad_s,pre_traffic,post_traffic,pre_mean_s,post_mean_s,horizon,age,progress,race_laps,n_recent,spread,last_minus_median,median3_minus_last,median8_minus_last,slope,slope_h,kalman_minus_last,kalman_trend,kalman_h,last_delta,field_delta,soft,medium,hard,pace_scale,innovation,median5_minus_last,mean3_minus_last,mean8_minus_last,field_relative,field_spread,trend_change,history_span,position,track_temp_c,air_temp_c,track_temp_change_c,weather_missing,rainfall,humidity_pct,wind_speed_ms,traffic_close,traffic_near,traffic_gap_s,traffic_missing,traffic_change,thermal_age,traffic_age,field_laps_log,target_lap,segment,compound,current_s,stint_pace_loss,stint_relative_loss,anchor_age,anchor_span,anchor_traffic_change,anchor_traffic_missing,mean,existing_factorized,age_a16_seconds,age_a16_normalized,age_a64_seconds,age_a64_normalized,age_a256_seconds,age_a256_normalized,state_a16_seconds,state_a16_normalized,state_a64_seconds,state_a64_normalized,state_a256_seconds,state_a256_normalized,environment_a16_seconds,environment_a16_normalized,environment_a64_seconds,environment_a64_normalized,environment_a256_seconds,environment_a256_normalized,environment_a64_balanced,environment_a256_balanced
4,RUS,19,5514.22,6048.452,6048.452,MEDIUM>HARD,HARD,19,2,0.3900000000000005,0.3226666666666631,0.0673333333333374,"HAM,VER,COL,PIA,NOR",5,,,0.0346666666666664,0.4219856666666666,0.7155956666666666,93.97366666666666,93.58366666666666,1,19.0,0.3333333333333333,57,3,0.068000000000012,-0.1169999999999902,0.1169999999999902,0.1169999999999902,-0.0584999999999951,-0.0584999999999951,0.0833278306039773,-0.0137269252215769,-0.0137269252215769,-0.1850000000000022,0.0444999999999993,0,1,0,93.873,-0.1740574712643763,0.1169999999999902,0.1006666666666546,0.1006666666666546,-1.3095,1.3329999999999984,0.0447730747784181,2.0,5.0,38.7,27.9,0.1000000000000014,0,0,68.8,1.3,0.409574,1.0,1.133547,0,-0.106383,2.812000000000002,0.31127624,5.8664680569332965,20,8,MEDIUM,93.873,0.0,0.0,19.0,0.0,0.0,0,1.016153846153848,0.7344241514375723,0.8447849586185724,0.8553892017988645,0.8747817776934709,0.8808475938400107,0.9511642761748438,0.9584490413647189,0.8938504813036866,0.8757275543947717,0.871253864828167,0.8672323567489618,0.9382040017529496,0.942498037641892,0.03522585261858868,-0.010706877672094417,0.496590129500205,0.48595487367812823,0.8105928650259366,0.8147376933202962,0.7253081593216648,1.0664101527574825
4,BOT,20,5640.184,6144.901,6144.901,SOFT>MEDIUM,MEDIUM,14,2,0.4176666666666619,0.1556666666666615,0.2620000000000004,"LIN,PER,ALO,BOR,ALB",5,,,0.3776666666666557,0.2001063333333333,0.4936756666666667,97.175,96.75733333333334,1,14.0,0.3508771929824561,57,5,0.1359999999999956,1.137999999999991,-1.0019999999999951,-1.137999999999991,0.3494166666666641,0.3494166666666641,-0.5511939930543122,0.1846929491375418,0.1846929491375418,1.0019999999999951,0.0930000000000035,1,0,0,97.904,1.0498184229073075,-1.137999999999991,-0.7289999999999992,-1.0297999999999945,2.7989999999999924,1.2430000000000092,-0.1647237175291223,4.0,17.0,37.4,27.8,-1.0,0,0,67.8,1.2,0.357143,0.704082,1.31969,0,0.290133,1.3439999999999992,0.20000008,5.948034989180646,21,8,SOFT,97.904,0.0,0.0,13.0,1.0,0.0,0,1.016153846153848,,,,,,,,,,,,,,,,,,,,,
4,LEC,20,5605.776,6144.901,6144.901,MEDIUM>HARD,HARD,20,2,0.1533333333333217,0.1000000000000085,0.0533333333333132,"VER,HAM,PIA,ANT,NOR",5,,,0.2113333333333429,0.060502,0.7971303333333334,93.64,93.48666666666666,1,20.0,0.3508771929824561,57,4,0.0764999999999958,-0.0014999999999929,0.0,0.0014999999999929,-0.3711666666666626,-0.3711666666666626,-0.0181156223839877,-0.0895104339759258,-0.0895104339759258,0.1499999999999914,-0.1510000000000033,0,1,0,93.689,0.0345790999002133,0.0014999999999929,-0.0490000000000065,0.4052499999999952,-1.180499999999995,1.1659999999999895,0.2816562326907368,3.0,3.0,37.4,27.8,-1.3000000000000045,0,0,67.8,1.2,0.058824,0.229947,3.999103,0,-0.005347,1.9199999999999988,0.0470591999999999,5.910796644040527,21,8,MEDIUM,93.689,0.0,0.0,19.5,0.5,0.0,0,1.016153846153848,0.659789098979489,0.8606841764883096,0.8715068928306331,0.8836779871801068,0.8887431783071608,0.9544401786011708,0.9600671983447375,0.9382300143231166,0.9926834056085191,0.9063823509964654,0.9369533084371147,0.9538678665151012,0.9685621582743376,0.7907112480637032,0.85533424093322,0.8298900194539789,0.8755104223012683,0.9153042252692234,0.9378433014255153,0.8742130981036222,1.0947537204018596
4,STR,20,5643.321,6144.901,6144.901,MEDIUM>SOFT,SOFT,20,5,0.6533333333333502,0.1556666666666615,0.4976666666666887,"LIN,PER,ALO,BOR,ALB",5,,,0.3776666666666557,0.0671096666666666,0.3346186666666666,96.80400000000002,96.15066666666668,1,20.0,0.3508771929824561,57,5,0.1710000000000064,0.0,0.0,0.0,0.0859999999999997,0.0859999999999997,-0.0276063961900376,0.0603130206976414,0.0603130206976414,-0.1710000000000064,0.0859999999999985,0,1,0,96.851,0.0525798605855243,0.0,-0.0469999999999828,-0.0995999999999952,1.7459999999999951,1.2430000000000092,-0.0256869793023582,4.0,18.0,37.4,27.8,-1.0,0,0,67.8,1.2,0.056995,0.367876,3.263742,0,-0.0148,1.9199999999999988,0.045596,5.950642552587727,21,8,MEDIUM,96.851,0.0,0.0,19.0,1.0,0.0,0,1.016153846153848,0.5066491479789853,0.517476148833468,0.488190457626637,0.7843659698303187,0.7991007014847178,0.9355731691388662,0.9688627210965817,0.7960005309131823,0.7271980637656915,0.8701395042762312,0.8597020298965363,0.9543004083696633,0.9783991112512047,0.36358199944876624,0.32984648272716544,0.7117056325041098,0.7215485901357264,0.9047478881766093,0.9359431704658451,0.9836368421974315,1.1954041674965852
4,ANT,25,6066.067,6633.448,6633.448,MEDIUM>HARD,HARD,25,2,0.4696666666666544,-0.1240000000000094,0.5936666666666639,"VER,COL,LEC,RUS,BOR",5,0.1453333333333404,0.4483333333333235,0.6546666666666425,0.1182796666666666,0.4498979999999999,92.95466666666664,92.485,1,25.0,0.4385964912280701,57,8,0.1569999999999964,0.073999999999998,-0.073999999999998,-0.0284999999999939,-0.0511249999999986,-0.0511249999999986,-0.1572638785296476,-0.0367610182386144,-0.0367610182386144,0.2659999999999911,0.2029999999999958,0,1,0,93.068,0.2706587168147507,-0.073999999999998,-0.1133333333333439,-0.0189999999999912,-1.7420000000000044,1.1304999999999978,0.0143639817613841,7.0,2.0,37.0,27.5,0.0,0,0,68.8,0.6,0.155914,0.543011,2.299924,0,0.0430109999999999,2.0,0.155914,6.126869184114185,26,8,MEDIUM,93.068,-0.2136666666666826,0.1510000000000009,20.0,5.0,0.0449276666666666,0,1.016153846153848,0.9140307592735858,0.9455173177875715,0.9599462997175915,0.9323387434683825,0.9350621686218025,0.9725705934464667,0.9729041991883565,0.8056314341383785,0.7310781970219868,0.8453133725690191,0.8125125869245765,0.9327220347292878,0.9223417245776859,0.5197251241135491,0.4924658165827285,0.724827020943454,0.7116104604543935,0.8912639756435536,0.8871997034172968,0.9527712549805742,1.1620092477239319
4,BEA,25,6098.175,6633.448,6633.448,MEDIUM>HARD,HARD,25,2,1.6683333333333366,0.4106666666666712,1.2576666666666654,"OCO,BOR,ALO,STR,RUS",5,-0.5790000000000219,1.8366666666666875,0.1500000000000056,0.3112263333333333,0.4840423333333333,95.55033333333334,93.882,1,25.0,0.4385964912280701,57,8,0.0805000000000006,-0.0919999999999987,0.0919999999999987,0.0909999999999939,-0.012583333333333,-0.012583333333333,0.3404826839085046,0.0192680768605375,0.0192680768605375,-0.0919999999999987,0.2389999999999901,0,1,0,95.015,-0.5859871140526707,0.0919999999999987,0.535333333333341,0.2688749999999942,0.0095000000000027,1.116500000000002,0.0318514101938705,7.0,11.0,37.4,27.5,0.3999999999999986,0,0,68.7,1.7,0.2,0.752632,1.761029,0,0.0,2.3999999999999986,0.2,6.1463292576688975,26,8,MEDIUM,95.015,0.3926666666666705,0.7116666666666683,20.0,5.0,-0.407043,0,1.016153846153848,0.8956986392353036,0.9455173177875715,0.9800285561918916,0.9323387434683825,0.9546238444105446,0.9725705934464667,0.9932575373477639,0.9546001589444282,0.884777992810625,0.8720296488899669,0.8489467895700642,0.9357772829455756,0.9421027152457021,0.45154030446778604,0.4113900078914317,0.6807398419771472,0.6688038628949002,0.8749437365270313,0.8845274016145194,0.9397072838098994,1.159451859238152
4,ALB,26,6191.349,6742.227,6742.227,MEDIUM>HARD,HARD,26,2,1.4959999999999951,0.2503333333333444,1.2456666666666507,"BOR,STR,ALO,RUS,LEC",5,-0.1933333333333422,1.438999999999993,0.2250000000000085,0.287957,0.3636743333333334,95.328,93.832,1,26.0,0.4561403508771929,57,8,0.1199999999999974,-0.1329999999999955,0.1550000000000011,0.073999999999998,0.0140000000000007,0.0140000000000007,0.1949516743237893,0.0007956030975121,0.0007956030975121,-0.1550000000000011,0.0050000000000096,0,1,0,94.964,-0.3264663434971453,0.1329999999999955,0.3639999999999901,0.1548750000000041,-0.0370000000000061,1.036999999999992,-0.0132043969024886,7.0,10.0,37.5,27.6,0.1000000000000014,0,0,68.5,0.9,0.063158,0.394737,3.040145,0,-0.305263,2.6,0.06568432,6.182084906716632,27,8,MEDIUM,94.964,0.3046666666666624,0.3671666666666624,20.0,6.0,0.1600796666666666,0,1.016153846153848,0.954666675632464,0.9635266704221047,0.9998944062636858,0.9428818266025437,0.9656414277862158,0.9765352146986938,0.9970044624150614,1.1642970008476765,1.1838039594611836,0.9803233713051192,0.997002164333845,0.9766718083828748,0.9955125791165734,0.2953569180250326,0.2534622406867017,0.6575534449057703,0.6547594383662246,0.8749419160055301,0.8892500925491417,0.8691007869851679,1.1288944716182159
4,HAM,26,6175.193,6742.227,6742.227,MEDIUM>HARD,HARD,26,2,1.6596666666666522,0.0253333333333358,1.6343333333333163,"VER,LEC,BOR,RUS,ALO",5,-0.1530000000000058,1.787333333333322,0.2250000000000085,0.0969206666666666,0.0629756666666666,94.41033333333333,92.75066666666667,1,26.0,0.4561403508771929,57,8,0.0799999999999983,0.8169999999999931,-0.7939999999999969,-0.805499999999995,0.0176666666666657,0.0176666666666657,-0.5313108579954644,0.056650340521759,0.056650340521759,0.7939999999999969,-0.0919999999999987,0,1,0,94.984,0.8897338977557041,-0.8169999999999931,-0.5736666666666679,-0.7637500000000017,-0.0310000000000059,0.9440000000000026,0.0389836738550932,7.0,5.0,36.8,27.6,-0.6000000000000014,0,0,67.9,0.9,0.168421,0.342105,3.574256,0,0.1045909999999999,1.871999999999997,0.17515784,6.171700597410915,27,8,MEDIUM,94.984,0.264333333333326,0.4909999999999949,20.0,6.0,-0.2054826666666667,0,1.016153846153848,1.3117918146508614,0.9635266704221047,1.0001049901494241,0.9428818266025437,0.9658447977849071,0.9765352146986938,0.997214437660926,1.409956685142625,1.450019264786275,1.1403043300599165,1.1612834325900623,1.040365296379919,1.0596632976595726,1.098409847021443,1.1595612645902484,1.0263219564985961,1.0672484716383608,1.002574459319858,1.0300680726389528,1.1046772502512157,1.21998197864285
4,NOR,26,6156.959,6742.227,6742.227,MEDIUM>HARD,HARD,26,2,0.5896666666666732,0.0253333333333358,0.5643333333333374,"LEC,VER,RUS,BOR,ALO",5,0.1533333333333217,0.4110000000000156,0.2250000000000085,0.066059,0.543914,93.17866666666669,92.589,1,26.0,0.4561403508771929,57,8,0.0479999999999947,-0.034000000000006,0.034000000000006,0.0169999999999959,0.0197500000000012,0.0197500000000012,0.1038299041796051,0.0167989086996799,0.0167989086996799,-0.3250000000000028,0.0195000000000007,0,1,0,93.059,-0.173873701165931,0.034000000000006,0.1196666666666743,0.0365000000000037,-1.9490000000000125,0.9714999999999918,-0.0029510913003212,7.0,1.0,36.8,27.6,-0.2000000000000028,0,0,67.9,0.9,0.064171,0.128342,12.596092,0,0.005031,1.871999999999997,0.06673784,6.163314804034641,27,8,MEDIUM,93.059,0.1513333333333406,0.3803333333333303,20.0,6.0,-0.0038333333333333,0,1.016153846153848,0.9223079731782237,0.9635266704221047,0.9798362911470907,0.9428818266025437,0.9462704354108656,0.9765352146986938,0.9770043202464427,1.1039704170608748,1.0985816200997216,0.9603147235572881,0.955627815827346,0.9691550673998321,0.9672828355374203,0.8653656506450477,0.8829869210771414,0.8752747683042322,0.8849745252463624,0.9381810824522434,0.9420641942379212,1.0048307798628138,1.167883192982732
4,LIN,27,6303.374,6841.97,6841.97,MEDIUM>HARD,HARD,27,2,1.7773333333333312,-0.0330000000000012,1.8103333333333325,"STR,ALO,VER,LEC,RUS",5,0.0616666666666674,1.748666666666665,0.1853333333333324,0.06251,0.1222276666666666,95.981,94.20366666666666,1,27.0,0.4736842105263157,57,8,0.0894999999999939,0.1789999999999878,-0.0319999999999964,-0.0874999999999914,-0.0302500000000005,-0.0302500000000005,-0.1729194691074127,-0.034530301607862,-0.034530301607862,0.2349999999999994,-0.1869999999999976,0,1,0,96.07,0.283202952700492,-0.1789999999999878,-0.0889999999999986,-0.0801249999999953,0.8179999999999978,1.0100000000000051,-0.0042803016078614,7.0,13.0,37.3,27.7,-0.2000000000000028,0,0,67.4,2.4,0.067708,0.125,6.676921,0,0.004881,2.483999999999997,0.07312464,6.22455842927536,28,9,MEDIUM,96.07,-0.4519999999999982,-0.5243333333333359,20.0,7.0,-0.40624,0,1.016153846153848,1.1330532607627797,0.9818761557688969,1.032554004191366,0.9536876806432607,0.9888391864552497,0.9806091722598144,1.0130642400740932,1.4048209391708837,1.5073673912011516,1.1158758413321652,1.174944451083613,1.0294315420375126,1.0698375073791995,1.1339179799600927,1.2291936195589446,1.019504931094198,1.0866498492960754,0.9919354784681524,1.0371786393301028,1.0410280090978503,1.1759155590345316
4,PIA,27,6264.02,6841.97,6841.97,MEDIUM>HARD,HARD,27,2,1.928666666666686,-0.0330000000000012,1.9616666666666875,"VER,LEC,RUS,STR,ALO",5,-0.7646666666666846,2.726333333333372,0.1853333333333324,0.065379,0.368106,94.19066666666669,92.262,1,27.0,0.4736842105263157,57,8,0.2154999999999987,0.0,0.1209999999999951,-0.0979999999999989,0.0742500000000004,0.0742500000000004,0.0921692801063756,0.0310583249902466,0.0310583249902466,-0.1209999999999951,-0.1209999999999951,0,1,0,93.95,-0.150952419696523,0.0,0.2406666666666694,-0.0832500000000067,-1.0339999999999918,1.0400000000000065,-0.0431916750097538,7.0,2.0,37.3,27.7,0.5,0,0,67.4,2.4,0.069149,0.132979,11.872433,0,0.005319,2.483999999999997,0.07468092,6.202535517187923,28,8,MEDIUM,93.95,0.612000000000009,0.7279999999999991,20.0,7.0,-0.6873900000000002,0,1.016153846153848,1.0356176370156613,0.9818761557688969,1.009768384446537,0.9536876806432607,0.9670182322001739,0.9806091722598144,0.9907087056829507,1.2701791792683061,1.3259200183200048,1.0384518975042836,1.0653121919593551,0.9988619717496986,1.0135777598249458,1.086339482951035,1.1420993701604891,0.9695732264774426,1.0028103156950139,0.9690587697045895,0.9874931874467868,1.023289348316614,1.1672890514088765
4,SAI,27,6283.199,6841.97,6841.97,MEDIUM>HARD,HARD,27,2,2.0670000000000077,-0.0330000000000012,2.1000000000000085,"STR,ALO,VER,LEC,RUS",5,-0.7833333333333314,2.88333333333334,0.1853333333333324,0.2334423333333333,0.156543,95.425,93.358,1,27.0,0.4736842105263157,57,8,0.1835000000000022,0.0,0.4549999999999983,-0.0210000000000007,0.0490999999999985,0.0490999999999985,0.3629062757046597,0.0394690238535017,0.0394690238535017,-1.293999999999997,-0.2055000000000006,0,1,0,94.842,-0.5943583412765037,0.0,0.5829999999999984,0.1478749999999991,-0.0955000000000012,1.036999999999999,-0.0096309761464968,7.0,9.0,37.3,27.7,-0.2000000000000028,0,0,67.4,2.4,0.2,0.752632,1.331684,0,-0.2375,2.483999999999997,0.216,6.2166061010848646,28,8,MEDIUM,94.842,0.578000000000003,0.6093333333333296,20.0,7.0,0.152555,0,1.016153846153848,1.054587545842178,0.9818761557688969,1.0193555414335123,0.9536876806432607,0.9761995016320266,0.9806091722598144,1.000114902228658,1.4003900900910105,1.503652143742045,1.0782836012702375,1.1304362028338137,1.0101764322190885,1.0394483936492376,0.5510068636755038,0.5733322429053095,0.7512307812140115,0.7814317230681158,0.9005765644335775,0.9259599182532595,0.8548987470208496,1.1064708569801425
4,PER,28,6408.265,6939.657,6939.657,MEDIUM>HARD,HARD,28,2,1.4323333333333466,0.1546666666666709,1.2776666666666756,"STR,ALO,VER,RUS,LEC",5,-0.1766666666666765,1.454333333333352,0.3613333333333344,0.0742763333333333,0.0630569999999999,96.52733333333332,95.09499999999998,1,28.0,0.4912280701754385,57,8,0.1694999999999993,0.5339999999999918,-0.5339999999999918,-0.4664999999999963,0.0487500000000018,0.0487500000000018,-0.3150644079873927,0.0217409397061855,0.0217409397061855,0.5339999999999918,-0.099499999999999,0,1,0,96.919,0.5004758175863628,-0.5339999999999918,-0.3916666666666657,-0.4116250000000008,2.2369999999999948,1.2624999999999955,-0.0270090602938163,7.0,15.0,37.8,27.8,0.3999999999999986,0,0,66.9,2.1,0.07732,0.123711,5.742775,0,-0.006013,3.135999999999997,0.0865983999999999,6.263398262591624,29,8,MEDIUM,96.919,0.0403333333333222,0.1233333333333348,19.0,9.0,0.0034643333333333,0,1.016153846153848,1.3277010480013973,1.000562892280531,1.0632642760859954,0.9647533862373825,1.0099214059336998,0.9847911071529994,1.0266222753735745,1.4313628488026133,1.5022074066164683,1.151553180282316,1.199081483569992,1.0470838211135232,1.0896551368273883,1.0181036461230952,1.0791904813978592,1.0028328629977814,1.055798604182072,0.9985819554798955,1.044472435953746,1.0859063397153157,1.2162124453510956
4,COL,30,6556.866,7134.628,7134.628,MEDIUM>HARD,HARD,30,2,1.213000000000008,-0.2406666666666552,1.453666666666663,"BEA,VER,STR,RUS,ALO",5,-0.0283333333333501,1.4820000000000135,0.5410000000000394,0.0690363333333333,0.0716843333333333,94.302,93.089,1,30.0,0.5263157894736842,57,8,0.0790000000000006,-0.0830000000000126,0.1310000000000002,0.0280000000000057,0.0250714285714285,0.0250714285714285,-0.0028084976690365,-0.0239616943616266,-0.0239616943616266,-0.1310000000000002,-0.0859999999999985,0,1,0,94.192,0.0044180532585045,0.0830000000000126,0.1100000000000136,0.0106250000000045,0.075499999999991,1.3699999999999974,-0.0490331229330551,7.0,4.0,38.8,27.9,0.7999999999999972,0,0,66.4,0.0,0.069149,0.12234,5.845702,0,0.0056569999999999,4.559999999999997,0.0829788,6.309918278226516,31,8,MEDIUM,94.192,-0.3856666666666513,0.143500000000003,20.0,10.0,-0.1609089999999999,0,1.016153846153848,1.1367571242718362,1.0389372884283252,1.0764152165114456,0.9876533796220204,1.0063217631589312,0.9934738011862362,1.0070258885106946,1.3388944024064153,1.3892977604042114,1.0743604969491698,1.1003333503639472,1.0131048787951473,1.0294426390432445,0.9610826961070174,1.0148735126449993,0.9319282178854699,0.9672484551421054,0.9612066468564009,0.982442646297647,0.9904494856885891,1.1611402305475196
4,OCO,30,6576.641,7134.628,7134.628,MEDIUM>HARD,HARD,30,2,1.5846666666666491,-0.2406666666666552,1.8253333333333048,"STR,ALO,BEA,VER,RUS",5,-0.1326666666666511,1.957999999999956,0.5410000000000394,0.1308899999999999,0.065603,95.46233333333332,93.87766666666668,1,30.0,0.5263157894736842,57,8,0.099499999999999,-0.0750000000000028,0.0750000000000028,0.0049999999999954,0.056999999999996,0.056999999999996,0.0563981231702399,0.0218746155350983,0.0218746155350983,-0.1329999999999955,-0.1210000000000093,0,1,0,95.393,-0.0887199995188723,0.0750000000000028,0.0693333333333328,-0.0825000000000102,1.3319999999999936,1.3319999999999936,-0.0351253844648977,7.0,9.0,38.8,27.9,0.7999999999999972,0,0,66.4,0.0,0.068063,0.13089,6.857833,0,-0.005235,4.559999999999997,0.0816756,6.318968113746434,31,8,MEDIUM,95.393,0.3646666666666647,0.784499999999999,20.0,10.0,-0.1720313333333333,0,1.016153846153848,1.2108499383395057,1.0389372884283252,1.0901401047719161,0.9876533796220204,1.0191529211930943,0.9934738011862362,1.0198660245318147,1.4611341144862178,1.5354496561088156,1.1351334060283162,1.1759737966896278,1.0360362117662867,1.0654933350827214,1.0200609264681753,1.0859957010419412,0.9740192980234377,1.0210849072950103,0.9802778961838857,1.0137159030580398,1.0259061912541576,1.1806586588049082
4,BOR,31,6676.028,7233.29,7233.29,MEDIUM>HARD,HARD,31,2,1.4006666666666518,-0.2623333333333448,1.6629999999999967,"STR,BEA,ALO,ALB,LEC",5,-0.3653333333333393,2.028333333333336,0.269999999999996,0.070056,0.0693953333333333,95.08433333333332,93.68366666666668,1,31.0,0.543859649122807,57,8,0.0275000000000034,0.1779999999999972,-0.1779999999999972,-0.191999999999993,0.0159999999999982,0.0159999999999982,-0.2041971676836311,-0.021144975534864,-0.021144975534864,0.1779999999999972,-0.0909999999999939,0,1,0,95.204,0.3174137806913535,-0.1779999999999972,-0.1196666666666601,-0.1557499999999976,1.4199999999999875,0.9200000000000016,-0.0371449755348622,7.0,9.0,38.9,28.0,0.1000000000000014,0,0,66.6,1.7,0.068063,0.282723,3.742947,0,-0.0003579999999999,4.835999999999998,0.08439812,6.35088571671474,32,8,MEDIUM,95.204,-0.7240000000000038,0.267833333333319,19.0,12.0,-0.4178913333333333,0,1.016153846153848,1.292991207584196,1.0586198605617143,1.110302208030849,0.9994825131620263,1.0300861724360448,0.9979721609910062,1.0227084562556352,1.4616635748304443,1.5233796922429048,1.1429679245047009,1.1776656536396233,1.0400830980296487,1.0662952109392612,0.9169371819791676,0.9794335905674494,0.9454590950696691,0.9927461355834765,0.9745073464932485,1.0070912458171803,1.0100899964351535,1.1789718745022535
4,STR,36,7199.423,7726.412,7726.412,SOFT>SOFT,SOFT,18,2,1.7220000000000084,-0.1440000000000054,1.8660000000000136,"BOT,LIN,BEA,OCO,ALB",5,-1.2309999999999943,3.0970000000000084,0.2463333333333253,0.094229,0.063158,96.79333333333334,95.07133333333331,1,18.0,0.631578947368421,57,8,0.2184999999999988,0.1689999999999969,0.0,-0.331000000000003,0.0857500000000014,0.0857500000000014,-0.1540591146134033,0.005109976519886,0.005109976519886,-2.4950000000000045,-0.093500000000013,1,0,0,96.018,0.2716071869875094,-0.1689999999999969,0.7753333333333359,-0.03125,2.2480000000000047,0.5024999999999977,-0.0806400234801154,7.0,17.0,39.2,27.9,0.1000000000000014,0,0,67.7,0.0,0.0625,0.302083,3.343526,0,-0.09486,3.0240000000000022,0.045,6.511745329644728,37,9,SOFT,96.018,0.8723333333333443,1.954666666666668,8.0,10.0,0.031729,0,1.016153846153848,0.7323729881919021,0.4757399427495925,0.566450697226765,0.6271089381385182,0.6685092413854185,0.8659783512489861,0.8989109572698324,0.992907432834834,1.141401471457235,0.7555024869061729,0.8175567091489162,0.8956004242941983,0.9334863437109137,-2.067940750629745,-1.2032320122517488,-2.9867173450492466,-2.714287322285307,-0.9031517866568797,-0.8274991164939816,-3.0719858285769144,-0.4178889762991751
4,ALO,40,7567.875,8122.711,8122.711,MEDIUM>SOFT,SOFT,40,2,2.441666666666663,-0.1913333333333184,2.6329999999999814,"PER,LIN,ALB,OCO,BEA",5,-0.4410000000000025,3.073999999999984,0.0813333333333332,0.1507456666666666,0.460286,96.99366666666668,94.552,1,40.0,0.7017543859649122,57,8,0.1569999999999964,1.1589999999999918,-0.8469999999999942,-1.1664999999999992,0.1265714285714282,0.1265714285714282,-0.7445714076873458,0.0871418628896674,0.0871418628896674,1.3229999999999933,0.0799999999999983,0,1,0,97.717,1.146818876086286,-1.1589999999999918,-0.7233333333333292,-1.106375,3.7055000000000007,0.7519999999999953,-0.0394295656817608,7.0,15.0,39.4,28.0,0.1999999999999957,0,0,67.7,0.8,0.328205,0.65641,1.262288,0,0.266029,7.039999999999997,0.525128,6.610696044717759,41,8,MEDIUM,97.717,0.3283333333333473,1.414500000000004,19.0,21.0,-0.5434300000000001,0,1.016153846153848,1.6815369783109992,0.9070252308732624,0.9461106415266858,1.0176107005408976,1.0684432452562092,1.024116385239793,1.075793832690662,1.6136453331938314,1.6052001534722335,1.2788911909508642,1.2936485458282603,1.1092856554140238,1.148062474931783,0.7462182243452382,0.7855892950902352,0.9642513430200541,1.0132733775977532,1.018270849984346,1.0692754559359583,1.1661565456559468,1.3031901038457288
6,OCO,8,3976.972,4422.136,4422.136,MEDIUM>HARD,HARD,8,2,1.8826666666666512,0.4803333333333341,1.402333333333317,"COL,LIN,STR,ALO,SAI",5,,,0.3179999999999978,,,79.53699999999999,77.65433333333334,1,8.0,0.1025641025641025,78,7,0.3849999999999909,-0.2599999999999909,0.2599999999999909,0.3849999999999909,-0.3350000000000032,-0.3350000000000032,0.0310473876767076,-0.1967292231577108,-0.1967292231577108,-0.3849999999999909,-0.2049999999999983,0,1,0,79.322,-0.0569895936147872,0.2599999999999909,0.2149999999999892,0.7555714285714288,0.4609999999999985,0.9200000000000016,0.1382707768422924,6.0,15.0,43.8,24.1,0.0,0,0,58.7,1.2,0.0,0.0,20.0,1,0.0,2.815999999999999,0.0,5.099866427824199,9,1,MEDIUM,79.322,-0.2176666666666733,0.1508333333333383,5.0,3.0,-0.4047113333333333,1,1.1701612903225813,0.44867973095641134,0.4461824385331511,0.3692795094400682,0.751521160174589,0.6251456517302969,0.9980634815921858,0.83406111413425,-0.7934081119967253,-0.5916201059290638,0.13214663570001428,0.16208859252855926,0.7597431231547862,0.6591009265710704,-0.17937043442223732,-0.11038360777447488,0.5232663508025527,0.47326267467058736,0.9035763957242902,0.77430000890819,0.6189847834190134,0.9040790444308217
6,HUL,11,4212.078,4668.054,4668.054,MEDIUM>HARD,HARD,11,2,2.879333333333335,0.1353333333333353,2.744,"LIN,COL,SAI,STR,ALO",5,-0.3236666666666679,3.067666666666668,0.529666666666671,,,79.279,76.39966666666666,1,11.0,0.141025641025641,78,8,0.3215000000000003,-0.659000000000006,0.659000000000006,1.015500000000003,-0.1306333333333327,-0.1306333333333327,0.3600786833991236,-0.1581517875737571,-0.1581517875737571,-1.0360000000000014,0.3639999999999901,0,1,0,78.714,-0.6029882613130724,0.659000000000006,0.5649999999999977,0.8739999999999952,0.1359999999999956,1.0480000000000018,-0.0275184542404244,7.0,12.0,43.6,24.1,-0.2999999999999971,0,0,57.0,1.0,0.0,0.0,20.0,1,0.0,3.7840000000000007,0.0,5.41164605185504,12,1,MEDIUM,78.714,-0.6890000000000072,0.2406666666666647,5.0,6.0,-0.6541666666666667,1,1.1701612903225813,0.47221198369120754,0.5688993391070427,0.46950017323535054,0.8161353239948613,0.6746208310453418,1.0229233615862554,0.8486126629189944,-1.0785926947975397,-0.8475110866431863,-0.08395436536451206,-0.042594471554698546,0.6730104498548508,0.571258931539536,-0.6268972709430127,-0.4965126059894808,0.24704515360000656,0.22124622116412995,0.7992655334525351,0.672079153757933,0.45990380978941436,0.8767789512455609
6,HAM,27,5412.943,5920.031,5920.031,MEDIUM>HARD,HARD,27,2,1.061333333333323,0.1200000000000045,0.9413333333333184,"PIA,GAS,NOR,BOR,ANT",5,-0.4746666666666641,1.4159999999999826,0.1469999999999913,,,77.98233333333333,76.921,1,27.0,0.3461538461538461,78,8,0.3695000000000021,0.441999999999993,-0.2369999999999947,-0.6680000000000064,0.1695000000000011,0.1695000000000011,-0.2429749028474219,0.0995307924757382,0.0995307924757382,0.2369999999999947,0.0564999999999997,0,1,0,78.225,0.3742307002939782,-0.441999999999993,-0.2426666666666648,-0.6557499999999976,-0.6020000000000039,0.3004999999999995,-0.0699692075242628,7.0,2.0,43.7,24.2,0.0,0,0,59.5,1.5,0.0,0.0,20.0,1,0.0,9.396000000000004,0.0,6.282266746896006,28,1,MEDIUM,78.225,1.036999999999992,1.9788333333333317,5.0,22.0,-0.0111783333333333,1,1.1701612903225813,1.3683144253687076,1.2806019113992853,1.0636209205529124,1.2208455700291028,1.0105195403454836,1.1841751020440616,0.979315433747444,0.4903349084658072,0.48003526508832733,0.7986755973806082,0.6893636827446216,1.034875475395896,0.8644706150369655,0.654065151842883,0.562202119046685,1.040556509849927,0.8727393334427711,1.1487287754308473,0.9544480408684861,0.9788301729033636,1.1395999884863728
6,RUS,30,5680.957,6156.414,6156.414,MEDIUM>HARD,HARD,30,2,1.8996666666666613,-1.329666666666668,3.2293333333333294,"BOR,OCO,PER,PIA,LAW",5,0.6713333333333509,2.5579999999999785,0.2540000000000049,,,78.74433333333333,76.84466666666667,1,30.0,0.3846153846153846,78,8,0.1104999999999947,-0.0120000000000004,0.0,0.0914999999999963,-0.046214285714284,-0.046214285714284,0.1787738686941651,-0.0010341313039962,-0.0010341313039962,0.0379999999999967,0.0379999999999967,0,1,0,78.753,-0.2753438193087305,0.0120000000000004,-0.0086666666666701,0.2080000000000126,-0.1189999999999997,0.3790000000000049,0.0451801544102878,7.0,5.0,43.5,24.4,-0.2000000000000028,0,0,59.6,1.5,0.0,0.0,20.0,1,0.0,10.2,0.0,6.398594934535208,31,1,MEDIUM,78.753,1.093666666666664,2.155666666666676,5.0,25.0,-0.0203393333333333,1,1.1701612903225813,1.2734121440763109,1.4273229901392268,1.1950853167440643,1.3087061205663721,1.091945330366075,1.2199267130501295,1.0163900231466014,0.45305380853780186,0.448344574884885,0.8195990338430874,0.7160908152895448,1.041070700698551,0.878808344657079,0.6051493703965332,0.5288732958011269,1.034369337495606,0.8786307813678975,1.1471869426283248,0.962993645329065,0.9691828971408206,1.1137555226378806
6,HAD,31,5759.168,6236.085,6236.085,MEDIUM>HARD,HARD,31,2,0.6216666666666697,-0.4540000000000077,1.0756666666666774,"LAW,OCO,STR,BOR,PIA",5,0.452666666666687,0.6229999999999905,0.4823333333333295,,,78.78366666666666,78.16199999999999,1,31.0,0.3974358974358974,78,8,0.0955000000000012,-0.1029999999999944,0.1029999999999944,0.1239999999999952,-0.0402499999999982,-0.0402499999999982,0.146512691750047,-0.0136844420074213,-0.0136844420074213,-0.1029999999999944,-0.0210000000000007,0,1,0,78.715,-0.2256557832431838,0.1029999999999944,0.0686666666666582,0.1980000000000075,0.0,0.3319999999999936,0.0265655579925768,7.0,4.0,43.7,24.3,0.2000000000000028,0,0,59.7,0.7,0.0,0.0,20.0,1,0.0,10.788000000000004,0.0,6.428105272684596,32,1,MEDIUM,78.715,1.2639999999999958,2.3410000000000037,5.0,26.0,-0.0279256666666666,1,1.1701612903225813,1.3425268354901798,1.4772830039578926,1.236824156787487,1.338867185480004,1.1170287850711311,1.2322378273403787,1.0263900145084768,0.5815291970811692,0.5596868407525283,0.8924687219628105,0.7801466957297106,1.0682031645334362,0.9026733422159212,0.7842446808074681,0.6785571777475582,1.1470966003772618,0.9735446069586587,1.1920731261787774,1.0009319505047238,1.0352633414601307,1.1319687962520781
6,COL,34,6032.634,6478.295,6478.295,MEDIUM>HARD,HARD,34,2,2.221333333333348,-1.046999999999997,3.268333333333345,"LIN,SAI,LAW,HUL,PER",5,-0.5980000000000132,3.8663333333333583,0.7763333333333406,,,80.33033333333334,78.109,1,34.0,0.4358974358974359,78,8,0.3509999999999991,1.9849999999999997,-1.9849999999999997,-2.094999999999999,0.2034666666666666,0.2034666666666666,-1.43071278585478,0.14735129436085,0.14735129436085,1.9849999999999997,0.0925000000000011,0,1,0,81.727,1.9300119797644013,-1.9849999999999997,-1.3966666666666612,-1.942750000000004,2.8400000000000034,0.980000000000004,-0.0561153723058165,7.0,12.0,43.6,24.3,-0.1999999999999957,0,0,60.7,0.8,0.0,0.0,20.0,1,0.0,11.696000000000002,0.0,6.530877627725885,35,1,MEDIUM,81.727,0.2860000000000156,0.8960000000000055,5.0,29.0,-0.3849973333333333,1,1.1701612903225813,2.3921375031051104,1.6304160639746597,1.4188562620095662,1.4319991574511879,1.2419102698025644,1.2703581439509501,1.0994037946344675,1.2284936142980922,1.1088354783511352,1.3087628129075428,1.1359291299495171,1.2689879748209814,1.0940116213596387,1.1455673517815677,0.965669159634174,1.4367768207897802,1.2295909809573655,1.3513826059889236,1.1619679700595258,1.2972869906215858,1.3531440813635602
6,LEC,34,5958.736,6478.295,6478.295,MEDIUM>HARD,HARD,34,2,0.7996666666666528,-0.1853333333333466,0.9849999999999994,"BOR,PIA,ALO,GAS,STR",5,-0.5346666666666806,1.51966666666668,0.2929999999999921,,,77.83066666666666,77.031,1,34.0,0.4358974358974359,78,8,0.3374999999999915,0.2409999999999996,0.0,-0.3314999999999912,0.1041607142857119,0.1041607142857119,-0.1606003085517926,0.061600308558952,0.061600308558952,0.2409999999999996,0.2199999999999988,0,1,0,77.907,0.2473531480712125,-0.2409999999999996,-0.0763333333333378,-0.3983750000000015,-1.039500000000004,0.8445000000000036,-0.0425604057267599,7.0,2.0,43.8,24.4,0.0999999999999943,0,0,60.1,0.9,0.0,0.0,20.0,1,0.0,11.967999999999996,0.0,6.508769136971682,35,1,MEDIUM,77.907,0.2089999999999889,1.1821666666666697,5.0,29.0,-0.2966536666666666,1,1.1701612903225813,1.5628890772244952,1.6304160639746597,1.3525375311020746,1.4319991574511879,1.1838621678210184,1.2703581439509501,1.0480165848322762,0.5675934037008115,0.5394400878007103,0.8659411964815588,0.7406416846434908,1.0686201722377073,0.8888609933011609,0.6555155368653102,0.5581531584131781,1.0865224283924053,0.9058605262541689,1.1817070105239735,0.977959840859489,0.9922614946092614,1.1526495972667217
6,ANT,36,6091.995,6640.114,6640.114,MEDIUM>HARD,HARD,36,2,0.039666666666676,-0.6720000000000113,0.7116666666666873,"RUS,HAM,HAD,GAS,PIA",5,0.6753333333333273,0.0363333333333599,0.4676666666666591,,,76.58266666666667,76.54299999999999,1,36.0,0.4615384615384615,78,8,0.1699999999999946,-0.4320000000000021,0.0,0.4569999999999936,-0.0683333333333327,-0.0683333333333327,0.2122651964512556,-0.034467828849704,-0.034467828849704,0.164999999999992,0.1500000000000056,0,1,0,76.356,-0.326926309824131,0.4320000000000021,0.2266666666666736,0.3702499999999986,-2.616500000000002,0.9924999999999996,0.0338655044836287,7.0,1.0,43.7,24.1,0.1000000000000014,0,0,60.6,0.5,0.0,0.0,20.0,1,0.0,12.528000000000004,0.0,6.551080335043404,37,1,MEDIUM,76.356,-0.2280000000000086,0.7081666666666706,5.0,31.0,-0.0086863333333333,1,1.1701612903225813,1.1215786830410717,1.7352756451175084,1.4118169479982905,1.496311131005964,1.2133089652338762,1.2967641784626682,1.0489972099061788,0.38699918704767766,0.39688746685083304,0.7853241644639373,0.6755340648337136,1.032249626957544,0.8490194028309977,0.5229481050563725,0.45907410469333204,1.0206211121931745,0.8485716707596432,1.1508735774556627,0.9404094755017454,0.9234018946458662,1.0888701410041541
6,ALB,42,6665.4,7133.13,7133.13,MEDIUM>SOFT,SOFT,42,2,-3.1666666666666714,0.1563333333333503,-3.3230000000000217,"ALO,RUS,PIA,PER,LIN",5,0.5299999999999869,-3.8530000000000086,1.3796666666666797,,,79.66866666666667,82.83533333333334,1,42.0,0.5384615384615384,78,8,0.2274999999999991,0.0,-0.1200000000000045,-0.1744999999999947,0.0463571428571439,0.0463571428571439,0.0022463049967456,0.0238155839585802,0.0238155839585802,0.4269999999999925,-0.1939999999999884,0,1,0,79.851,-0.0035401986272773,0.0,-0.1823333333333323,0.1556250000000005,-0.2930000000000063,1.2039999999999935,-0.0225415588985637,7.0,10.0,42.8,23.9,0.1999999999999957,0,0,59.5,0.6,0.0,0.0,20.0,1,0.0,13.103999999999996,0.0,6.728628613084702,43,1,MEDIUM,79.851,0.0273333333333312,-0.0110000000000051,5.0,37.0,-0.253582,1,1.1701612903225813,1.3215897466226132,1.8777373550317618,1.5487340272607326,1.618913970237291,1.3566293213504557,1.3588409860496111,1.1462917558259111,1.0265618584480793,0.9211968803881853,1.2526582810520628,1.0892401713017132,1.2384913645576556,1.0592281557938927,1.190404772565389,1.0013703435355992,1.4719492581952993,1.2540220372201958,1.3547742465604733,1.1525068766782558,1.2491975792127603,1.2642788713014403
6,BOR,42,6722.271,7133.13,7133.13,HARD>MEDIUM,MEDIUM,41,2,4.298999999999992,2.503,1.7959999999999925,"RUS,PER,LIN,SAI,HUL",5,-0.7249999999999943,2.5209999999999866,0.8276666666666586,,,81.32533333333333,77.02633333333334,1,41.0,0.5384615384615384,78,8,0.6219999999999999,1.1310000000000002,-1.1310000000000002,-1.5759999999999934,0.2323333333333319,0.2323333333333319,-0.6818211933880605,0.2843776683386234,0.2843776683386234,1.36399999999999,0.2530000000000001,0,0,1,82.157,1.0587461274509309,-1.1310000000000002,-0.8316666666666634,-1.423249999999996,2.739999999999995,2.1569999999999965,0.0520443350052914,7.0,19.0,42.8,23.9,0.0,0,0,59.5,0.6,0.0,0.0,20.0,1,0.0,12.791999999999996,0.0,6.747586526829315,43,2,HARD,82.157,-0.0750000000000028,-0.25966666666667,5.0,36.0,0.0,1,1.1701612903225813,2.3785704533317995,2.2407316223603626,1.956406212782419,1.9931870094245117,1.752875395871824,1.5631454178566386,1.3714102509875437,1.6064866610766682,1.460265110344118,1.6810877545193879,1.4848210705168436,1.4914828387118435,1.3034785695104432,2.0575181271593785,1.8939974415259482,1.8300797865619642,1.6367104194383326,1.5287757219926617,1.342015234148627,1.8770157542079522,1.7073851937178337
6,LAW,43,6731.984,7210.312,7210.312,MEDIUM>SOFT,SOFT,43,6,1.4820000000000135,-0.5433333333333223,2.025333333333336,"ALO,STR,PER,COL,RUS",5,-0.6829999999999927,2.7083333333333286,2.0093333333333163,,,79.74833333333333,78.26633333333332,1,43.0,0.5512820512820513,78,8,0.1505000000000009,0.6510000000000105,0.0,-0.7850000000000108,0.1184285714285695,0.1184285714285695,-0.2453160667691349,0.0370349441274988,0.0370349441274988,-1.6869999999999976,0.1480000000000103,0,1,0,79.403,0.4096178179360663,-0.6510000000000105,0.345333333333329,-0.4083750000000208,-0.0109999999999956,2.1539999999999964,-0.0813936273010706,7.0,9.0,42.8,23.9,0.0,0,0,59.5,0.6,0.0,0.0,20.0,1,0.0,13.415999999999997,0.0,6.74993119378857,44,1,MEDIUM,79.403,0.2363333333333344,0.1581666666666592,5.0,38.0,-0.3058403333333333,1,1.1701612903225813,1.73953324236977,1.9345126993174149,1.5886112356153201,1.6544585254857367,1.3795149542809773,1.3735432852076217,1.1525202191839237,1.2349669590399097,1.085542569490785,1.2765609557437445,1.090011605241518,1.236303424833171,1.0447303943445063,1.2121289539633815,1.0135953824412531,1.4332045562484304,1.204778138608588,1.3369557796015474,1.1252108273088388,1.2705014762257112,1.2963452791726287
6,GAS,44,6791.199,7289.665,7289.665,MEDIUM>HARD,HARD,44,2,-0.4243333333333368,0.0913333333333383,-0.5156666666666752,"HAD,STR,ALO,HAM,RUS",5,0.9429999999999978,-1.458666666666673,1.8316666666666777,,,78.78066666666666,79.205,1,44.0,0.5641025641025641,78,8,0.1045000000000087,-0.132000000000005,0.0,0.1644999999999896,-0.0465833333333331,-0.0465833333333331,0.1400108862013951,0.0250171652182255,0.0250171652182255,-0.132000000000005,-0.2149999999999963,0,1,0,78.777,-0.2156413022499776,0.132000000000005,0.0036666666666604,0.166000000000011,-0.6329999999999956,1.8400000000000036,0.0716004985515586,7.0,5.0,43.0,23.9,0.2000000000000028,0,0,60.3,1.0,0.0,0.0,20.0,1,0.0,14.08,0.0,6.763884908562435,45,1,MEDIUM,78.777,-0.059666666666672,0.1383333333333402,5.0,39.0,-0.13237,1,1.1701612903225813,1.932709084217076,2.1777581122977,1.8320422784661978,1.771594674778211,1.4860495499581983,1.4103771220758432,1.1792891181893543,1.4760979946875374,1.3255760896305158,1.4496410936379824,1.2581654110577571,1.300612848743568,1.1028121727035747,1.5677842202991363,1.3441204934913467,1.6465743678720322,1.4012974598971153,1.4142941425382132,1.1924919262594598,1.361311185237522,1.2763365420852775
6,PIA,47,7021.203,7529.514,7529.514,MEDIUM>HARD,HARD,47,2,2.0363333333333458,-0.2953333333333461,2.331666666666692,"PER,HAD,ALO,HAM,BOR",5,-0.8730000000000047,3.2046666666666965,0.2590000000000003,,,79.528,77.49166666666666,1,47.0,0.6025641025641025,78,8,0.2409999999999996,0.2300000000000039,0.0,-0.2630000000000052,0.1433000000000021,0.1433000000000021,-0.0609277448423171,0.1063858285590845,0.1063858285590845,0.2300000000000039,-0.1910000000000025,0,1,0,79.575,0.0938393994717898,-0.2300000000000039,-0.046999999999997,-0.3815000000000026,0.338000000000008,2.387999999999991,-0.0369141714409176,7.0,4.0,42.9,24.0,0.1999999999999957,0,0,59.8,0.6,0.0,0.0,20.0,1,0.0,14.852,0.0,6.823286122355687,48,1,MEDIUM,79.575,1.129333333333335,1.4356666666666769,5.0,42.0,-0.0042193333333333,1,1.1701612903225813,2.4683153099042903,2.3534914527980173,2.0012683691421054,1.8823481477997606,1.5963557719437318,1.4562938941299497,1.230867930234007,1.9258928629263703,1.7160905424397446,1.689411934312611,1.466730206697382,1.3995871150837726,1.19408001197652,1.936784145671451,1.66142558395668,1.8548410148275198,1.5848606418828657,1.5058708509866414,1.278729709050109,1.5143569594656952,1.3655406775272034
6,SAI,51,7397.363,7857.165,7857.165,MEDIUM>SOFT,SOFT,51,2,-1.630999999999986,-0.214333333333343,-1.416666666666643,"HAD,LAW,LIN,HAM,RUS",5,1.586666666666659,-3.003333333333302,0.2196666666666402,,,78.09500000000001,79.726,1,51.0,0.6538461538461539,78,8,0.2025000000000005,-0.0769999999999981,0.0499999999999971,0.2579999999999955,-0.1539999999999999,-0.1539999999999999,-0.1396567405110147,-0.3156262288030274,-0.3156262288030274,-0.0499999999999971,0.2594999999999956,0,1,0,78.022,0.2176426563112556,0.0769999999999981,0.0730000000000075,0.5927499999999952,-1.0249999999999917,1.681499999999993,-0.1616262288030275,7.0,9.0,40.4,24.0,0.0,0,0,60.4,1.1,0.0,0.0,20.0,1,0.0,11.015999999999996,0.0,6.90975328164481,52,1,MEDIUM,78.022,-1.820999999999984,-1.164333333333327,5.0,46.0,-0.089527,1,1.1701612903225813,1.6752462111989412,2.4104816846260775,1.961110146326349,1.9553322615854203,1.609257905613937,1.4984088120352574,1.2381589773104487,0.4244356163924812,0.39481951389412195,1.0338631956911748,0.8861678537755048,1.1813318836693085,0.9921860102033689,0.6609170303608389,0.5456488260030927,1.2626788448994577,1.0582611089128509,1.2997774084966465,1.0847431949546327,1.2023545460218157,1.2720074285740584
7,HAM,10,4051.855,4576.409,4576.409,SOFT>HARD,HARD,12,2,1.656666666666652,-0.0778333333333307,1.7344999999999828,"LEC,BEA,LIN,ALO",4,0.1910000000000167,1.543499999999966,0.146499999999996,0.006,0.1285556666666666,83.463,81.80633333333334,1,12.0,0.1515151515151515,66,8,0.4930000000000021,0.2249999999999943,-0.1139999999999901,-0.6624999999999943,0.2140714285714278,0.2140714285714278,0.0002468323258,0.1910474565555198,0.1910474565555198,0.1139999999999901,0.3059999999999974,1,0,0,83.576,-0.0004248103327597,-0.2249999999999943,-0.1129999999999995,-0.6801249999999897,-2.338000000000008,0.8149999999999977,-0.023023972015908,7.0,2.0,50.4,30.9,-1.1000000000000014,0,0,28.0,3.1,0.005988,0.233533,3.408801,0,0.0,7.391999999999999,0.00287424,5.2832037287379885,11,0,SOFT,83.576,0.8726666666666603,-0.2813333333333359,7.0,5.0,0.006,0,1.1172370370370377,,,,,,,,,,,,,,,,,,,,,
7,LAW,10,4072.946,4576.409,4576.409,MEDIUM>HARD,HARD,10,2,0.7536666666666747,-0.0778333333333307,0.8315000000000055,"BEA,LIN,LEC,ALO",4,0.0616666666666674,0.769833333333338,0.146499999999996,0.0058593333333333,0.0335306666666666,85.26100000000001,84.50733333333334,1,10.0,0.1515151515151515,66,8,0.3149999999999906,0.0859999999999985,0.0,-0.3049999999999926,0.2290595238095248,0.2290595238095248,0.1293376464088709,0.1950592843430739,0.1950592843430739,0.1039999999999992,0.3220000000000027,0,1,0,85.289,-0.222596324980401,-0.0859999999999985,-0.0279999999999915,-0.5701250000000044,-0.625,0.8149999999999977,-0.0340002394664508,7.0,8.0,49.7,30.9,-1.7999999999999972,0,0,28.0,5.1,0.005848,0.017544,8.724281,0,-3.4000000000000176e-05,5.880000000000001,0.0023392,5.313205979041787,11,0,MEDIUM,85.289,0.7793333333333408,-0.3649999999999996,5.0,5.0,-2.2999999999999583e-05,0,1.1172370370370377,1.1895279623998518,1.3056096011470164,1.2793341915176215,1.2275615034778549,1.186961588429897,1.1455949217982295,1.0943216498498567,2.0175427022901484,2.15526693815957,1.6178923970664036,1.676590699877227,1.3051611114839436,1.2918133919748582,1.7978280597679948,2.031804691018832,1.4341220172803406,1.5649125829912371,1.221611090045948,1.2450431351418951,1.1725473685032923,1.0667287437396746
7,COL,11,4165.659,4629.973,4629.973,SOFT>HARD,HARD,11,2,2.049666666666667,0.2360000000000184,1.8136666666666488,"LIN,BEA,ALO",3,-0.0296666666666567,1.8433333333333053,0.0716666666666867,0.24846,0.027743,85.99866666666667,83.949,1,11.0,0.1666666666666666,66,8,0.6180000000000021,-0.3920000000000101,0.3920000000000101,-0.0744999999999862,0.254549999999999,0.254549999999999,0.463135445048735,0.1889037636314577,0.1889037636314577,-0.3920000000000101,0.0220000000000055,1,0,0,85.71,-0.7755672569288095,0.3920000000000101,0.2886666666666713,-0.1787499999999937,-0.1760000000000019,0.8419999999999987,-0.0656462363685413,7.0,12.0,49.0,30.9,-0.7000000000000028,0,0,28.3,3.9,0.263158,0.959064,1.387238,0,0.205355,6.16,0.11578952,5.429345628954441,12,0,SOFT,85.71,1.24733333333333,-0.0145000000000029,5.0,6.0,-0.3647433333333333,0,1.1172370370370377,,,,,,,,,,,,,,,,,,,,,
7,PER,11,4177.838,4629.973,4629.973,SOFT>HARD,HARD,11,2,2.100666666666669,0.2360000000000184,1.8646666666666505,"BEA,LIN,ALO",3,0.1506666666666802,1.7139999999999702,0.0716666666666867,0.0479813333333333,0.2695596666666667,86.87333333333333,84.77266666666667,1,11.0,0.1666666666666666,66,8,0.4799999999999969,0.2620000000000004,-0.0879999999999938,-0.7039999999999935,0.1950249999999997,0.1950249999999997,-0.0224928845536993,0.1780072922059158,0.1780072922059158,0.2620000000000004,0.0220000000000055,1,0,0,86.99,0.0376666155877956,-0.2620000000000004,-0.11666666666666,-0.6553750000000065,1.1039999999999992,1.1039999999999992,-0.0170177077940838,7.0,19.0,49.0,30.9,-0.7000000000000028,0,0,28.3,3.9,0.017241,0.706897,2.083774,0,-0.029002,6.16,0.00758604,5.459585514144159,12,0,SOFT,86.99,1.0450000000000017,-0.0761666666666703,5.0,6.0,-0.5387066666666667,0,1.1172370370370377,,,,,,,,,,,,,,,,,,,,,
7,RUS,11,4132.042,4629.973,4629.973,MEDIUM>HARD,HARD,11,2,1.4953333333333347,0.2360000000000184,1.2593333333333163,"LIN,BEA,ALO",3,-0.1486666666666565,1.4079999999999728,0.0716666666666867,0.009992,0.0407003333333333,83.46966666666667,81.97433333333333,1,11.0,0.1666666666666666,66,8,0.4924999999999926,0.4479999999999933,-0.1909999999999883,-0.758499999999998,0.239190476190475,0.239190476190475,-0.0032223187231892,0.2313848933183882,0.2313848933183882,0.1909999999999883,0.125,0,1,0,83.701,0.0053960993912625,-0.4479999999999933,-0.2313333333333247,-0.7893749999999926,-2.3540000000000134,0.7660000000000053,-0.0078055828720867,7.0,1.0,49.0,30.9,-1.3999999999999986,0,0,28.3,3.9,0.005952,0.017857,20.0,0,-0.006024,6.16,0.00261888,5.37989735354046,12,0,MEDIUM,83.701,1.1550000000000011,-0.2220000000000084,5.0,6.0,0.009992,0,1.1172370370370377,0.7069849001699511,1.2965329954663019,1.2446215698859935,1.2194527539607134,1.156215513289059,1.141630524536618,1.0698605540828003,1.3929815900881568,1.5216299707299525,1.4111209139296164,1.4550220028161034,1.2567579883546733,1.2248655848116774,1.2493630429129525,1.4458284852028287,1.2782867774759137,1.3791079480289006,1.189629655803221,1.189277339609729,1.0329016252001229,1.0280714765612284
7,VER,11,4143.526,4629.973,4629.973,SOFT>MEDIUM,MEDIUM,14,2,2.1466666666666754,0.2360000000000184,1.910666666666657,"LIN,BEA,ALO",3,0.0993333333333197,1.8113333333333368,0.0716666666666867,0.009909,0.0813136666666666,84.153,82.00633333333333,1,14.0,0.1666666666666666,66,8,0.4699999999999988,0.2080000000000126,0.0,-0.63900000000001,0.2008499999999969,0.2008499999999969,0.0659162639628618,0.1767467514733791,0.1767467514733791,-0.1359999999999956,0.0929999999999964,1,0,0,84.177,-0.1103834668134595,-0.2080000000000126,-0.0240000000000009,-0.5638750000000101,-1.9014999999999984,0.7194999999999965,-0.0241032485266177,7.0,5.0,49.0,30.9,-1.3999999999999986,0,0,28.3,3.9,0.005917,0.236686,3.32432,0,0.005917,7.84,0.00331352,5.3981627015177525,12,0,SOFT,84.177,1.0063333333333446,-0.3785000000000025,8.0,6.0,-0.2504856666666666,0,1.1172370370370377,0.14249362267273524,1.4518682544709312,1.3347437172118537,1.4192865804975696,1.3183611158243127,1.3002502471856712,1.2123619627218616,0.5087395670105682,0.6367474523330113,1.148539358571702,1.187393612287943,1.280319155487271,1.2406967748359015,1.5877848264254966,1.635735855945294,1.4866671096810626,1.5053446440553495,1.3282696687349684,1.2882723522632509,1.2083617970211105,1.1764456007108999
7,ALB,12,4261.926,4715.092,4715.092,MEDIUM>HARD,HARD,12,2,1.5390000000000157,0.3433333333333195,1.1956666666666962,"BEA,LIN,ALO",3,0.2476666666666318,0.9480000000000643,0.088000000000008,0.069364,0.1707143333333333,86.53666666666668,84.99766666666666,1,12.0,0.1818181818181818,66,8,0.120999999999988,0.0050000000000096,-0.0050000000000096,-0.1114999999999923,0.1382500000000005,0.1382500000000005,0.149440772853822,0.1382322106010036,0.1382322106010036,0.0919999999999987,0.0844999999999984,0,1,0,86.569,-0.2447501622836654,-0.0050000000000096,-0.0323333333333266,-0.3026250000000061,0.494000000000014,0.8160000000000096,-1.778939899685361e-05,7.0,17.0,50.7,30.9,1.7000000000000028,0,0,28.3,1.4,0.144509,0.890173,1.68137,0,0.138729,7.536000000000001,0.06936432,5.537334267018537,13,0,MEDIUM,86.569,0.9676666666666732,-0.207166666666661,5.0,7.0,-0.3111746666666666,0,1.1172370370370377,1.4472176631304272,1.2876673491996395,1.2763454989251588,1.2115972874165215,1.187180112884087,1.1378127756138168,1.1024477766599678,1.7830180096087478,1.86592411272676,1.4755998846651188,1.5036148894608075,1.2444151574002265,1.2282248105637854,1.723341635184723,1.7797438575204791,1.5493621001273135,1.5806056440661054,1.2591548905143102,1.2516367212560477,1.1623778831221487,1.0606604353496536
7,HUL,12,4245.254,4715.092,4715.092,SOFT>HARD,HARD,12,2,1.0703333333333234,0.3433333333333195,0.7270000000000039,"BEA,LIN,ALO",3,0.4219999999999828,0.305000000000021,0.088000000000008,0.4074073333333333,0.2275296666666666,85.52766666666666,84.45733333333334,1,12.0,0.1818181818181818,66,8,0.1724999999999994,0.3580000000000041,-0.2940000000000111,-0.4629999999999938,0.1188333333333334,0.1188333333333334,-0.0053285892233674,0.1748563128311987,0.1748563128311987,0.3580000000000041,0.0220000000000055,1,0,0,85.745,0.0087270231025797,-0.3580000000000041,-0.2173333333333431,-0.5276250000000005,-0.2089999999999889,0.7000000000000028,0.0560229794978652,7.0,8.0,50.7,30.9,1.7000000000000028,0,0,28.3,1.4,0.192982,0.549708,2.387024,0,-0.339182,7.536000000000001,0.09263136,5.501258210544727,13,0,SOFT,85.745,1.051333333333332,-0.4155000000000038,5.0,7.0,-0.4901143333333334,0,1.1172370370370377,,,,,,,,,,,,,,,,,,,,,
7,NOR,12,4223.084,4715.092,4715.092,MEDIUM>HARD,HARD,12,2,1.3769999999999951,0.3433333333333195,1.0336666666666758,"BEA,LIN,ALO",3,0.603333333333353,0.4303333333333228,0.088000000000008,0.021956,0.3800813333333333,83.446,82.069,1,12.0,0.1818181818181818,66,8,0.0714999999999932,0.2169999999999987,-0.2169999999999987,-0.2434999999999973,0.036999999999998,0.036999999999998,0.0088439150429735,0.0902878733848364,0.0902878733848364,0.2169999999999987,-0.0404999999999944,0,1,0,83.618,-0.0144843311544491,-0.2169999999999987,-0.171999999999997,-0.2303749999999951,-2.3019999999999925,0.902000000000008,0.0532878733848384,7.0,3.0,49.4,30.9,0.3999999999999986,0,0,28.5,2.3,0.017964,0.808383,1.948865,0,-0.023952,6.911999999999999,0.00862272,5.480638923341991,13,0,MEDIUM,83.618,0.3506666666666689,-1.1640000000000017,5.0,7.0,-0.044309,0,1.1172370370370377,0.47935204604392667,1.2876673491996395,1.232836903846919,1.2115972874165215,1.1467110244907714,1.1378127756138168,1.064867079309605,0.837518511391436,0.8774778397831529,1.0507381231453898,1.0413557637320374,1.0888077978724586,1.037623097099331,0.7599347572904245,0.817963728896511,1.0661487393959967,1.080111348448172,1.0792103389943979,1.0443987729613025,0.8231175349312285,0.9333932139585069
7,OCO,12,4258.367,4715.092,4715.092,SOFT>HARD,HARD,12,2,2.350999999999999,0.3433333333333195,2.00766666666668,"BEA,LIN,ALO",3,-0.2773333333333312,2.285000000000011,0.088000000000008,0.0115496666666666,0.193294,86.69266666666665,84.34166666666665,1,12.0,0.1818181818181818,66,8,0.5045000000000002,0.1289999999999906,-0.1119999999999947,-0.6765000000000043,0.2330476190476172,0.2330476190476172,0.0712545081687068,0.2130655115191144,0.2130655115191144,0.1289999999999906,0.099499999999999,1,0,0,86.773,-0.1166987570038315,-0.1289999999999906,-0.0803333333333427,-0.6687499999999886,0.6980000000000075,0.8065000000000069,-0.0199821075285028,7.0,14.0,50.7,30.9,1.7000000000000028,0,0,28.3,1.4,0.017341,0.50289,2.47182,0,0.0057799999999999,7.536000000000001,0.00832368,5.525452939131784,13,0,SOFT,86.773,1.47499999999998,0.2931666666666691,5.0,7.0,-0.6836686666666667,0,1.1172370370370377,,,,,,,,,,,,,,,,,,,,,
7,ANT,13,4304.509,4800.11,4800.11,MEDIUM>HARD,HARD,13,2,1.6576666666666569,,,"LIN,ALO",2,0.3243333333333282,,,0.00998,0.0121953333333333,83.50433333333334,81.84666666666668,1,13.0,0.1969696969696969,66,8,0.1950000000000002,0.0,0.0,0.0,0.0625,0.0625,0.2404719566345221,0.1262127074496883,0.1262127074496883,0.1929999999999978,0.1219999999999998,0,1,0,83.56,-0.3870537361948578,0.0,-0.0556666666666672,-0.0859999999999985,-2.2549999999999955,0.9579999999999984,0.0637127074496883,7.0,1.0,50.5,30.9,1.1000000000000014,0,0,28.5,2.3,0.005988,0.017964,20.0,0,0.0,8.06,0.0031137599999999,5.556828061699537,14,0,MEDIUM,83.56,0.9339999999999976,-0.5476666666666623,5.0,8.0,-0.472933,0,1.1172370370370377,0.48981439448518904,1.2789894357515472,1.221743008601913,1.2039773202123945,1.1378241469174568,1.1341328489093085,1.0603388559444873,1.0422716504079634,1.116617661017705,1.1445461742913583,1.1575032609129086,1.1173776238590174,1.0750475961024717,1.0086062715824988,1.0697306436234348,1.2241950937711052,1.2433754930789866,1.132016499181315,1.101246936701696,0.9256648133280738,0.9605517009029335
7,GAS,13,4338.165,4800.11,4800.11,MEDIUM>HARD,HARD,13,2,2.595333333333329,,,"LIN,ALO",2,0.5166666666666657,,,0.5693823333333333,0.1437483333333333,85.85266666666666,83.25733333333334,1,13.0,0.1969696969696969,66,8,0.1169999999999973,-0.1559999999999917,0.0079999999999955,0.0090000000000003,0.0083000000000026,0.0083000000000026,0.3214258275886408,0.122371225889002,0.122371225889002,-0.0079999999999955,-0.0079999999999955,0,1,0,85.798,-0.5173537456044812,0.1559999999999917,0.0546666666666624,0.0246250000000003,-0.5614999999999952,0.7914999999999992,0.1140712258889993,7.0,11.0,50.5,30.9,-0.2000000000000028,0,0,28.5,2.3,0.127907,0.877907,1.721941,0,-0.6732630000000001,8.06,0.06651164,5.594711379601839,14,0,MEDIUM,85.798,0.7086666666666588,-0.5936666666666687,5.0,8.0,-0.3072706666666668,0,1.1172370370370377,0.9744549570208102,1.2789894357515472,1.254465134658053,1.2039773202123945,1.1682986615273332,1.1341328489093085,1.0887380703964231,1.2934204204231068,1.350744390803222,1.2431105651931704,1.254609848283544,1.1506640138717774,1.1234272967644277,0.09117033337472447,0.1691801424813801,0.7100588044990863,0.7475657386305309,0.9486599306364857,0.9392855294921622,0.26423532843659103,0.7314391906073789
7,PIA,13,4315.354,4800.11,4800.11,MEDIUM>HARD,HARD,13,2,1.724666666666664,,,"LIN,ALO",2,0.6033333333333388,,,0.0138886666666666,0.0851193333333333,84.071,82.34633333333333,1,13.0,0.1969696969696969,66,8,0.3674999999999997,-0.1180000000000092,0.0979999999999989,0.108000000000004,-0.0144999999999946,-0.0144999999999946,0.3964607445699073,0.1043453129443549,0.1043453129443549,-0.1180000000000092,0.0225000000000008,0,1,0,83.999,-0.6390130319223886,0.1180000000000092,0.0720000000000027,0.193000000000012,-2.0759999999999934,0.7075000000000102,0.1188453129443495,7.0,4.0,50.5,30.9,1.1000000000000014,0,0,28.5,2.3,0.017857,0.303571,3.045381,0,0.0,8.06,0.00928564,5.568344503761097,14,0,MEDIUM,83.999,0.8730000000000047,-0.7031666666666656,5.0,8.0,-0.5335466666666667,0,1.1172370370370377,0.4740310975630374,1.2789894357515472,1.228161691952514,1.2039773202123945,1.1438019449128702,1.1341328489093085,1.0659095686989108,0.8759447187746547,0.97063523864028,1.070760140696661,1.0996098505077672,1.0870504041075137,1.0547588129791354,0.8708555645200228,0.9476926177535961,1.1460644069091512,1.1803536310001206,1.0982659027673967,1.0774363475903577,0.8176622774516081,0.9038959051136812
7,SAI,13,4341.52,4800.11,4800.11,SOFT>HARD,HARD,13,2,2.092666666666659,,,"LIN,ALO",2,-0.1123333333333107,,,0.0154366666666666,0.0396116666666666,86.33699999999999,84.24433333333333,1,13.0,0.1969696969696969,66,8,0.2369999999999947,0.0,0.0549999999999926,-0.1514999999999986,0.1647833333333319,0.1647833333333319,0.1838301140036833,0.1440953706172583,0.1440953706172583,-0.0549999999999926,-0.0079999999999955,1,0,0,86.28,-0.2958853641233219,0.0,0.0569999999999879,-0.2962499999999863,-0.0519999999999925,0.7914999999999992,-0.0206879627160735,7.0,12.0,50.5,30.9,-0.2000000000000028,0,0,28.5,2.3,0.00578,0.32948,3.016362,0,-0.023122,8.06,0.0030056,5.598421958998375,14,0,SOFT,86.28,1.336999999999989,0.051500000000009,5.0,8.0,-0.1080926666666666,0,1.1172370370370377,,,,,,,,,,,,,,,,,,,,,
7,BOR,14,4433.726,4886.446,4886.446,MEDIUM>HARD,HARD,14,2,3.0576666666666625,,,"LIN,ALO",2,-0.0490000000000208,,,0.526831,0.1490706666666666,86.70566666666667,83.64800000000001,1,14.0,0.2121212121212121,66,8,0.152000000000001,-0.073999999999998,0.2660000000000053,-0.0499999999999971,0.0922,0.0922,0.3519117399869458,0.135739694841348,0.135739694841348,-0.2730000000000103,-0.0250000000000056,0,1,0,86.526,-0.5590073373037256,0.073999999999998,0.1796666666666766,-0.0241249999999979,1.231999999999999,1.2980000000000018,0.043539694841348,7.0,13.0,51.2,30.9,0.7000000000000028,0,0,27.6,0.4,0.33526,1.0,1.176374,0,-0.239453,9.072,0.1877456,5.676753802268282,15,0,MEDIUM,86.526,1.338000000000008,0.2681666666666776,5.0,9.0,-0.3971223333333333,0,1.1172370370370377,1.6789085200533924,1.2704771613009713,1.2547959830254214,1.1965759360334582,1.1700846617129232,1.130582348757553,1.0941884187632334,1.7545661458185977,1.821694290833702,1.4381670306477383,1.4549584794707902,1.2200777902396862,1.1990552918302053,0.7900675559081167,0.8558924186444726,0.9931299691592349,1.0256598279652578,1.0467332703788816,1.038911913805223,0.5121707632042273,0.8042738773129559
7,HAD,14,4416.762,4886.446,4886.446,MEDIUM>HARD,HARD,14,2,2.86933333333333,,,"LIN,ALO",2,0.5420000000000016,,,0.4260173333333333,0.1798596666666666,85.15066666666667,82.28133333333334,1,14.0,0.2121212121212121,66,8,0.3825000000000003,0.2229999999999989,-0.2069999999999936,-0.2149999999999892,0.0521666666666694,0.0521666666666694,-0.0710941707735202,0.0711736636033324,0.0711736636033324,0.2229999999999989,0.1844999999999999,0,1,0,85.294,0.1129321889158774,-0.2229999999999989,-0.1433333333333308,-0.2533749999999912,-0.5040000000000049,1.713000000000008,0.019006996936663,7.0,8.0,50.7,30.8,0.2000000000000028,0,0,27.7,1.4,0.323529,0.852941,1.573776,0,-0.407465,8.792000000000002,0.18117624,5.659482215759621,15,0,MEDIUM,85.294,0.5826666666666682,-0.5198333333333286,5.0,9.0,-0.5167833333333334,0,1.1172370370370377,1.0868134132379828,1.2704771613009713,1.2369295769614947,1.1965759360334582,1.1534244173559633,1.130582348757553,1.078608822665918,1.4797954740682502,1.5847221636326452,1.336349762680809,1.3786299112339941,1.1896584044152916,1.1713019672511216,0.28542138430256325,0.4007163898444804,0.7760048348678618,0.8373225598733709,0.97523591505202,0.9724050916989447,0.3178002810851982,0.7388782534355038
7,LEC,15,4479.933,4974.286,4974.286,MEDIUM>HARD,HARD,15,2,1.8696666666666888,-0.186166666666665,2.0558333333333536,"LAW,HAM,LIN,ALO",4,-0.2929999999999921,2.3488333333333458,0.321166666666663,0.0178926666666666,0.0203383333333333,83.84833333333334,81.97866666666665,1,15.0,0.2272727272727272,66,8,0.3084999999999951,0.0,-0.0430000000000063,-0.1410000000000053,0.0889999999999988,0.0889999999999988,0.0851936686507315,0.0885807710601086,0.0885807710601086,0.0430000000000063,-0.0060000000000002,0,1,0,84.039,-0.13401832927822,0.0,-0.1906666666666581,-0.1907499999999942,-0.7339999999999947,1.093500000000006,-0.0004192289398901,7.0,1.0,50.7,31.0,0.0,0,0,27.5,2.5,0.017857,0.02381,17.481625,0,0.0,9.420000000000002,0.0107142,5.707110264748875,16,0,MEDIUM,84.039,0.5776666666666728,-0.6029999999999944,5.0,10.0,-0.7869933333333334,0,1.1172370370370377,1.0079523661890821,1.2621095095552257,1.2089689147394354,1.18937704358325,1.1287871578550417,1.1271532889544504,1.0591840510938835,1.12607217792724,1.1900831237327538,1.1906808699726956,1.1982998818756505,1.1436428921580886,1.1016607867397483,0.9723079394070917,1.0733559248854876,1.1271166906371914,1.1741319924274256,1.0994531976498982,1.0824312690260947,0.8252314658672057,0.9249776974846633
7,BEA,17,4690.763,5173.288,5173.288,MEDIUM>HARD,HARD,17,2,1.76933333333335,-0.3226666666666773,2.092000000000027,"ALB,PER,LAW,COL,OCO",5,,,0.2373333333333391,0.0405076666666666,0.509127,86.24533333333333,84.47599999999998,1,17.0,0.2575757575757575,66,8,0.1244999999999976,0.2219999999999942,-0.2219999999999942,-0.1509999999999962,-0.0074166666666671,-0.0074166666666671,-0.1686627701643459,0.0632936788893388,0.0632936788893388,0.2219999999999942,-0.0979999999999989,0,1,0,86.707,0.2621774246285753,-0.2219999999999942,-0.4616666666666589,-0.3084999999999951,2.594999999999999,1.3605000000000018,0.070710345556006,7.0,10.0,50.2,31.1,-1.0,0,0,27.8,3.1,0.098266,0.144509,8.476384,0,0.086705,10.336000000000002,0.06682088,5.860786223465865,18,0,MEDIUM,86.707,0.9476666666666772,1.5779999999999983,5.0,12.0,-0.8600623333333334,0,1.1172370370370377,2.098097332035879,1.2457290839022248,1.227907685344698,1.175526254317854,1.149442780319965,1.120629474040916,1.08582965744024,1.6250171952399206,1.6562326219877483,1.4100150230670956,1.4037593971288846,1.233763141884832,1.203962916270959,1.3407945677407285,1.462828878923398,1.1932451361611895,1.2587845724020121,1.1290822666704454,1.134822176817946,0.8988603339072126,0.9749665330485283
7,ALO,20,4974.286,5430.444,5430.444,HARD>HARD,HARD,20,2,2.1820000000000164,-1.0470000000000113,3.229000000000028,"PER,ALB,COL,OCO,SAI",5,-0.4383333333333326,3.66733333333336,0.4080000000000012,0.4568736666666667,0.0155266666666666,87.90066666666667,85.71866666666665,1,20.0,0.303030303030303,66,8,0.2704999999999984,0.5510000000000019,-0.4920000000000044,-0.8004999999999995,0.0705999999999988,0.0705999999999988,-0.4208764956601243,0.0883445242680424,0.0883445242680424,0.4920000000000044,0.1869999999999976,0,0,1,88.393,0.649629917927399,-0.5510000000000019,-0.4923333333333346,-0.7791250000000076,4.324000000000012,1.2864999999999966,0.0177445242680435,7.0,20.0,49.3,30.9,-0.5,0,0,28.6,3.6,0.570621,0.932203,0.858398,0,0.073478,11.439999999999998,0.4564968,6.042632833682381,21,0,HARD,88.393,1.538666666666657,2.4988333333333417,5.0,15.0,-0.1304253333333333,0,1.1172370370370377,,,,,,,,,,,,,,,,,,,,,
7,LIN,21,5024.573,5516.135,5516.135,MEDIUM>HARD,HARD,21,2,2.414333333333332,-1.127666666666684,3.542000000000016,"ALB,PER,OCO,SAI,HUL",5,0.3346666666666635,3.207333333333352,0.369000000000014,0.0534663333333333,0.4292126666666667,86.382,83.96766666666667,1,21.0,0.3181818181818182,66,8,0.2694999999999936,1.4039999999999964,-1.100999999999999,-1.4380000000000024,0.0822083333333321,0.0822083333333321,-0.791111529555593,0.0876240025982138,0.0876240025982138,1.100999999999999,0.1469999999999913,0,1,0,87.217,1.2199819033600647,-1.4039999999999964,-0.8349999999999937,-1.208999999999989,3.1480000000000103,1.201499999999989,0.0054156692648817,7.0,9.0,50.1,30.9,0.5,0,0,29.0,1.7,0.137143,0.634286,2.089211,0,0.125515,12.684,0.1152001199999999,6.063785208687608,22,0,MEDIUM,87.217,1.6170000000000044,2.355333333333334,5.0,16.0,-0.1126399999999999,0,1.1172370370370377,2.496148632751985,1.2138868125396214,1.198224959458412,1.1496291160937315,1.1278157148551382,1.108728708741531,1.07939682586473,2.252693299132391,2.3317511324087636,1.7317346400633504,1.7558434758608892,1.374711484313545,1.3595287004248597,1.8832260775859881,1.978920058141552,1.5884824924171237,1.6440078402791096,1.3021497361231065,1.3086735664320563,1.2158797449843948,1.135758742512468
7,HAM,26,5395.331,5945.335,5945.335,HARD>MEDIUM,MEDIUM,15,2,2.405666666666676,-0.5953333333333575,3.001000000000033,"HAD,RUS,LEC,PIA,NOR",5,-0.1760000000000161,3.1770000000000493,0.1143333333333629,0.1419446666666667,0.2617513333333333,83.16166666666668,80.756,1,15.0,0.3939393939393939,66,8,0.2170000000000058,0.4050000000000011,-0.0660000000000025,-0.4410000000000025,0.1222285714285726,0.1222285714285726,-0.0380595067437354,0.1207321758172531,0.1207321758172531,0.0660000000000025,0.0424999999999968,0,0,1,83.331,0.0598714856130868,-0.4050000000000011,-0.1693333333333271,-0.441999999999993,-1.2194999999999965,1.2489999999999952,-0.0014963956113194,7.0,2.0,49.0,30.8,-1.6000000000000014,0,0,27.6,3.6,0.024096,0.644578,2.265872,0,-0.287281,8.4,0.0144576,6.253828811575473,27,1,HARD,83.331,1.1406666666666752,1.3363333333333334,5.0,10.0,0.0201643333333333,0,1.1172370370370377,1.0870397684494595,2.5661037192999903,2.4349695759154377,2.232227191156823,2.1197188634256103,1.67239786672507,1.5730384591494904,1.5145455750464778,1.5026190650967388,1.8385780357652608,1.7919633210660033,1.5908506970425405,1.514755944867756,1.252604344820345,1.3994301417395916,1.6703308063097018,1.7309829902345018,1.5158671895314142,1.487181327925788,1.4549225435495765,1.388208228317818
7,ALB,28,5660.053,6122.707,6122.707,HARD>HARD,HARD,15,2,2.1173333333333204,-0.0369999999999919,2.1543333333333123,"OCO,ALO,GAS,LIN,LAW",5,-0.1033333333333246,2.257666666666637,0.1419999999999959,0.1492616666666666,0.2703343333333333,86.29233333333333,84.17500000000001,1,15.0,0.4242424242424242,66,8,0.4730000000000061,0.3730000000000046,-2.730000000000004,-2.5090000000000003,0.2245000000000061,0.2245000000000061,-1.0967235068197283,0.1966470033907766,0.1966470033907766,2.730000000000004,0.3320000000000078,0,0,1,88.197,1.7097937597204125,-0.3730000000000046,-1.904666666666671,-1.803625000000011,3.615000000000009,1.14200000000001,-0.0278529966092294,7.0,18.0,48.7,30.6,-0.1999999999999957,0,0,28.3,4.9,0.40678,0.644068,1.313292,0,0.37754,8.220000000000002,0.2440679999999999,6.368187186350492,29,1,HARD,88.197,1.1159999999999997,0.4203333333333365,5.0,10.0,-0.1611693333333333,0,1.1172370370370377,,,,,,,,,,,,,,,,,,,,,
7,VER,28,5573.71,6122.707,6122.707,MEDIUM>HARD,HARD,16,2,1.8389999999999844,-0.4243333333333225,2.263333333333307,"RUS,LEC,NOR,PIA,LIN",5,-0.2686666666666752,2.5319999999999823,0.0376666666666665,0.0561046666666666,0.065453,83.33466666666666,81.49566666666668,1,16.0,0.4242424242424242,66,8,0.1564999999999869,0.0969999999999942,0.0,-0.3435000000000059,0.0913749999999999,0.0913749999999999,0.0827288398580208,0.0965722727240266,0.0965722727240266,-0.1740000000000066,0.0229999999999961,0,1,0,83.309,-0.1292319702235858,-0.0969999999999942,0.025666666666666,-0.2622499999999945,-1.2849999999999966,1.213000000000008,0.0051972727240267,7.0,4.0,48.9,30.8,-2.1000000000000014,0,0,27.9,3.2,0.023952,0.48503,2.534949,0,-0.011976,8.895999999999999,0.01532928,6.333279628139691,29,1,MEDIUM,83.309,0.9996666666666698,0.5676666666666772,5.0,11.0,0.0338206666666666,0,1.1172370370370377,0.8670182452375748,1.2538664891983138,1.1890223707795335,1.1823653363470967,1.111592179641274,1.1238380727876707,1.0465758044178914,1.0895874796473513,1.0929444754761914,1.119099406951482,1.0867092294420801,1.1029602639094862,1.0402646493196333,0.8107592367213888,0.9604575875263508,0.8490121032930308,0.9133297909118484,0.9798810591039879,0.9611037935723846,0.7179533227621168,0.8884392009116082
7,SAI,29,5723.583,6207.995,6207.995,HARD>HARD,HARD,15,2,1.366000000000014,-0.1019999999999896,1.4680000000000035,"LAW,ALO,GAS,BEA,RUS",5,0.0886666666666542,1.3793333333333493,0.2313333333333247,0.0214426666666666,0.1705526666666666,85.39300000000001,84.027,1,15.0,0.4393939393939394,66,8,0.2530000000000001,0.0,0.0,-0.2804999999999893,0.1015000000000026,0.1015000000000026,0.1730679118380464,0.1083917858633835,0.1083917858633835,-0.3710000000000093,0.3790000000000049,0,0,1,85.353,-0.272253475681353,0.0,0.0400000000000204,-0.1911249999999853,0.92049999999999,1.0494999999999948,0.0068917858633808,7.0,13.0,50.3,30.5,1.5999999999999943,0,0,28.3,3.0,0.02924,0.05848,11.05168,0,0.0058479999999999,9.179999999999998,0.017544,6.386879319362645,30,1,HARD,85.353,1.103333333333353,0.2875000000000038,5.0,10.0,0.0036563333333333,0,1.1172370370370377,,,,,,,,,,,,,,,,,,,,,
7,PER,30,5842.063,7057.631,7057.631,HARD>HARD,HARD,18,2,2.441666666666677,-0.3449999999999988,2.786666666666676,"ALO,LIN,GAS,BEA,LEC",5,0.3720000000000141,2.414666666666662,0.200666666666649,0.0843246666666666,0.151236,86.83933333333334,84.39766666666667,1,18.0,0.4545454545454545,66,8,0.4534999999999982,-0.2849999999999966,0.0,0.1424999999999983,-0.0984999999999999,-0.0984999999999999,0.5089214930504227,0.0812113090543638,0.0812113090543638,0.242999999999995,-0.1475000000000008,0,0,1,86.699,-0.7884336569558172,0.2849999999999966,0.1403333333333449,0.4077499999999929,2.441999999999993,1.1210000000000022,0.1797113090543638,7.0,17.0,49.0,30.3,-0.2000000000000028,0,0,28.4,2.6,0.022989,0.074713,6.595253,0,0.005648,10.08,0.01655208,6.436150368369428,31,1,HARD,86.699,1.6530000000000058,1.3380000000000034,5.0,13.0,-0.2692703333333334,0,1.1172370370370377,,,,,,,,,,,,,,,,,,,,,
7,HAD,31,5855.164,7140.782,7140.782,HARD>HARD,HARD,16,2,2.379666666666651,-0.2793333333333265,2.6589999999999776,"BEA,GAS,ANT,LEC,ALO",5,-0.3976666666666233,3.056666666666601,0.25,0.1902233333333333,0.185022,84.16799999999999,81.78833333333334,1,16.0,0.4696969696969697,66,8,0.2494999999999976,0.8100000000000023,-0.3900000000000005,-1.075499999999991,0.219,0.219,-0.3113891828209176,0.1626000562123759,0.1626000562123759,0.3900000000000005,-0.1475000000000008,0,0,1,84.568,0.4864257454996874,-0.8100000000000023,-0.4000000000000057,-0.9412499999999966,0.2319999999999993,1.3889999999999958,-0.0563999437876241,7.0,8.0,49.0,30.3,-0.2000000000000028,0,0,28.4,2.6,0.325444,0.372781,6.734273,0,0.301775,8.96,0.20828416,6.439350371100098,32,1,HARD,84.568,1.2609999999999957,0.7006666666666632,5.0,11.0,0.0013819999999999,0,1.1172370370370377,,,,,,,,,,,,,,,,,,,,,
7,BOR,32,5985.048,7223.977,7223.977,HARD>HARD,HARD,17,2,3.168999999999997,-0.2889999999999872,3.457999999999984,"ALO,GAS,BEA,LEC,HAM",5,-2.00266666666667,5.460666666666654,0.3113333333333372,0.414892,0.037841,86.832,83.663,1,17.0,0.4848484848484848,66,8,0.7109999999999985,0.0,1.0889999999999986,-0.5105000000000075,0.4,0.4,0.6776588932496139,0.260566886947727,0.260566886947727,-1.475999999999999,0.2450000000000045,0,0,1,85.977,-1.0551413211883016,0.0,0.8549999999999898,-0.3346250000000026,1.6274999999999975,0.8485000000000014,-0.1394331130522729,7.0,13.0,49.2,29.8,0.7000000000000028,0,0,27.9,3.6,0.069767,0.790698,1.725534,0,-0.495947,9.656,0.0474415599999999,6.484635235635252,33,1,HARD,85.977,3.0136666666666656,2.5450000000000017,5.0,12.0,0.3950033333333333,0,1.1172370370370377,,,,,,,,,,,,,,,,,,,,,
7,COL,33,6049.924,7307.171,7307.171,HARD>HARD,HARD,21,2,0.7893333333333317,-0.394999999999996,1.1843333333333277,"GAS,BEA,LEC,VER,HAM",5,-0.1876666666666864,1.372000000000014,0.0919999999999845,0.5568873333333334,0.6272596666666667,85.00533333333334,84.21600000000001,1,21.0,0.5,66,8,0.1844999999999999,0.9909999999999995,-0.88900000000001,-1.0204999999999984,0.0452249999999992,0.0452249999999992,-0.640644185043115,0.0597955001138891,0.0597955001138891,0.88900000000001,0.1789999999999949,0,0,1,85.632,0.9879445350575368,-0.9909999999999995,-0.6266666666666652,-0.9118750000000092,1.829000000000008,1.4669999999999987,0.0145705001138899,7.0,11.0,49.9,30.2,0.6999999999999957,0,0,28.4,3.5,0.561404,1.0,0.942463,0,-0.01256,12.515999999999998,0.47157936,6.505784060128229,34,1,HARD,85.632,0.7610000000000099,0.5753333333333378,5.0,16.0,0.4720276666666667,0,1.1172370370370377,,,,,,,,,,,,,,,,,,,,,
7,NOR,34,6063.1,7390.458,7390.458,HARD>HARD,HARD,21,2,2.3506666666666547,,,"VER,HAM",2,0.1170000000000044,,,0.229733,0.4897886666666666,83.187,80.83633333333334,1,21.0,0.5151515151515151,66,8,0.153500000000001,0.0,0.0,-0.0839999999999889,0.0336142857142856,0.0336142857142856,0.1196810746038892,0.0642520169872813,0.0642520169872813,0.2659999999999911,0.099499999999999,0,0,1,83.115,-0.1845615184921598,0.0,0.0720000000000027,-0.0541249999999848,-0.6880000000000024,1.4669999999999987,0.0306377312729957,7.0,3.0,49.9,30.2,0.6999999999999957,0,0,28.4,3.5,0.024096,0.156627,3.605236,0,-0.048193,12.515999999999998,0.02024064,6.51025834052315,35,1,HARD,83.115,1.093999999999994,1.0183333333333358,5.0,16.0,0.091571,0,1.1172370370370377,,,,,,,,,,,,,,,,,,,,,
7,BOR,52,7722.235,8810.457,8810.457,HARD>SOFT,SOFT,19,2,2.1573333333333267,0.1473333333333357,2.009999999999991,"LAW,COL,LIN,GAS,PIA",5,0.4016666666666708,1.60833333333332,0.1636666666666713,0.154762,0.2374543333333333,84.07633333333332,81.919,1,19.0,0.7878787878787878,66,8,0.304000000000002,-0.0630000000000023,0.0,0.031499999999994,0.0977499999999989,0.0977499999999989,0.259020887815808,0.079668247588153,0.079668247588153,0.1159999999999996,0.1990000000000122,0,0,1,84.094,-0.4179068090274853,0.0630000000000023,-0.0176666666666704,0.0763750000000129,1.0300000000000011,1.188999999999993,-0.0180817524118459,7.0,15.0,50.3,30.2,-0.2000000000000028,0,0,27.9,0.0,0.166667,0.940476,1.469969,0,0.0238099999999999,11.627999999999997,0.12666692,6.926577033222725,53,4,HARD,84.094,1.211999999999989,0.2469999999999999,11.0,8.0,0.0746553333333333,0,1.1172370370370377,0.9180606368719603,1.8515055955433275,1.755559195578763,1.6611372367484067,1.5684799503769675,1.4120458980128852,1.3259664317134028,1.5423520635926464,1.4839282121437718,1.4996663243214787,1.4285647513300372,1.3636524242146906,1.2856934995330713,1.6915335837866112,1.7764320042910031,1.5407949575805648,1.5680667124684817,1.3589101177270535,1.3241783983959867,1.407873913686682,1.2692031724605806
7,SAI,54,7888.375,8810.457,8810.457,HARD>MEDIUM,MEDIUM,24,2,2.3346666666666778,-0.007000000000005,2.3416666666666828,"COL,LAW,GAS,LIN,PIA",5,-0.0390000000000156,2.3806666666666985,0.5843333333333476,0.0315583333333333,0.2352176666666666,84.53333333333335,82.19866666666667,1,24.0,0.8181818181818182,66,8,0.2914999999999921,0.088000000000008,-0.0550000000000068,-0.3629999999999995,0.1207142857142855,0.1207142857142855,-0.2175078676436754,0.0119470368546481,0.0119470368546481,0.088000000000008,0.0804999999999935,0,0,1,84.581,0.3422736046916981,-0.088000000000008,-0.0476666666666574,-0.3876249999999999,1.5085000000000122,1.0829999999999913,-0.1087672488596374,7.0,13.0,48.7,29.9,-1.5999999999999943,0,0,27.2,1.6,0.029586,0.08284,11.554065,0,-0.0059169999999999,13.152000000000005,0.02840256,6.959398512133975,55,4,HARD,84.581,0.143333333333345,-0.766166666666668,14.0,10.0,-0.1929026666666667,0,1.1172370370370377,1.895732600140959,2.705038559930852,2.6096119500273938,2.3083466924501717,2.22631475012969,1.7078918435242179,1.631127528849877,2.0643935794080237,1.9764739586537505,1.9879526755560777,1.9089150788817766,1.6317216443506357,1.5547475295762636,2.319220503144429,2.4508792499628838,2.0225469586269345,2.0830237598240187,1.6201817344350993,1.6016665498313956,1.884175437528829,1.5362129977455243
8,HAM,11,4228.986,4651.902,4651.902,MEDIUM>HARD,HARD,11,2,0.8606666666666598,-0.1903333333333421,1.051000000000002,"VER,HAD,ANT,PIA,NOR",5,-0.3329999999999984,1.3840000000000003,0.1536666666666519,0.0854733333333333,0.305747,73.33366666666666,72.473,1,11.0,0.1549295774647887,71,8,0.2469999999999999,1.875,-1.6839999999999975,-2.026499999999998,0.1776666666666677,0.1776666666666677,-1.00172003320516,0.226298300600924,0.226298300600924,1.6839999999999975,0.1935000000000002,0,1,0,74.52,1.6506644180164043,-1.875,-1.1863333333333372,-1.8655000000000117,0.2819999999999965,1.036999999999999,0.0486316339342563,7.0,2.0,50.6,34.8,-0.2999999999999971,0,0,29.2,1.2,0.201342,0.33557,3.954419,0,0.187643,6.864000000000001,0.08859048,5.342334251964811,12,0,MEDIUM,74.52,1.245666666666665,0.9943333333333252,5.0,6.0,-0.33536,0,1.478929824561404,1.970950238247662,1.5429634916035964,1.3383866812060068,1.5183863092107936,1.3094681169472262,1.4889353644517314,1.2769400225783618,1.8327951048296613,1.7052552267015748,1.821194366098286,1.6513321049619663,1.7554095747894565,1.5457959844229139,1.6841010985675409,1.5544030356636214,1.7356961988723334,1.565558814041803,1.716937161338168,1.5128980661717397,1.5749344411835426,1.5169913741482897
8,GAS,12,4328.712,4726.045,4726.045,MEDIUM>HARD,HARD,12,2,2.0363333333333458,0.4983333333333348,1.538000000000011,"OCO,HUL,BEA,ALB,COL",5,0.102333333333334,1.4356666666666769,0.1076666666666597,0.9668873333333332,0.2921906666666666,75.22833333333334,73.192,1,12.0,0.1690140845070422,71,8,0.3204999999999955,0.0,0.2109999999999985,-0.1584999999999894,0.2223750000000013,0.2223750000000013,0.3374198564654023,0.151064036870934,0.151064036870934,-0.644999999999996,-0.059999999999988,0,1,0,74.943,-0.552617355026797,0.0,0.285333333333341,-0.2111249999999955,1.179000000000002,0.8519999999999897,-0.0713109631290673,7.0,13.0,51.6,34.8,0.5,0,0,29.5,0.6,1.0,1.0,0.418617,0,0.099338,7.968000000000001,0.48,5.480638923341991,13,0,MEDIUM,74.943,1.1940000000000026,0.8843333333333305,5.0,7.0,-0.0128576666666666,0,1.478929824561404,1.9596224889643912,1.5268062513433376,1.3295773711312158,1.5041520280431464,1.3032481350496556,1.4795743895304396,1.275386940082085,2.043491339441826,1.9076164427026507,1.7457374286477285,1.5963418103507905,1.5788287818299345,1.400094070701198,0.5739130861659366,0.5883341214263763,0.8745776332637809,0.8118584962117977,1.2775548813122575,1.1277983255958541,0.14197475888128075,0.7264687704716548
8,LEC,12,4307.049,4726.045,4726.045,MEDIUM>HARD,HARD,12,2,0.5523333333333511,0.1716666666666526,0.3806666666666984,"PIA,HAD,VER,NOR,ANT",5,0.3179999999999836,0.0626666666667148,0.2106666666666541,0.065977,0.230688,73.32900000000001,72.77666666666666,1,12.0,0.1690140845070422,71,8,0.4849999999999923,0.3719999999999999,0.0,-0.4549999999999983,0.1784999999999996,0.1784999999999996,-0.0456349031926208,0.1102680367987134,0.1102680367987134,-0.059999999999988,0.1640000000000014,0,1,0,73.433,0.0747923135957933,-0.3719999999999999,-0.1039999999999992,-0.4307500000000033,-0.5659999999999883,1.086999999999989,-0.0682319632012862,7.0,5.0,51.6,34.8,1.0,0,0,29.5,0.6,0.047619,0.442177,2.563643,0,-0.0068029999999999,7.968000000000001,0.02285712,5.44673737166631,13,0,MEDIUM,73.433,1.1826666666666623,0.8573333333333343,5.0,7.0,-0.0842783333333333,0,1.478929824561404,1.732100000025169,1.5268062513433376,1.3027881869457931,1.5041520280431464,1.2769894493295089,1.4795743895304396,1.2496896197249612,1.660438646305095,1.5697382484588067,1.5982700411967026,1.4667050155617947,1.5595556666488772,1.372094904493779,1.6505618625849576,1.5294140463674404,1.635878099816085,1.480613001403384,1.588545333962095,1.3957587238941798,1.2822681050293139,1.2621041318680601
8,SAI,13,4407.115,4799.91,4799.91,SOFT>MEDIUM,MEDIUM,13,2,1.1836666666666815,0.2489999999999952,0.9346666666666864,"HUL,COL,BEA,STR,ALO",5,0.0279999999999915,0.9066666666666948,0.347999999999999,0.7608536666666667,0.0225073333333333,75.28733333333334,74.10366666666665,1,13.0,0.1830985915492957,71,8,0.363500000000009,-0.2689999999999912,0.2689999999999912,-0.0849999999999937,0.1627916666666653,0.1627916666666653,0.3266301068307626,0.1169444197748093,0.1169444197748093,-0.2689999999999912,-0.0445000000000064,1,0,0,75.069,-0.5257303386719485,0.2689999999999912,0.2183333333333337,-0.0846250000000026,0.5745000000000005,0.8030000000000044,-0.045847246891856,7.0,15.0,51.2,34.7,-0.3999999999999986,0,0,29.6,1.0,0.666667,1.0,0.786227,0,-0.03532,8.424000000000001,0.34666684,5.568344503761097,14,0,SOFT,75.069,1.0706666666666678,0.5364999999999942,5.0,8.0,0.1151223333333333,0,1.478929824561404,1.5996296104039978,1.8646857599187459,1.6097610568314802,1.8243750421047777,1.5762632745847776,1.726087445052217,1.4906667043214479,1.710224661010387,1.630113535837649,1.6689652770336636,1.5341707782016023,1.6715140582377563,1.483890818318857,0.7852284806084583,0.7725371414346119,1.1477624487546965,1.0516090446638415,1.5359506296333072,1.356953895552859,0.5727080502304785,1.1374648054512482
8,BOR,16,4618.349,5030.997,5030.997,SOFT>MEDIUM,MEDIUM,16,2,1.419333333333341,-0.1129999999999995,1.5323333333333409,"BEA,ALO,ANT,HAM,STR",5,-0.061333333333323,1.593666666666664,0.0706666666666677,0.1611343333333333,0.5330656666666667,74.29233333333333,72.87299999999999,1,16.0,0.2253521126760563,71,8,0.0694999999999979,0.0,0.0189999999999912,-0.0600000000000022,0.0320000000000035,0.0320000000000035,0.1118365446306768,0.030332664025765,0.030332664025765,-0.0189999999999912,-0.1099999999999994,1,0,0,74.072,-0.1747015554723816,0.0,0.220333333333329,-0.018375000000006,0.2150000000000034,1.0690000000000026,-0.0016673359742385,7.0,10.0,51.3,34.6,-0.3000000000000042,0,0,28.5,2.2,0.006757,0.277027,3.077282,0,-0.013513,10.432,0.00432448,5.75890177387728,17,0,SOFT,74.072,0.3243333333333282,-0.0746666666666679,5.0,11.0,-0.832063,0,1.478929824561404,1.3533069658662464,1.8659523830496125,1.5832061059906963,1.8085786708681335,1.5384989794988535,1.7143282511661053,1.4592328544876276,1.3273894624636307,1.2633173872227033,1.3666661971006586,1.2357869908025343,1.5034857946584976,1.30786906253317,1.4103348604853263,1.2868664445089366,1.4640157639100022,1.3025766453900918,1.6001189159873679,1.3919158225122559,1.201829117691287,1.4009091820371837
8,ALB,17,4708.807,5105.055,5105.055,MEDIUM>MEDIUM,MEDIUM,17,2,1.0806666666666729,-0.2553333333333256,1.3359999999999983,"BEA,ALO,STR,GAS,LEC",5,0.041333333333327,1.2946666666666715,0.3063333333333418,0.0400893333333333,0.315392,74.96966666666667,73.889,1,17.0,0.2394366197183098,71,8,0.1419999999999959,0.0930000000000035,-0.0930000000000035,0.019999999999996,-0.0557999999999999,-0.0557999999999999,0.0655432230029759,0.0226213663881702,0.0226213663881702,0.0930000000000035,0.0390000000000014,0,1,0,75.072,-0.1018835003838205,-0.0930000000000035,-0.102333333333334,0.0962499999999977,1.0559999999999974,1.041000000000011,0.0784213663881702,7.0,15.0,51.3,34.6,0.0,0,0,28.6,1.8,0.026667,0.42,2.620862,0,-0.026666,11.083999999999998,0.01813356,5.834810737062605,18,0,MEDIUM,75.072,0.5556666666666672,0.2923333333333318,5.0,12.0,-0.4371236666666666,0,1.478929824561404,,,,,,,,,,,,,,,,,,,,,
8,HAD,17,4679.225,5105.055,5105.055,MEDIUM>MEDIUM,MEDIUM,17,2,1.9453333333333236,-0.0790000000000077,2.024333333333331,"GAS,LEC,ANT,HAM,BEA",5,-0.1486666666666565,2.172999999999988,0.3799999999999954,0.0544219999999999,0.7468273333333334,73.58033333333333,71.635,1,17.0,0.2394366197183098,71,8,0.0534999999999996,-0.0780000000000029,0.0400000000000062,0.019999999999996,0.0523499999999998,0.0523499999999998,0.2117893541645372,0.0613568814320248,0.0613568814320248,-0.2670000000000101,-0.0780000000000029,0,1,0,73.478,-0.3292154361303261,0.0780000000000029,0.102333333333334,0.0670000000000214,-0.4865000000000066,0.9095000000000012,0.0090068814320249,7.0,6.0,51.3,34.6,0.0,0,0,28.6,1.8,0.034014,0.503401,2.462605,0,-0.0204079999999999,11.083999999999998,0.02312952,5.808142489980444,18,0,MEDIUM,73.478,0.920666666666662,0.669999999999997,5.0,12.0,-0.137595,0,1.478929824561404,,,,,,,,,,,,,,,,,,,,,
8,LIN,17,4689.386,5105.055,5105.055,MEDIUM>HARD,HARD,17,2,1.5476666666666858,-0.3293333333333237,1.877000000000009,"BEA,ANT,STR,GAS,HAM",5,-0.6100000000000136,2.487000000000023,0.250333333333316,0.1156156666666666,0.5105636666666666,74.44333333333334,72.89566666666666,1,17.0,0.2394366197183098,71,8,0.2184999999999988,0.0,0.3780000000000001,-0.0290000000000105,0.1173749999999991,0.1173749999999991,0.3320301997074608,0.0721548512902615,0.0721548512902615,-0.9039999999999964,-0.0189999999999912,0,1,0,74.016,-0.5161235201662322,0.0,0.4273333333333369,0.0498750000000001,-0.0280000000000057,0.9110000000000014,-0.0452201487097375,7.0,9.0,51.3,34.6,0.0,0,0,28.6,1.8,0.006757,0.243243,3.307515,0,-0.3199099999999999,11.083999999999998,0.00459476,5.817111159963204,18,0,MEDIUM,74.016,0.9066666666666664,0.4363333333333372,5.0,12.0,-0.7664046666666666,0,1.478929824561404,1.6374986106891936,1.449144424268643,1.2361560819300543,1.4355058523637658,1.2222272211110154,1.4343182061184907,1.217552512014291,1.6035585845849374,1.503290980864043,1.4274667819078637,1.3010046446460415,1.3960353697868435,1.2237988271971265,1.622576174868589,1.4937174284543928,1.5252936108141,1.3786109463960623,1.4585388625580429,1.2844339496379114,0.9862183606327766,1.0706633552674705
8,OCO,17,4705.105,5105.055,5105.055,MEDIUM>MEDIUM,MEDIUM,17,2,1.2800000000000011,-0.2553333333333256,1.5353333333333268,"ALO,STR,BEA,GAS,LEC",5,-0.7306666666666786,2.2660000000000053,0.3063333333333418,0.4039736666666667,0.3994346666666666,75.44066666666667,74.16066666666667,1,17.0,0.2394366197183098,71,8,0.1749999999999971,0.0,0.0,-0.1610000000000013,0.0608333333333318,0.0608333333333318,0.1623697013147591,0.1056114545380735,0.1056114545380735,-0.2139999999999986,0.0459999999999993,0,1,0,75.477,-0.2523951793684631,0.0,-0.0363333333333315,-0.1538749999999993,1.4609999999999983,0.962999999999994,0.0447781212047417,7.0,13.0,51.3,34.6,0.0,0,0,28.6,1.8,0.794702,1.0,0.7378,0,0.384106,11.083999999999998,0.54039736,5.828945617610208,18,0,MEDIUM,75.477,1.4336666666666673,1.1859999999999928,5.0,12.0,0.0706403333333333,0,1.478929824561404,,,,,,,,,,,,,,,,,,,,,
8,VER,17,4666.383,5105.055,5105.055,MEDIUM>HARD,HARD,17,2,0.9170000000000158,-0.0790000000000077,0.9960000000000236,"LEC,HAM,ANT,GAS,BEA",5,1.0223333333333215,-0.026333333333298,0.3799999999999954,0.0114469999999999,0.5991479999999999,72.70800000000001,71.791,1,17.0,0.2394366197183098,71,8,0.1244999999999976,0.0,0.0,0.0439999999999969,-0.0606666666666662,-0.0606666666666662,0.183992482027179,0.0316230613304108,0.0316230613304108,0.1069999999999993,-0.0189999999999912,0,1,0,72.733,-0.2860476777872804,0.0,-0.0249999999999914,0.285499999999999,-1.231499999999997,0.8710000000000022,0.092289727997077,7.0,2.0,51.3,34.6,-0.3000000000000042,0,0,28.6,1.8,0.013699,0.054795,4.799097,0,-9.400000000000032e-05,11.083999999999998,0.0093153199999999,5.796057750765372,18,0,MEDIUM,72.733,0.9000000000000057,0.6493333333333311,5.0,12.0,-0.0769043333333333,0,1.478929824561404,1.144524966523373,1.449144424268643,1.214728441242686,1.4355058523637658,1.2010410245496579,1.4343182061184907,1.1964473472807964,0.909494252088038,0.8974244854309632,1.0863884961209616,0.9955013294593269,1.2663069639233362,1.0948718154253267,0.8966534609944166,0.8708614177005546,1.1062790731779084,1.0115147240802294,1.2858043359125242,1.1194273656175044,0.7170703584376972,0.9611059823029421
8,LAW,18,4760.302,5182.324,5182.324,MEDIUM>HARD,HARD,18,2,1.214333333333343,-0.0829999999999984,1.2973333333333414,"BEA,SAI,GAS,LEC,ANT",5,-0.8776666666666699,2.175000000000012,0.4576666666666824,0.1156459999999999,0.674563,74.349,73.13466666666666,1,18.0,0.2535211267605634,71,8,0.1370000000000004,1.1099999999999994,-1.0060000000000002,-1.2575000000000074,0.0859166666666683,0.0859166666666683,-0.69178621052572,0.1057777699891216,0.1057777699891216,1.0060000000000002,-0.007000000000005,0,1,0,75.098,1.0717321615307611,-1.1099999999999994,-0.7489999999999952,-1.0955000000000013,0.9549999999999984,0.9549999999999984,0.0198611033224533,7.0,8.0,51.1,34.5,-0.1999999999999957,0,0,29.6,0.6,0.326667,0.706667,1.546844,0,0.3131529999999999,11.592,0.23520024,5.872117789475416,19,0,MEDIUM,75.098,0.7823333333333409,0.4816666666666644,5.0,13.0,-0.1954233333333334,0,1.478929824561404,1.841809965591889,1.4340575347543565,1.2392497035211798,1.4221522780474338,1.2273140143431722,1.425498552189269,1.2270293800031724,1.5004259524242938,1.4043186809735249,1.4935764227736346,1.3521729771689963,1.5121504941111623,1.3284802791138357,1.0838251564927492,1.0258571926602256,1.2264650439330915,1.1173723095825299,1.4025790828534144,1.2381112870370006,0.9218728519442243,1.1399051445522583
8,PIA,18,4748.455,5182.324,5182.324,MEDIUM>HARD,HARD,18,2,1.7540000000000049,-0.3846666666666749,2.13866666666668,"GAS,LEC,ANT,HAM,SAI",5,0.1463333333333309,1.9923333333333488,0.1883333333333183,0.0090856666666666,0.011655,73.24366666666667,71.48966666666666,1,18.0,0.2535211267605634,71,8,0.1079999999999969,0.2159999999999939,-0.2719999999999913,-0.0499999999999829,-0.0459833333333338,-0.0459833333333338,-0.0412960227447598,0.0348852100009433,0.0348852100009433,0.3499999999999943,-0.0245000000000032,0,1,0,73.451,0.0639768111093701,-0.2159999999999939,-0.2073333333333238,-0.0923749999999898,-0.6030000000000086,0.9575000000000032,0.0808685433342771,7.0,4.0,51.1,34.5,-0.1999999999999957,0,0,29.6,0.6,0.013605,0.034014,6.667105,0,0.006756,11.592,0.0097956,5.860786223465865,19,0,MEDIUM,73.451,0.9156666666666808,0.6386666666666608,5.0,13.0,-0.6381206666666666,0,1.478929824561404,1.313977576195585,1.4340575347543565,1.2120712931547335,1.4221522780474338,1.2003973696705683,1.425498552189269,1.2001189777439216,1.0424318733740314,1.0062293850882933,1.1654292505305162,1.061251632683094,1.311442469736013,1.137771164681205,1.0601956834030188,1.0050934068354107,1.2057664869296105,1.0952228177684882,1.3340962133701113,1.1655479401139044,0.8367935765843006,1.0359942573518326
8,RUS,18,4734.252,5182.324,5182.324,MEDIUM>HARD,HARD,18,2,1.3269999999999982,-0.3846666666666749,1.711666666666673,"LEC,ANT,HAM,GAS,SAI",5,-0.2046666666666539,1.916333333333327,0.1883333333333183,0.006865,0.111888,72.865,71.538,1,18.0,0.2535211267605634,71,8,0.089500000000001,0.0,0.0,0.0035000000000025,-0.0007666666666679,-0.0007666666666679,0.1354219017486713,0.0669846280315292,0.0669846280315292,-0.007000000000005,-0.0780000000000029,0,1,0,72.904,-0.2097989310446308,0.0,-0.0390000000000014,-0.0197499999999877,-1.112000000000009,1.041000000000011,0.0677512946981971,7.0,1.0,51.1,34.5,-0.1999999999999957,0,0,29.6,0.6,0.006849,0.020548,8.44998,0,-4.80000000000003e-05,11.592,0.00493128,5.8522024797744745,19,0,MEDIUM,72.904,1.0609999999999928,0.7966666666666575,5.0,13.0,-0.0255586666666666,0,1.478929824561404,1.2833749200451516,1.4340575347543565,1.2030448265667273,1.4221522780474338,1.191457840444148,1.425498552189269,1.1911815217416082,1.0770252073373716,1.030824969905579,1.172478432044842,1.0618845183166108,1.3048186831733757,1.1252371088407098,1.0514039674507838,0.9931821874807631,1.1977832968918756,1.0826154509603059,1.3264030095937855,1.151786253970708,0.8138582736237081,1.0156915521858956
8,OCO,32,5873.977,6283.736,6283.736,MEDIUM>HARD,HARD,14,2,0.2750000000000057,-0.5506666666666717,0.8256666666666774,"GAS,BEA,BOR,COL,LAW",5,,,0.0160000000000053,0.0204393333333333,0.0273973333333333,73.345,73.07,1,14.0,0.4507042253521127,71,6,0.0984999999999942,0.1990000000000122,0.0,-0.1485000000000127,0.0195999999999997,0.0195999999999997,-0.075448538569006,0.0243055150641553,0.0243055150641553,0.2050000000000125,0.0279999999999915,0,1,0,73.406,0.1422081250110949,-0.1990000000000122,-0.061000000000007,-0.1281666666666723,0.936000000000007,0.7639999999999958,0.0047055150641555,5.0,15.0,50.5,34.5,-0.8999999999999986,0,0,32.0,2.3,0.027211,0.22449,3.177748,0,0.013512,8.68,0.01523816,6.453624998892692,33,4,MEDIUM,73.406,0.0963333333333338,0.0153333333333355,12.0,2.0,0.0045353333333333,0,1.478929824561404,1.6996692865723748,1.4951973915113188,1.271049038283378,1.4762467468539684,1.2503274237069062,1.4611973550043398,1.2322985381322327,1.242655005822325,1.1745287693358928,1.2633209042364133,1.1358128869996964,1.3555842075197564,1.1689504930497934,1.3705340732539273,1.2666242927154874,1.3263803962153229,1.1914112076592127,1.3815357450756305,1.199705748770781,1.0348675016199673,1.12217551239736
8,ALB,36,6178.496,6585.783,6585.783,MEDIUM>HARD,HARD,18,2,0.9356666666666626,-0.6829999999999927,1.6186666666666554,"STR,BOR,BEA,ALO,COL",5,0.1039999999999992,1.5146666666666562,0.4400000000000119,0.0869659999999999,0.1545106666666666,74.38199999999999,73.44633333333333,1,18.0,0.5070422535211268,71,8,0.349499999999999,-0.1629999999999967,0.0,0.1585000000000036,0.0712500000000027,0.0712500000000027,0.4447449943565971,0.087457197559781,0.087457197559781,-0.882000000000005,0.1545000000000058,0,1,0,74.131,-0.7447705827604381,0.1629999999999967,0.2509999999999905,0.1932500000000061,1.269999999999996,0.7129999999999939,0.0162071975597783,7.0,16.0,51.3,34.6,0.1999999999999957,0,0,32.3,2.2,0.047297,0.310811,3.131493,0,-0.1260359999999999,11.736,0.0340538399999999,6.572282542694008,37,4,MEDIUM,74.131,0.2519999999999953,-0.0529999999999972,12.0,6.0,-0.2330826666666666,0,1.478929824561404,1.5950623242786728,1.4340575347543565,1.2232924947632238,1.4221522780474338,1.2115104955827545,1.425498552189269,1.2112295263391193,1.4810197293523129,1.3989469630060145,1.4235878454367077,1.2964621295776149,1.4151939796389357,1.2398837632138093,1.544948334098473,1.4269729433364302,1.4734473795808607,1.3333615176828773,1.4425513093044142,1.2699136046265176,1.0500485152083845,1.109873362860057
8,LEC,36,6108.594,6585.783,6585.783,HARD>HARD,HARD,23,2,0.9089999999999918,-0.2453333333333347,1.1543333333333266,"PIA,RUS,HUL,LAW,LIN",5,-0.032999999999987,1.1873333333333136,0.268666666666661,0.0207536666666666,0.0858593333333333,72.36466666666666,71.45566666666667,1,23.0,0.5070422535211268,71,8,0.2334999999999993,0.2719999999999913,-0.2719999999999913,-0.3349999999999937,0.0725999999999989,0.0725999999999989,-0.1579428939959939,0.0582231697267512,0.0582231697267512,0.3979999999999961,0.1574999999999988,0,0,1,72.588,0.2644913887663733,-0.2719999999999913,-0.2233333333333291,-0.3356249999999932,-0.2510000000000048,0.7224999999999966,-0.0143768302732476,7.0,4.0,51.1,34.7,-0.2999999999999971,0,0,31.7,1.0,0.02069,0.075862,4.308043,0,0.006897,14.812,0.0190348,6.546785410760524,37,4,HARD,72.588,0.1859999999999928,-0.0461666666666786,17.0,6.0,-0.4385053333333333,0,1.478929824561404,1.69541842693818,2.4513741787167236,2.0841320838118373,2.252562242874232,1.9094612680000114,1.9237524236749957,1.618984416910007,1.8458949254579546,1.684563035710457,1.8868630390744157,1.6766643132056125,1.7918215703264926,1.5436446160506674,1.9636317776865626,1.791850340777743,2.0297699520705366,1.8086349147656324,1.9127017874551357,1.6597796171887533,2.1183408052081063,1.7289156236746588
8,GAS,37,6226.396,6660.7,6660.7,HARD>MEDIUM,MEDIUM,24,2,1.4966666666666557,-0.4816666666666691,1.9783333333333248,"BOR,LAW,LIN,STR,OCO",5,-0.1733333333333178,2.1516666666666424,0.1250000000000142,0.018018,0.255866,73.87433333333333,72.37766666666667,1,24.0,0.5211267605633803,71,8,0.3575000000000017,0.1980000000000075,-0.019999999999996,-0.4194999999999993,0.1371666666666655,0.1371666666666655,-0.0198742148249237,0.1091874976245421,0.1091874976245421,0.019999999999996,0.1814999999999997,0,0,1,73.947,0.0325494656563165,-0.1980000000000075,-0.0726666666666773,-0.4265000000000043,0.7565000000000026,0.6424999999999983,-0.0279791690421234,7.0,12.0,51.1,34.5,0.0,0,0,32.1,1.8,0.013514,0.047297,9.913295,0,-0.006756,15.456,0.01297344,6.588926477533519,38,4,HARD,73.947,0.7423333333333204,0.3096666666666673,17.0,7.0,0.0020826666666666,0,1.478929824561404,2.3370831913513275,2.5349339713085204,2.17892342373381,2.331713004025457,2.0009499190525197,1.9822501681481643,1.692985220589718,2.35477388646894,2.170547593899844,2.1768714604415083,1.959350901887616,1.940194953620714,1.6967756645512169,2.4093929117715565,2.2168420612577098,2.3176988444709563,2.090100343473253,2.0716054442806993,1.8245096538028327,2.25081382828865,1.910991805982262
8,HAD,39,6331.068,6809.817,6809.817,MEDIUM>HARD,HARD,21,2,0.9996666666666556,-0.1200000000000045,1.11966666666666,"NOR,HUL,OCO,VER,ANT",5,0.3873333333333306,0.7323333333333295,0.0319999999999822,0.0321693333333333,0.4254006666666667,72.45666666666666,71.45700000000001,1,21.0,0.5492957746478874,71,8,0.1200000000000116,0.0,0.0,-0.1284999999999883,0.0389583333333328,0.0389583333333328,0.0692404047392187,0.040220070152107,0.040220070152107,0.2150000000000034,0.1490000000000009,0,1,0,72.443,-0.1099875050731071,0.0,0.0136666666666656,-0.0742499999999921,-0.5259999999999962,0.8344999999999914,0.0012617368187741,7.0,6.0,50.8,34.5,-0.3000000000000042,0,0,32.1,1.9,0.02069,0.144828,3.995947,0,-0.014032,13.271999999999998,0.0173796,6.626717749249025,40,4,MEDIUM,72.443,0.2126666666666636,-0.228666666666669,12.0,9.0,-0.6593773333333333,0,1.478929824561404,1.3430550937973365,1.3892805760443925,1.1529471900732446,1.3825491677159487,1.147423353605094,1.3993253401828287,1.1598189445790756,0.9780080074059609,0.936967570089275,1.1035419093225072,0.9917422357488048,1.2675624445146105,1.083236860923147,1.0084674075490057,0.9430208625344318,1.129157409965706,1.013123979278847,1.2810620608664345,1.1038978074082666,0.8352640661447599,1.0227293636569048
8,HAM,41,6471.312,6959.489,6959.489,SOFT>HARD,HARD,18,2,1.0803333333333427,0.0776666666666727,1.00266666666667,"VER,NOR,ANT,LEC,ALB",5,-0.2029999999999887,1.205666666666659,0.2816666666666663,0.5280333333333332,0.175137,72.28266666666667,71.20233333333333,1,18.0,0.5774647887323944,71,8,0.2054999999999935,-0.0639999999999929,0.0,-0.0120000000000004,0.0922714285714296,0.0922714285714296,0.1971159846808774,0.071601481784757,0.071601481784757,0.0240000000000009,-0.206000000000003,1,0,0,72.183,-0.3079178567787437,0.0639999999999929,0.0996666666666641,-0.0580000000000069,-0.7424999999999926,0.8019999999999996,-0.0206699467866725,7.0,5.0,51.6,34.4,0.6000000000000014,0,0,32.2,1.4,0.291667,1.0,1.159202,0,-0.111111,11.952,0.21000024,6.674561391814426,42,4,SOFT,72.183,0.6323333333333352,0.19983333333334,7.0,11.0,-0.0242040000000001,0,1.478929824561404,1.3455688718292436,1.784288269423235,1.4857329468679525,1.7164966440244938,1.4314129551929566,1.6451942878175272,1.3690717008173865,0.8580154532876423,0.8115531697732355,1.1506391194511714,1.014099977079181,1.4013764373796227,1.188430163955395,0.746865240751979,0.6608999050661413,1.076861020987498,0.9233874230761194,1.4344982725443896,1.2097813631658887,0.8353373965073182,1.1370383630422793
8,PIA,41,6470.112,6959.489,6959.489,HARD>HARD,HARD,22,2,1.3216666666666583,0.0776666666666727,1.2439999999999856,"NOR,ANT,VER,LEC,ALB",5,0.3453333333333575,0.8986666666666281,0.2816666666666663,0.0601849999999999,0.2138146666666666,72.05233333333332,70.73066666666666,1,22.0,0.5774647887323944,71,8,0.1029999999999944,0.0,-0.0919999999999987,-0.034000000000006,0.0024571428571426,0.0024571428571426,0.1359850012049008,0.0407931038657299,0.0407931038657299,0.0990000000000037,-0.2355000000000018,0,0,1,72.116,-0.2124242242091867,0.0,-0.0636666666666769,0.0581250000000039,-0.8094999999999999,0.8019999999999996,0.0383359610085873,7.0,4.0,51.6,34.4,0.6000000000000014,0,0,32.2,1.4,0.145833,0.833333,1.510599,0,0.1319439999999999,14.608000000000002,0.1283330399999999,6.673297967767654,42,4,HARD,72.116,0.4406666666666581,0.0081666666666631,11.0,11.0,-0.060381,0,1.478929824561404,1.4442676950435027,2.4463343956031975,2.066978949523527,2.252994858464784,1.897969236103818,1.9253964968974708,1.6102072931290472,1.5061710790083198,1.3723422451946468,1.6391381258436784,1.4389525867663338,1.640197759501061,1.3938180358046282,1.4188119106908552,1.3046457738854433,1.6511679038559173,1.4591477578303587,1.7174733467751186,1.4704573736897733,1.6206639139345074,1.4771509441437258
8,RUS,42,6525.961,7034.622,7034.622,HARD>HARD,HARD,23,2,1.1949999999999932,-0.3059999999999974,1.5009999999999906,"VER,GAS,ANT,LEC,ALB",5,0.4613333333333429,1.0396666666666476,0.0853333333333239,0.0208013333333333,0.098725,72.13133333333333,70.93633333333334,1,23.0,0.5915492957746479,71,8,0.1454999999999984,-0.0090000000000003,0.0,0.0045000000000072,-0.0280833333333336,-0.0280833333333336,0.131135883548481,0.0473218709822821,0.0473218709822821,0.289999999999992,0.0550000000000068,0,0,1,72.225,-0.2038438488329887,0.0090000000000003,-0.0936666666666639,0.0633750000000077,-0.8569999999999993,0.8954999999999984,0.0754052043156157,7.0,1.0,51.9,34.5,0.6000000000000014,0,0,31.6,1.3,0.013793,0.165517,3.479628,0,-0.00704,15.548,0.0126895599999999,6.689599269178967,43,4,HARD,72.225,0.7710000000000008,0.1580000000000012,11.0,12.0,-0.046847,0,1.478929824561404,1.4621241656052755,2.4513741787167236,2.0737097006848235,2.252562242874232,1.8999123833319673,1.9237524236749957,1.6108881566006126,1.5344579278770434,1.4090599117807652,1.6892086659722692,1.4959075879081856,1.6813480946266817,1.4388866040694843,1.6849287179759536,1.5391203654011614,1.8597591084522795,1.6484702373993387,1.8227101181356122,1.5710147878031104,1.9218078714154503,1.6215669751614714
8,BOR,43,6658.511,7111.717,7111.717,MEDIUM>HARD,HARD,26,2,1.9156666666666664,-0.416333333333327,2.3319999999999936,"ALB,ALO,GAS,OCO,VER",5,-0.4853333333333296,2.8173333333333237,0.2233333333333291,0.2995043333333333,0.0531446666666666,74.109,72.19333333333333,1,26.0,0.6056338028169014,71,8,0.2354999999999947,0.561000000000007,-0.1770000000000067,-0.7535000000000025,0.15208333333333,0.15208333333333,-0.1869144318767155,0.1244653534270679,0.1244653534270679,0.1770000000000067,0.2740000000000009,0,1,0,74.387,0.2895724214339168,-0.561000000000007,-0.2780000000000058,-0.6580000000000155,0.8245000000000005,1.099499999999999,-0.027617979906262,7.0,11.0,52.1,34.5,0.1000000000000014,0,0,30.7,1.6,0.020134,0.053691,6.02492,0,-0.209596,17.784000000000002,0.0209393599999999,6.731018100482083,44,4,MEDIUM,74.387,1.3933333333333309,0.7006666666666728,13.0,13.0,0.265069,0,1.478929824561404,1.8028046523561883,1.3151247052645791,1.1129708046809978,1.317247194032026,1.1166411138810075,1.3561591883467752,1.1505708270460482,1.3735848298239415,1.280812651529881,1.3865825230809767,1.2485453975376792,1.4218005214635976,1.2392394611682682,1.4691826657403335,1.3405385491918416,1.4785215988355551,1.3285333182979737,1.4560425806493023,1.2815372779729437,1.0910157668153522,1.1822965886838703
8,BEA,44,6759.153,7191.931,7191.931,HARD>MEDIUM,MEDIUM,20,2,1.2950000000000017,-0.3849999999999909,1.6799999999999926,"ALB,GAS,OCO,ANT,LEC",5,0.548333333333332,1.1316666666666606,0.1103333333333154,0.1590636666666666,0.0864493333333333,74.13033333333334,72.83533333333334,1,20.0,0.6197183098591549,71,8,0.268500000000003,0.0,0.0,0.1650000000000062,-0.0958333333333344,-0.0958333333333344,0.4678983808947521,0.0699535458965898,0.0699535458965898,-0.929000000000002,0.046999999999997,0,0,1,73.877,-0.7235124774964419,0.0,0.2533333333333445,0.599250000000012,0.7719999999999914,0.9080000000000013,0.1657868792299243,7.0,14.0,51.9,34.5,-0.2000000000000028,0,0,30.7,2.6,0.067568,0.418919,2.682309,0,-0.3082709999999999,13.52,0.0540544,6.761572768804055,45,3,HARD,73.877,1.0520000000000067,0.2728333333333239,6.0,14.0,0.0494746666666666,0,1.478929824561404,1.8843262788813269,2.512705443659466,2.1603845953079897,2.3321687004623772,2.001728656742024,1.9881281454096418,1.6979328730785241,1.8640386967713356,1.747544502670541,1.8740229946285822,1.6922804905417168,1.7643866203703036,1.5397643619675951,1.9624273723057697,1.821922277194987,2.034153287395793,1.837549621158578,1.9094381711594939,1.6788312052407084,1.714594854136724,1.6295947108808655
8,HUL,44,6741.573,7191.931,7191.931,MEDIUM>HARD,HARD,23,2,0.6063333333333389,-0.3849999999999909,0.9913333333333298,"ALB,GAS,ANT,LEC,HAD",5,0.0319999999999822,0.9593333333333476,0.1103333333333154,0.0251143333333333,0.029885,73.01800000000001,72.41166666666668,1,23.0,0.6197183098591549,71,8,0.1035000000000039,0.046999999999997,-0.046999999999997,-0.1315000000000026,0.0373333333333315,0.0373333333333315,-0.050321476454485,0.0314288799267616,0.0314288799267616,0.046999999999997,0.0990000000000037,0,1,0,73.105,0.0777847706351906,-0.046999999999997,-0.086999999999989,-0.1548749999999898,0.0,1.382000000000005,-0.0059044534065699,7.0,12.0,51.9,34.5,-0.2000000000000028,0,0,30.7,2.6,0.034247,0.082192,6.457045,0,0.020548,15.548,0.03150724,6.756932389247553,45,4,MEDIUM,73.105,0.332333333333338,-0.4274999999999949,9.0,14.0,0.004472,0,1.478929824561404,1.420821977161472,1.359635422895408,1.1354247582770245,1.356386402740022,1.1336304320118469,1.3820288602093236,1.1545210716130594,0.9420497562642065,0.8989009436271733,1.0766890483281433,0.963630384101091,1.249623553880907,1.0694686169825647,0.9848592918889916,0.9193522848659748,1.0973536281879455,0.9866065578677877,1.255931155176752,1.087603572025458,0.7733247200666866,0.9959438445495449
8,LAW,44,6725.685,7191.931,7191.931,HARD>MEDIUM,MEDIUM,25,2,1.5086666666666702,-0.3849999999999909,1.893666666666661,"ALB,GAS,ANT,HAD,LEC",5,0.4473333333333187,1.4463333333333424,0.1103333333333154,0.5244836666666667,0.3047093333333333,73.63566666666667,72.127,1,25.0,0.6197183098591549,71,8,0.3639999999999972,0.7139999999999986,-0.3579999999999899,-0.5360000000000014,0.0421333333333336,0.0421333333333336,-0.2018632589254423,0.0809058784005539,0.0809058784005539,0.3579999999999899,0.1629999999999967,0,0,1,73.993,0.3120315301040222,-0.7139999999999986,-0.3573333333333295,-0.3822499999999991,0.8954999999999984,1.3320000000000007,0.0387725450672202,7.0,10.0,51.9,34.5,-0.2000000000000028,0,0,30.7,2.6,0.702703,1.0,0.826622,0,0.138077,16.9,0.702703,6.752270376141742,45,4,HARD,73.993,1.1906666666666723,0.4333333333333371,11.0,14.0,0.1616183333333333,0,1.478929824561404,2.242753913546915,2.538066943439098,2.182391081251315,2.330101799158231,2.0002149367848974,1.97995790526477,1.6916640278163757,2.0599470663890447,1.9108755960958148,2.0384847481394575,1.834056894055092,1.889782855017775,1.6494914518263266,1.1736066400522198,1.1475767537831252,1.5579659882247547,1.4274327500094641,1.7916599849756767,1.5749700782669689,1.3135959544580778,1.503420359843779
8,COL,45,6841.776,7300.416,7300.416,HARD>MEDIUM,MEDIUM,25,2,2.1000000000000085,-0.2806666666666615,2.38066666666667,"OCO,ALB,GAS,HAD,ANT",5,-0.2960000000000065,2.6766666666666765,0.1750000000000113,0.2792576666666667,0.3355203333333333,74.305,72.205,1,25.0,0.6338028169014085,71,8,0.25,0.0,0.0,-0.2390000000000043,0.0158749999999994,0.0158749999999994,0.1957329997524368,0.0441087486505571,0.0441087486505571,0.4150000000000062,-0.0349999999999965,0,0,1,74.111,-0.3043222464001189,0.0,0.1940000000000026,0.1582499999999953,1.6460000000000008,1.4200000000000017,0.0282337486505577,7.0,15.0,51.9,34.8,-0.1000000000000014,0,0,30.1,0.8,0.047297,0.317568,3.234141,0,-0.143179,16.9,0.047297,6.786716950605081,46,5,HARD,74.111,0.920333333333346,0.4931666666666719,10.0,15.0,-0.1688489999999999,0,1.478929824561404,2.1698664433654113,2.538066943439098,2.1858714394958474,2.330101799158231,2.003404770452145,1.97995790526477,1.6943618013257937,2.151751568929587,1.9846239278542628,1.9841033233884708,1.7770103251492995,1.7998605025920114,1.5657728436609846,2.2488974348687942,2.0715151154662794,2.154467844119871,1.9410986524914322,1.954710270170998,1.7184134620527758,1.9437566535397193,1.727492020033897
8,LIN,45,6798.667,7300.416,7300.416,HARD>MEDIUM,MEDIUM,27,2,1.9066666666666665,-0.3146666666666675,2.221333333333334,"ALB,GAS,ANT,OCO,LEC",5,-0.059666666666672,2.281000000000006,0.1410000000000053,0.018018,0.428241,73.95433333333334,72.04766666666667,1,27.0,0.6338028169014085,71,8,0.3115000000000023,0.061000000000007,0.0,-0.2109999999999985,0.1105833333333343,0.1105833333333343,0.032518544677643,0.095972845447039,0.095972845447039,-0.0379999999999967,-0.0789999999999935,0,0,1,73.962,-0.0501929181788227,-0.061000000000007,-0.0076666666666653,-0.237125000000006,1.2240000000000038,1.1814999999999998,-0.0146104878862952,7.0,9.0,52.0,34.7,0.1000000000000014,0,0,30.2,0.9,0.013514,0.054054,9.114851,0,-0.006756,18.36,0.01459512,6.773080375655535,46,4,HARD,73.962,1.4323333333333323,0.9329999999999976,12.0,15.0,-0.0027043333333333,0,1.478929824561404,2.2710601140814637,2.5416352412625836,2.183466161803841,2.325207673772013,1.99395674174759,1.9744512166037689,1.6853852156886313,2.2549009982316943,2.0649364544298154,2.0759499113648916,1.8517387306651092,1.8624985232769005,1.6167425887394378,2.3627574516011407,2.168548121494136,2.254873206160742,2.0260891960822374,2.021031537963718,1.7735684866375383,2.1320715129834595,1.832804747223842
8,NOR,46,6837.604,7374.769,7374.769,HARD>HARD,HARD,25,2,1.3543333333333436,-0.1009999999999919,1.4553333333333356,"HAM,LEC,PIA,HAD",4,-0.2946666666666715,1.750000000000007,0.1173333333333275,0.1977489999999999,0.1596246666666666,72.364,71.00966666666666,1,25.0,0.647887323943662,71,8,0.1054999999999992,0.1910000000000025,-0.1120000000000089,-0.2535000000000025,0.0395999999999993,0.0395999999999993,-0.106911764861195,0.0505683395300549,0.0505683395300549,0.1910000000000025,-0.0379999999999967,0,0,1,72.465,0.1648698236773356,-0.1910000000000025,-0.100999999999999,-0.2808750000000088,0.0,1.2309999999999943,0.0109683395300555,7.0,4.0,51.9,34.8,-0.1000000000000014,0,0,30.1,0.8,0.048276,0.17931,3.642982,0,0.027443,16.9,0.048276,6.785587645007929,47,4,HARD,72.465,0.5953333333333433,0.2321666666666667,9.0,16.0,0.0958323333333333,0,1.478929824561404,1.7042368046377068,2.458578070711201,2.085499712543062,2.2499199837452752,1.9028453049853096,1.9194872269925143,1.6118696249998088,1.7734552648597006,1.5993092193685154,1.788901938589485,1.5689271246194971,1.7162010147481888,1.4633984522921997,1.8879542478719136,1.7098539619214121,1.9336565264494707,1.7095475659435917,1.848483913863321,1.5927670631211992,2.0109730957203924,1.6613038732380738
8,LEC,58,7724.289,8258.07,8258.07,HARD>SOFT,SOFT,21,5,1.9506666666666772,-0.4963333333333253,2.4470000000000027,"BOR,BEA,HAD,LAW,ALO",5,,,0.4566666666666634,0.3880666666666667,0.262911,72.91866666666668,70.968,1,21.0,0.8169014084507042,71,5,0.0640000000000071,0.5759999999999934,0.0,-0.5759999999999934,0.089500000000001,0.089500000000001,-0.0093584014169607,0.0337213351124173,0.0337213351124173,0.5759999999999934,0.1340000000000003,0,0,1,72.651,0.0180408945254555,-0.5759999999999934,0.2676666666666847,-0.0849999999999937,0.6340000000000003,0.9024999999999964,-0.0557786648875836,4.0,7.0,50.7,34.3,-0.0999999999999943,0,0,31.1,1.5,0.193103,0.903448,1.826166,0,-0.237453,13.188000000000002,0.16220652,7.004881989712859,59,7,HARD,72.651,0.0,0.0,20.0,1.0,0.0,0,1.478929824561404,1.437049085880658,1.5415123753701878,1.2556951368407283,1.604306182910662,1.319412552889732,1.6244294477211276,1.3458480612769637,0.9912148742511214,0.9075565006423211,1.1822085715572481,1.0294308615767136,1.4107045978580075,1.1903172592338425,0.9855552863516447,0.8924252815301033,1.262929430509784,1.104036533934575,1.5153376570767423,1.2909071485298727,1.2506543729957087,1.350715976617608
