round,driver,lap,issued_s,label_s,control_selection_s,pair,new_compound,old_age,new_age,raw_step_s,control_step_s,relative_step_s,controls,control_n,placebo_relative_s,pretrend_corrected_s,control_mad_s,pre_traffic,post_traffic,pre_mean_s,post_mean_s,horizon,age,progress,race_laps,n_recent,spread,last_minus_median,median3_minus_last,median8_minus_last,slope,slope_h,kalman_minus_last,kalman_trend,kalman_h,last_delta,field_delta,soft,medium,hard,pace_scale,innovation,median5_minus_last,mean3_minus_last,mean8_minus_last,field_relative,field_spread,trend_change,history_span,position,track_temp_c,air_temp_c,track_temp_change_c,weather_missing,rainfall,humidity_pct,wind_speed_ms,traffic_close,traffic_near,traffic_gap_s,traffic_missing,traffic_change,thermal_age,traffic_age,field_laps_log,target_lap,segment,compound,current_s,stint_pace_loss,stint_relative_loss,anchor_age,anchor_span,anchor_traffic_change,anchor_traffic_missing,mean,existing_factorized,age_a16_seconds,age_a16_normalized,age_a64_seconds,age_a64_normalized,age_a256_seconds,age_a256_normalized,state_a16_seconds,state_a16_normalized,state_a64_seconds,state_a64_normalized,state_a256_seconds,state_a256_normalized,environment_a16_seconds,environment_a16_normalized,environment_a64_seconds,environment_a64_normalized,environment_a256_seconds,environment_a256_normalized,environment_a64_balanced,environment_a256_balanced
4,RUS,19,5514.22,6048.452,6048.452,MEDIUM>HARD,HARD,19,2,0.3900000000000005,0.3226666666666631,0.0673333333333374,"HAM,VER,COL,PIA,NOR",5,,,0.0346666666666664,0.4219856666666666,0.7155956666666666,93.97366666666666,93.58366666666666,1,19.0,0.3333333333333333,57,3,0.068000000000012,-0.1169999999999902,0.1169999999999902,0.1169999999999902,-0.0584999999999951,-0.0584999999999951,0.0833278306039773,-0.0137269252215769,-0.0137269252215769,-0.1850000000000022,0.0444999999999993,0,1,0,93.873,-0.1740574712643763,0.1169999999999902,0.1006666666666546,0.1006666666666546,-1.3095,1.3329999999999984,0.0447730747784181,2.0,5.0,38.7,27.9,0.1000000000000014,0,0,68.8,1.3,0.409574,1.0,1.133547,0,-0.106383,2.812000000000002,0.31127624,5.8664680569332965,20,8,MEDIUM,93.873,0.0,0.0,19.0,0.0,0.0,0,0.9383589743589794,0.6227423427047705,0.7923889083203786,0.8128793605305229,0.8146709619954903,0.8279264762209856,0.8807797558833605,0.8929694587280932,0.7452824598721612,0.7350372085815898,0.7720749269921288,0.7749310443189844,0.8567334281378545,0.8660840283371696,-0.134347570761571,-0.17369691846504895,0.38855450185206974,0.38394993756150697,0.7273056865456221,0.7361454045982372,0.5645332175888895,0.9272020621484742
4,BOT,20,5640.184,6144.901,6144.901,SOFT>MEDIUM,MEDIUM,14,2,0.4176666666666619,0.1556666666666615,0.2620000000000004,"LIN,PER,ALO,BOR,ALB",5,,,0.3776666666666557,0.2001063333333333,0.4936756666666667,97.175,96.75733333333334,1,14.0,0.3508771929824561,57,5,0.1359999999999956,1.137999999999991,-1.0019999999999951,-1.137999999999991,0.3494166666666641,0.3494166666666641,-0.5511939930543122,0.1846929491375418,0.1846929491375418,1.0019999999999951,0.0930000000000035,1,0,0,97.904,1.0498184229073075,-1.137999999999991,-0.7289999999999992,-1.0297999999999945,2.7989999999999924,1.2430000000000092,-0.1647237175291223,4.0,17.0,37.4,27.8,-1.0,0,0,67.8,1.2,0.357143,0.704082,1.31969,0,0.290133,1.3439999999999992,0.20000008,5.948034989180646,21,8,SOFT,97.904,0.0,0.0,13.0,1.0,0.0,0,0.9383589743589794,,,,,,,,,,,,,,,,,,,,,
4,LEC,20,5605.776,6144.901,6144.901,MEDIUM>HARD,HARD,20,2,0.1533333333333217,0.1000000000000085,0.0533333333333132,"VER,HAM,PIA,ANT,NOR",5,,,0.2113333333333429,0.060502,0.7971303333333334,93.64,93.48666666666666,1,20.0,0.3508771929824561,57,4,0.0764999999999958,-0.0014999999999929,0.0,0.0014999999999929,-0.3711666666666626,-0.3711666666666626,-0.0181156223839877,-0.0895104339759258,-0.0895104339759258,0.1499999999999914,-0.1510000000000033,0,1,0,93.689,0.0345790999002133,0.0014999999999929,-0.0490000000000065,0.4052499999999952,-1.180499999999995,1.1659999999999895,0.2816562326907368,3.0,3.0,37.4,27.8,-1.3000000000000045,0,0,67.8,1.2,0.058824,0.229947,3.999103,0,-0.005347,1.9199999999999988,0.0470591999999999,5.910796644040527,21,8,MEDIUM,93.689,0.0,0.0,19.5,0.5,0.0,0,0.9383589743589794,0.5646906977830757,0.8093369936777315,0.8303411532870937,0.8239186390807358,0.8364093107976105,0.8841658978938333,0.8948751316949143,0.8792229272410603,0.9456514181604468,0.842189799040331,0.8813956982105168,0.8822575474251664,0.902591950078945,0.9756437641058265,1.0690371884120242,0.8725147127619743,0.9335139890939637,0.878460784500818,0.9086339559855152,0.8017507447175058,0.9795955233266358
4,STR,20,5643.321,6144.901,6144.901,MEDIUM>SOFT,SOFT,20,5,0.6533333333333502,0.1556666666666615,0.4976666666666887,"LIN,PER,ALO,BOR,ALB",5,,,0.3776666666666557,0.0671096666666666,0.3346186666666666,96.80400000000002,96.15066666666668,1,20.0,0.3508771929824561,57,5,0.1710000000000064,0.0,0.0,0.0,0.0859999999999997,0.0859999999999997,-0.0276063961900376,0.0603130206976414,0.0603130206976414,-0.1710000000000064,0.0859999999999985,0,1,0,96.851,0.0525798605855243,0.0,-0.0469999999999828,-0.0995999999999952,1.7459999999999951,1.2430000000000092,-0.0256869793023582,4.0,18.0,37.4,27.8,-1.0,0,0,67.8,1.2,0.056995,0.367876,3.263742,0,-0.0148,1.9199999999999988,0.045596,5.950642552587727,21,8,MEDIUM,96.851,0.0,0.0,19.0,1.0,0.0,0,0.9383589743589794,0.4049783793495858,0.49441580012589226,0.4660430212395972,0.7301911688112884,0.7461231245568319,0.8653588072887357,0.8998754868782304,0.7312353266648397,0.6655345433740352,0.7896829250200519,0.780388329362242,0.875785883881752,0.901090128859329,0.5488716773379616,0.5423795329495859,0.7317503043266925,0.7521146727685188,0.8554135666739583,0.8904390899570105,0.9322893292053701,1.0863625860943207
4,ANT,25,6066.067,6633.448,6633.448,MEDIUM>HARD,HARD,25,2,0.4696666666666544,-0.1240000000000094,0.5936666666666639,"VER,COL,LEC,RUS,BOR",5,0.1453333333333404,0.4483333333333235,0.6546666666666425,0.1182796666666666,0.4498979999999999,92.95466666666664,92.485,1,25.0,0.4385964912280701,57,8,0.1569999999999964,0.073999999999998,-0.073999999999998,-0.0284999999999939,-0.0511249999999986,-0.0511249999999986,-0.1572638785296476,-0.0367610182386144,-0.0367610182386144,0.2659999999999911,0.2029999999999958,0,1,0,93.068,0.2706587168147507,-0.073999999999998,-0.1133333333333439,-0.0189999999999912,-1.7420000000000044,1.1304999999999978,0.0143639817613841,7.0,2.0,37.0,27.5,0.0,0,0,68.8,0.6,0.155914,0.543011,2.299924,0,0.0430109999999999,2.0,0.155914,6.126869184114185,26,8,MEDIUM,93.068,-0.2136666666666826,0.1510000000000009,20.0,5.0,0.0449276666666666,0,0.9383589743589794,0.8231255101567525,0.8982067421876007,0.924071293461161,0.8738426540828534,0.8849674620941308,0.9026812279435361,0.9087627690270897,0.6019352224355641,0.5343118263041806,0.7166330617299127,0.6902392993489671,0.8416593216869157,0.8365623941302134,0.3546783999877626,0.33449794970763397,0.6124540389360353,0.6058293488151647,0.8051645693642848,0.8064138204440897,0.8051917120354104,1.0262337045937795
4,BEA,25,6098.175,6633.448,6633.448,MEDIUM>HARD,HARD,25,2,1.6683333333333366,0.4106666666666712,1.2576666666666654,"OCO,BOR,ALO,STR,RUS",5,-0.5790000000000219,1.8366666666666875,0.1500000000000056,0.3112263333333333,0.4840423333333333,95.55033333333334,93.882,1,25.0,0.4385964912280701,57,8,0.0805000000000006,-0.0919999999999987,0.0919999999999987,0.0909999999999939,-0.012583333333333,-0.012583333333333,0.3404826839085046,0.0192680768605375,0.0192680768605375,-0.0919999999999987,0.2389999999999901,0,1,0,95.015,-0.5859871140526707,0.0919999999999987,0.535333333333341,0.2688749999999942,0.0095000000000027,1.116500000000002,0.0318514101938705,7.0,11.0,37.4,27.5,0.3999999999999986,0,0,68.7,1.7,0.2,0.752632,1.761029,0,0.0,2.3999999999999986,0.2,6.1463292576688975,26,8,MEDIUM,95.015,0.3926666666666705,0.7116666666666683,20.0,5.0,-0.407043,0,0.9383589743589794,0.7754872744672398,0.8982067421876007,0.9434030380819639,0.8738426540828534,0.9034811472350737,0.9026812279435361,0.9277742564480695,0.6469479093250114,0.5723275227382874,0.7066962963305543,0.684429691106166,0.8343229052737442,0.8432052179125257,0.12428271739455898,0.07567344561628639,0.5003016525926711,0.4873672043068275,0.7676712359520521,0.7791517744475368,0.7536503876368339,1.0133397471153258
4,ALB,26,6191.349,6742.227,6742.227,MEDIUM>HARD,HARD,26,2,1.4959999999999951,0.2503333333333444,1.2456666666666507,"BOR,STR,ALO,RUS,LEC",5,-0.1933333333333422,1.438999999999993,0.2250000000000085,0.287957,0.3636743333333334,95.328,93.832,1,26.0,0.4561403508771929,57,8,0.1199999999999974,-0.1329999999999955,0.1550000000000011,0.073999999999998,0.0140000000000007,0.0140000000000007,0.1949516743237893,0.0007956030975121,0.0007956030975121,-0.1550000000000011,0.0050000000000096,0,1,0,94.964,-0.3264663434971453,0.1329999999999955,0.3639999999999901,0.1548750000000041,-0.0370000000000061,1.036999999999992,-0.0132043969024886,7.0,10.0,37.5,27.6,0.1000000000000014,0,0,68.5,0.9,0.063158,0.394737,3.040145,0,-0.305263,2.6,0.06568432,6.182084906716632,27,8,MEDIUM,94.964,0.3046666666666624,0.3671666666666624,20.0,6.0,0.1600796666666666,0,0.9383589743589794,0.8262590361072798,0.9168040755350764,0.964082832240673,0.8845479467077539,0.914817758209905,0.9066923338249069,0.9316505541679152,0.9927081600342117,1.016202078605144,0.8729843499793543,0.8946650991736044,0.8925453007978342,0.915281623782787,0.09592331583891534,0.05884958002294015,0.52090207374779,0.5219576772810999,0.7801855624821189,0.7977947692694778,0.6904307868040266,0.9828980610408409
4,HAM,26,6175.193,6742.227,6742.227,MEDIUM>HARD,HARD,26,2,1.6596666666666522,0.0253333333333358,1.6343333333333163,"VER,LEC,BOR,RUS,ALO",5,-0.1530000000000058,1.787333333333322,0.2250000000000085,0.0969206666666666,0.0629756666666666,94.41033333333333,92.75066666666667,1,26.0,0.4561403508771929,57,8,0.0799999999999983,0.8169999999999931,-0.7939999999999969,-0.805499999999995,0.0176666666666657,0.0176666666666657,-0.5313108579954644,0.056650340521759,0.056650340521759,0.7939999999999969,-0.0919999999999987,0,1,0,94.984,0.8897338977557041,-0.8169999999999931,-0.5736666666666679,-0.7637500000000017,-0.0310000000000059,0.9440000000000026,0.0389836738550932,7.0,5.0,36.8,27.6,-0.6000000000000014,0,0,67.9,0.9,0.168421,0.342105,3.574256,0,0.1045909999999999,1.871999999999997,0.17515784,6.171700597410915,27,8,MEDIUM,94.984,0.264333333333326,0.4909999999999949,20.0,6.0,-0.2054826666666667,0,0.9383589743589794,1.3372025965822403,0.9168040755350764,0.964285873989597,0.8845479467077539,0.9150104244325177,0.9066923338249069,0.9318467654804479,1.4717108492730833,1.5333726674104406,1.1275069548684142,1.161564229476648,0.9849295577285175,1.0107526716270097,1.2803035452251228,1.371022577120402,1.0758860465478859,1.1336664432068406,0.968646850446754,1.0039350559409492,1.0437248262770618,1.1066010758664948
4,NOR,26,6156.959,6742.227,6742.227,MEDIUM>HARD,HARD,26,2,0.5896666666666732,0.0253333333333358,0.5643333333333374,"LEC,VER,RUS,BOR,ALO",5,0.1533333333333217,0.4110000000000156,0.2250000000000085,0.066059,0.543914,93.17866666666669,92.589,1,26.0,0.4561403508771929,57,8,0.0479999999999947,-0.034000000000006,0.034000000000006,0.0169999999999959,0.0197500000000012,0.0197500000000012,0.1038299041796051,0.0167989086996799,0.0167989086996799,-0.3250000000000028,0.0195000000000007,0,1,0,93.059,-0.173873701165931,0.034000000000006,0.1196666666666743,0.0365000000000037,-1.9490000000000125,0.9714999999999918,-0.0029510913003212,7.0,1.0,36.8,27.6,-0.2000000000000028,0,0,67.9,0.9,0.064171,0.128342,12.596092,0,0.005031,1.871999999999997,0.06673784,6.163314804034641,27,8,MEDIUM,93.059,0.1513333333333406,0.3803333333333303,20.0,6.0,-0.0038333333333333,0,0.9383589743589794,0.8128892798696337,0.9168040755350764,0.9447431056556672,0.8845479467077539,0.8964663005060396,0.9066923338249069,0.9129614266491725,0.9794860883930169,0.9848717211301181,0.869840578595162,0.8738388168188452,0.8901633142112658,0.8943751826118048,0.7935079019991719,0.824442722461725,0.8070869802246285,0.8264687646220329,0.8667291883682942,0.8769777545437225,0.8758575176914908,1.036606057402655
4,LIN,27,6303.374,6841.97,6841.97,MEDIUM>HARD,HARD,27,2,1.7773333333333312,-0.0330000000000012,1.8103333333333325,"STR,ALO,VER,LEC,RUS",5,0.0616666666666674,1.748666666666665,0.1853333333333324,0.06251,0.1222276666666666,95.981,94.20366666666666,1,27.0,0.4736842105263157,57,8,0.0894999999999939,0.1789999999999878,-0.0319999999999964,-0.0874999999999914,-0.0302500000000005,-0.0302500000000005,-0.1729194691074127,-0.034530301607862,-0.034530301607862,0.2349999999999994,-0.1869999999999976,0,1,0,96.07,0.283202952700492,-0.1789999999999878,-0.0889999999999986,-0.0801249999999953,0.8179999999999978,1.0100000000000051,-0.0042803016078614,7.0,13.0,37.3,27.7,-0.2000000000000028,0,0,67.4,2.4,0.067708,0.125,6.676921,0,0.004881,2.483999999999997,0.07312464,6.22455842927536,28,9,MEDIUM,96.07,-0.4519999999999982,-0.5243333333333359,20.0,7.0,-0.40624,0,0.9383589743589794,1.0408914303923227,0.93567512224274,0.9970587905337831,0.8954883872075369,0.9376895238517706,0.9108034413702979,0.9470346651902303,1.392153627232572,1.5095973568042167,1.0726988677290819,1.1412489891647701,0.9642855645321043,1.0094063050044828,1.141568499893385,1.2545334814474784,0.9919776908285252,1.0699699941423986,0.9340459086713981,0.9845195849596323,0.9248684380032083,1.0471188518959529
4,PIA,27,6264.02,6841.97,6841.97,MEDIUM>HARD,HARD,27,2,1.928666666666686,-0.0330000000000012,1.9616666666666875,"VER,LEC,RUS,STR,ALO",5,-0.7646666666666846,2.726333333333372,0.1853333333333324,0.065379,0.368106,94.19066666666669,92.262,1,27.0,0.4736842105263157,57,8,0.2154999999999987,0.0,0.1209999999999951,-0.0979999999999989,0.0742500000000004,0.0742500000000004,0.0921692801063756,0.0310583249902466,0.0310583249902466,-0.1209999999999951,-0.1209999999999951,0,1,0,93.95,-0.150952419696523,0.0,0.2406666666666694,-0.0832500000000067,-1.0339999999999918,1.0400000000000065,-0.0431916750097538,7.0,2.0,37.3,27.7,0.5,0,0,67.4,2.4,0.069149,0.132979,11.872433,0,0.005319,2.483999999999997,0.07468092,6.202535517187923,28,8,MEDIUM,93.95,0.612000000000009,0.7279999999999991,20.0,7.0,-0.6873900000000002,0,0.9383589743589794,0.9168697636789148,0.93567512224274,0.9750564522811379,0.8954883872075369,0.9169973016120938,0.9108034413702979,0.9261362214491738,1.186292306644567,1.2525593151154348,0.9700406499005947,1.0054844049144376,0.9266425467966577,0.946940089381847,0.8945660176013417,0.9543240751887537,0.8596963271186011,0.8988865382753248,0.8862935366823683,0.909556987301465,0.8619394003677799,1.026561996238416
4,SAI,27,6283.199,6841.97,6841.97,MEDIUM>HARD,HARD,27,2,2.0670000000000077,-0.0330000000000012,2.1000000000000085,"STR,ALO,VER,LEC,RUS",5,-0.7833333333333314,2.88333333333334,0.1853333333333324,0.2334423333333333,0.156543,95.425,93.358,1,27.0,0.4736842105263157,57,8,0.1835000000000022,0.0,0.4549999999999983,-0.0210000000000007,0.0490999999999985,0.0490999999999985,0.3629062757046597,0.0394690238535017,0.0394690238535017,-1.293999999999997,-0.2055000000000006,0,1,0,94.842,-0.5943583412765037,0.0,0.5829999999999984,0.1478749999999991,-0.0955000000000012,1.036999999999999,-0.0096309761464968,7.0,9.0,37.3,27.7,-0.2000000000000028,0,0,67.4,2.4,0.2,0.752632,1.331684,0,-0.2375,2.483999999999997,0.216,6.2166061010848646,28,8,MEDIUM,94.842,0.578000000000003,0.6093333333333296,20.0,7.0,0.152555,0,0.9383589743589794,0.8980743025715949,0.93567512224274,0.9843140398855529,0.8954883872075369,0.9257036517242598,0.9108034413702979,0.9349293402307882,1.3053978724752786,1.416973244596274,1.0092248911564354,1.0689387509947,0.9379694140516533,0.9720391358876013,0.4568980856260031,0.4909858679211915,0.6752354971543715,0.7133484881011781,0.8270577339901846,0.8572165608600316,0.7067909310159324,0.9691499594852839
4,PER,28,6408.265,6939.657,6939.657,MEDIUM>HARD,HARD,28,2,1.4323333333333466,0.1546666666666709,1.2776666666666756,"STR,ALO,VER,RUS,LEC",5,-0.1766666666666765,1.454333333333352,0.3613333333333344,0.0742763333333333,0.0630569999999999,96.52733333333332,95.09499999999998,1,28.0,0.4912280701754385,57,8,0.1694999999999993,0.5339999999999918,-0.5339999999999918,-0.4664999999999963,0.0487500000000018,0.0487500000000018,-0.3150644079873927,0.0217409397061855,0.0217409397061855,0.5339999999999918,-0.099499999999999,0,1,0,96.919,0.5004758175863628,-0.5339999999999918,-0.3916666666666657,-0.4116250000000008,2.2369999999999948,1.2624999999999955,-0.0270090602938163,7.0,15.0,37.8,27.8,0.3999999999999986,0,0,66.9,2.1,0.07732,0.123711,5.742775,0,-0.006013,3.135999999999997,0.0865983999999999,6.263398262591624,29,8,MEDIUM,96.919,0.0403333333333222,0.1233333333333348,19.0,9.0,0.0034643333333333,0,0.9383589743589794,1.3038206494191944,0.9548195927437247,1.0281274686594395,0.9066620336624691,0.9585598042261665,0.9150135135538565,0.9600858522430263,1.4365519377017812,1.5240387855663937,1.1155955929792216,1.173022051784532,0.9842059791526296,1.031185719456004,0.9402012815424976,1.0098770500603529,0.9371553587774308,0.9968690030246121,0.9283810947253147,0.977826659189241,0.9501407614904973,1.0813181909571326
4,COL,30,6556.866,7134.628,7134.628,MEDIUM>HARD,HARD,30,2,1.213000000000008,-0.2406666666666552,1.453666666666663,"BEA,VER,STR,RUS,ALO",5,-0.0283333333333501,1.4820000000000135,0.5410000000000394,0.0690363333333333,0.0716843333333333,94.302,93.089,1,30.0,0.5263157894736842,57,8,0.0790000000000006,-0.0830000000000126,0.1310000000000002,0.0280000000000057,0.0250714285714285,0.0250714285714285,-0.0028084976690365,-0.0239616943616266,-0.0239616943616266,-0.1310000000000002,-0.0859999999999985,0,1,0,94.192,0.0044180532585045,0.0830000000000126,0.1100000000000136,0.0106250000000045,0.075499999999991,1.3699999999999974,-0.0490331229330551,7.0,4.0,38.8,27.9,0.7999999999999972,0,0,66.4,0.0,0.069149,0.12234,5.845702,0,0.0056569999999999,4.559999999999997,0.0829788,6.309918278226516,31,8,MEDIUM,94.192,-0.3856666666666513,0.143500000000003,20.0,10.0,-0.1609089999999999,0,0.9383589743589794,1.0098155448691237,0.99392771678115,1.0433861526103068,0.9297016456825742,0.956793856578193,0.9237266541471671,0.9424841132740711,1.2596814687146654,1.32106562639541,1.0014256565869246,1.0356911240884898,0.9387957517776236,0.9604433538342091,0.7140561277985609,0.7678751547257665,0.7964079500830743,0.8358364203528643,0.8704222040756281,0.8957817945117821,0.809398651187768,1.0142335657697663
4,OCO,30,6576.641,7134.628,7134.628,MEDIUM>HARD,HARD,30,2,1.5846666666666491,-0.2406666666666552,1.8253333333333048,"STR,ALO,BEA,VER,RUS",5,-0.1326666666666511,1.957999999999956,0.5410000000000394,0.1308899999999999,0.065603,95.46233333333332,93.87766666666668,1,30.0,0.5263157894736842,57,8,0.099499999999999,-0.0750000000000028,0.0750000000000028,0.0049999999999954,0.056999999999996,0.056999999999996,0.0563981231702399,0.0218746155350983,0.0218746155350983,-0.1329999999999955,-0.1210000000000093,0,1,0,95.393,-0.0887199995188723,0.0750000000000028,0.0693333333333328,-0.0825000000000102,1.3319999999999936,1.3319999999999936,-0.0351253844648977,7.0,9.0,38.8,27.9,0.7999999999999972,0,0,66.4,0.0,0.068063,0.13089,6.857833,0,-0.005235,4.559999999999997,0.0816756,6.318968113746434,31,8,MEDIUM,95.393,0.3646666666666647,0.784499999999999,20.0,10.0,-0.1720313333333333,0,0.9383589743589794,1.0911733422671581,0.99392771678115,1.0566899020718852,0.9297016456825742,0.968993506460884,0.9237266541471671,0.9545013060297423,1.414533890868285,1.5011016584555785,1.0787167782813842,1.1282006544662855,0.966999128405215,1.0012714902619213,0.8067361992116953,0.8719237016915959,0.8544436056707313,0.905059892128704,0.8944504360234667,0.9312661365064785,0.8541215898115957,1.0359538866682836
4,BOR,31,6676.028,7233.29,7233.29,MEDIUM>HARD,HARD,31,2,1.4006666666666518,-0.2623333333333448,1.6629999999999967,"STR,BEA,ALO,ALB,LEC",5,-0.3653333333333393,2.028333333333336,0.269999999999996,0.070056,0.0693953333333333,95.08433333333332,93.68366666666668,1,31.0,0.543859649122807,57,8,0.0275000000000034,0.1779999999999972,-0.1779999999999972,-0.191999999999993,0.0159999999999982,0.0159999999999982,-0.2041971676836311,-0.021144975534864,-0.021144975534864,0.1779999999999972,-0.0909999999999939,0,1,0,95.204,0.3174137806913535,-0.1779999999999972,-0.1196666666666601,-0.1557499999999976,1.4199999999999875,0.9200000000000016,-0.0371449755348622,7.0,9.0,38.9,28.0,0.1000000000000014,0,0,66.6,1.7,0.068063,0.282723,3.742947,0,-0.0003579999999999,4.835999999999998,0.08439812,6.35088571671474,32,8,MEDIUM,95.204,-0.7240000000000038,0.267833333333319,19.0,12.0,-0.4178913333333333,0,0.9383589743589794,1.2106860232322931,1.0138908590741427,1.077394206456156,0.941564182700306,0.9801849440926376,0.9282278916407013,0.957522403206462,1.4300004817234706,1.505613515618887,1.087968533259719,1.1317755464509636,0.9710256331459649,1.0022685923152597,0.8604136552610003,0.9353532397105404,0.8880719673134834,0.944144764788372,0.9070995861454043,0.9447037554338913,0.8768012821531065,1.0447645973235582
4,STR,36,7199.423,7726.412,7726.412,SOFT>SOFT,SOFT,18,2,1.7220000000000084,-0.1440000000000054,1.8660000000000136,"BOT,LIN,BEA,OCO,ALB",5,-1.2309999999999943,3.0970000000000084,0.2463333333333253,0.094229,0.063158,96.79333333333334,95.07133333333331,1,18.0,0.631578947368421,57,8,0.2184999999999988,0.1689999999999969,0.0,-0.331000000000003,0.0857500000000014,0.0857500000000014,-0.1540591146134033,0.005109976519886,0.005109976519886,-2.4950000000000045,-0.093500000000013,1,0,0,96.018,0.2716071869875094,-0.1689999999999969,0.7753333333333359,-0.03125,2.2480000000000047,0.5024999999999977,-0.0806400234801154,7.0,17.0,39.2,27.9,0.1000000000000014,0,0,67.7,0.0,0.0625,0.302083,3.343526,0,-0.09486,3.0240000000000022,0.045,6.511745329644728,37,9,SOFT,96.018,0.8723333333333443,1.954666666666668,8.0,10.0,0.031729,0,0.9383589743589794,0.5545416195765328,0.004938774063037443,0.044378822095691814,0.36510416114352795,0.38021566048597893,0.7277973228564516,0.7526152460426779,0.30468408862146645,0.3857504074943413,0.42999480089434305,0.4607868340985136,0.7411862618395563,0.7695486097302676,-9.445615861033357,-9.356700226290354,-6.102675590591462,-6.20618499328586,-1.9344507229058685,-1.9907405145442654,-4.947712274807129,-1.0056964005676554
4,ALO,40,7567.875,8122.711,8122.711,MEDIUM>SOFT,SOFT,40,2,2.441666666666663,-0.1913333333333184,2.6329999999999814,"PER,LIN,ALB,OCO,BEA",5,-0.4410000000000025,3.073999999999984,0.0813333333333332,0.1507456666666666,0.460286,96.99366666666668,94.552,1,40.0,0.7017543859649122,57,8,0.1569999999999964,1.1589999999999918,-0.8469999999999942,-1.1664999999999992,0.1265714285714282,0.1265714285714282,-0.7445714076873458,0.0871418628896674,0.0871418628896674,1.3229999999999933,0.0799999999999983,0,1,0,97.717,1.146818876086286,-1.1589999999999918,-0.7233333333333292,-1.106375,3.7055000000000007,0.7519999999999953,-0.0394295656817608,7.0,15.0,39.4,28.0,0.1999999999999957,0,0,67.7,0.8,0.328205,0.65641,1.262288,0,0.266029,7.039999999999997,0.525128,6.610696044717759,41,8,MEDIUM,97.717,0.3283333333333473,1.414500000000004,19.0,21.0,-0.5434300000000001,0,0.9383589743589794,1.7000095519500178,0.8908710654863597,0.9349545489484029,0.9646179930074296,1.0188204819226727,0.9541312490371368,1.0073898958902108,1.6950335792558175,1.7057432833457644,1.247936783894953,1.2700223108942204,1.044366712561083,1.0857726731011683,0.8288314724345374,0.882907796047492,0.9629360561069895,1.0201409695350967,0.9657436855719199,1.020009735166531,1.0979834389657872,1.1864385041853207
6,OCO,8,3976.972,4422.136,4422.136,MEDIUM>HARD,HARD,8,2,1.8826666666666512,0.4803333333333341,1.402333333333317,"COL,LIN,STR,ALO,SAI",5,,,0.3179999999999978,,,79.53699999999999,77.65433333333334,1,8.0,0.1025641025641025,78,7,0.3849999999999909,-0.2599999999999909,0.2599999999999909,0.3849999999999909,-0.3350000000000032,-0.3350000000000032,0.0310473876767076,-0.1967292231577108,-0.1967292231577108,-0.3849999999999909,-0.2049999999999983,0,1,0,79.322,-0.0569895936147872,0.2599999999999909,0.2149999999999892,0.7555714285714288,0.4609999999999985,0.9200000000000016,0.1382707768422924,6.0,15.0,43.8,24.1,0.0,0,0,58.7,1.2,0.0,0.0,20.0,1,0.0,2.815999999999999,0.0,5.099866427824199,9,1,MEDIUM,79.322,-0.2176666666666733,0.1508333333333383,5.0,3.0,-0.4047113333333333,1,1.1279139784946248,0.3310531477318356,0.307297386525091,0.2551334337529052,0.6681605747679713,0.556826265974468,0.9434876564258751,0.7895309662052012,-0.8069256854118807,-0.5975592817306503,0.07856548370063376,0.11839606331138776,0.7065184417575424,0.6149449450254875,-0.15176030524975004,-0.08006349092377096,0.47699760258823376,0.4367914396897034,0.8533750258119177,0.7331603881174057,0.5217968042750825,0.8081789881051948
6,HUL,11,4212.078,4668.054,4668.054,MEDIUM>HARD,HARD,11,2,2.879333333333335,0.1353333333333353,2.744,"LIN,COL,SAI,STR,ALO",5,-0.3236666666666679,3.067666666666668,0.529666666666671,,,79.279,76.39966666666666,1,11.0,0.141025641025641,78,8,0.3215000000000003,-0.659000000000006,0.659000000000006,1.015500000000003,-0.1306333333333327,-0.1306333333333327,0.3600786833991236,-0.1581517875737571,-0.1581517875737571,-1.0360000000000014,0.3639999999999901,0,1,0,78.714,-0.6029882613130724,0.659000000000006,0.5649999999999977,0.8739999999999952,0.1359999999999956,1.0480000000000018,-0.0275184542404244,7.0,12.0,43.6,24.1,-0.2999999999999971,0,0,57.0,1.0,0.0,0.0,20.0,1,0.0,3.7840000000000007,0.0,5.41164605185504,12,1,MEDIUM,78.714,-0.6890000000000072,0.2406666666666647,5.0,6.0,-0.6541666666666667,1,1.1279139784946248,0.3053146331434835,0.451107343265162,0.37396040204129827,0.7425085796852937,0.6150918640140683,0.9718467968806022,0.8074310223153336,-1.402268993562108,-1.11722834592092,-0.2923086096886507,-0.21793267861762944,0.5690596644019448,0.4841546066244992,-0.8631741723847093,-0.6894958353151847,0.06664986956097785,0.07107265092657551,0.703543369799117,0.5925639925561959,0.2965779338254817,0.7633404967112353
6,HAM,27,5412.943,5920.031,5920.031,MEDIUM>HARD,HARD,27,2,1.061333333333323,0.1200000000000045,0.9413333333333184,"PIA,GAS,NOR,BOR,ANT",5,-0.4746666666666641,1.4159999999999826,0.1469999999999913,,,77.98233333333333,76.921,1,27.0,0.3461538461538461,78,8,0.3695000000000021,0.441999999999993,-0.2369999999999947,-0.6680000000000064,0.1695000000000011,0.1695000000000011,-0.2429749028474219,0.0995307924757382,0.0995307924757382,0.2369999999999947,0.0564999999999997,0,1,0,78.225,0.3742307002939782,-0.441999999999993,-0.2426666666666648,-0.6557499999999976,-0.6020000000000039,0.3004999999999995,-0.0699692075242628,7.0,2.0,43.7,24.2,0.0,0,0,59.5,1.5,0.0,0.0,20.0,1,0.0,9.396000000000004,0.0,6.282266746896006,28,1,MEDIUM,78.225,1.036999999999992,1.9788333333333317,5.0,22.0,-0.0111783333333333,1,1.1279139784946248,1.3591742325770215,1.266765483867901,1.0550202448645247,1.1973743970804085,0.993531987895683,1.1510922914158057,0.9537129679268397,0.6103107526759621,0.5925357400898302,0.8255786071197369,0.7183002490167917,1.0152556358914548,0.8512648420810519,0.8763826504354699,0.7616018146673141,1.1098701085095883,0.9371767063145983,1.1462964984581863,0.9557074980233724,1.0294867653218318,1.0907098331469196
6,RUS,30,5680.957,6156.414,6156.414,MEDIUM>HARD,HARD,30,2,1.8996666666666613,-1.329666666666668,3.2293333333333294,"BOR,OCO,PER,PIA,LAW",5,0.6713333333333509,2.5579999999999785,0.2540000000000049,,,78.74433333333333,76.84466666666667,1,30.0,0.3846153846153846,78,8,0.1104999999999947,-0.0120000000000004,0.0,0.0914999999999963,-0.046214285714284,-0.046214285714284,0.1787738686941651,-0.0010341313039962,-0.0010341313039962,0.0379999999999967,0.0379999999999967,0,1,0,78.753,-0.2753438193087305,0.0120000000000004,-0.0086666666666701,0.2080000000000126,-0.1189999999999997,0.3790000000000049,0.0451801544102878,7.0,5.0,43.5,24.4,-0.2000000000000028,0,0,59.6,1.5,0.0,0.0,20.0,1,0.0,10.2,0.0,6.398594934535208,31,1,MEDIUM,78.753,1.093666666666664,2.155666666666676,5.0,25.0,-0.0203393333333333,1,1.1279139784946248,1.2344563526332526,1.4325118936735999,1.2022510184894724,1.2947776005156766,1.0828943412652496,1.1902639842888902,0.9935395309347784,0.5545561288918657,0.5427049436638204,0.8317786856243982,0.7307014160964299,1.0154329975646044,0.8596148120853491,0.8052333772441371,0.7078140720567981,1.0919081728125863,0.9320352805584027,1.140714107963341,0.9602433572034224,0.9978076099411908,1.0570197973327229
6,HAD,31,5759.168,6236.085,6236.085,MEDIUM>HARD,HARD,31,2,0.6216666666666697,-0.4540000000000077,1.0756666666666774,"LAW,OCO,STR,BOR,PIA",5,0.452666666666687,0.6229999999999905,0.4823333333333295,,,78.78366666666666,78.16199999999999,1,31.0,0.3974358974358974,78,8,0.0955000000000012,-0.1029999999999944,0.1029999999999944,0.1239999999999952,-0.0402499999999982,-0.0402499999999982,0.146512691750047,-0.0136844420074213,-0.0136844420074213,-0.1029999999999944,-0.0210000000000007,0,1,0,78.715,-0.2256557832431838,0.1029999999999944,0.0686666666666582,0.1980000000000075,0.0,0.3319999999999936,0.0265655579925768,7.0,4.0,43.7,24.3,0.2000000000000028,0,0,59.7,0.7,0.0,0.0,20.0,1,0.0,10.788000000000004,0.0,6.428105272684596,32,1,MEDIUM,78.715,1.2639999999999958,2.3410000000000037,5.0,26.0,-0.0279256666666666,1,1.1279139784946248,1.2979943307682533,1.4888349527200972,1.2492713250437641,1.3281515377229245,1.1106900357016236,1.2037265386332399,1.0045343258051966,0.7147510070761856,0.6801773858288214,0.92055568197919,0.80788636118024,1.0478194540788892,0.8878190869228785,1.0013510570900634,0.8693535438871826,1.21434769256371,1.0338777665110057,1.1893973226026868,1.0009349726239458,1.0579123931799896,1.072859322850309
6,COL,34,6032.634,6478.295,6478.295,MEDIUM>HARD,HARD,34,2,2.221333333333348,-1.046999999999997,3.268333333333345,"LIN,SAI,LAW,HUL,PER",5,-0.5980000000000132,3.8663333333333583,0.7763333333333406,,,80.33033333333334,78.109,1,34.0,0.4358974358974359,78,8,0.3509999999999991,1.9849999999999997,-1.9849999999999997,-2.094999999999999,0.2034666666666666,0.2034666666666666,-1.43071278585478,0.14735129436085,0.14735129436085,1.9849999999999997,0.0925000000000011,0,1,0,81.727,1.9300119797644013,-1.9849999999999997,-1.3966666666666612,-1.942750000000004,2.8400000000000034,0.980000000000004,-0.0561153723058165,7.0,12.0,43.6,24.3,-0.1999999999999957,0,0,60.7,0.8,0.0,0.0,20.0,1,0.0,11.696000000000002,0.0,6.530877627725885,35,1,MEDIUM,81.727,0.2860000000000156,0.8960000000000055,5.0,29.0,-0.3849973333333333,1,1.1279139784946248,2.6702412249410434,1.6611628268908631,1.4483175974766853,1.4310353615658755,1.2438579822132256,1.2453417474304092,1.0798107831221972,1.5859351080165418,1.4394823693747303,1.4621523754096453,1.2808405076194376,1.2956343947661788,1.122528132367101,1.6356259474166515,1.4151227540911187,1.649369984443231,1.4260887081743692,1.4019979492504764,1.2114546054564987,1.494516840747074,1.3472060812474314
6,LEC,34,5958.736,6478.295,6478.295,MEDIUM>HARD,HARD,34,2,0.7996666666666528,-0.1853333333333466,0.9849999999999994,"BOR,PIA,ALO,GAS,STR",5,-0.5346666666666806,1.51966666666668,0.2929999999999921,,,77.83066666666666,77.031,1,34.0,0.4358974358974359,78,8,0.3374999999999915,0.2409999999999996,0.0,-0.3314999999999912,0.1041607142857119,0.1041607142857119,-0.1606003085517926,0.061600308558952,0.061600308558952,0.2409999999999996,0.2199999999999988,0,1,0,77.907,0.2473531480712125,-0.2409999999999996,-0.0763333333333378,-0.3983750000000015,-1.039500000000004,0.8445000000000036,-0.0425604057267599,7.0,2.0,43.8,24.4,0.0999999999999943,0,0,60.1,0.9,0.0,0.0,20.0,1,0.0,11.967999999999996,0.0,6.508769136971682,35,1,MEDIUM,77.907,0.2089999999999889,1.1821666666666697,5.0,29.0,-0.2966536666666666,1,1.1279139784946248,1.5376552713130511,1.6611628268908631,1.3806218149034726,1.4310353615658755,1.185718842246574,1.2453417474304092,1.0293393698618694,0.6090571647229841,0.582904033917904,0.8520126246171557,0.7336127306467675,1.035668621463687,0.8639273489619217,0.812402939927748,0.698282479127879,1.1258230310524788,0.9428081326321482,1.1706810939343875,0.9712360993051768,1.0166365259385206,1.0951393221642738
6,ANT,36,6091.995,6640.114,6640.114,MEDIUM>HARD,HARD,36,2,0.039666666666676,-0.6720000000000113,0.7116666666666873,"RUS,HAM,HAD,GAS,PIA",5,0.6753333333333273,0.0363333333333599,0.4676666666666591,,,76.58266666666667,76.54299999999999,1,36.0,0.4615384615384615,78,8,0.1699999999999946,-0.4320000000000021,0.0,0.4569999999999936,-0.0683333333333327,-0.0683333333333327,0.2122651964512556,-0.034467828849704,-0.034467828849704,0.164999999999992,0.1500000000000056,0,1,0,76.356,-0.326926309824131,0.4320000000000021,0.2266666666666736,0.3702499999999986,-2.616500000000002,0.9924999999999996,0.0338655044836287,7.0,1.0,43.7,24.1,0.1000000000000014,0,0,60.6,0.5,0.0,0.0,20.0,1,0.0,12.528000000000004,0.0,6.551080335043404,37,1,MEDIUM,76.356,-0.2280000000000086,0.7081666666666706,5.0,31.0,-0.0086863333333333,1,1.1279139784946248,1.0482005435246953,1.7789337397426084,1.4497243763581424,1.5019539544091685,1.2205237712368644,1.27411556222039,1.0326524520611362,0.415007335034563,0.42637024896011966,0.7565487765308863,0.6548697790726846,0.992542915682183,0.8183421680450119,0.6574157825828316,0.5750179071252968,1.0432081930648698,0.8695874309296691,1.1332186715741863,0.9277452171042392,0.911094238347193,1.0189725705036365
6,ALB,42,6665.4,7133.13,7133.13,MEDIUM>SOFT,SOFT,42,2,-3.1666666666666714,0.1563333333333503,-3.3230000000000217,"ALO,RUS,PIA,PER,LIN",5,0.5299999999999869,-3.8530000000000086,1.3796666666666797,,,79.66866666666667,82.83533333333334,1,42.0,0.5384615384615384,78,8,0.2274999999999991,0.0,-0.1200000000000045,-0.1744999999999947,0.0463571428571439,0.0463571428571439,0.0022463049967456,0.0238155839585802,0.0238155839585802,0.4269999999999925,-0.1939999999999884,0,1,0,79.851,-0.0035401986272773,0.0,-0.1823333333333323,0.1556250000000005,-0.2930000000000063,1.2039999999999935,-0.0225415588985637,7.0,10.0,42.8,23.9,0.1999999999999957,0,0,59.5,0.6,0.0,0.0,20.0,1,0.0,13.103999999999996,0.0,6.728628613084702,43,1,MEDIUM,79.851,0.0273333333333312,-0.0110000000000051,5.0,37.0,-0.253582,1,1.1279139784946248,1.290554609536772,2.0034986861864077,1.6526082600837195,1.661820178037421,1.3926805671157374,1.3464623418333277,1.136721102671148,1.3788979584085843,1.2282262623600406,1.380785415078998,1.20056906818241,1.2499864401849319,1.0703071063514014,1.605574717037904,1.359985321010394,1.6416996091806872,1.4001027683751164,1.3874128379647075,1.181492345251323,1.3684502828241252,1.2339011213499145
6,BOR,42,6722.271,7133.13,7133.13,HARD>MEDIUM,MEDIUM,41,2,4.298999999999992,2.503,1.7959999999999925,"RUS,PER,LIN,SAI,HUL",5,-0.7249999999999943,2.5209999999999866,0.8276666666666586,,,81.32533333333333,77.02633333333334,1,41.0,0.5384615384615384,78,8,0.6219999999999999,1.1310000000000002,-1.1310000000000002,-1.5759999999999934,0.2323333333333319,0.2323333333333319,-0.6818211933880605,0.2843776683386234,0.2843776683386234,1.36399999999999,0.2530000000000001,0,0,1,82.157,1.0587461274509309,-1.1310000000000002,-0.8316666666666634,-1.423249999999996,2.739999999999995,2.1569999999999965,0.0520443350052914,7.0,19.0,42.8,23.9,0.0,0,0,59.5,0.6,0.0,0.0,20.0,1,0.0,12.791999999999996,0.0,6.747586526829315,43,2,HARD,82.157,-0.0750000000000028,-0.25966666666667,5.0,36.0,0.0,1,1.1279139784946248,2.341158779849634,2.0682222581896186,1.8155460020749157,1.88341304774752,1.6624761660534106,1.4938942107797275,1.3134758163087967,1.412440446715936,1.3082328762407596,1.579037355378104,1.4056579186893217,1.433364193992821,1.2570016171653655,2.1899448615913903,2.029615361229586,1.8273293291636616,1.6424729834226144,1.4936221822622409,1.314804842116066,1.9139932870383527,1.6371912631133747
6,LAW,43,6731.984,7210.312,7210.312,MEDIUM>SOFT,SOFT,43,6,1.4820000000000135,-0.5433333333333223,2.025333333333336,"ALO,STR,PER,COL,RUS",5,-0.6829999999999927,2.7083333333333286,2.0093333333333163,,,79.74833333333333,78.26633333333332,1,43.0,0.5512820512820513,78,8,0.1505000000000009,0.6510000000000105,0.0,-0.7850000000000108,0.1184285714285695,0.1184285714285695,-0.2453160667691349,0.0370349441274988,0.0370349441274988,-1.6869999999999976,0.1480000000000103,0,1,0,79.403,0.4096178179360663,-0.6510000000000105,0.345333333333329,-0.4083750000000208,-0.0109999999999956,2.1539999999999964,-0.0813936273010706,7.0,9.0,42.8,23.9,0.0,0,0,59.5,0.6,0.0,0.0,20.0,1,0.0,13.415999999999997,0.0,6.74993119378857,44,1,MEDIUM,79.403,0.2363333333333344,0.1581666666666592,5.0,38.0,-0.3058403333333333,1,1.1279139784946248,1.73814236678701,2.0669861306653896,1.697500532755417,1.7008608695636651,1.418328240323081,1.3624180529356302,1.1440812427025968,1.4114212913089574,1.2396769293862786,1.319109908462905,1.1271174258999404,1.2201772405812048,1.0320200929735166,1.4775709907840255,1.24248636396786,1.5301303071516426,1.2876898713025748,1.3450727508720837,1.1330756630174015,1.3591982698102498,1.2581815331427477
6,GAS,44,6791.199,7289.665,7289.665,MEDIUM>HARD,HARD,44,2,-0.4243333333333368,0.0913333333333383,-0.5156666666666752,"HAD,STR,ALO,HAM,RUS",5,0.9429999999999978,-1.458666666666673,1.8316666666666777,,,78.78066666666666,79.205,1,44.0,0.5641025641025641,78,8,0.1045000000000087,-0.132000000000005,0.0,0.1644999999999896,-0.0465833333333331,-0.0465833333333331,0.1400108862013951,0.0250171652182255,0.0250171652182255,-0.132000000000005,-0.2149999999999963,0,1,0,78.777,-0.2156413022499776,0.132000000000005,0.0036666666666604,0.166000000000011,-0.6329999999999956,1.8400000000000036,0.0716004985515586,7.0,5.0,43.0,23.9,0.2000000000000028,0,0,60.3,1.0,0.0,0.0,20.0,1,0.0,14.08,0.0,6.763884908562435,45,1,MEDIUM,78.777,-0.059666666666672,0.1383333333333402,5.0,39.0,-0.13237,1,1.1279139784946248,1.9302206045084884,2.2743703528481967,1.9150032481561214,1.8046681191250653,1.5165788461449186,1.3975615113276203,1.1708193849588866,1.7905510867713805,1.5983082429013082,1.5727498345183957,1.3660299390153392,1.3138978311648333,1.116450237017212,1.962982463376672,1.6842953597056725,1.8152829004380184,1.5470249591758496,1.4502054760081746,1.2250621642158617,1.4521637368462077,1.2348543772244305
6,PIA,47,7021.203,7529.514,7529.514,MEDIUM>HARD,HARD,47,2,2.0363333333333458,-0.2953333333333461,2.331666666666692,"PER,HAD,ALO,HAM,BOR",5,-0.8730000000000047,3.2046666666666965,0.2590000000000003,,,79.528,77.49166666666666,1,47.0,0.6025641025641025,78,8,0.2409999999999996,0.2300000000000039,0.0,-0.2630000000000052,0.1433000000000021,0.1433000000000021,-0.0609277448423171,0.1063858285590845,0.1063858285590845,0.2300000000000039,-0.1910000000000025,0,1,0,79.575,0.0938393994717898,-0.2300000000000039,-0.046999999999997,-0.3815000000000026,0.338000000000008,2.387999999999991,-0.0369141714409176,7.0,4.0,42.9,24.0,0.1999999999999957,0,0,59.8,0.6,0.0,0.0,20.0,1,0.0,14.852,0.0,6.823286122355687,48,1,MEDIUM,79.575,1.129333333333335,1.4356666666666769,5.0,42.0,-0.0042193333333333,1,1.1279139784946248,2.5092552262066703,2.4706334802722782,2.10221341980769,1.9261767670526804,1.6363284618452119,1.4473349179902228,1.22563509118136,2.271378896873486,2.0182374101358147,1.8357826645069755,1.5960464824000515,1.4224618601194945,1.2163308401764386,2.368143047853499,2.036811922946077,2.051027804586777,1.7559263005726495,1.5531924653103388,1.3215878284035039,1.6405730017389053,1.3349740439759379
6,SAI,51,7397.363,7857.165,7857.165,MEDIUM>SOFT,SOFT,51,2,-1.630999999999986,-0.214333333333343,-1.416666666666643,"HAD,LAW,LIN,HAM,RUS",5,1.586666666666659,-3.003333333333302,0.2196666666666402,,,78.09500000000001,79.726,1,51.0,0.6538461538461539,78,8,0.2025000000000005,-0.0769999999999981,0.0499999999999971,0.2579999999999955,-0.1539999999999999,-0.1539999999999999,-0.1396567405110147,-0.3156262288030274,-0.3156262288030274,-0.0499999999999971,0.2594999999999956,0,1,0,78.022,0.2176426563112556,0.0769999999999981,0.0730000000000075,0.5927499999999952,-1.0249999999999917,1.681499999999993,-0.1616262288030275,7.0,9.0,40.4,24.0,0.0,0,0,60.4,1.1,0.0,0.0,20.0,1,0.0,11.015999999999996,0.0,6.90975328164481,52,1,MEDIUM,78.022,-1.820999999999984,-1.164333333333327,5.0,46.0,-0.089527,1,1.1279139784946248,1.6456579432982688,2.598286855773903,2.1133915897868443,2.03079591688927,1.6715899861701624,1.497705696042662,1.238669126283852,0.5359078703771144,0.48433719333273695,1.0247934771416767,0.8745725900575879,1.1445230672515758,0.9603073629478625,0.8379603458302146,0.6901464761265642,1.2909125086829705,1.0781595008738243,1.2791612577287896,1.06661389670144,1.2046315378279502,1.2011126188975088
7,HAM,10,4051.855,4576.409,4576.409,SOFT>HARD,HARD,12,2,1.656666666666652,-0.0778333333333307,1.7344999999999828,"LEC,BEA,LIN,ALO",4,0.1910000000000167,1.543499999999966,0.146499999999996,0.006,0.1285556666666666,83.463,81.80633333333334,1,12.0,0.1515151515151515,66,8,0.4930000000000021,0.2249999999999943,-0.1139999999999901,-0.6624999999999943,0.2140714285714278,0.2140714285714278,0.0002468323258,0.1910474565555198,0.1910474565555198,0.1139999999999901,0.3059999999999974,1,0,0,83.576,-0.0004248103327597,-0.2249999999999943,-0.1129999999999995,-0.6801249999999897,-2.338000000000008,0.8149999999999977,-0.023023972015908,7.0,2.0,50.4,30.9,-1.1000000000000014,0,0,28.0,3.1,0.005988,0.233533,3.408801,0,0.0,7.391999999999999,0.00287424,5.2832037287379885,11,0,SOFT,83.576,0.8726666666666603,-0.2813333333333359,7.0,5.0,0.006,0,1.1160148148148161,,,,,,,,,,,,,,,,,,,,,
7,LAW,10,4072.946,4576.409,4576.409,MEDIUM>HARD,HARD,10,2,0.7536666666666747,-0.0778333333333307,0.8315000000000055,"BEA,LIN,LEC,ALO",4,0.0616666666666674,0.769833333333338,0.146499999999996,0.0058593333333333,0.0335306666666666,85.26100000000001,84.50733333333334,1,10.0,0.1515151515151515,66,8,0.3149999999999906,0.0859999999999985,0.0,-0.3049999999999926,0.2290595238095248,0.2290595238095248,0.1293376464088709,0.1950592843430739,0.1950592843430739,0.1039999999999992,0.3220000000000027,0,1,0,85.289,-0.222596324980401,-0.0859999999999985,-0.0279999999999915,-0.5701250000000044,-0.625,0.8149999999999977,-0.0340002394664508,7.0,8.0,49.7,30.9,-1.7999999999999972,0,0,28.0,5.1,0.005848,0.017544,8.724281,0,-3.4000000000000176e-05,5.880000000000001,0.0023392,5.313205979041787,11,0,MEDIUM,85.289,0.7793333333333408,-0.3649999999999996,5.0,5.0,-2.2999999999999583e-05,0,1.1160148148148161,1.1289609701020993,1.194876314587898,1.1747676959411633,1.1868878270044025,1.1540512209906832,1.141903940174406,1.099048363815439,1.699233560672507,1.8487747440695388,1.445012654523768,1.5145338058522628,1.2469821216770014,1.2432590366040972,1.909339430127969,2.169425755264357,1.4488437009226318,1.595025895215847,1.2231737426015419,1.2570923832719496,1.198131122013787,1.0568492765606532
7,COL,11,4165.659,4629.973,4629.973,SOFT>HARD,HARD,11,2,2.049666666666667,0.2360000000000184,1.8136666666666488,"LIN,BEA,ALO",3,-0.0296666666666567,1.8433333333333053,0.0716666666666867,0.24846,0.027743,85.99866666666667,83.949,1,11.0,0.1666666666666666,66,8,0.6180000000000021,-0.3920000000000101,0.3920000000000101,-0.0744999999999862,0.254549999999999,0.254549999999999,0.463135445048735,0.1889037636314577,0.1889037636314577,-0.3920000000000101,0.0220000000000055,1,0,0,85.71,-0.7755672569288095,0.3920000000000101,0.2886666666666713,-0.1787499999999937,-0.1760000000000019,0.8419999999999987,-0.0656462363685413,7.0,12.0,49.0,30.9,-0.7000000000000028,0,0,28.3,3.9,0.263158,0.959064,1.387238,0,0.205355,6.16,0.11578952,5.429345628954441,12,0,SOFT,85.71,1.24733333333333,-0.0145000000000029,5.0,6.0,-0.3647433333333333,0,1.1160148148148161,,,,,,,,,,,,,,,,,,,,,
7,PER,11,4177.838,4629.973,4629.973,SOFT>HARD,HARD,11,2,2.100666666666669,0.2360000000000184,1.8646666666666505,"BEA,LIN,ALO",3,0.1506666666666802,1.7139999999999702,0.0716666666666867,0.0479813333333333,0.2695596666666667,86.87333333333333,84.77266666666667,1,11.0,0.1666666666666666,66,8,0.4799999999999969,0.2620000000000004,-0.0879999999999938,-0.7039999999999935,0.1950249999999997,0.1950249999999997,-0.0224928845536993,0.1780072922059158,0.1780072922059158,0.2620000000000004,0.0220000000000055,1,0,0,86.99,0.0376666155877956,-0.2620000000000004,-0.11666666666666,-0.6553750000000065,1.1039999999999992,1.1039999999999992,-0.0170177077940838,7.0,19.0,49.0,30.9,-0.7000000000000028,0,0,28.3,3.9,0.017241,0.706897,2.083774,0,-0.029002,6.16,0.00758604,5.459585514144159,12,0,SOFT,86.99,1.0450000000000017,-0.0761666666666703,5.0,6.0,-0.5387066666666667,0,1.1160148148148161,,,,,,,,,,,,,,,,,,,,,
7,RUS,11,4132.042,4629.973,4629.973,MEDIUM>HARD,HARD,11,2,1.4953333333333347,0.2360000000000184,1.2593333333333163,"LIN,BEA,ALO",3,-0.1486666666666565,1.4079999999999728,0.0716666666666867,0.009992,0.0407003333333333,83.46966666666667,81.97433333333333,1,11.0,0.1666666666666666,66,8,0.4924999999999926,0.4479999999999933,-0.1909999999999883,-0.758499999999998,0.239190476190475,0.239190476190475,-0.0032223187231892,0.2313848933183882,0.2313848933183882,0.1909999999999883,0.125,0,1,0,83.701,0.0053960993912625,-0.4479999999999933,-0.2313333333333247,-0.7893749999999926,-2.3540000000000134,0.7660000000000053,-0.0078055828720867,7.0,1.0,49.0,30.9,-1.3999999999999986,0,0,28.3,3.9,0.005952,0.017857,20.0,0,-0.006024,6.16,0.00261888,5.37989735354046,12,0,MEDIUM,83.701,1.1550000000000011,-0.2220000000000084,5.0,6.0,0.009992,0,1.1160148148148161,0.6930723549311202,1.1998520734313836,1.1562266989246976,1.186566542789908,1.131816042707754,1.1414030621546922,1.0780165434195053,1.0135099047366045,1.152701132776869,1.2255628750099834,1.2797080251783264,1.1964961879954836,1.1738761978585028,1.2526231133363963,1.4655171089782413,1.2550026715657996,1.3669764343023276,1.1810096690122465,1.189607415342029,1.0146016394938586,1.0049476282215424
7,VER,11,4143.526,4629.973,4629.973,SOFT>MEDIUM,MEDIUM,14,2,2.1466666666666754,0.2360000000000184,1.910666666666657,"LIN,BEA,ALO",3,0.0993333333333197,1.8113333333333368,0.0716666666666867,0.009909,0.0813136666666666,84.153,82.00633333333333,1,14.0,0.1666666666666666,66,8,0.4699999999999988,0.2080000000000126,0.0,-0.63900000000001,0.2008499999999969,0.2008499999999969,0.0659162639628618,0.1767467514733791,0.1767467514733791,-0.1359999999999956,0.0929999999999964,1,0,0,84.177,-0.1103834668134595,-0.2080000000000126,-0.0240000000000009,-0.5638750000000101,-1.9014999999999984,0.7194999999999965,-0.0241032485266177,7.0,5.0,49.0,30.9,-1.3999999999999986,0,0,28.3,3.9,0.005917,0.236686,3.32432,0,0.005917,7.84,0.00331352,5.3981627015177525,12,0,SOFT,84.177,1.0063333333333446,-0.3785000000000025,8.0,6.0,-0.2504856666666666,0,1.1160148148148161,-0.3306777773524887,0.9207201328354115,0.8097665058736587,1.0321882896818035,0.9360483809562244,1.08732828116837,1.004537257148726,-0.38119452176188595,-0.24330182415268853,0.6117475370296028,0.6593538495935789,1.0225558571492321,0.9897587960712373,1.4438195272238474,1.4726359805711011,1.29691828994683,1.312829509743042,1.176120545257981,1.1379229590129096,0.9494535594494493,1.0057962143297943
7,ALB,12,4261.926,4715.092,4715.092,MEDIUM>HARD,HARD,12,2,1.5390000000000157,0.3433333333333195,1.1956666666666962,"BEA,LIN,ALO",3,0.2476666666666318,0.9480000000000643,0.088000000000008,0.069364,0.1707143333333333,86.53666666666668,84.99766666666666,1,12.0,0.1818181818181818,66,8,0.120999999999988,0.0050000000000096,-0.0050000000000096,-0.1114999999999923,0.1382500000000005,0.1382500000000005,0.149440772853822,0.1382322106010036,0.1382322106010036,0.0919999999999987,0.0844999999999984,0,1,0,86.569,-0.2447501622836654,-0.0050000000000096,-0.0323333333333266,-0.3026250000000061,0.494000000000014,0.8160000000000096,-1.778939899685361e-05,7.0,17.0,50.7,30.9,1.7000000000000028,0,0,28.3,1.4,0.144509,0.890173,1.68137,0,0.138729,7.536000000000001,0.06936432,5.537334267018537,13,0,MEDIUM,86.569,0.9676666666666732,-0.207166666666661,5.0,7.0,-0.3111746666666666,0,1.1160148148148161,1.4074375783783428,1.2046476396320667,1.1992248046176122,1.1862949539277057,1.1699001388214907,1.1409446190916273,1.1144117629955754,1.6847695677483134,1.7764650927242913,1.4256359626432862,1.462722732521209,1.2351648379704052,1.2282887275780552,1.583008974530739,1.6314261709443985,1.4997556510965706,1.531715282456689,1.2630741561121086,1.2621879381240297,1.0536211245231393,1.0177221852591058
7,HUL,12,4245.254,4715.092,4715.092,SOFT>HARD,HARD,12,2,1.0703333333333234,0.3433333333333195,0.7270000000000039,"BEA,LIN,ALO",3,0.4219999999999828,0.305000000000021,0.088000000000008,0.4074073333333333,0.2275296666666666,85.52766666666666,84.45733333333334,1,12.0,0.1818181818181818,66,8,0.1724999999999994,0.3580000000000041,-0.2940000000000111,-0.4629999999999938,0.1188333333333334,0.1188333333333334,-0.0053285892233674,0.1748563128311987,0.1748563128311987,0.3580000000000041,0.0220000000000055,1,0,0,85.745,0.0087270231025797,-0.3580000000000041,-0.2173333333333431,-0.5276250000000005,-0.2089999999999889,0.7000000000000028,0.0560229794978652,7.0,8.0,50.7,30.9,1.7000000000000028,0,0,28.3,1.4,0.192982,0.549708,2.387024,0,-0.339182,7.536000000000001,0.09263136,5.501258210544727,13,0,SOFT,85.745,1.051333333333332,-0.4155000000000038,5.0,7.0,-0.4901143333333334,0,1.1160148148148161,,,,,,,,,,,,,,,,,,,,,
7,NOR,12,4223.084,4715.092,4715.092,MEDIUM>HARD,HARD,12,2,1.3769999999999951,0.3433333333333195,1.0336666666666758,"BEA,LIN,ALO",3,0.603333333333353,0.4303333333333228,0.088000000000008,0.021956,0.3800813333333333,83.446,82.069,1,12.0,0.1818181818181818,66,8,0.0714999999999932,0.2169999999999987,-0.2169999999999987,-0.2434999999999973,0.036999999999998,0.036999999999998,0.0088439150429735,0.0902878733848364,0.0902878733848364,0.2169999999999987,-0.0404999999999944,0,1,0,83.618,-0.0144843311544491,-0.2169999999999987,-0.171999999999997,-0.2303749999999951,-2.3019999999999925,0.902000000000008,0.0532878733848384,7.0,3.0,49.4,30.9,0.3999999999999986,0,0,28.5,2.3,0.017964,0.808383,1.948865,0,-0.023952,6.911999999999999,0.00862272,5.480638923341991,13,0,MEDIUM,83.618,0.3506666666666689,-1.1640000000000017,5.0,7.0,-0.044309,0,1.1160148148148161,0.5204076746776429,1.2046476396320667,1.1583451317736775,1.1862949539277057,1.130020097355582,1.1409446190916273,1.0764232323136922,0.8036826207711774,0.8581407514754518,1.04987051983548,1.0527121103252344,1.1083160328539858,1.0673631584951486,0.7360024159054395,0.7980031999110483,1.0905333907099615,1.1123606666532615,1.1174161811216894,1.0913873064961659,0.8000451620952259,0.9216766174435896
7,OCO,12,4258.367,4715.092,4715.092,SOFT>HARD,HARD,12,2,2.350999999999999,0.3433333333333195,2.00766666666668,"BEA,LIN,ALO",3,-0.2773333333333312,2.285000000000011,0.088000000000008,0.0115496666666666,0.193294,86.69266666666665,84.34166666666665,1,12.0,0.1818181818181818,66,8,0.5045000000000002,0.1289999999999906,-0.1119999999999947,-0.6765000000000043,0.2330476190476172,0.2330476190476172,0.0712545081687068,0.2130655115191144,0.2130655115191144,0.1289999999999906,0.099499999999999,1,0,0,86.773,-0.1166987570038315,-0.1289999999999906,-0.0803333333333427,-0.6687499999999886,0.6980000000000075,0.8065000000000069,-0.0199821075285028,7.0,14.0,50.7,30.9,1.7000000000000028,0,0,28.3,1.4,0.017341,0.50289,2.47182,0,0.0057799999999999,7.536000000000001,0.00832368,5.525452939131784,13,0,SOFT,86.773,1.47499999999998,0.2931666666666691,5.0,7.0,-0.6836686666666667,0,1.1160148148148161,,,,,,,,,,,,,,,,,,,,,
7,LEC,15,4479.933,4974.286,4974.286,MEDIUM>HARD,HARD,15,2,1.8696666666666888,-0.186166666666665,2.0558333333333536,"LAW,HAM,LIN,ALO",4,-0.2929999999999921,2.3488333333333458,0.321166666666663,0.0178926666666666,0.0203383333333333,83.84833333333334,81.97866666666665,1,15.0,0.2272727272727272,66,8,0.3084999999999951,0.0,-0.0430000000000063,-0.1410000000000053,0.0889999999999988,0.0889999999999988,0.0851936686507315,0.0885807710601086,0.0885807710601086,0.0430000000000063,-0.0060000000000002,0,1,0,84.039,-0.13401832927822,0.0,-0.1906666666666581,-0.1907499999999942,-0.7339999999999947,1.093500000000006,-0.0004192289398901,7.0,1.0,50.7,31.0,0.0,0,0,27.5,2.5,0.017857,0.02381,17.481625,0,0.0,9.420000000000002,0.0107142,5.707110264748875,16,0,MEDIUM,84.039,0.5776666666666728,-0.6029999999999944,5.0,10.0,-0.7869933333333334,0,1.1160148148148161,0.981508192786704,1.2179360354125561,1.1735870295864277,1.1857234431766708,1.1340600151733269,1.139795895136299,1.0804973649271365,1.021342052445458,1.0927579098776157,1.147662984870348,1.163903469704959,1.14028829183593,1.1071896349419748,1.0432239864060302,1.1487244344378518,1.1808083817159343,1.2342723668444378,1.1388742173206614,1.1297846182379754,0.8417205210889382,0.9243990736990564
7,BEA,17,4690.763,5173.288,5173.288,MEDIUM>HARD,HARD,17,2,1.76933333333335,-0.3226666666666773,2.092000000000027,"ALB,PER,LAW,COL,OCO",5,,,0.2373333333333391,0.0405076666666666,0.509127,86.24533333333333,84.47599999999998,1,17.0,0.2575757575757575,66,8,0.1244999999999976,0.2219999999999942,-0.2219999999999942,-0.1509999999999962,-0.0074166666666671,-0.0074166666666671,-0.1686627701643459,0.0632936788893388,0.0632936788893388,0.2219999999999942,-0.0979999999999989,0,1,0,86.707,0.2621774246285753,-0.2219999999999942,-0.4616666666666589,-0.3084999999999951,2.594999999999999,1.3605000000000018,0.070710345556006,7.0,10.0,50.2,31.1,-1.0,0,0,27.8,3.1,0.098266,0.144509,8.476384,0,0.086705,10.336000000000002,0.06682088,5.860786223465865,18,0,MEDIUM,86.707,0.9476666666666772,1.5779999999999983,5.0,12.0,-0.8600623333333334,0,1.1160148148148161,2.106420990692655,1.225863994574706,1.2168969250582704,1.1854948062226467,1.16919827737722,1.139193244502666,1.1140505368085951,1.796384756261281,1.833390187585038,1.4931652058491705,1.4938080214825518,1.266448628745768,1.2448415628029956,1.7872007378674093,1.9235725592654946,1.439733499416851,1.5161424019225362,1.2300603144847972,1.2454490841815868,1.1143353794548694,1.0359003361646912
7,ALO,20,4974.286,5430.444,5430.444,HARD>HARD,HARD,20,2,2.1820000000000164,-1.0470000000000113,3.229000000000028,"PER,ALB,COL,OCO,SAI",5,-0.4383333333333326,3.66733333333336,0.4080000000000012,0.4568736666666667,0.0155266666666666,87.90066666666667,85.71866666666665,1,20.0,0.303030303030303,66,8,0.2704999999999984,0.5510000000000019,-0.4920000000000044,-0.8004999999999995,0.0705999999999988,0.0705999999999988,-0.4208764956601243,0.0883445242680424,0.0883445242680424,0.4920000000000044,0.1869999999999976,0,0,1,88.393,0.649629917927399,-0.5510000000000019,-0.4923333333333346,-0.7791250000000076,4.324000000000012,1.2864999999999966,0.0177445242680435,7.0,20.0,49.3,30.9,-0.5,0,0,28.6,3.6,0.570621,0.932203,0.858398,0,0.073478,11.439999999999998,0.4564968,6.042632833682381,21,0,HARD,88.393,1.538666666666657,2.4988333333333417,5.0,15.0,-0.1304253333333333,0,1.1160148148148161,,,,,,,,,,,,,,,,,,,,,
7,LIN,21,5024.573,5516.135,5516.135,MEDIUM>HARD,HARD,21,2,2.414333333333332,-1.127666666666684,3.542000000000016,"ALB,PER,OCO,SAI,HUL",5,0.3346666666666635,3.207333333333352,0.369000000000014,0.0534663333333333,0.4292126666666667,86.382,83.96766666666667,1,21.0,0.3181818181818182,66,8,0.2694999999999936,1.4039999999999964,-1.100999999999999,-1.4380000000000024,0.0822083333333321,0.0822083333333321,-0.791111529555593,0.0876240025982138,0.0876240025982138,1.100999999999999,0.1469999999999913,0,1,0,87.217,1.2199819033600647,-1.4039999999999964,-0.8349999999999937,-1.208999999999989,3.1480000000000103,1.201499999999989,0.0054156692648817,7.0,9.0,50.1,30.9,0.5,0,0,29.0,1.7,0.137143,0.634286,2.089211,0,0.125515,12.684,0.1152001199999999,6.063785208687608,22,0,MEDIUM,87.217,1.6170000000000044,2.355333333333334,5.0,16.0,-0.1126399999999999,0,1.1160148148148161,2.671958943118068,1.2394355803979815,1.235063479488924,1.185243082742521,1.1747996210911298,1.1382978777731292,1.1194349669188046,2.4535420946276716,2.541275613167688,1.8062893747456101,1.8379113327535914,1.3916902894080663,1.3842008323931003,2.2298293625618646,2.335038814276276,1.7615004441503812,1.8242626079317432,1.371704119707538,1.3862818332692848,1.3447505595610445,1.1685393073665862
7,HAM,26,5395.331,5945.335,5945.335,HARD>MEDIUM,MEDIUM,15,2,2.405666666666676,-0.5953333333333575,3.001000000000033,"HAD,RUS,LEC,PIA,NOR",5,-0.1760000000000161,3.1770000000000493,0.1143333333333629,0.1419446666666667,0.2617513333333333,83.16166666666668,80.756,1,15.0,0.3939393939393939,66,8,0.2170000000000058,0.4050000000000011,-0.0660000000000025,-0.4410000000000025,0.1222285714285726,0.1222285714285726,-0.0380595067437354,0.1207321758172531,0.1207321758172531,0.0660000000000025,0.0424999999999968,0,0,1,83.331,0.0598714856130868,-0.4050000000000011,-0.1693333333333271,-0.441999999999993,-1.2194999999999965,1.2489999999999952,-0.0014963956113194,7.0,2.0,49.0,30.8,-1.6000000000000014,0,0,27.6,3.6,0.024096,0.644578,2.265872,0,-0.287281,8.4,0.0144576,6.253828811575473,27,1,HARD,83.331,1.1406666666666752,1.3363333333333334,5.0,10.0,0.0201643333333333,0,1.1160148148148161,0.25445392046008125,1.5861084953763958,1.4633032423812251,1.5475807716030776,1.4421918643894802,1.3341408938526398,1.2415293043619704,0.48829808783176365,0.5004664736353379,1.1579922221069625,1.1260855682839606,1.2610124270422554,1.1939271025176967,0.021054998213835496,0.16941585046671856,0.873558872646722,0.940245093967242,1.142849623077602,1.1205027532782796,0.8451531225665867,1.0983133131384777
7,ALB,28,5660.053,6122.707,6122.707,HARD>HARD,HARD,15,2,2.1173333333333204,-0.0369999999999919,2.1543333333333123,"OCO,ALO,GAS,LIN,LAW",5,-0.1033333333333246,2.257666666666637,0.1419999999999959,0.1492616666666666,0.2703343333333333,86.29233333333333,84.17500000000001,1,15.0,0.4242424242424242,66,8,0.4730000000000061,0.3730000000000046,-2.730000000000004,-2.5090000000000003,0.2245000000000061,0.2245000000000061,-1.0967235068197283,0.1966470033907766,0.1966470033907766,2.730000000000004,0.3320000000000078,0,0,1,88.197,1.7097937597204125,-0.3730000000000046,-1.904666666666671,-1.803625000000011,3.615000000000009,1.14200000000001,-0.0278529966092294,7.0,18.0,48.7,30.6,-0.1999999999999957,0,0,28.3,4.9,0.40678,0.644068,1.313292,0,0.37754,8.220000000000002,0.2440679999999999,6.368187186350492,29,1,HARD,88.197,1.1159999999999997,0.4203333333333365,5.0,10.0,-0.1611693333333333,0,1.1160148148148161,,,,,,,,,,,,,,,,,,,,,
7,VER,28,5573.71,6122.707,6122.707,MEDIUM>HARD,HARD,16,2,1.8389999999999844,-0.4243333333333225,2.263333333333307,"RUS,LEC,NOR,PIA,LIN",5,-0.2686666666666752,2.5319999999999823,0.0376666666666665,0.0561046666666666,0.065453,83.33466666666666,81.49566666666668,1,16.0,0.4242424242424242,66,8,0.1564999999999869,0.0969999999999942,0.0,-0.3435000000000059,0.0913749999999999,0.0913749999999999,0.0827288398580208,0.0965722727240266,0.0965722727240266,-0.1740000000000066,0.0229999999999961,0,1,0,83.309,-0.1292319702235858,-0.0969999999999942,0.025666666666666,-0.2622499999999945,-1.2849999999999966,1.213000000000008,0.0051972727240267,7.0,4.0,48.9,30.8,-2.1000000000000014,0,0,27.9,3.2,0.023952,0.48503,2.534949,0,-0.011976,8.895999999999999,0.01532928,6.333279628139691,29,1,MEDIUM,83.309,0.9996666666666698,0.5676666666666772,5.0,11.0,0.0338206666666666,0,1.1160148148148161,0.869430786950064,1.2219940960436997,1.1663433056078951,1.1855970388429493,1.1237711513674136,1.139479860219353,1.0707362929089044,1.0540894534231797,1.0715294676647804,1.1182919098885988,1.0974385212937896,1.1199646634681797,1.06693903484328,1.1984286079739874,1.3640580600317094,1.0568316777091697,1.133035393199217,1.070396422816136,1.0611160288055408,0.9184950288348397,0.9485118519423932
7,SAI,29,5723.583,6207.995,6207.995,HARD>HARD,HARD,15,2,1.366000000000014,-0.1019999999999896,1.4680000000000035,"LAW,ALO,GAS,BEA,RUS",5,0.0886666666666542,1.3793333333333493,0.2313333333333247,0.0214426666666666,0.1705526666666666,85.39300000000001,84.027,1,15.0,0.4393939393939394,66,8,0.2530000000000001,0.0,0.0,-0.2804999999999893,0.1015000000000026,0.1015000000000026,0.1730679118380464,0.1083917858633835,0.1083917858633835,-0.3710000000000093,0.3790000000000049,0,0,1,85.353,-0.272253475681353,0.0,0.0400000000000204,-0.1911249999999853,0.92049999999999,1.0494999999999948,0.0068917858633808,7.0,13.0,50.3,30.5,1.5999999999999943,0,0,28.3,3.0,0.02924,0.05848,11.05168,0,0.0058479999999999,9.179999999999998,0.017544,6.386879319362645,30,1,HARD,85.353,1.103333333333353,0.2875000000000038,5.0,10.0,0.0036563333333333,0,1.1160148148148161,,,,,,,,,,,,,,,,,,,,,
7,PER,30,5842.063,7057.631,7057.631,HARD>HARD,HARD,18,2,2.441666666666677,-0.3449999999999988,2.786666666666676,"ALO,LIN,GAS,BEA,LEC",5,0.3720000000000141,2.414666666666662,0.200666666666649,0.0843246666666666,0.151236,86.83933333333334,84.39766666666667,1,18.0,0.4545454545454545,66,8,0.4534999999999982,-0.2849999999999966,0.0,0.1424999999999983,-0.0984999999999999,-0.0984999999999999,0.5089214930504227,0.0812113090543638,0.0812113090543638,0.242999999999995,-0.1475000000000008,0,0,1,86.699,-0.7884336569558172,0.2849999999999966,0.1403333333333449,0.4077499999999929,2.441999999999993,1.1210000000000022,0.1797113090543638,7.0,17.0,49.0,30.3,-0.2000000000000028,0,0,28.4,2.6,0.022989,0.074713,6.595253,0,0.005648,10.08,0.01655208,6.436150368369428,31,1,HARD,86.699,1.6530000000000058,1.3380000000000034,5.0,13.0,-0.2692703333333334,0,1.1160148148148161,,,,,,,,,,,,,,,,,,,,,
7,HAD,31,5855.164,7140.782,7140.782,HARD>HARD,HARD,16,2,2.379666666666651,-0.2793333333333265,2.6589999999999776,"BEA,GAS,ANT,LEC,ALO",5,-0.3976666666666233,3.056666666666601,0.25,0.1902233333333333,0.185022,84.16799999999999,81.78833333333334,1,16.0,0.4696969696969697,66,8,0.2494999999999976,0.8100000000000023,-0.3900000000000005,-1.075499999999991,0.219,0.219,-0.3113891828209176,0.1626000562123759,0.1626000562123759,0.3900000000000005,-0.1475000000000008,0,0,1,84.568,0.4864257454996874,-0.8100000000000023,-0.4000000000000057,-0.9412499999999966,0.2319999999999993,1.3889999999999958,-0.0563999437876241,7.0,8.0,49.0,30.3,-0.2000000000000028,0,0,28.4,2.6,0.325444,0.372781,6.734273,0,0.301775,8.96,0.20828416,6.439350371100098,32,1,HARD,84.568,1.2609999999999957,0.7006666666666632,5.0,11.0,0.0013819999999999,0,1.1160148148148161,,,,,,,,,,,,,,,,,,,,,
7,BOR,32,5985.048,7223.977,7223.977,HARD>HARD,HARD,17,2,3.168999999999997,-0.2889999999999872,3.457999999999984,"ALO,GAS,BEA,LEC,HAM",5,-2.00266666666667,5.460666666666654,0.3113333333333372,0.414892,0.037841,86.832,83.663,1,17.0,0.4848484848484848,66,8,0.7109999999999985,0.0,1.0889999999999986,-0.5105000000000075,0.4,0.4,0.6776588932496139,0.260566886947727,0.260566886947727,-1.475999999999999,0.2450000000000045,0,0,1,85.977,-1.0551413211883016,0.0,0.8549999999999898,-0.3346250000000026,1.6274999999999975,0.8485000000000014,-0.1394331130522729,7.0,13.0,49.2,29.8,0.7000000000000028,0,0,27.9,3.6,0.069767,0.790698,1.725534,0,-0.495947,9.656,0.0474415599999999,6.484635235635252,33,1,HARD,85.977,3.0136666666666656,2.5450000000000017,5.0,12.0,0.3950033333333333,0,1.1160148148148161,,,,,,,,,,,,,,,,,,,,,
7,COL,33,6049.924,7307.171,7307.171,HARD>HARD,HARD,21,2,0.7893333333333317,-0.394999999999996,1.1843333333333277,"GAS,BEA,LEC,VER,HAM",5,-0.1876666666666864,1.372000000000014,0.0919999999999845,0.5568873333333334,0.6272596666666667,85.00533333333334,84.21600000000001,1,21.0,0.5,66,8,0.1844999999999999,0.9909999999999995,-0.88900000000001,-1.0204999999999984,0.0452249999999992,0.0452249999999992,-0.640644185043115,0.0597955001138891,0.0597955001138891,0.88900000000001,0.1789999999999949,0,0,1,85.632,0.9879445350575368,-0.9909999999999995,-0.6266666666666652,-0.9118750000000092,1.829000000000008,1.4669999999999987,0.0145705001138899,7.0,11.0,49.9,30.2,0.6999999999999957,0,0,28.4,3.5,0.561404,1.0,0.942463,0,-0.01256,12.515999999999998,0.47157936,6.505784060128229,34,1,HARD,85.632,0.7610000000000099,0.5753333333333378,5.0,16.0,0.4720276666666667,0,1.1160148148148161,,,,,,,,,,,,,,,,,,,,,
7,BOR,52,7722.235,8810.457,8810.457,HARD>SOFT,SOFT,19,2,2.1573333333333267,0.1473333333333357,2.009999999999991,"LAW,COL,LIN,GAS,PIA",5,0.4016666666666708,1.60833333333332,0.1636666666666713,0.154762,0.2374543333333333,84.07633333333332,81.919,1,19.0,0.7878787878787878,66,8,0.304000000000002,-0.0630000000000023,0.0,0.031499999999994,0.0977499999999989,0.0977499999999989,0.259020887815808,0.079668247588153,0.079668247588153,0.1159999999999996,0.1990000000000122,0,0,1,84.094,-0.4179068090274853,0.0630000000000023,-0.0176666666666704,0.0763750000000129,1.0300000000000011,1.188999999999993,-0.0180817524118459,7.0,15.0,50.3,30.2,-0.2000000000000028,0,0,27.9,0.0,0.166667,0.940476,1.469969,0,0.0238099999999999,11.627999999999997,0.12666692,6.926577033222725,53,4,HARD,84.094,1.211999999999989,0.2469999999999999,11.0,8.0,0.0746553333333333,0,1.1160148148148161,0.6664097064890969,1.5261601293406324,1.4235977543533471,1.342125259614574,1.2469488942263,1.216359950135168,1.1328446203190874,1.2312986094716212,1.1839073860480853,1.1715422141993594,1.1050872059763848,1.1588812088689728,1.0850678588225642,1.0972964433716714,1.1560053058028843,1.0619086149162393,1.075105682002076,1.098065273320317,1.0606690702691233,1.0898067113188175,1.0878737684873143
7,SAI,54,7888.375,8810.457,8810.457,HARD>MEDIUM,MEDIUM,24,2,2.3346666666666778,-0.007000000000005,2.3416666666666828,"COL,LAW,GAS,LIN,PIA",5,-0.0390000000000156,2.3806666666666985,0.5843333333333476,0.0315583333333333,0.2352176666666666,84.53333333333335,82.19866666666667,1,24.0,0.8181818181818182,66,8,0.2914999999999921,0.088000000000008,-0.0550000000000068,-0.3629999999999995,0.1207142857142855,0.1207142857142855,-0.2175078676436754,0.0119470368546481,0.0119470368546481,0.088000000000008,0.0804999999999935,0,0,1,84.581,0.3422736046916981,-0.088000000000008,-0.0476666666666574,-0.3876249999999999,1.5085000000000122,1.0829999999999913,-0.1087672488596374,7.0,13.0,48.7,29.9,-1.5999999999999943,0,0,27.2,1.6,0.029586,0.08284,11.554065,0,-0.0059169999999999,13.152000000000005,0.02840256,6.959398512133975,55,4,HARD,84.581,0.143333333333345,-0.766166666666668,14.0,10.0,-0.1929026666666667,0,1.1160148148148161,1.0466288219600068,1.718402961481861,1.6175732492630535,1.6169753669463227,1.532116563077772,1.362371399549078,1.2873510834307464,1.140351459976087,1.0580526282524751,1.3393834255455013,1.2621709489588806,1.2982139103495465,1.2236637783786566,1.1379582484598476,1.231266232168417,1.2441252566784295,1.2862583112073296,1.2407587997456777,1.2178206227804316,1.3352925670786289,1.2659914217757584
8,HAM,11,4228.986,4651.902,4651.902,MEDIUM>HARD,HARD,11,2,0.8606666666666598,-0.1903333333333421,1.051000000000002,"VER,HAD,ANT,PIA,NOR",5,-0.3329999999999984,1.3840000000000003,0.1536666666666519,0.0854733333333333,0.305747,73.33366666666666,72.473,1,11.0,0.1549295774647887,71,8,0.2469999999999999,1.875,-1.6839999999999975,-2.026499999999998,0.1776666666666677,0.1776666666666677,-1.00172003320516,0.226298300600924,0.226298300600924,1.6839999999999975,0.1935000000000002,0,1,0,74.52,1.6506644180164043,-1.875,-1.1863333333333372,-1.8655000000000117,0.2819999999999965,1.036999999999999,0.0486316339342563,7.0,2.0,50.6,34.8,-0.2999999999999971,0,0,29.2,1.2,0.201342,0.33557,3.954419,0,0.187643,6.864000000000001,0.08859048,5.342334251964811,12,0,MEDIUM,74.52,1.245666666666665,0.9943333333333252,5.0,6.0,-0.33536,0,1.4325241545893732,2.107732234332326,1.3909005524366234,1.2051354768982667,1.4354547703773386,1.237284660705235,1.4343085977054197,1.2296738460651058,1.9922531286574248,1.8473988864727835,1.902444523203365,1.722309206798468,1.745202992593687,1.535414547817826,1.763891589067498,1.6218333108327703,1.843716413166254,1.659446815628657,1.7534695036548271,1.543963253302939,1.7256916500899353,1.567277931676089
8,GAS,12,4328.712,4726.045,4726.045,MEDIUM>HARD,HARD,12,2,2.0363333333333458,0.4983333333333348,1.538000000000011,"OCO,HUL,BEA,ALB,COL",5,0.102333333333334,1.4356666666666769,0.1076666666666597,0.9668873333333332,0.2921906666666666,75.22833333333334,73.192,1,12.0,0.1690140845070422,71,8,0.3204999999999955,0.0,0.2109999999999985,-0.1584999999999894,0.2223750000000013,0.2223750000000013,0.3374198564654023,0.151064036870934,0.151064036870934,-0.644999999999996,-0.059999999999988,0,1,0,74.943,-0.552617355026797,0.0,0.285333333333341,-0.2111249999999955,1.179000000000002,0.8519999999999897,-0.0713109631290673,7.0,13.0,51.6,34.8,0.5,0,0,29.5,0.6,1.0,1.0,0.418617,0,0.099338,7.968000000000001,0.48,5.480638923341991,13,0,MEDIUM,74.943,1.1940000000000026,0.8843333333333305,5.0,7.0,-0.0128576666666666,0,1.4325241545893732,1.8358604728533954,1.391747931012022,1.2111089369016017,1.4291992655957777,1.2380406860624822,1.4287561551233932,1.231405329279203,1.9228359930353456,1.8048987481638745,1.6517210410625491,1.514625496305497,1.5068783414540277,1.336669152580105,0.09312118482642373,0.1800317257975292,0.6840410030264449,0.6502045584887308,1.2135400849784728,1.0722528319923674,0.06772541204609772,0.7414959943844934
8,LEC,12,4307.049,4726.045,4726.045,MEDIUM>HARD,HARD,12,2,0.5523333333333511,0.1716666666666526,0.3806666666666984,"PIA,HAD,VER,NOR,ANT",5,0.3179999999999836,0.0626666666667148,0.2106666666666541,0.065977,0.230688,73.32900000000001,72.77666666666666,1,12.0,0.1690140845070422,71,8,0.4849999999999923,0.3719999999999999,0.0,-0.4549999999999983,0.1784999999999996,0.1784999999999996,-0.0456349031926208,0.1102680367987134,0.1102680367987134,-0.059999999999988,0.1640000000000014,0,1,0,73.433,0.0747923135957933,-0.3719999999999999,-0.1039999999999992,-0.4307500000000033,-0.5659999999999883,1.086999999999989,-0.0682319632012862,7.0,5.0,51.6,34.8,1.0,0,0,29.5,0.6,0.047619,0.442177,2.563643,0,-0.0068029999999999,7.968000000000001,0.02285712,5.44673737166631,13,0,MEDIUM,73.433,1.1826666666666623,0.8573333333333343,5.0,7.0,-0.0842783333333333,0,1.4325241545893732,1.595808051190861,1.391747931012022,1.1867067312957225,1.4291992655957777,1.2130958421683982,1.4287561551233932,1.2065941788420498,1.5380357793318615,1.4697685923394028,1.5000766746927696,1.3841040066439194,1.4814854383591782,1.3042572781658766,1.201316241271756,1.1437781202959687,1.4220907411320516,1.2980420443676004,1.488551996451372,1.3093783314283045,1.1278690585992985,1.211718584839249
8,SAI,13,4407.115,4799.91,4799.91,SOFT>MEDIUM,MEDIUM,13,2,1.1836666666666815,0.2489999999999952,0.9346666666666864,"HUL,COL,BEA,STR,ALO",5,0.0279999999999915,0.9066666666666948,0.347999999999999,0.7608536666666667,0.0225073333333333,75.28733333333334,74.10366666666665,1,13.0,0.1830985915492957,71,8,0.363500000000009,-0.2689999999999912,0.2689999999999912,-0.0849999999999937,0.1627916666666653,0.1627916666666653,0.3266301068307626,0.1169444197748093,0.1169444197748093,-0.2689999999999912,-0.0445000000000064,1,0,0,75.069,-0.5257303386719485,0.2689999999999912,0.2183333333333337,-0.0846250000000026,0.5745000000000005,0.8030000000000044,-0.045847246891856,7.0,15.0,51.2,34.7,-0.3999999999999986,0,0,29.6,1.0,0.666667,1.0,0.786227,0,-0.03532,8.424000000000001,0.34666684,5.568344503761097,14,0,SOFT,75.069,1.0706666666666678,0.5364999999999942,5.0,8.0,0.1151223333333333,0,1.4325241545893732,1.1810339600257485,1.3604078926330023,1.1694264973807766,1.4332299441165162,1.2333518764097358,1.4942073044638273,1.2861452459168654,1.2762355002212888,1.2505588596205077,1.2854675550928656,1.1964469265557067,1.4286254969310612,1.2687475018279657,0.10527194096624015,0.17796170546461917,0.6743870362004771,0.6366425624835024,1.2675628698615256,1.1203061987091874,0.19659972949063498,0.9429450538984637
8,BOR,16,4618.349,5030.997,5030.997,SOFT>MEDIUM,MEDIUM,16,2,1.419333333333341,-0.1129999999999995,1.5323333333333409,"BEA,ALO,ANT,HAM,STR",5,-0.061333333333323,1.593666666666664,0.0706666666666677,0.1611343333333333,0.5330656666666667,74.29233333333333,72.87299999999999,1,16.0,0.2253521126760563,71,8,0.0694999999999979,0.0,0.0189999999999912,-0.0600000000000022,0.0320000000000035,0.0320000000000035,0.1118365446306768,0.030332664025765,0.030332664025765,-0.0189999999999912,-0.1099999999999994,1,0,0,74.072,-0.1747015554723816,0.0,0.220333333333329,-0.018375000000006,0.2150000000000034,1.0690000000000026,-0.0016673359742385,7.0,10.0,51.3,34.6,-0.3000000000000042,0,0,28.5,2.2,0.006757,0.277027,3.077282,0,-0.013513,10.432,0.00432448,5.75890177387728,17,0,SOFT,74.072,0.3243333333333282,-0.0746666666666679,5.0,11.0,-0.832063,0,1.4325241545893732,1.0221832452814572,1.3880721117018424,1.1724323134813026,1.4282189895487818,1.2102816378494499,1.4857371484590862,1.260707659370535,1.1584814778030499,1.1234309107025993,1.120918591790786,1.0257525745040799,1.3165740558109615,1.1466490156186837,1.2897167942946672,1.1771986303282462,1.2269545830597959,1.0971674549826953,1.3988438981914773,1.2183862854175536,1.0008187691235666,1.2432051512287656
8,ALB,17,4708.807,5105.055,5105.055,MEDIUM>MEDIUM,MEDIUM,17,2,1.0806666666666729,-0.2553333333333256,1.3359999999999983,"BEA,ALO,STR,GAS,LEC",5,0.041333333333327,1.2946666666666715,0.3063333333333418,0.0400893333333333,0.315392,74.96966666666667,73.889,1,17.0,0.2394366197183098,71,8,0.1419999999999959,0.0930000000000035,-0.0930000000000035,0.019999999999996,-0.0557999999999999,-0.0557999999999999,0.0655432230029759,0.0226213663881702,0.0226213663881702,0.0930000000000035,0.0390000000000014,0,1,0,75.072,-0.1018835003838205,-0.0930000000000035,-0.102333333333334,0.0962499999999977,1.0559999999999974,1.041000000000011,0.0784213663881702,7.0,15.0,51.3,34.6,0.0,0,0,28.6,1.8,0.026667,0.42,2.620862,0,-0.026666,11.083999999999998,0.01813356,5.834810737062605,18,0,MEDIUM,75.072,0.5556666666666672,0.2923333333333318,5.0,12.0,-0.4371236666666666,0,1.4325241545893732,,,,,,,,,,,,,,,,,,,,,
8,HAD,17,4679.225,5105.055,5105.055,MEDIUM>MEDIUM,MEDIUM,17,2,1.9453333333333236,-0.0790000000000077,2.024333333333331,"GAS,LEC,ANT,HAM,BEA",5,-0.1486666666666565,2.172999999999988,0.3799999999999954,0.0544219999999999,0.7468273333333334,73.58033333333333,71.635,1,17.0,0.2394366197183098,71,8,0.0534999999999996,-0.0780000000000029,0.0400000000000062,0.019999999999996,0.0523499999999998,0.0523499999999998,0.2117893541645372,0.0613568814320248,0.0613568814320248,-0.2670000000000101,-0.0780000000000029,0,1,0,73.478,-0.3292154361303261,0.0780000000000029,0.102333333333334,0.0670000000000214,-0.4865000000000066,0.9095000000000012,0.0090068814320249,7.0,6.0,51.3,34.6,0.0,0,0,28.6,1.8,0.034014,0.503401,2.462605,0,-0.0204079999999999,11.083999999999998,0.02312952,5.808142489980444,18,0,MEDIUM,73.478,0.920666666666662,0.669999999999997,5.0,12.0,-0.137595,0,1.4325241545893732,,,,,,,,,,,,,,,,,,,,,
8,LIN,17,4689.386,5105.055,5105.055,MEDIUM>HARD,HARD,17,2,1.5476666666666858,-0.3293333333333237,1.877000000000009,"BEA,ANT,STR,GAS,HAM",5,-0.6100000000000136,2.487000000000023,0.250333333333316,0.1156156666666666,0.5105636666666666,74.44333333333334,72.89566666666666,1,17.0,0.2394366197183098,71,8,0.2184999999999988,0.0,0.3780000000000001,-0.0290000000000105,0.1173749999999991,0.1173749999999991,0.3320301997074608,0.0721548512902615,0.0721548512902615,-0.9039999999999964,-0.0189999999999912,0,1,0,74.016,-0.5161235201662322,0.0,0.4273333333333369,0.0498750000000001,-0.0280000000000057,0.9110000000000014,-0.0452201487097375,7.0,9.0,51.3,34.6,0.0,0,0,28.6,1.8,0.006757,0.243243,3.307515,0,-0.3199099999999999,11.083999999999998,0.00459476,5.817111159963204,18,0,MEDIUM,74.016,0.9066666666666664,0.4363333333333372,5.0,12.0,-0.7664046666666666,0,1.4325241545893732,1.521877042342818,1.3902206421563323,1.1879280811735609,1.3981466950994326,1.1922189818606836,1.401855496518958,1.1910331689333982,1.6098016149448529,1.517971402716525,1.3956466217572245,1.2786072493079985,1.3543002783560332,1.1897062670950824,1.3466078706199984,1.2687453446824792,1.352044521112254,1.2381145746829132,1.3655248167441092,1.2080258072772654,0.8771268870214974,1.0400008977761714
8,OCO,17,4705.105,5105.055,5105.055,MEDIUM>MEDIUM,MEDIUM,17,2,1.2800000000000011,-0.2553333333333256,1.5353333333333268,"ALO,STR,BEA,GAS,LEC",5,-0.7306666666666786,2.2660000000000053,0.3063333333333418,0.4039736666666667,0.3994346666666666,75.44066666666667,74.16066666666667,1,17.0,0.2394366197183098,71,8,0.1749999999999971,0.0,0.0,-0.1610000000000013,0.0608333333333318,0.0608333333333318,0.1623697013147591,0.1056114545380735,0.1056114545380735,-0.2139999999999986,0.0459999999999993,0,1,0,75.477,-0.2523951793684631,0.0,-0.0363333333333315,-0.1538749999999993,1.4609999999999983,0.962999999999994,0.0447781212047417,7.0,13.0,51.3,34.6,0.0,0,0,28.6,1.8,0.794702,1.0,0.7378,0,0.384106,11.083999999999998,0.54039736,5.828945617610208,18,0,MEDIUM,75.477,1.4336666666666673,1.1859999999999928,5.0,12.0,0.0706403333333333,0,1.4325241545893732,,,,,,,,,,,,,,,,,,,,,
8,VER,17,4666.383,5105.055,5105.055,MEDIUM>HARD,HARD,17,2,0.9170000000000158,-0.0790000000000077,0.9960000000000236,"LEC,HAM,ANT,GAS,BEA",5,1.0223333333333215,-0.026333333333298,0.3799999999999954,0.0114469999999999,0.5991479999999999,72.70800000000001,71.791,1,17.0,0.2394366197183098,71,8,0.1244999999999976,0.0,0.0,0.0439999999999969,-0.0606666666666662,-0.0606666666666662,0.183992482027179,0.0316230613304108,0.0316230613304108,0.1069999999999993,-0.0189999999999912,0,1,0,72.733,-0.2860476777872804,0.0,-0.0249999999999914,0.285499999999999,-1.231499999999997,0.8710000000000022,0.092289727997077,7.0,2.0,51.3,34.6,-0.3000000000000042,0,0,28.6,1.8,0.013699,0.054795,4.799097,0,-9.400000000000032e-05,11.083999999999998,0.0093153199999999,5.796057750765372,18,0,MEDIUM,72.733,0.9000000000000057,0.6493333333333311,5.0,12.0,-0.0769043333333333,0,1.4325241545893732,1.0185239386539242,1.3902206421563323,1.167336428988281,1.3981466950994326,1.1715529508170273,1.401855496518958,1.1703876928776595,0.9766959873840766,0.9671074561650995,1.1072527393028884,1.0202081264889826,1.248466010413445,1.0825485788250244,0.9794330983712066,0.9532806823913279,1.1781040514326564,1.081066505766696,1.30351001514396,1.138661987006537,0.846394621149322,1.0277277067187542
8,LAW,18,4760.302,5182.324,5182.324,MEDIUM>HARD,HARD,18,2,1.214333333333343,-0.0829999999999984,1.2973333333333414,"BEA,SAI,GAS,LEC,ANT",5,-0.8776666666666699,2.175000000000012,0.4576666666666824,0.1156459999999999,0.674563,74.349,73.13466666666666,1,18.0,0.2535211267605634,71,8,0.1370000000000004,1.1099999999999994,-1.0060000000000002,-1.2575000000000074,0.0859166666666683,0.0859166666666683,-0.69178621052572,0.1057777699891216,0.1057777699891216,1.0060000000000002,-0.007000000000005,0,1,0,75.098,1.0717321615307611,-1.1099999999999994,-0.7489999999999952,-1.0955000000000013,0.9549999999999984,0.9549999999999984,0.0198611033224533,7.0,8.0,51.1,34.5,-0.1999999999999957,0,0,29.6,0.6,0.326667,0.706667,1.546844,0,0.3131529999999999,11.592,0.23520024,5.872117789475416,19,0,MEDIUM,75.098,0.7823333333333409,0.4816666666666644,5.0,13.0,-0.1954233333333334,0,1.4325241545893732,1.94935846076888,1.388753504016364,1.2028132347799096,1.3919140021578915,1.2034818809625354,1.396596472574747,1.203453574740473,1.8051829563428563,1.6770768203037958,1.6493066309388404,1.4916464418813487,1.5456526016626253,1.3591455556214997,1.4889996272323287,1.3854799451530022,1.5180271326682004,1.3763905321007632,1.529365583472828,1.3512700081679254,1.2541526361056028,1.2863408458940688
8,PIA,18,4748.455,5182.324,5182.324,MEDIUM>HARD,HARD,18,2,1.7540000000000049,-0.3846666666666749,2.13866666666668,"GAS,LEC,ANT,HAM,SAI",5,0.1463333333333309,1.9923333333333488,0.1883333333333183,0.0090856666666666,0.011655,73.24366666666667,71.48966666666666,1,18.0,0.2535211267605634,71,8,0.1079999999999969,0.2159999999999939,-0.2719999999999913,-0.0499999999999829,-0.0459833333333338,-0.0459833333333338,-0.0412960227447598,0.0348852100009433,0.0348852100009433,0.3499999999999943,-0.0245000000000032,0,1,0,73.451,0.0639768111093701,-0.2159999999999939,-0.2073333333333238,-0.0923749999999898,-0.6030000000000086,0.9575000000000032,0.0808685433342771,7.0,4.0,51.1,34.5,-0.1999999999999957,0,0,29.6,0.6,0.013605,0.034014,6.667105,0,0.006756,11.592,0.0097956,5.860786223465865,19,0,MEDIUM,73.451,0.9156666666666808,0.6386666666666608,5.0,13.0,-0.6381206666666666,0,1.4325241545893732,1.2514178545302967,1.388753504016364,1.1764339251087799,1.3919140021578915,1.1770879069825986,1.396596472574747,1.1770602215540027,1.210715326794518,1.1616574618150968,1.2415092586346597,1.132824059610897,1.3159776825067135,1.144425599440246,1.2160445391227674,1.1490281655143724,1.3179452185502196,1.1991386130937933,1.3704156809986132,1.200728458713929,1.0001425921670737,1.1132710811153024
8,RUS,18,4734.252,5182.324,5182.324,MEDIUM>HARD,HARD,18,2,1.3269999999999982,-0.3846666666666749,1.711666666666673,"LEC,ANT,HAM,GAS,SAI",5,-0.2046666666666539,1.916333333333327,0.1883333333333183,0.006865,0.111888,72.865,71.538,1,18.0,0.2535211267605634,71,8,0.089500000000001,0.0,0.0,0.0035000000000025,-0.0007666666666679,-0.0007666666666679,0.1354219017486713,0.0669846280315292,0.0669846280315292,-0.007000000000005,-0.0780000000000029,0,1,0,72.904,-0.2097989310446308,0.0,-0.0390000000000014,-0.0197499999999877,-1.112000000000009,1.041000000000011,0.0677512946981971,7.0,1.0,51.1,34.5,-0.1999999999999957,0,0,29.6,0.6,0.006849,0.020548,8.44998,0,-4.80000000000003e-05,11.592,0.00493128,5.8522024797744745,19,0,MEDIUM,72.904,1.0609999999999928,0.7966666666666575,5.0,13.0,-0.0255586666666666,0,1.4325241545893732,1.1704559856391443,1.388753504016364,1.1676728550479978,1.3919140021578915,1.1683219666261777,1.396596472574747,1.1682944873748895,1.1845566186108916,1.134097927462234,1.213687047214095,1.1035574444405092,1.2954667015072796,1.1201187908884354,1.1587327812485,1.0954363872310278,1.2806852666154882,1.161200437830608,1.3495257236814697,1.175615302730642,0.9553940105102472,1.085758247562184
8,OCO,32,5873.977,6283.736,6283.736,MEDIUM>HARD,HARD,14,2,0.2750000000000057,-0.5506666666666717,0.8256666666666774,"GAS,BEA,BOR,COL,LAW",5,,,0.0160000000000053,0.0204393333333333,0.0273973333333333,73.345,73.07,1,14.0,0.4507042253521127,71,6,0.0984999999999942,0.1990000000000122,0.0,-0.1485000000000127,0.0195999999999997,0.0195999999999997,-0.075448538569006,0.0243055150641553,0.0243055150641553,0.2050000000000125,0.0279999999999915,0,1,0,73.406,0.1422081250110949,-0.1990000000000122,-0.061000000000007,-0.1281666666666723,0.936000000000007,0.7639999999999958,0.0047055150641555,5.0,15.0,50.5,34.5,-0.8999999999999986,0,0,32.0,2.3,0.027211,0.22449,3.177748,0,0.013512,8.68,0.01523816,6.453624998892692,33,4,MEDIUM,73.406,0.0963333333333338,0.0153333333333355,12.0,2.0,0.0045353333333333,0,1.4325241545893732,1.6657394937812198,1.3922938324307648,1.183803884729783,1.416763479110723,1.2004880584579034,1.4178466268659067,1.1960436175876628,1.513753025654517,1.415599547239057,1.3857270185595152,1.2451979468417418,1.373715449277082,1.1863543783758923,1.790540011850438,1.637193279343144,1.546048761126077,1.3868254888970302,1.4478234765747275,1.2600590361310988,1.2646556904731443,1.2122750478137976
8,ALB,36,6178.496,6585.783,6585.783,MEDIUM>HARD,HARD,18,2,0.9356666666666626,-0.6829999999999927,1.6186666666666554,"STR,BOR,BEA,ALO,COL",5,0.1039999999999992,1.5146666666666562,0.4400000000000119,0.0869659999999999,0.1545106666666666,74.38199999999999,73.44633333333333,1,18.0,0.5070422535211268,71,8,0.349499999999999,-0.1629999999999967,0.0,0.1585000000000036,0.0712500000000027,0.0712500000000027,0.4447449943565971,0.087457197559781,0.087457197559781,-0.882000000000005,0.1545000000000058,0,1,0,74.131,-0.7447705827604381,0.1629999999999967,0.2509999999999905,0.1932500000000061,1.269999999999996,0.7129999999999939,0.0162071975597783,7.0,16.0,51.3,34.6,0.1999999999999957,0,0,32.3,2.2,0.047297,0.310811,3.131493,0,-0.1260359999999999,11.736,0.0340538399999999,6.572282542694008,37,4,MEDIUM,74.131,0.2519999999999953,-0.0529999999999972,12.0,6.0,-0.2330826666666666,0,1.4325241545893732,1.5165811796036235,1.388753504016364,1.1873252005042676,1.3919140021578915,1.1879852368589539,1.396596472574747,1.187957295122187,1.550268738733925,1.466631733701539,1.4327971551563183,1.3079063603352323,1.3906538612608295,1.2195783937356746,1.4985050831191038,1.400169565151377,1.4328263143936393,1.3054686352404268,1.4084466232117716,1.2429775667224703,1.042721503355092,1.122740653011732
8,LEC,36,6108.594,6585.783,6585.783,HARD>HARD,HARD,23,2,0.9089999999999918,-0.2453333333333347,1.1543333333333266,"PIA,RUS,HUL,LAW,LIN",5,-0.032999999999987,1.1873333333333136,0.268666666666661,0.0207536666666666,0.0858593333333333,72.36466666666666,71.45566666666667,1,23.0,0.5070422535211268,71,8,0.2334999999999993,0.2719999999999913,-0.2719999999999913,-0.3349999999999937,0.0725999999999989,0.0725999999999989,-0.1579428939959939,0.0582231697267512,0.0582231697267512,0.3979999999999961,0.1574999999999988,0,0,1,72.588,0.2644913887663733,-0.2719999999999913,-0.2233333333333291,-0.3356249999999932,-0.2510000000000048,0.7224999999999966,-0.0143768302732476,7.0,4.0,51.1,34.7,-0.2999999999999971,0,0,31.7,1.0,0.02069,0.075862,4.308043,0,0.006897,14.812,0.0190348,6.546785410760524,37,4,HARD,72.588,0.1859999999999928,-0.0461666666666786,17.0,6.0,-0.4385053333333333,0,1.4325241545893732,1.7677550795122474,2.523154889343184,2.135899359698942,2.25520344359304,1.9037129029571334,1.8708223558962744,1.5690413056531236,2.1188950962719244,1.917545559958514,1.9861321638307905,1.7577836291074613,1.7726779718474401,1.5230951102537804,2.3519691099150712,2.1081373473918372,2.1969219190814444,1.9396681305291859,1.915751569479693,1.6544426518678328,2.1267180062561417,1.679924002095199
8,GAS,37,6226.396,6660.7,6660.7,HARD>MEDIUM,MEDIUM,24,2,1.4966666666666557,-0.4816666666666691,1.9783333333333248,"BOR,LAW,LIN,STR,OCO",5,-0.1733333333333178,2.1516666666666424,0.1250000000000142,0.018018,0.255866,73.87433333333333,72.37766666666667,1,24.0,0.5211267605633803,71,8,0.3575000000000017,0.1980000000000075,-0.019999999999996,-0.4194999999999993,0.1371666666666655,0.1371666666666655,-0.0198742148249237,0.1091874976245421,0.1091874976245421,0.019999999999996,0.1814999999999997,0,0,1,73.947,0.0325494656563165,-0.1980000000000075,-0.0726666666666773,-0.4265000000000043,0.7565000000000026,0.6424999999999983,-0.0279791690421234,7.0,12.0,51.1,34.5,0.0,0,0,32.1,1.8,0.013514,0.047297,9.913295,0,-0.006756,15.456,0.01297344,6.588926477533519,38,4,HARD,73.947,0.7423333333333204,0.3096666666666673,17.0,7.0,0.0020826666666666,0,1.4325241545893732,1.9008912279041978,2.2075930868748226,1.8876721261304166,2.0793604815141298,1.7750255894365723,1.8234686097316162,1.550633634506275,2.0921635352256804,1.940367968388603,1.943894647824452,1.7512991730096634,1.7881023361181256,1.5592435413398125,2.0344752200692824,1.8675009601623775,2.078327519037298,1.8658620051457258,1.9232330292740185,1.6855742540544687,1.9114356847416314,1.7184287230370134
8,HAD,39,6331.068,6809.817,6809.817,MEDIUM>HARD,HARD,21,2,0.9996666666666556,-0.1200000000000045,1.11966666666666,"NOR,HUL,OCO,VER,ANT",5,0.3873333333333306,0.7323333333333295,0.0319999999999822,0.0321693333333333,0.4254006666666667,72.45666666666666,71.45700000000001,1,21.0,0.5492957746478874,71,8,0.1200000000000116,0.0,0.0,-0.1284999999999883,0.0389583333333328,0.0389583333333328,0.0692404047392187,0.040220070152107,0.040220070152107,0.2150000000000034,0.1490000000000009,0,1,0,72.443,-0.1099875050731071,0.0,0.0136666666666656,-0.0742499999999921,-0.5259999999999962,0.8344999999999914,0.0012617368187741,7.0,6.0,50.8,34.5,-0.3000000000000042,0,0,32.1,1.9,0.02069,0.144828,3.995947,0,-0.014032,13.271999999999998,0.0173796,6.626717749249025,40,4,MEDIUM,72.443,0.2126666666666636,-0.228666666666669,12.0,9.0,-0.6593773333333333,0,1.4325241545893732,1.2832211871397552,1.3820086526144588,1.1514881379342619,1.3730190884451863,1.1429999220574205,1.3809453834773524,1.1465755290488917,1.2619426092625954,1.1912418628328905,1.232018341909579,1.1082927914957696,1.2932569308310218,1.1082213452296812,1.368231828641415,1.2666815252778858,1.3173684822771674,1.183575208704355,1.3430606814945818,1.1613255676312542,1.0423694561264134,1.1195655237194955
8,HAM,41,6471.312,6959.489,6959.489,SOFT>HARD,HARD,18,2,1.0803333333333427,0.0776666666666727,1.00266666666667,"VER,NOR,ANT,LEC,ALB",5,-0.2029999999999887,1.205666666666659,0.2816666666666663,0.5280333333333332,0.175137,72.28266666666667,71.20233333333333,1,18.0,0.5774647887323944,71,8,0.2054999999999935,-0.0639999999999929,0.0,-0.0120000000000004,0.0922714285714296,0.0922714285714296,0.1971159846808774,0.071601481784757,0.071601481784757,0.0240000000000009,-0.206000000000003,1,0,0,72.183,-0.3079178567787437,0.0639999999999929,0.0996666666666641,-0.0580000000000069,-0.7424999999999926,0.8019999999999996,-0.0206699467866725,7.0,5.0,51.6,34.4,0.6000000000000014,0,0,32.2,1.4,0.291667,1.0,1.159202,0,-0.111111,11.952,0.21000024,6.674561391814426,42,4,SOFT,72.183,0.6323333333333352,0.19983333333334,7.0,11.0,-0.0242040000000001,0,1.4325241545893732,1.1683519027873515,1.7228240863721342,1.4364513480375458,1.6018732614368019,1.3361020200935405,1.5271323653082298,1.2692230197594083,1.1807372256650943,1.0887160035706875,1.2084303028999215,1.065062720915055,1.3364969837776668,1.1340932359978022,1.0055881688898531,0.8843029755203341,1.0265264599332247,0.8838359053006197,1.2994649350341028,1.0966552807466985,0.8070763411733279,1.0660838203934728
8,PIA,41,6470.112,6959.489,6959.489,HARD>HARD,HARD,22,2,1.3216666666666583,0.0776666666666727,1.2439999999999856,"NOR,ANT,VER,LEC,ALB",5,0.3453333333333575,0.8986666666666281,0.2816666666666663,0.0601849999999999,0.2138146666666666,72.05233333333332,70.73066666666666,1,22.0,0.5774647887323944,71,8,0.1029999999999944,0.0,-0.0919999999999987,-0.034000000000006,0.0024571428571426,0.0024571428571426,0.1359850012049008,0.0407931038657299,0.0407931038657299,0.0990000000000037,-0.2355000000000018,0,0,1,72.116,-0.2124242242091867,0.0,-0.0636666666666769,0.0581250000000039,-0.8094999999999999,0.8019999999999996,0.0383359610085873,7.0,4.0,51.6,34.4,0.6000000000000014,0,0,32.2,1.4,0.145833,0.833333,1.510599,0,0.1319439999999999,14.608000000000002,0.1283330399999999,6.673297967767654,42,4,HARD,72.116,0.4406666666666581,0.0081666666666631,11.0,11.0,-0.060381,0,1.4325241545893732,1.4742159652845288,2.5173805661785558,2.117701737549681,2.252431369523723,1.8894322537406163,1.8704603076921071,1.5588149483113771,1.8015929558291757,1.6211713172555038,1.7537279302833344,1.5320681865863677,1.6335605489090912,1.384866187686229,1.7556279952565115,1.5705980403248376,1.824893059511797,1.5923528453937794,1.7368142787942698,1.4786094406596655,1.6810337610349229,1.4628303440943875
8,RUS,42,6525.961,7034.622,7034.622,HARD>HARD,HARD,23,2,1.1949999999999932,-0.3059999999999974,1.5009999999999906,"VER,GAS,ANT,LEC,ALB",5,0.4613333333333429,1.0396666666666476,0.0853333333333239,0.0208013333333333,0.098725,72.13133333333333,70.93633333333334,1,23.0,0.5915492957746479,71,8,0.1454999999999984,-0.0090000000000003,0.0,0.0045000000000072,-0.0280833333333336,-0.0280833333333336,0.131135883548481,0.0473218709822821,0.0473218709822821,0.289999999999992,0.0550000000000068,0,0,1,72.225,-0.2038438488329887,0.0090000000000003,-0.0936666666666639,0.0633750000000077,-0.8569999999999993,0.8954999999999984,0.0754052043156157,7.0,1.0,51.9,34.5,0.6000000000000014,0,0,31.6,1.3,0.013793,0.165517,3.479628,0,-0.00704,15.548,0.0126895599999999,6.689599269178967,43,4,HARD,72.225,0.7710000000000008,0.1580000000000012,11.0,12.0,-0.046847,0,1.4325241545893732,1.4901385931607498,2.523154889343184,2.125218097402547,2.25520344359304,1.894192764865804,1.8708223558962744,1.5611948021821356,1.8018936929173568,1.6381712092254173,1.7904419871862176,1.5795362917601543,1.6664681215680122,1.422923774304912,1.9306928361278033,1.7324070733971717,1.9603132290624,1.7220340532609406,1.8019719572140143,1.5454484283432206,1.884095505523812,1.5616780153676537
8,BOR,43,6658.511,7111.717,7111.717,MEDIUM>HARD,HARD,26,2,1.9156666666666664,-0.416333333333327,2.3319999999999936,"ALB,ALO,GAS,OCO,VER",5,-0.4853333333333296,2.8173333333333237,0.2233333333333291,0.2995043333333333,0.0531446666666666,74.109,72.19333333333333,1,26.0,0.6056338028169014,71,8,0.2354999999999947,0.561000000000007,-0.1770000000000067,-0.7535000000000025,0.15208333333333,0.15208333333333,-0.1869144318767155,0.1244653534270679,0.1244653534270679,0.1770000000000067,0.2740000000000009,0,1,0,74.387,0.2895724214339168,-0.561000000000007,-0.2780000000000058,-0.6580000000000155,0.8245000000000005,1.099499999999999,-0.027617979906262,7.0,11.0,52.1,34.5,0.1000000000000014,0,0,30.7,1.6,0.020134,0.053691,6.02492,0,-0.209596,17.784000000000002,0.0209393599999999,6.731018100482083,44,4,MEDIUM,74.387,1.3933333333333309,0.7006666666666728,13.0,13.0,0.265069,0,1.4325241545893732,1.8730376609428196,1.3628995785632108,1.1616364774982535,1.340444627375444,1.1422620691975536,1.3549548126328153,1.152902902062589,1.6878905942707223,1.5651805614697951,1.5426263241387486,1.3902758147938366,1.461506914043505,1.2761543654481728,1.6285684009093562,1.5014431947967264,1.5553539466489923,1.407523443124934,1.4785752736685676,1.305967490181175,1.1990949170977425,1.2443813173543572
8,BEA,44,6759.153,7191.931,7191.931,HARD>MEDIUM,MEDIUM,20,2,1.2950000000000017,-0.3849999999999909,1.6799999999999926,"ALB,GAS,OCO,ANT,LEC",5,0.548333333333332,1.1316666666666606,0.1103333333333154,0.1590636666666666,0.0864493333333333,74.13033333333334,72.83533333333334,1,20.0,0.6197183098591549,71,8,0.268500000000003,0.0,0.0,0.1650000000000062,-0.0958333333333344,-0.0958333333333344,0.4678983808947521,0.0699535458965898,0.0699535458965898,-0.929000000000002,0.046999999999997,0,0,1,73.877,-0.7235124774964419,0.0,0.2533333333333445,0.599250000000012,0.7719999999999914,0.9080000000000013,0.1657868792299243,7.0,14.0,51.9,34.5,-0.2000000000000028,0,0,30.7,2.6,0.067568,0.418919,2.682309,0,-0.3082709999999999,13.52,0.0540544,6.761572768804055,45,3,HARD,73.877,1.0520000000000067,0.2728333333333239,6.0,14.0,0.0494746666666666,0,1.4325241545893732,1.4134455049311385,2.1827194091131155,1.8667774366602539,2.067179306749896,1.7646121455164119,1.8214379566810854,1.5485577581397783,1.554507608735984,1.4793758838278908,1.6141034168031148,1.462334966795882,1.6043301616565848,1.3964451819861154,1.3493858356244948,1.2797729835957095,1.6373539386111053,1.4839212903480679,1.6896702921408207,1.4809387124219122,1.2707388113922207,1.4009701573680384
8,HUL,44,6741.573,7191.931,7191.931,MEDIUM>HARD,HARD,23,2,0.6063333333333389,-0.3849999999999909,0.9913333333333298,"ALB,GAS,ANT,LEC,HAD",5,0.0319999999999822,0.9593333333333476,0.1103333333333154,0.0251143333333333,0.029885,73.01800000000001,72.41166666666668,1,23.0,0.6197183098591549,71,8,0.1035000000000039,0.046999999999997,-0.046999999999997,-0.1315000000000026,0.0373333333333315,0.0373333333333315,-0.050321476454485,0.0314288799267616,0.0314288799267616,0.046999999999997,0.0990000000000037,0,1,0,73.105,0.0777847706351906,-0.046999999999997,-0.086999999999989,-0.1548749999999898,0.0,1.382000000000005,-0.0059044534065699,7.0,12.0,51.9,34.5,-0.2000000000000028,0,0,30.7,2.6,0.034247,0.082192,6.457045,0,0.020548,15.548,0.03150724,6.756932389247553,45,4,MEDIUM,73.105,0.332333333333338,-0.4274999999999949,9.0,14.0,0.004472,0,1.4325241545893732,1.4035571015132153,1.3755495121547179,1.154702109790646,1.3601847135072034,1.1412338025088298,1.3705601004559929,1.1474550998594064,1.308428930372528,1.224683028074039,1.254757970565156,1.1231913951102808,1.298876925293357,1.1150675811156436,1.4570348562665152,1.3419960213007487,1.3562360260131159,1.2188559607605778,1.3528062340569287,1.1755653464991693,1.0509944654423005,1.1256132410344508
8,LAW,44,6725.685,7191.931,7191.931,HARD>MEDIUM,MEDIUM,25,2,1.5086666666666702,-0.3849999999999909,1.893666666666661,"ALB,GAS,ANT,HAD,LEC",5,0.4473333333333187,1.4463333333333424,0.1103333333333154,0.5244836666666667,0.3047093333333333,73.63566666666667,72.127,1,25.0,0.6197183098591549,71,8,0.3639999999999972,0.7139999999999986,-0.3579999999999899,-0.5360000000000014,0.0421333333333336,0.0421333333333336,-0.2018632589254423,0.0809058784005539,0.0809058784005539,0.3579999999999899,0.1629999999999967,0,0,1,73.993,0.3120315301040222,-0.7139999999999986,-0.3573333333333295,-0.3822499999999991,0.8954999999999984,1.3320000000000007,0.0387725450672202,7.0,10.0,51.9,34.5,-0.2000000000000028,0,0,30.7,2.6,0.702703,1.0,0.826622,0,0.138077,16.9,0.702703,6.752270376141742,45,4,HARD,73.993,1.1906666666666723,0.4333333333333371,11.0,14.0,0.1616183333333333,0,1.4325241545893732,1.896650707391567,2.211701887733117,1.891907745001433,2.0811228668199204,1.7772113756678316,1.8232931842097098,1.5511500218289018,1.8757165956370514,1.7473622058861629,1.8600739300400846,1.6725577496837742,1.7627742884489372,1.5335825627449544,0.8151306835181882,0.8186273363889808,1.387863146497705,1.2640527959495027,1.6974563671609537,1.4823677636546468,1.0811035090030294,1.3808780057762984
8,COL,45,6841.776,7300.416,7300.416,HARD>MEDIUM,MEDIUM,25,2,2.1000000000000085,-0.2806666666666615,2.38066666666667,"OCO,ALB,GAS,HAD,ANT",5,-0.2960000000000065,2.6766666666666765,0.1750000000000113,0.2792576666666667,0.3355203333333333,74.305,72.205,1,25.0,0.6338028169014085,71,8,0.25,0.0,0.0,-0.2390000000000043,0.0158749999999994,0.0158749999999994,0.1957329997524368,0.0441087486505571,0.0441087486505571,0.4150000000000062,-0.0349999999999965,0,0,1,74.111,-0.3043222464001189,0.0,0.1940000000000026,0.1582499999999953,1.6460000000000008,1.4200000000000017,0.0282337486505577,7.0,15.0,51.9,34.8,-0.1000000000000014,0,0,30.1,0.8,0.047297,0.317568,3.234141,0,-0.143179,16.9,0.047297,6.786716950605081,46,5,HARD,74.111,0.920333333333346,0.4931666666666719,10.0,15.0,-0.1688489999999999,0,1.4325241545893732,1.7628914706979348,2.211701887733117,1.8949248562675014,2.0811228668199204,1.7800455754209004,1.8232931842097098,1.5536237112667652,1.9620096395989592,1.8159432538534024,1.7960268077677572,1.607276418052844,1.6733154946656201,1.4510818282162663,1.8970104578443805,1.7410569212859126,1.918905975938995,1.719880721941627,1.8067497764288827,1.580255754442365,1.619019414407101,1.5465554101658647
8,LIN,45,6798.667,7300.416,7300.416,HARD>MEDIUM,MEDIUM,27,2,1.9066666666666665,-0.3146666666666675,2.221333333333334,"ALB,GAS,ANT,OCO,LEC",5,-0.059666666666672,2.281000000000006,0.1410000000000053,0.018018,0.428241,73.95433333333334,72.04766666666667,1,27.0,0.6338028169014085,71,8,0.3115000000000023,0.061000000000007,0.0,-0.2109999999999985,0.1105833333333343,0.1105833333333343,0.032518544677643,0.095972845447039,0.095972845447039,-0.0379999999999967,-0.0789999999999935,0,0,1,73.962,-0.0501929181788227,-0.061000000000007,-0.0076666666666653,-0.237125000000006,1.2240000000000038,1.1814999999999998,-0.0146104878862952,7.0,9.0,52.0,34.7,0.1000000000000014,0,0,30.2,0.9,0.013514,0.054054,9.114851,0,-0.006756,18.36,0.01459512,6.773080375655535,46,4,HARD,73.962,1.4323333333333323,0.9329999999999976,12.0,15.0,-0.0027043333333333,0,1.4325241545893732,1.8631150909723937,2.217532059121257,1.8952895035257689,2.0832162867565787,1.7773967233702574,1.8221811051623291,1.548934487337572,2.0362286259690214,1.869390801078721,1.880120880429584,1.6743263145051095,1.7339270994099223,1.499866682754899,2.0445532823104573,1.859260895134155,2.063893363810361,1.839321699067145,1.8973585838695506,1.6549240873025552,1.8454013347605995,1.66730335906465
8,NOR,46,6837.604,7374.769,7374.769,HARD>HARD,HARD,25,2,1.3543333333333436,-0.1009999999999919,1.4553333333333356,"HAM,LEC,PIA,HAD",4,-0.2946666666666715,1.750000000000007,0.1173333333333275,0.1977489999999999,0.1596246666666666,72.364,71.00966666666666,1,25.0,0.647887323943662,71,8,0.1054999999999992,0.1910000000000025,-0.1120000000000089,-0.2535000000000025,0.0395999999999993,0.0395999999999993,-0.106911764861195,0.0505683395300549,0.0505683395300549,0.1910000000000025,-0.0379999999999967,0,0,1,72.465,0.1648698236773356,-0.1910000000000025,-0.100999999999999,-0.2808750000000088,0.0,1.2309999999999943,0.0109683395300555,7.0,4.0,51.9,34.8,-0.1000000000000014,0,0,30.1,0.8,0.048276,0.17931,3.642982,0,0.027443,16.9,0.048276,6.785587645007929,47,4,HARD,72.465,0.5953333333333433,0.2321666666666667,9.0,16.0,0.0958323333333333,0,1.4325241545893732,1.8067718099582264,2.5321947118887533,2.1389335708900585,2.2592251492905806,1.9030248148443827,1.8707359646055077,1.5657324410955928,2.147753401076449,1.9168659632522085,1.9489625663007044,1.7013588783487494,1.7270110661453044,1.4690621389721208,2.397913632358345,2.124240297848507,2.1733161200563322,1.8996493700767199,1.8835732506581573,1.6142470921236323,2.088945367755687,1.643786162751801
8,LEC,58,7724.289,8258.07,8258.07,HARD>SOFT,SOFT,21,5,1.9506666666666772,-0.4963333333333253,2.4470000000000027,"BOR,BEA,HAD,LAW,ALO",5,,,0.4566666666666634,0.3880666666666667,0.262911,72.91866666666668,70.968,1,21.0,0.8169014084507042,71,5,0.0640000000000071,0.5759999999999934,0.0,-0.5759999999999934,0.089500000000001,0.089500000000001,-0.0093584014169607,0.0337213351124173,0.0337213351124173,0.5759999999999934,0.1340000000000003,0,0,1,72.651,0.0180408945254555,-0.5759999999999934,0.2676666666666847,-0.0849999999999937,0.6340000000000003,0.9024999999999964,-0.0557786648875836,4.0,7.0,50.7,34.3,-0.0999999999999943,0,0,31.1,1.5,0.193103,0.903448,1.826166,0,-0.237453,13.188000000000002,0.16220652,7.004881989712859,59,7,HARD,72.651,0.0,0.0,20.0,1.0,0.0,0,1.4325241545893732,1.3998943194816338,1.5870791468087122,1.2847786658277258,1.5967001402431338,1.3053705294657176,1.5766705404499919,1.301076396277109,1.3343278089108264,1.201916020833394,1.3211237327124825,1.1452688258237766,1.42193453684952,1.1970185578759789,1.1810119147600617,1.055168580279968,1.3102112146426796,1.138247639952616,1.478779434925449,1.2541131286608072,1.2491920878349974,1.3152466420035087
