round,driver,lap,c_old,c_new,age_old,age_new,t_old,t_new,fuel_old,fuel_new,close_old,close_new,step_obs,pair,d_fuel,d_close,tt,horizon,age,progress,race_laps,n_recent,spread,last_minus_median,median3_minus_last,median8_minus_last,slope,slope_h,kalman_minus_last,kalman_trend,kalman_h,last_delta,field_delta,soft,medium,hard,pace_scale,innovation,median5_minus_last,mean3_minus_last,mean8_minus_last,field_relative,field_spread,trend_change,history_span,position,track_temp_c,air_temp_c,track_temp_change_c,weather_missing,rainfall,humidity_pct,wind_speed_ms,traffic_close,traffic_near,traffic_gap_s,traffic_missing,traffic_change,thermal_age,traffic_age,field_laps_log,target_lap,issued_s,segment,compound,current_s,selected_s,baseline,previous_s,radius_s
4,ALB,26.0,MEDIUM,HARD,25.0,3.0,95.32799999999999,93.832,40.52631578947368,34.385964912280706,0.27918494152046786,0.33886107634543183,1.4959999999999951,MEDIUM>HARD,6.140350877192972,-0.05967613482496398,38.45361423264986,1,26.0,0.45614035087719296,57,8,0.11999999999999744,-0.13299999999999557,0.15500000000000114,0.07399999999999807,0.014000000000000767,0.014000000000000767,0.19495167432378935,0.0007956030975121535,0.0007956030975121535,-0.15500000000000114,0.005000000000009663,0,1,0,94.964,-0.3264663434971453,0.13299999999999557,0.3639999999999901,0.1548750000000041,-0.03700000000000614,1.036999999999992,-0.013204396902488614,7.0,10.0,37.5,27.6,0.10000000000000142,0,0,68.5,0.9,0.063158,0.394737,3.040145,0,-0.305263,2.6,0.06568432,6.182084906716632,27,6191.349,8,MEDIUM,94.964,0.9212540432983979,0.9663434343434372,0.8938054828308166,
4,ALO,40.0,MEDIUM,SOFT,39.0,3.0,96.99366666666667,94.552,23.333333333333332,17.19298245614035,0.121606249574841,0.46568949648715585,2.441666666666663,MEDIUM>SOFT,6.140350877192983,-0.34408324691231484,38.51611943297426,1,40.0,0.7017543859649122,57,8,0.15699999999999648,1.1589999999999918,-0.8469999999999942,-1.1664999999999992,0.12657142857142828,0.12657142857142828,-0.7445714076873458,0.08714186288966748,0.08714186288966748,1.3229999999999933,0.0799999999999983,0,1,0,97.717,1.1468188760862859,-1.1589999999999918,-0.7233333333333292,-1.1063749999999999,3.7055000000000007,0.7519999999999953,-0.0394295656817608,7.0,15.0,39.4,28.0,0.19999999999999574,0,0,67.7,0.8,0.328205,0.65641,1.262288,0,0.266029,7.039999999999997,0.525128,6.610696044717759,41,7567.875,8,MEDIUM,97.717,1.3606990620027495,0.9663434343434372,2.3586068442621597,
4,ANT,25.0,MEDIUM,HARD,24.0,3.0,92.95466666666668,92.485,41.75438596491228,35.614035087719294,0.08602150537634408,0.4319283870125385,0.4696666666666829,MEDIUM>HARD,6.1403508771929864,-0.34590688163619443,38.53057167034027,1,25.0,0.43859649122807015,57,8,0.15699999999999648,0.07399999999999807,-0.07399999999999807,-0.028499999999993975,-0.05112499999999862,-0.05112499999999862,-0.15726387852964763,-0.036761018238614454,-0.036761018238614454,0.26599999999999113,0.20299999999999585,0,1,0,93.068,0.27065871681475073,-0.07399999999999807,-0.11333333333334394,-0.018999999999991246,-1.7420000000000044,1.1304999999999978,0.014363981761384169,7.0,2.0,37.0,27.5,0.0,0,0,68.8,0.6,0.155914,0.543011,2.299924,0,0.043010999999999994,2.0,0.155914,6.126869184114185,26,6066.067,8,MEDIUM,93.068,0.8609809642393568,0.9663434343434372,0.6889411659848175,
4,BEA,25.0,MEDIUM,HARD,24.0,3.0,95.55033333333334,93.882,41.75438596491228,35.614035087719294,0.30599036451231704,0.46276595744680854,1.6683333333333366,MEDIUM>HARD,6.1403508771929864,-0.1567755929344915,38.53057167034027,1,25.0,0.43859649122807015,57,8,0.08050000000000068,-0.09199999999999875,0.09199999999999875,0.09099999999999397,-0.01258333333333302,-0.01258333333333302,0.34048268390850467,0.019268076860537504,0.019268076860537504,-0.09199999999999875,0.2389999999999901,0,1,0,95.015,-0.5859871140526707,0.09199999999999875,0.535333333333341,0.2688749999999942,0.009500000000002728,1.116500000000002,0.03185141019387053,7.0,11.0,37.4,27.5,0.3999999999999986,0,0,68.7,1.7,0.2,0.752632,1.761029,0,0.0,2.3999999999999986,0.2,6.1463292576688975,26,6098.175,8,MEDIUM,95.015,0.9323009206646511,0.9663434343434372,0.8563384170303914,
4,BOR,31.0,MEDIUM,HARD,30.0,3.0,95.08433333333333,93.68366666666668,34.38596491228069,28.245614035087716,0.052539726279048404,0.04981605795122691,1.4006666666666518,MEDIUM>HARD,6.140350877192976,0.0027236683278214976,38.37182574836945,1,31.0,0.543859649122807,57,8,0.02750000000000341,0.17799999999999727,-0.17799999999999727,-0.19199999999999307,0.015999999999998238,0.015999999999998238,-0.20419716768363116,-0.02114497553486403,-0.02114497553486403,0.17799999999999727,-0.09099999999999397,0,1,0,95.204,0.3174137806913535,-0.17799999999999727,-0.11966666666666015,-0.1557499999999976,1.4199999999999875,0.9200000000000017,-0.03714497553486227,7.0,9.0,38.9,28.0,0.10000000000000142,0,0,66.6,1.7,0.068063,0.282723,3.742947,0,-0.0003579999999999972,4.835999999999998,0.08439812,6.35088571671474,32,6676.028,8,MEDIUM,95.204,0.9991248476277126,0.9663434343434372,1.2338473066626992,
4,BOT,20.0,SOFT,MEDIUM,13.0,3.0,97.175,96.75733333333334,47.89473684210526,41.75438596491228,0.18465939337649487,0.49876859970771886,0.41766666666666197,SOFT>MEDIUM,6.140350877192979,-0.31410920633122397,39.17176563179955,1,14.0,0.3508771929824561,57,5,0.13599999999999568,1.137999999999991,-1.0019999999999953,-1.137999999999991,0.34941666666666416,0.34941666666666416,-0.5511939930543122,0.18469294913754183,0.18469294913754183,1.0019999999999953,0.09300000000000352,1,0,0,97.904,1.0498184229073075,-1.137999999999991,-0.7289999999999992,-1.0297999999999945,2.7989999999999924,1.2430000000000092,-0.16472371752912232,4.0,17.0,37.4,27.8,-1.0,0,0,67.8,1.2,0.357143,0.704082,1.31969,0,0.290133,1.3439999999999992,0.20000008000000002,5.948034989180646,21,5640.184,8,SOFT,97.904,,0.9663434343434372,,
4,BOT,29.0,MEDIUM,MEDIUM,7.0,12.0,96.56700000000001,98.42900000000002,36.84210526315789,30.701754385964914,0.08808290155440414,0.16696057910343623,-1.862000000000009,MEDIUM>MEDIUM,6.140350877192976,-0.07887767754903209,38.35043380992113,1,8.0,0.5087719298245614,57,7,0.10599999999999454,0.0,0.09000000000000341,0.0,0.01766666666666576,0.01766666666666576,-0.012690104067900165,-0.06116244408606012,-0.06116244408606012,-0.16800000000000637,0.04999999999999716,0,1,0,96.481,0.023293549888634857,0.0,0.08600000000001273,0.12400000000000944,2.2889999999999873,1.3099999999999952,-0.07882911075272588,6.0,18.0,38.3,27.8,0.29999999999999716,0,0,66.8,0.8,0.067358,0.378238,3.142897,0,-0.010361999999999996,1.0559999999999992,0.02155456,6.302618975744905,30,6530.864,9,MEDIUM,96.481,,0.9663434343434372,,
4,COL,30.0,MEDIUM,HARD,29.0,3.0,94.302,93.089,35.614035087719294,29.473684210526315,0.051334008780817286,0.057347670250896064,1.213000000000008,MEDIUM>HARD,6.140350877192979,-0.006013661470078778,38.3474259402172,1,30.0,0.5263157894736842,57,8,0.07900000000000063,-0.08300000000001262,0.13100000000000023,0.028000000000005798,0.02507142857142851,0.02507142857142851,-0.0028084976690365693,-0.023961694361626644,-0.023961694361626644,-0.13100000000000023,-0.08599999999999852,0,1,0,94.192,0.0044180532585045285,0.08300000000001262,0.11000000000001364,0.010625000000004547,0.07549999999999102,1.3699999999999974,-0.04903312293305515,7.0,4.0,38.8,27.9,0.7999999999999972,0,0,66.4,0.0,0.069149,0.12234,5.845702,0,0.005656999999999995,4.559999999999997,0.0829788,6.309918278226516,31,6556.866,8,MEDIUM,94.192,0.9736527875597945,0.9663434343434372,1.0297070287452263,
4,HAM,26.0,MEDIUM,HARD,25.0,3.0,94.41033333333333,92.75066666666667,40.52631578947368,34.385964912280706,0.08630085852930197,0.05216506829410056,1.6596666666666522,MEDIUM>HARD,6.140350877192972,0.03413579023520141,38.45361423264986,1,26.0,0.45614035087719296,57,8,0.0799999999999983,0.8169999999999931,-0.7939999999999969,-0.805499999999995,0.017666666666665755,0.017666666666665755,-0.5313108579954644,0.05665034052175901,0.05665034052175901,0.7939999999999969,-0.09199999999999875,0,1,0,94.984,0.8897338977557041,-0.8169999999999931,-0.5736666666666679,-0.7637500000000017,-0.03100000000000591,0.9440000000000026,0.03898367385509326,7.0,5.0,36.8,27.6,-0.6000000000000014,0,0,67.9,0.9,0.168421,0.342105,3.574256,0,0.10459099999999999,1.871999999999997,0.17515784,6.171700597410915,27,6175.193,8,MEDIUM,94.984,1.0076690146812604,0.9663434343434372,1.0442677552853357,
4,LEC,20.0,MEDIUM,HARD,19.0,3.0,93.64,93.48666666666666,47.89473684210526,41.75438596491228,0.04982553950013274,0.7775793789157267,0.15333333333333599,MEDIUM>HARD,6.140350877192979,-0.727753839415594,39.17176563179955,1,20.0,0.3508771929824561,57,4,0.0764999999999958,-0.0014999999999929514,0.0,0.0014999999999929514,-0.3711666666666626,-0.3711666666666626,-0.018115622383987784,-0.08951043397592581,-0.08951043397592581,0.14999999999999147,-0.15100000000000335,0,1,0,93.689,0.03457909990021335,0.0014999999999929514,-0.049000000000006594,0.4052499999999952,-1.180499999999995,1.1659999999999897,0.2816562326907368,3.0,3.0,37.4,27.8,-1.3000000000000043,0,0,67.8,1.2,0.058824,0.229947,3.999103,0,-0.0053470000000000045,1.9199999999999988,0.047059199999999995,5.910796644040527,21,5605.776,8,MEDIUM,93.689,0.8006888538735599,0.9663434343434372,0.5446255018188344,
4,LIN,27.0,MEDIUM,HARD,26.0,3.0,95.981,94.20366666666666,39.29824561403509,33.1578947368421,0.04860296345025273,0.10983526586363467,1.7773333333333312,MEDIUM>HARD,6.1403508771929864,-0.061232302413381935,38.40945789136108,1,27.0,0.47368421052631576,57,8,0.08949999999999392,0.17899999999998784,-0.031999999999996476,-0.08749999999999147,-0.030250000000000554,-0.030250000000000554,-0.17291946910741274,-0.03453030160786201,-0.03453030160786201,0.23499999999999943,-0.1869999999999976,0,1,0,96.07,0.283202952700492,-0.17899999999998784,-0.08899999999999864,-0.08012499999999534,0.8179999999999978,1.0100000000000051,-0.004280301607861456,7.0,13.0,37.3,27.7,-0.20000000000000284,0,0,67.4,2.4,0.067708,0.125,6.676921,0,0.00488100000000001,2.483999999999997,0.07312464,6.22455842927536,28,6303.374,9,MEDIUM,96.07,0.9966233994582785,0.9663434343434372,1.0582226586773489,
4,NOR,26.0,MEDIUM,HARD,25.0,3.0,93.17866666666667,92.589,40.52631578947368,34.385964912280706,0.04999712494968662,0.5275807951639154,0.5896666666666732,MEDIUM>HARD,6.140350877192972,-0.4775836702142288,38.45361423264986,1,26.0,0.45614035087719296,57,8,0.047999999999994714,-0.034000000000006025,0.034000000000006025,0.016999999999995907,0.01975000000000122,0.01975000000000122,0.10382990417960514,0.016798908699679975,0.016798908699679975,-0.32500000000000284,0.01950000000000074,0,1,0,93.059,-0.17387370116593104,0.034000000000006025,0.11966666666667436,0.03650000000000375,-1.9490000000000123,0.9714999999999918,-0.0029510913003212465,7.0,1.0,36.8,27.6,-0.20000000000000284,0,0,67.9,0.9,0.064171,0.128342,12.596092,0,0.005031000000000008,1.871999999999997,0.06673784,6.163314804034641,27,6156.959,8,MEDIUM,93.059,0.8906505979329886,0.9663434343434372,0.6914878264688377,
4,OCO,30.0,MEDIUM,HARD,29.0,3.0,95.46233333333333,93.87766666666668,35.614035087719294,29.473684210526315,0.09598603839441537,0.04787234042553192,1.5846666666666493,MEDIUM>HARD,6.140350877192979,0.04811369796888345,38.3474259402172,1,30.0,0.5263157894736842,57,8,0.09949999999999903,-0.07500000000000284,0.07500000000000284,0.0049999999999954525,0.05699999999999607,0.05699999999999607,0.056398123170239955,0.021874615535098358,0.021874615535098358,-0.13299999999999557,-0.12100000000000932,0,1,0,95.393,-0.08871999951887233,0.07500000000000284,0.0693333333333328,-0.08250000000001023,1.3319999999999936,1.3319999999999936,-0.03512538446489771,7.0,9.0,38.8,27.9,0.7999999999999972,0,0,66.4,0.0,0.068063,0.13089,6.857833,0,-0.0052350000000000035,4.559999999999997,0.0816756,6.318968113746434,31,6576.641,8,MEDIUM,95.393,1.0362743255883475,0.9663434343434372,1.1911187384664532,
4,PER,28.0,MEDIUM,HARD,27.0,3.0,96.52733333333333,95.09499999999998,38.070175438596486,31.929824561403507,0.04836907008766151,0.049049324882887844,1.4323333333333466,MEDIUM>HARD,6.140350877192979,-0.0006802547952263344,38.37180368993304,1,28.0,0.49122807017543857,57,8,0.16949999999999932,0.5339999999999918,-0.5339999999999918,-0.46649999999999636,0.04875000000000185,0.04875000000000185,-0.31506440798739277,0.021740939706185517,0.021740939706185517,0.5339999999999918,-0.09949999999999903,0,1,0,96.919,0.5004758175863628,-0.5339999999999918,-0.3916666666666657,-0.4116250000000008,2.2369999999999948,1.2624999999999957,-0.02700906029381633,7.0,15.0,37.8,27.8,0.3999999999999986,0,0,66.9,2.1,0.07732,0.123711,5.742775,0,-0.0060130000000000045,3.135999999999997,0.08659839999999999,6.263398262591624,29,6408.265,8,MEDIUM,96.919,1.070853893188012,0.9663434343434372,1.2985678367350446,
4,PIA,27.0,MEDIUM,HARD,26.0,3.0,94.19066666666667,92.26199999999999,39.29824561403509,33.1578947368421,0.04949608062709967,0.3464061887974932,1.928666666666686,MEDIUM>HARD,6.1403508771929864,-0.29691010817039354,38.40945789136108,1,27.0,0.47368421052631576,57,8,0.2154999999999987,0.0,0.12099999999999511,-0.09799999999999898,0.07425000000000044,0.07425000000000044,0.0921692801063756,0.03105832499024664,0.03105832499024664,-0.12099999999999511,-0.12099999999999511,0,1,0,93.95,-0.15095241969652307,0.0,0.24066666666666947,-0.08325000000000671,-1.0339999999999918,1.0400000000000063,-0.0431916750097538,7.0,2.0,37.3,27.7,0.5,0,0,67.4,2.4,0.069149,0.132979,11.872433,0,0.005319000000000004,2.483999999999997,0.07468092,6.202535517187923,28,6264.02,8,MEDIUM,93.95,0.9776830021876611,0.9663434343434372,0.8563933320243378,
4,RUS,19.0,MEDIUM,HARD,18.0,3.0,93.97366666666666,93.58366666666666,49.122807017543856,42.98245614035088,0.4184397163120568,0.6994175026089918,0.39000000000000057,MEDIUM>HARD,6.140350877192979,-0.28097778629693504,39.24912708405993,1,19.0,0.3333333333333333,57,3,0.06800000000001205,-0.11699999999999022,0.11699999999999022,0.11699999999999022,-0.05849999999999511,-0.05849999999999511,0.0833278306039773,-0.013726925221576973,-0.013726925221576973,-0.18500000000000227,0.04449999999999932,0,1,0,93.873,-0.17405747126437632,0.11699999999999022,0.10066666666665469,0.10066666666665469,-1.3094999999999999,1.3329999999999984,0.04477307477841814,2.0,5.0,38.7,27.9,0.10000000000000142,0,0,68.8,1.3,0.409574,1.0,1.133547,0,-0.106383,2.812000000000002,0.31127624,5.8664680569332965,20,5514.22,8,MEDIUM,93.873,0.8533249444606966,0.9663434343434372,0.5946667273124487,
4,SAI,27.0,MEDIUM,HARD,26.0,3.0,95.425,93.35799999999999,39.29824561403509,33.1578947368421,0.23693300113284957,0.1440173873255548,2.0670000000000073,MEDIUM>HARD,6.1403508771929864,0.09291561380729477,38.40945789136108,1,27.0,0.47368421052631576,57,8,0.18350000000000222,0.0,0.4549999999999983,-0.021000000000000796,0.04909999999999855,0.04909999999999855,0.3629062757046597,0.03946902385350173,0.03946902385350173,-1.293999999999997,-0.20550000000000068,0,1,0,94.842,-0.5943583412765037,0.0,0.5829999999999984,0.1478749999999991,-0.09550000000000125,1.036999999999999,-0.009630976146496821,7.0,9.0,37.3,27.7,-0.20000000000000284,0,0,67.4,2.4,0.2,0.752632,1.331684,0,-0.2375,2.483999999999997,0.21600000000000003,6.2166061010848646,28,6283.199,8,MEDIUM,94.842,0.9884144123551358,0.9663434343434372,0.9591798621483272,
4,STR,20.0,MEDIUM,SOFT,19.0,6.0,96.80399999999999,96.15066666666667,47.89473684210526,41.75438596491228,0.04819981400292281,0.3294281843915487,0.6533333333333218,MEDIUM>SOFT,6.140350877192979,-0.2812283703886259,39.17176563179955,1,20.0,0.3508771929824561,57,5,0.17100000000000648,0.0,0.0,0.0,0.0859999999999997,0.0859999999999997,-0.027606396190037685,0.06031302069764143,0.06031302069764143,-0.17100000000000648,0.08599999999999852,0,1,0,96.851,0.05257986058552433,0.0,-0.04699999999998283,-0.09959999999999525,1.7459999999999951,1.2430000000000092,-0.02568697930235827,4.0,18.0,37.4,27.8,-1.0,0,0,67.8,1.2,0.056995,0.367876,3.263742,0,-0.0148,1.9199999999999988,0.045596,5.950642552587727,21,5643.321,8,MEDIUM,96.851,1.0614542558899207,0.9663434343434372,1.4131294575935098,
4,STR,36.0,SOFT,SOFT,17.0,3.0,96.79333333333334,95.07133333333333,28.245614035087716,22.10526315789473,0.07870913284786633,0.05087719298245614,1.7220000000000084,SOFT>SOFT,6.1403508771929864,0.027831939865410195,38.442248691280795,1,18.0,0.631578947368421,57,8,0.2184999999999988,0.16899999999999693,0.0,-0.33100000000000307,0.08575000000000146,0.08575000000000146,-0.15405911461340338,0.005109976519886022,0.005109976519886022,-2.4950000000000045,-0.09350000000001302,1,0,0,96.018,0.2716071869875094,-0.16899999999999693,0.7753333333333359,-0.03125,2.2480000000000047,0.5024999999999977,-0.08064002348011544,7.0,17.0,39.2,27.9,0.10000000000000142,0,0,67.7,0.0,0.0625,0.302083,3.343526,0,-0.09486,3.0240000000000022,0.045,6.511745329644728,37,7199.423,9,SOFT,96.018,,0.9663434343434372,,
5,ANT,29.0,SOFT,MEDIUM,32.0,3.0,76.05,77.21866666666666,42.20588235294118,36.029411764705884,0.927556305818869,0.18543084566715873,-1.1686666666666667,SOFT>MEDIUM,6.176470588235297,0.7421254601517103,17.91448844446752,1,33.0,0.4264705882352941,68,8,0.25450000000000017,-0.6750000000000114,0.2190000000000083,0.5525000000000091,-0.017999999999998906,-0.017999999999998906,0.5353900737342769,0.03186844353121168,0.03186844353121168,-0.6750000000000114,-0.06900000000000261,1,0,0,75.752,-0.9022816315574715,0.6750000000000114,0.29800000000001603,0.6521249999999981,-1.3130000000000024,0.8780000000000001,0.04986844353121059,7.0,2.0,18.1,13.4,-0.1999999999999993,0,0,67.5,4.5,0.887417,1.0,0.578352,0,-0.021079999999999988,-22.307999999999996,1.17139044,6.331501849893691,30,5984.17,3,SOFT,75.752,0.831646280384377,1.021006410256412,0.8257419842527496,
5,BEA,28.0,SOFT,MEDIUM,32.0,3.0,77.521,78.63600000000001,43.23529411764705,37.05882352941177,0.13763440860215054,0.22393542025736912,-1.115000000000009,SOFT>MEDIUM,6.176470588235283,-0.08630101165521858,17.907564960378515,1,33.0,0.4117647058823529,68,8,0.08200000000000074,-0.023000000000010346,0.14500000000001023,0.09350000000000591,-0.0004333333333344548,-0.0004333333333344548,0.08496871853930088,-0.009136933337756491,-0.009136933337756491,-0.2960000000000065,0.2580000000000098,1,0,0,77.374,-0.14228873360221428,0.023000000000010346,0.14700000000000557,0.09950000000000614,0.3089999999999975,0.6650000000000063,-0.008703600004422036,7.0,10.0,18.4,13.2,0.09999999999999787,0,0,68.0,4.5,0.070968,0.529032,2.470347,0,-0.07741899999999999,-21.912000000000003,0.09367776000000001,6.324358962381311,29,5971.368,4,SOFT,77.374,0.7196873213727285,1.021006410256412,1.1265705893180744,
5,BOR,17.0,SOFT,MEDIUM,14.0,3.0,77.78566666666666,79.06,54.55882352941177,49.411764705882355,0.0256961676316515,0.15058287352591151,-1.2743333333333453,SOFT>MEDIUM,5.147058823529413,-0.12488670589426001,17.599842423457087,1,15.0,0.25,68,4,0.027000000000001023,-0.02549999999999386,0.05100000000000193,0.02549999999999386,-0.02500000000000095,-0.02500000000000095,0.0541786064798373,-0.017306086807422374,-0.017306086807422374,-0.05100000000000193,-0.04100000000001103,1,0,0,77.701,-0.10341612373069609,0.02549999999999386,0.08466666666667777,0.06274999999999409,0.4364999999999952,0.5739999999999981,0.007693913192578575,3.0,15.0,18.4,12.9,0.3999999999999986,0,0,72.0,2.0,0.03871,0.277419,3.3976,0,-0.006162000000000001,-9.96,0.023226,5.8522024797744745,18,5142.547,3,SOFT,77.701,0.6759469501659139,1.021006410256412,0.46626427107684937,
5,BOT,27.0,MEDIUM,SOFT,17.0,3.0,79.78899999999999,80.09233333333333,44.26470588235295,38.08823529411765,0.10784275427425549,0.051855107568890974,-0.30333333333334167,MEDIUM>SOFT,6.176470588235297,0.05598764670536452,17.89146388729478,1,18.0,0.39705882352941174,68,8,1.048499999999997,-1.1359999999999957,0.12199999999999989,1.1864999999999952,-0.3317999999999993,-0.3317999999999993,0.6166357874290185,-0.10354437296828922,-0.10354437296828922,-0.12199999999999989,-0.018000000000000682,0,1,0,79.336,-1.0349199375381914,1.1359999999999957,0.45300000000000296,1.2506249999999994,2.271000000000001,0.7689999999999912,0.2282556270317101,7.0,19.0,18.1,13.4,-0.29999999999999716,0,0,67.5,4.5,0.044025,0.119497,6.332471,0,0.0,-12.168,0.031698,6.343880434126331,28,6012.859,6,MEDIUM,79.336,0.9155531509063191,1.021006410256412,0.7121030016032059,
5,BOT,48.0,SOFT,MEDIUM,17.666666666666668,3.0,79.35199999999999,81.99066666666666,22.99019607843138,17.500000000000004,0.19192446228285356,0.1618252149703107,-2.6386666666666656,SOFT>MEDIUM,5.490196078431378,0.030099247312542876,18.23281289835548,1,19.0,0.7058823529411765,68,5,1.6119999999999948,-1.6119999999999948,1.6119999999999948,1.6119999999999948,-0.4,-0.4,0.7908327946525304,-0.1836582332066956,-0.1836582332066956,-1.6119999999999948,-0.3230000000000004,1,0,0,78.67,-1.6224768761925645,1.6119999999999948,2.7446666666666744,2.4226000000000028,2.3585000000000065,0.6255000000000024,0.2163417667933044,4.0,16.0,18.7,13.6,0.0,0,0,66.4,2.7,0.191083,0.649682,1.80189,0,-0.21885500000000002,-12.388,0.14522308,6.849066282633458,49,7771.542,11,SOFT,78.67,0.862428354673481,1.021006410256412,0.3212748004399908,
5,COL,29.0,MEDIUM,HARD,28.0,4.0,77.08133333333332,77.98466666666667,42.20588235294118,36.029411764705884,0.047761248520261805,0.034175302358988406,-0.9033333333333502,MEDIUM>HARD,6.176470588235297,0.013585946161273399,17.91448844446752,1,29.0,0.4264705882352941,68,8,0.04000000000001336,-0.3810000000000002,0.35999999999999943,0.37349999999999284,-0.009958333333334107,-0.009958333333334107,0.31581372184103884,-0.004223099096591083,-0.004223099096591083,-0.35999999999999943,-0.12199999999999989,0,1,0,76.705,-0.5288620954566738,0.3810000000000002,0.37633333333332075,0.35325000000000273,-0.3539999999999992,0.6850000000000023,0.005735234236743023,7.0,7.0,18.1,13.4,-0.29999999999999716,0,0,67.5,4.5,0.111111,0.823529,1.810121,0,0.06565599999999999,-19.604,0.12888876,6.35088571671474,30,6028.178,4,MEDIUM,76.705,0.9524517415823079,1.021006410256412,1.1006649236627175,
5,HAD,29.0,SOFT,MEDIUM,32.0,3.0,76.68,77.50866666666666,42.20588235294118,36.029411764705884,0.11096964038140507,0.1560597594435251,-0.8286666666666491,SOFT>MEDIUM,6.176470588235297,-0.04509011906212003,17.91448844446752,1,33.0,0.4264705882352941,68,8,0.19200000000000017,0.5330000000000013,-0.46399999999999864,-0.7184999999999917,0.08496666666666688,0.08496666666666688,-0.3720536208047065,0.065840419910712,0.065840419910712,0.46399999999999864,0.06999999999999318,1,0,0,77.093,0.6230415080572556,-0.5330000000000013,-0.4129999999999967,-0.6332500000000039,0.0,0.796999999999997,-0.01912624675595488,7.0,6.0,18.1,13.4,-0.29999999999999716,0,0,67.5,4.5,0.090909,0.584416,2.167081,0,-0.03981,-22.307999999999996,0.11999988,6.340359303727752,30,6001.044,3,SOFT,77.093,0.8007501878325047,1.021006410256412,1.275887058472215,
5,HAD,51.0,MEDIUM,SOFT,19.0,7.0,75.58333333333333,76.26066666666667,19.558823529411768,14.41176470588236,0.2185430463576159,0.05478182636077372,-0.6773333333333369,MEDIUM>SOFT,5.147058823529408,0.16376121999684218,18.253189513261653,1,20.0,0.75,68,5,0.06400000000000716,-0.06400000000000716,0.05500000000000682,0.06400000000000716,-0.0940000000000012,-0.0940000000000012,0.02558545153084424,-0.07051913223137193,-0.07051913223137193,-0.05500000000000682,-0.19650000000000034,0,1,0,75.511,-0.048730716796541174,0.06400000000000716,0.07233333333333292,0.33159999999999457,-0.8985000000000127,0.8045000000000044,0.02348086776862926,4.0,5.0,18.7,13.6,0.0,0,0,66.4,2.7,0.390728,0.953642,1.205433,0,0.284768,-13.04,0.3125824,6.844815479208263,52,7757.727,8,MEDIUM,75.511,0.9948059726179768,1.021006410256412,0.8882772492056727,
5,HAD,60.0,SOFT,SOFT,11.0,17.0,75.00699999999999,75.54633333333334,10.294117647058828,4.117647058823536,0.24128371137482651,0.18901882188915997,-0.5393333333333459,SOFT>SOFT,6.176470588235292,0.052264889485666544,18.299276802567363,1,12.0,0.8823529411764706,68,7,0.15500000000000114,-0.0020000000000095497,0.0,0.15500000000000114,-0.2469999999999999,-0.2469999999999999,-0.13651474736580838,-0.16022461352324407,-0.16022461352324407,-0.2469999999999999,-0.16550000000000864,1,0,0,75.008,0.25058211195779734,0.0020000000000095497,-0.0010000000000047748,0.5367142857142824,-1.2010000000000076,0.775500000000001,0.08677538647675581,6.0,5.0,18.6,13.4,0.0,0,0,66.8,3.3,0.086667,0.46,2.603051,0,-0.5266660000000001,-7.871999999999999,0.04160016,6.9874902470009905,61,8494.53,10,SOFT,75.008,0.8103110364187721,1.021006410256412,0.6789014019693109,
5,HAM,29.0,SOFT,MEDIUM,31.0,3.0,76.323,76.74833333333333,42.20588235294118,36.029411764705884,0.02620112372434354,0.036871653744718756,-0.42533333333334156,SOFT>MEDIUM,6.176470588235297,-0.010670530020375216,17.91448844446752,1,32.0,0.4264705882352941,68,8,0.054999999999999716,-0.030000000000001137,0.0,0.05000000000001137,-0.03749999999999787,-0.03749999999999787,-0.12676137981742386,-0.07759197367225909,-0.07759197367225909,0.1939999999999884,0.15000000000000568,1,0,0,76.374,0.21296889942647113,0.030000000000001137,-0.05099999999998772,0.5,-0.6910000000000025,0.6910000000000025,-0.04009197367226122,7.0,4.0,18.1,13.4,-0.29999999999999716,0,0,67.5,4.5,0.045752,0.163399,4.558785,0,0.006277999999999999,-21.631999999999998,0.05856256,6.336825731146441,30,5995.834,3,SOFT,76.374,0.6430174556867068,1.021006410256412,0.8941037685835876,
5,LEC,29.0,SOFT,MEDIUM,32.0,3.0,76.28233333333334,76.97433333333333,42.20588235294118,36.029411764705884,0.08949661736039445,0.7697522801887128,-0.6919999999999931,SOFT>MEDIUM,6.176470588235297,-0.6802556628283183,17.91448844446752,1,33.0,0.4264705882352941,68,8,0.10000000000000142,0.017000000000010118,0.0,-0.03350000000001785,0.031142857142858662,0.031142857142858662,0.004509174103688451,0.01511418353325268,0.01511418353325268,-0.16499999999999204,0.06999999999999318,1,0,0,76.296,-0.007551069191521265,-0.017000000000010118,-0.013666666666679816,-0.0662500000000108,-0.7689999999999912,0.7689999999999912,-0.016028673609605984,7.0,5.0,18.1,13.4,-0.29999999999999716,0,0,67.5,4.5,0.092105,0.539474,2.330019,0,-0.032077999999999995,-22.307999999999996,0.12157860000000001,6.338594078203183,30,5998.123,3,SOFT,76.296,0.7369347431176151,1.021006410256412,1.075088527952901,
5,OCO,28.0,MEDIUM,SOFT,11.0,3.0,78.66866666666665,79.34566666666666,43.23529411764705,37.05882352941177,0.2137440334772386,0.4866213223473273,-0.6770000000000067,MEDIUM>SOFT,6.176470588235283,-0.27287728887008866,17.907564960378515,1,12.0,0.4117647058823529,68,8,0.15149999999999864,0.033999999999991815,0.0,-0.016999999999995907,0.005523809523807478,0.005523809523807478,0.011976062597241821,0.00411754239076173,0.00411754239076173,-0.5300000000000011,-0.12199999999999989,0,1,0,78.606,-0.020055130991707415,-0.033999999999991815,0.06266666666665799,-0.04974999999998886,1.5409999999999968,0.6910000000000025,-0.0014062671330457473,7.0,16.0,18.1,13.4,-0.29999999999999716,0,0,67.5,4.5,0.458599,0.949045,1.036608,0,0.288788,-8.112,0.22012752,6.349138991379798,29,6026.984,5,MEDIUM,78.606,0.9600166343400908,1.021006410256412,0.9184788205073192,
5,PER,28.0,MEDIUM,SOFT,12.0,4.0,78.18966666666665,79.53766666666667,43.23529411764705,37.05882352941177,0.027723338232892372,0.7339347894903451,-1.3480000000000132,MEDIUM>SOFT,6.176470588235283,-0.7062114512574527,17.907564960378515,1,13.0,0.4117647058823529,68,8,0.21000000000000085,-0.22500000000000853,0.11700000000000443,0.17100000000000648,-0.009749999999993264,-0.009749999999993264,0.11854958869139409,-0.058918723746513225,-0.058918723746513225,-0.49099999999999966,-0.16499999999999204,0,1,0,77.987,-0.19852330521095496,0.22500000000000853,0.20266666666667277,0.32900000000000773,0.9279999999999973,0.6850000000000023,-0.04916872374651996,7.0,17.0,18.3,13.4,-0.09999999999999787,0,0,67.8,1.9,0.051282,0.128205,7.653003,0,-0.006043,-8.684,0.02666664,6.352629396319567,29,6037.565,5,MEDIUM,77.987,0.881060118083919,1.021006410256412,0.7927481763375894,
5,PIA,11.0,MEDIUM,MEDIUM,9.0,7.0,77.561,78.05766666666666,60.73529411764705,55.58823529411765,0.4051781551781552,0.17333605553287054,-0.4966666666666555,MEDIUM>MEDIUM,5.147058823529399,0.23184209964528465,17.437762239436914,1,10.0,0.16176470588235295,68,8,0.2819999999999965,-0.7740000000000009,0.847999999999999,0.8580000000000041,-0.36587500000000084,-0.36587500000000084,-0.0029511720980224254,-0.37517556234309507,-0.37517556234309507,-0.847999999999999,-0.17300000000000182,0,1,0,76.989,0.005079540933124349,0.7740000000000009,0.5720000000000027,1.2434999999999974,-0.9429999999999978,0.9344999999999999,-0.009300562343094232,7.0,13.0,17.8,12.5,0.0,0,0,76.0,1.5,0.318182,1.0,1.335899,0,-0.13053599999999999,-6.88,0.1272728,5.4116460518550396,12,4650.366,1,MEDIUM,76.989,0.5241674204176433,1.021006410256412,-0.3789110814193827,
5,PIA,50.0,MEDIUM,SOFT,41.0,7.0,76.37266666666666,77.40666666666667,20.588235294117652,15.44117647058824,0.050355616191221954,0.03668876673747412,-1.034000000000006,MEDIUM>SOFT,5.147058823529411,0.013666849453747833,18.248931182168587,1,42.0,0.7352941176470589,68,5,0.625,-0.6269999999999953,0.46299999999999386,0.6269999999999953,-0.3276666666666651,-0.3276666666666651,0.3746432178687087,-0.14005389038380217,-0.14005389038380217,-0.46299999999999386,-0.3230000000000004,0,1,0,75.801,-0.7135552221032384,0.6269999999999953,0.5716666666666583,0.7459999999999951,-0.5104999999999933,0.6554999999999964,0.18761277628286294,4.0,11.0,18.7,13.2,0.0,0,0,66.4,2.7,0.112583,0.397351,2.788405,0,0.060295,-27.384,0.18913944000000002,6.8501261661455,51,7773.132,10,MEDIUM,75.801,1.257430265058453,1.021006410256412,1.7405199488399834,
5,SAI,28.0,MEDIUM,MEDIUM,33.0,3.0,76.901,79.04466666666667,43.23529411764705,37.05882352941177,0.09306035871500767,0.21994881538601177,-2.1436666666666753,MEDIUM>MEDIUM,6.176470588235283,-0.1268884566710041,17.907564960378515,1,34.0,0.4117647058823529,68,8,0.1489999999999938,0.06999999999999318,-0.06999999999999318,-0.030499999999989313,-0.038333333333333997,-0.038333333333333997,-0.16213412033980035,-0.033357129357904344,-0.033357129357904344,0.06999999999999318,0.15000000000000568,0,1,0,77.059,0.2715100221993936,-0.06999999999999318,-0.15800000000000125,-0.044375000000002274,-0.006000000000000227,0.6650000000000063,0.004976203975429652,7.0,11.0,18.1,13.4,-0.1999999999999993,0,0,67.5,4.5,0.051948,0.12987,7.03322,0,-0.175325,-22.983999999999995,0.07064928,6.326149473155099,29,5979.321,5,MEDIUM,77.059,0.922571724309558,1.021006410256412,0.84975880184057,
5,STR,48.0,SOFT,MEDIUM,33.0,4.0,80.72033333333333,79.87133333333334,22.64705882352942,16.470588235294123,0.07836822329575953,0.10612404014990696,0.8489999999999895,SOFT>MEDIUM,6.176470588235297,-0.027755816854147436,18.23281289835548,1,34.0,0.7058823529411765,68,4,0.2850000000000108,-0.19000000000001194,0.0,0.19000000000001194,-0.015833333333335517,-0.015833333333335517,0.2129842818894474,0.009626472608560553,0.009626472608560553,-0.7550000000000097,-0.19650000000000034,1,0,0,80.532,-0.40654439602043624,0.19000000000001194,0.18833333333333258,0.2362500000000125,3.965500000000006,1.154999999999994,0.02545980594189607,3.0,15.0,18.7,13.6,0.0,0,0,66.4,2.7,0.061728,0.228395,4.381359,0,-0.09259300000000001,-22.168000000000003,0.08395007999999998,6.838405200847344,49,7737.257,11,SOFT,80.532,0.9901465217957258,1.021006410256412,1.4338765569182117,
5,VER,29.0,SOFT,MEDIUM,33.0,3.0,76.206,77.27,42.20588235294118,36.029411764705884,0.026258456599013876,0.13963899913693842,-1.063999999999993,SOFT>MEDIUM,6.176470588235297,-0.11338054253792454,17.91448844446752,1,34.0,0.4264705882352941,68,8,0.11699999999999733,-0.007000000000005002,0.0,0.007000000000005002,-0.0150833333333343,-0.0150833333333343,-0.01722565508426044,-0.023576008002875008,-0.023576008002875008,0.15399999999999636,0.06999999999999318,1,0,0,76.255,0.02884610583215874,0.007000000000005002,-0.04899999999999238,0.038250000000005,-0.8100000000000023,0.8100000000000023,-0.008492674669540708,7.0,3.0,18.1,13.4,-0.29999999999999716,0,0,67.5,4.5,0.058824,0.20915,4.181196,0,0.006192000000000003,-22.983999999999995,0.08000064,6.335054251498059,30,5990.761,3,SOFT,76.255,0.7173655161648127,1.021006410256412,1.0837935566860708,
6,ALB,42.0,MEDIUM,SOFT,41.0,3.0,79.66866666666667,82.83533333333334,34.1025641025641,29.615384615384613,,,-3.1666666666666714,MEDIUM>SOFT,4.487179487179489,0.0,43.366312632868954,1,42.0,0.5384615384615384,78,8,0.22749999999999915,0.0,-0.12000000000000455,-0.17449999999999477,0.046357142857143936,0.046357142857143936,0.0022463049967456072,0.023815583958580203,0.023815583958580203,0.4269999999999925,-0.1939999999999884,0,1,0,79.851,-0.003540198627277391,0.0,-0.18233333333333235,0.15562500000000057,-0.29300000000000637,1.2039999999999935,-0.022541558898563734,7.0,10.0,42.8,23.9,0.19999999999999574,0,0,59.5,0.6,0.0,0.0,20.0,1,0.0,13.103999999999996,0.0,6.728628613084702,43,6665.4,1,MEDIUM,79.851,0.9614574985881742,0.5230285714285717,0.47785552834682876,2.291430265058459
6,ANT,36.0,MEDIUM,HARD,35.0,3.0,76.58266666666667,76.54299999999999,39.48717948717949,35.0,,,0.039666666666676065,MEDIUM>HARD,4.487179487179489,0.0,43.42623087519964,1,36.0,0.46153846153846156,78,8,0.1699999999999946,-0.43200000000000216,0.0,0.45699999999999363,-0.06833333333333276,-0.06833333333333276,0.21226519645125563,-0.03446782884970401,-0.03446782884970401,0.16499999999999204,0.15000000000000568,0,1,0,76.356,-0.32692630982413107,0.43200000000000216,0.22666666666667368,0.37024999999999864,-2.616500000000002,0.9924999999999997,0.03386550448362875,7.0,1.0,43.7,24.1,0.10000000000000142,0,0,60.6,0.5,0.0,0.0,20.0,1,0.0,12.528000000000004,0.0,6.551080335043404,37,6091.995,1,MEDIUM,76.356,0.775779726237613,0.5230285714285717,0.385218124637999,2.291430265058459
6,BOR,42.0,HARD,MEDIUM,40.0,3.0,81.32533333333333,77.02633333333334,34.1025641025641,29.615384615384613,,,4.298999999999992,HARD>MEDIUM,4.487179487179489,0.0,43.366312632868954,1,41.0,0.5384615384615384,78,8,0.6219999999999999,1.1310000000000002,-1.1310000000000002,-1.5759999999999934,0.2323333333333319,0.2323333333333319,-0.6818211933880605,0.2843776683386234,0.2843776683386234,1.36399999999999,0.2530000000000001,0,0,1,82.157,1.0587461274509309,-1.1310000000000002,-0.8316666666666634,-1.423249999999996,2.739999999999995,2.1569999999999965,0.05204433500529149,7.0,19.0,42.8,23.9,0.0,0,0,59.5,0.6,0.0,0.0,20.0,1,0.0,12.791999999999996,0.0,6.747586526829315,43,6722.271,2,HARD,82.157,1.332781000107855,0.5230285714285717,2.1198366195924456,2.291430265058459
6,COL,34.0,MEDIUM,HARD,33.0,3.0,80.33033333333333,78.109,41.282051282051285,36.794871794871796,,,2.221333333333334,MEDIUM>HARD,4.487179487179489,0.0,43.418079011989974,1,34.0,0.4358974358974359,78,8,0.3509999999999991,1.9849999999999994,-1.9849999999999994,-2.094999999999999,0.20346666666666663,0.20346666666666663,-1.4307127858547801,0.14735129436085007,0.14735129436085007,1.9849999999999994,0.09250000000000114,0,1,0,81.727,1.9300119797644015,-1.9849999999999994,-1.3966666666666612,-1.9427500000000038,2.8400000000000034,0.980000000000004,-0.05611537230581656,7.0,12.0,43.6,24.3,-0.19999999999999574,0,0,60.7,0.8,0.0,0.0,20.0,1,0.0,11.696000000000002,0.0,6.530877627725885,35,6032.634,1,MEDIUM,81.727,1.4391565372665407,0.5230285714285717,2.596073989051306,2.291430265058459
6,GAS,44.0,MEDIUM,HARD,43.0,3.0,78.78066666666668,79.205,32.30769230769231,27.820512820512818,,,-0.42433333333332257,MEDIUM>HARD,4.487179487179489,0.0,43.34639476361187,1,44.0,0.5641025641025641,78,8,0.1045000000000087,-0.132000000000005,0.0,0.16449999999998965,-0.04658333333333312,-0.04658333333333312,0.14001088620139512,0.025017165218225557,0.025017165218225557,-0.132000000000005,-0.2149999999999963,0,1,0,78.777,-0.21564130224997768,0.132000000000005,0.0036666666666604897,0.16600000000001103,-0.6329999999999956,1.8400000000000034,0.07160049855155867,7.0,5.0,43.0,23.9,0.20000000000000284,0,0,60.3,1.0,0.0,0.0,20.0,1,0.0,14.08,0.0,6.763884908562435,45,6791.199,1,MEDIUM,78.777,1.0079136139672429,0.5230285714285717,1.0909243473610721,2.291430265058459
6,HAD,31.0,MEDIUM,HARD,30.0,3.0,78.78366666666666,78.16199999999999,43.97435897435898,39.48717948717949,,,0.6216666666666697,MEDIUM>HARD,4.487179487179489,0.0,43.39179461421016,1,31.0,0.3974358974358974,78,8,0.09550000000000125,-0.10299999999999443,0.10299999999999443,0.12399999999999523,-0.04024999999999821,-0.04024999999999821,0.146512691750047,-0.013684442007421378,-0.013684442007421378,-0.10299999999999443,-0.021000000000000796,0,1,0,78.715,-0.2256557832431838,0.10299999999999443,0.06866666666665822,0.1980000000000075,0.0,0.33199999999999363,0.026565557992576833,7.0,4.0,43.7,24.3,0.20000000000000284,0,0,59.7,0.7,0.0,0.0,20.0,1,0.0,10.788000000000004,0.0,6.428105272684596,32,5759.168,1,MEDIUM,78.715,0.8640666807313983,0.5230285714285717,0.8764484933764921,2.291430265058459
6,HAM,27.0,MEDIUM,HARD,26.0,3.0,77.98233333333333,76.921,47.56410256410256,43.07692307692307,,,1.061333333333323,MEDIUM>HARD,4.487179487179489,0.0,43.35487785625081,1,27.0,0.34615384615384615,78,8,0.36950000000000216,0.44199999999999307,-0.23699999999999477,-0.6680000000000064,0.1695000000000011,0.1695000000000011,-0.24297490284742196,0.0995307924757382,0.0995307924757382,0.23699999999999477,0.05649999999999977,0,1,0,78.225,0.3742307002939782,-0.44199999999999307,-0.2426666666666648,-0.6557499999999976,-0.6020000000000039,0.30049999999999955,-0.06996920752426289,7.0,2.0,43.7,24.2,0.0,0,0,59.5,1.5,0.0,0.0,20.0,1,0.0,9.396000000000004,0.0,6.282266746896006,28,5412.943,1,MEDIUM,78.225,0.9503264004829822,0.5230285714285717,1.1350404092554305,2.291430265058459
6,HUL,11.0,MEDIUM,HARD,10.0,3.0,79.279,76.39966666666666,61.92307692307693,57.43589743589744,,,2.879333333333335,MEDIUM>HARD,4.487179487179489,0.0,43.22212548846976,1,11.0,0.14102564102564102,78,8,0.32150000000000034,-0.659000000000006,0.659000000000006,1.015500000000003,-0.13063333333333277,-0.13063333333333277,0.36007868339912363,-0.15815178757375717,-0.15815178757375717,-1.0360000000000014,0.3639999999999901,0,1,0,78.714,-0.6029882613130724,0.659000000000006,0.5649999999999977,0.8739999999999952,0.13599999999999568,1.0480000000000018,-0.0275184542404244,7.0,12.0,43.6,24.1,-0.29999999999999716,0,0,57.0,1.0,0.0,0.0,20.0,1,0.0,3.7840000000000007,0.0,5.4116460518550396,12,4212.078,1,MEDIUM,78.714,0.46498120619955935,0.5230285714285717,0.18481500046752797,2.291430265058459
6,LAW,43.0,MEDIUM,SOFT,42.0,7.0,79.74833333333333,78.26633333333332,33.205128205128204,28.717948717948715,,,1.4820000000000135,MEDIUM>SOFT,4.487179487179489,0.0,43.354178178209175,1,43.0,0.5512820512820513,78,8,0.15050000000000097,0.6510000000000105,0.0,-0.7850000000000108,0.1184285714285695,0.1184285714285695,-0.24531606676913498,0.037034944127498824,0.037034944127498824,-1.6869999999999976,0.14800000000001035,0,1,0,79.403,0.40961781793606633,-0.6510000000000105,0.34533333333332905,-0.4083750000000208,-0.01099999999999568,2.1539999999999964,-0.08139362730107066,7.0,9.0,42.8,23.9,0.0,0,0,59.5,0.6,0.0,0.0,20.0,1,0.0,13.415999999999995,0.0,6.74993119378857,44,6731.984,1,MEDIUM,79.403,1.019025823892241,0.5230285714285717,0.9531674040703254,2.291430265058459
6,LEC,34.0,MEDIUM,HARD,33.0,3.0,77.83066666666666,77.031,41.282051282051285,36.794871794871796,,,0.7996666666666528,MEDIUM>HARD,4.487179487179489,0.0,43.418079011989974,1,34.0,0.4358974358974359,78,8,0.3374999999999915,0.24099999999999966,0.0,-0.33149999999999125,0.10416071428571197,0.10416071428571197,-0.16060030855179264,0.06160030855895203,0.06160030855895203,0.24099999999999966,0.21999999999999886,0,1,0,77.907,0.24735314807121256,-0.24099999999999966,-0.0763333333333378,-0.3983750000000015,-1.0395000000000039,0.8445000000000036,-0.04256040572675994,7.0,2.0,43.8,24.4,0.09999999999999432,0,0,60.1,0.9,0.0,0.0,20.0,1,0.0,11.967999999999996,0.0,6.508769136971682,35,5958.736,1,MEDIUM,77.907,0.9718745163490059,0.5230285714285717,1.0786054477775981,2.291430265058459
6,OCO,8.0,MEDIUM,HARD,7.0,3.0,79.53699999999999,77.65433333333334,64.6153846153846,60.12820512820512,,,1.8826666666666512,MEDIUM>HARD,4.487179487179482,0.0,43.03461551693044,1,8.0,0.10256410256410256,78,7,0.3849999999999909,-0.2599999999999909,0.2599999999999909,0.3849999999999909,-0.33500000000000324,-0.33500000000000324,0.031047387676707672,-0.19672922315771085,-0.19672922315771085,-0.3849999999999909,-0.2049999999999983,0,1,0,79.322,-0.05698959361478728,0.2599999999999909,0.2149999999999892,0.7555714285714288,0.4609999999999985,0.9200000000000017,0.1382707768422924,6.0,15.0,43.8,24.1,0.0,0,0,58.7,1.2,0.0,0.0,20.0,1,0.0,2.815999999999999,0.0,5.099866427824199,9,3976.972,1,MEDIUM,79.322,0.440173195597712,0.5230285714285717,0.2909284981121173,2.291430265058459
6,PIA,47.0,MEDIUM,HARD,46.0,3.0,79.528,77.49166666666666,29.615384615384613,25.128205128205124,,,2.0363333333333458,MEDIUM>HARD,4.487179487179489,0.0,43.32382843846498,1,47.0,0.6025641025641025,78,8,0.24099999999999966,0.23000000000000398,0.0,-0.26300000000000523,0.14330000000000212,0.14330000000000212,-0.06092774484231711,0.10638582855908452,0.10638582855908452,0.23000000000000398,-0.1910000000000025,0,1,0,79.575,0.09383939947178987,-0.23000000000000398,-0.046999999999997044,-0.3815000000000026,0.33800000000000807,2.387999999999991,-0.036914171440917604,7.0,4.0,42.9,24.0,0.19999999999999574,0,0,59.8,0.6,0.0,0.0,20.0,1,0.0,14.851999999999999,0.0,6.823286122355687,48,7021.203,1,MEDIUM,79.575,1.188148446430443,0.5230285714285717,1.6542047784729408,2.291430265058459
6,RUS,30.0,MEDIUM,HARD,29.0,3.0,78.74433333333333,76.84466666666667,44.87179487179488,40.38461538461539,,,1.8996666666666613,MEDIUM>HARD,4.487179487179496,0.0,43.38423137498228,1,30.0,0.38461538461538464,78,8,0.11049999999999471,-0.012000000000000455,0.0,0.09149999999999636,-0.046214285714284084,-0.046214285714284084,0.17877386869416512,-0.0010341313039962125,-0.0010341313039962125,0.0379999999999967,0.0379999999999967,0,1,0,78.753,-0.27534381930873053,0.012000000000000455,-0.008666666666670153,0.20800000000001262,-0.11899999999999977,0.3790000000000049,0.04518015441028787,7.0,5.0,43.5,24.4,-0.20000000000000284,0,0,59.6,1.5,0.0,0.0,20.0,1,0.0,10.2,0.0,6.398594934535208,31,5680.957,1,MEDIUM,78.753,0.8528776357302602,0.5230285714285717,0.8517032548221768,2.291430265058459
6,SAI,51.0,MEDIUM,SOFT,50.0,3.0,78.095,79.726,26.025641025641022,21.538461538461537,,,-1.6310000000000002,MEDIUM>SOFT,4.4871794871794854,0.0,43.18317378328469,1,51.0,0.6538461538461539,78,8,0.20250000000000057,-0.07699999999999818,0.04999999999999716,0.25799999999999557,-0.15399999999999991,-0.15399999999999991,-0.13965674051101473,-0.31562622880302743,-0.31562622880302743,-0.04999999999999716,0.2594999999999956,0,1,0,78.022,0.21764265631125568,0.07699999999999818,0.0730000000000075,0.5927499999999952,-1.0249999999999915,1.6814999999999927,-0.16162622880302752,7.0,9.0,40.4,24.0,0.0,0,0,60.4,1.1,0.0,0.0,20.0,1,0.0,11.015999999999996,0.0,6.90975328164481,52,7397.363,1,MEDIUM,78.022,0.6963061559453378,0.5230285714285717,0.4059821259722728,2.291430265058459
7,ALB,12.0,MEDIUM,HARD,11.0,3.0,86.53666666666668,84.99766666666666,59.3939393939394,54.09090909090909,0.06334019887936572,0.14814814814814814,1.5390000000000157,MEDIUM>HARD,5.3030303030303045,-0.08480794926878242,50.55790841360676,1,12.0,0.18181818181818182,66,8,0.120999999999988,0.005000000000009663,-0.005000000000009663,-0.11149999999999238,0.1382500000000005,0.1382500000000005,0.14944077285382207,0.13823221060100366,0.13823221060100366,0.09199999999999875,0.08449999999999847,0,1,0,86.569,-0.24475016228366542,-0.005000000000009663,-0.032333333333326664,-0.30262500000000614,0.494000000000014,0.8160000000000096,-1.778939899685361e-05,7.0,17.0,50.7,30.9,1.7000000000000028,0,0,28.3,1.4,0.144509,0.890173,1.68137,0,0.138729,7.536000000000001,0.06936432,5.537334267018537,13,4261.926,0,MEDIUM,86.569,1.1436124145975692,0.6025317460317462,1.126758127349905,2.9662189998921376
7,ALO,20.0,HARD,HARD,19.0,3.0,87.90066666666667,85.71866666666665,50.90909090909091,45.6060606060606,0.4607479149852031,0.0,2.1820000000000164,HARD>HARD,5.3030303030303045,0.4607479149852031,50.53749103870179,1,20.0,0.30303030303030304,66,8,0.2704999999999984,0.5510000000000019,-0.49200000000000443,-0.8004999999999995,0.07059999999999889,0.07059999999999889,-0.4208764956601243,0.08834452426804243,0.08834452426804243,0.49200000000000443,0.1869999999999976,0,0,1,88.393,0.649629917927399,-0.5510000000000019,-0.4923333333333346,-0.7791250000000076,4.324000000000012,1.2864999999999966,0.017744524268043543,7.0,20.0,49.3,30.9,-0.5,0,0,28.6,3.6,0.570621,0.932203,0.858398,0,0.07347800000000004,11.439999999999998,0.45649680000000004,6.042632833682381,21,4974.286,0,HARD,88.393,1.8799142479587962,0.6025317460317462,2.4997634705413065,2.9662189998921376
7,ANT,13.0,MEDIUM,HARD,12.0,3.0,83.50433333333335,81.84666666666668,58.333333333333336,53.03030303030303,0.0,0.0,1.657666666666671,MEDIUM>HARD,5.3030303030303045,0.0,50.55952918929865,1,13.0,0.19696969696969696,66,8,0.19500000000000028,0.0,0.0,0.0,0.0625,0.0625,0.24047195663452214,0.1262127074496883,0.1262127074496883,0.19299999999999784,0.12199999999999989,0,1,0,83.56,-0.38705373619485783,0.0,-0.0556666666666672,-0.08599999999999852,-2.2549999999999955,0.9579999999999984,0.0637127074496883,7.0,1.0,50.5,30.9,1.1000000000000014,0,0,28.5,2.3,0.005988,0.017964,20.0,0,0.0,8.06,0.0031137599999999997,5.556828061699537,14,4304.509,0,MEDIUM,83.56,0.8847192785639402,0.6025317460317462,0.3849030475461703,2.9662189998921376
7,ANT,36.0,HARD,HARD,21.0,5.0,82.93400000000001,80.90466666666667,33.93939393939394,26.51515151515152,0.8670926128757453,0.3292181069958848,2.0293333333333408,HARD>HARD,7.4242424242424185,0.5378745058798606,50.143584508651855,1,22.0,0.5454545454545454,66,8,0.10799999999999699,0.7070000000000078,-0.7070000000000078,-0.721500000000006,0.04277500000000103,0.04277500000000103,-0.2748612930105594,0.06726296989666088,0.06726296989666088,0.7630000000000052,0.27200000000000557,0,0,1,83.424,0.42363177625577464,-0.7070000000000078,-0.4900000000000091,-0.522625000000005,-0.01999999999999602,1.4480000000000075,0.02448796989665985,7.0,1.0,49.6,30.1,-0.29999999999999716,0,0,28.9,3.7,0.891566,0.957831,0.432076,0,0.0,12.848000000000003,0.78457808,6.561030665896573,37,6224.89,1,HARD,83.424,1.5375216890244168,0.6025317460317462,1.3993128141870677,2.9662189998921376
7,BEA,17.0,MEDIUM,HARD,16.0,3.0,86.24533333333333,84.47599999999998,54.09090909090909,48.78787878787879,0.028901734104046242,0.4991830065359477,1.7693333333333499,MEDIUM>HARD,5.3030303030303045,-0.4702812724319015,50.629566821512874,1,17.0,0.25757575757575757,66,8,0.12449999999999761,0.2219999999999942,-0.2219999999999942,-0.15099999999999625,-0.007416666666667145,-0.007416666666667145,-0.16866277016434594,0.06329367888933887,0.06329367888933887,0.2219999999999942,-0.09799999999999898,0,1,0,86.707,0.2621774246285753,-0.2219999999999942,-0.4616666666666589,-0.3084999999999951,2.594999999999999,1.3605000000000018,0.07071034555600601,7.0,10.0,50.2,31.1,-1.0,0,0,27.8,3.1,0.098266,0.144509,8.476384,0,0.086705,10.336000000000002,0.06682088,5.860786223465865,18,4690.763,0,MEDIUM,86.707,1.1066769564032386,0.6025317460317462,1.6435348870924056,2.9662189998921376
7,BOR,14.0,MEDIUM,HARD,13.0,3.0,86.70566666666666,83.64800000000001,57.27272727272727,51.96969696969697,0.5095674705999601,0.141086873871305,3.0576666666666483,MEDIUM>HARD,5.3030303030303045,0.3684805967286551,50.56357763612464,1,14.0,0.21212121212121213,66,8,0.15200000000000102,-0.07399999999999807,0.26600000000000534,-0.04999999999999716,0.09220000000000006,0.09220000000000006,0.3519117399869458,0.13573969484134807,0.13573969484134807,-0.27300000000001035,-0.025000000000005684,0,1,0,86.526,-0.5590073373037256,0.07399999999999807,0.17966666666667663,-0.024124999999997954,1.2319999999999993,1.2980000000000018,0.04353969484134801,7.0,13.0,51.2,30.9,0.7000000000000028,0,0,27.6,0.4,0.33526,1.0,1.176374,0,-0.23945300000000003,9.072000000000001,0.1877456,5.676753802268282,15,4433.726,0,MEDIUM,86.526,1.0838129613411478,0.6025317460317462,1.229766669255536,2.9662189998921376
7,BOR,32.0,HARD,HARD,16.0,3.0,86.832,83.663,38.18181818181819,32.878787878787875,0.40514771960642043,0.0,3.168999999999997,HARD>HARD,5.303030303030312,0.40514771960642043,50.19578821650547,1,17.0,0.48484848484848486,66,8,0.7109999999999985,0.0,1.0889999999999986,-0.5105000000000075,0.4,0.4,0.6776588932496139,0.26056688694772706,0.26056688694772706,-1.475999999999999,0.24500000000000455,0,0,1,85.977,-1.0551413211883016,0.0,0.8549999999999898,-0.3346250000000026,1.6274999999999977,0.8485000000000014,-0.13943311305227296,7.0,13.0,49.2,29.8,0.7000000000000028,0,0,27.9,3.6,0.069767,0.790698,1.725534,0,-0.495947,9.656,0.047441559999999994,6.484635235635252,33,5985.048,1,HARD,85.977,1.6435306997254642,0.6025317460317462,1.9198375239942234,2.9662189998921376
7,BOR,52.0,HARD,SOFT,18.0,3.0,84.07633333333332,81.919,16.969696969696972,11.666666666666671,0.1388888888888889,0.21626076718101261,2.1573333333333267,HARD>SOFT,5.303030303030301,-0.07737187829212372,50.13541820840996,1,19.0,0.7878787878787878,66,8,0.30400000000000205,-0.06300000000000239,0.0,0.03149999999999409,0.09774999999999898,0.09774999999999898,0.259020887815808,0.07966824758815302,0.07966824758815302,0.11599999999999966,0.19900000000001228,0,0,1,84.094,-0.41790680902748534,0.06300000000000239,-0.017666666666670494,0.07637500000001296,1.0300000000000011,1.188999999999993,-0.018081752411845953,7.0,15.0,50.3,30.2,-0.20000000000000284,0,0,27.9,0.0,0.166667,0.940476,1.469969,0,0.023809999999999998,11.627999999999997,0.12666692000000002,6.926577033222725,53,7722.235,4,HARD,84.094,1.2282654279642824,0.6025317460317462,0.9517247010208184,2.9662189998921376
7,COL,11.0,SOFT,HARD,10.0,3.0,85.99866666666667,83.949,60.45454545454546,55.151515151515156,0.23873619801022325,0.007889546351084813,2.049666666666667,SOFT>HARD,5.3030303030303045,0.23084665165913842,50.64544235773824,1,11.0,0.16666666666666666,66,8,0.6180000000000021,-0.3920000000000101,0.3920000000000101,-0.07449999999998624,0.254549999999999,0.254549999999999,0.46313544504873505,0.1889037636314577,0.1889037636314577,-0.3920000000000101,0.02200000000000557,1,0,0,85.71,-0.7755672569288095,0.3920000000000101,0.2886666666666713,-0.17874999999999375,-0.17600000000000193,0.8419999999999987,-0.0656462363685413,7.0,12.0,49.0,30.9,-0.7000000000000028,0,0,28.3,3.9,0.263158,0.959064,1.387238,0,0.205355,6.16,0.11578952,5.429345628954441,12,4165.659,0,SOFT,85.71,0.8489694331646654,0.6025317460317462,0.561964257219395,2.9662189998921376
7,COL,33.0,HARD,HARD,20.0,3.0,85.00533333333334,84.21600000000001,37.121212121212125,31.818181818181824,0.5295169946332736,0.5856106128775754,0.7893333333333317,HARD>HARD,5.303030303030301,-0.05609361824430181,50.17007714210788,1,21.0,0.5,66,8,0.1844999999999999,0.9909999999999997,-0.88900000000001,-1.0204999999999984,0.045224999999999224,0.045224999999999224,-0.640644185043115,0.05979550011388913,0.05979550011388913,0.88900000000001,0.17899999999999494,0,0,1,85.632,0.9879445350575367,-0.9909999999999997,-0.6266666666666652,-0.9118750000000091,1.8290000000000077,1.4669999999999987,0.014570500113889905,7.0,11.0,49.9,30.2,0.6999999999999957,0,0,28.4,3.5,0.561404,1.0,0.942463,0,-0.012560000000000016,12.515999999999998,0.47157936,6.505784060128229,34,6049.924,1,HARD,85.632,1.7252755695477953,0.6025317460317462,2.0272216668877316,2.9662189998921376
7,GAS,13.0,MEDIUM,HARD,12.0,3.0,85.85266666666666,83.25733333333334,58.333333333333336,53.03030303030303,0.5576748719343578,0.11976047904191617,2.595333333333329,MEDIUM>HARD,5.3030303030303045,0.43791439289244166,50.55952918929865,1,13.0,0.19696969696969696,66,8,0.11699999999999733,-0.1559999999999917,0.007999999999995566,0.009000000000000341,0.008300000000002684,0.008300000000002684,0.3214258275886408,0.12237122588900207,0.12237122588900207,-0.007999999999995566,-0.007999999999995566,0,1,0,85.798,-0.5173537456044812,0.1559999999999917,0.05466666666666242,0.02462500000000034,-0.5614999999999952,0.7914999999999992,0.11407122588899939,7.0,11.0,50.5,30.9,-0.20000000000000284,0,0,28.5,2.3,0.127907,0.877907,1.721941,0,-0.6732630000000001,8.06,0.06651164,5.594711379601839,14,4338.165,0,MEDIUM,85.798,0.9036435699443811,0.6025317460317462,0.6932275672886385,2.9662189998921376
7,GAS,38.0,HARD,HARD,23.0,3.0,85.385,81.894,31.818181818181824,25.454545454545457,0.024904214559386975,0.034577784428151036,3.4909999999999997,HARD>HARD,6.363636363636367,-0.00967356986876406,50.15617116204259,1,24.0,0.5757575757575758,66,8,0.24099999999999966,1.6280000000000001,-1.6280000000000001,-1.6465000000000032,0.07358333333333414,0.07358333333333414,-1.1689568132912314,0.10268888022867742,0.10268888022867742,1.6280000000000001,0.3430000000000035,0,0,1,86.733,1.697008731946653,-1.6280000000000001,-1.3480000000000132,-1.569749999999999,3.2055000000000007,1.6380000000000052,0.02910554689534328,7.0,9.0,50.5,30.3,0.0,0,0,28.8,1.7,0.103448,0.206897,9.630038,0,0.07991899999999999,14.88,0.09931008000000001,6.633318433280377,39,6475.12,1,HARD,86.733,2.0376818418272733,0.6025317460317462,2.6727679274407903,2.9662189998921376
7,HAD,14.0,MEDIUM,HARD,13.0,3.0,85.15066666666667,82.28133333333334,57.27272727272727,51.96969696969697,0.4104001834651989,0.16969696969696968,2.86933333333333,MEDIUM>HARD,5.3030303030303045,0.24070321376822923,50.56357763612464,1,14.0,0.21212121212121213,66,8,0.3825000000000003,0.22299999999999898,-0.20699999999999363,-0.2149999999999892,0.052166666666669435,0.052166666666669435,-0.0710941707735202,0.07117366360333248,0.07117366360333248,0.22299999999999898,0.1844999999999999,0,1,0,85.294,0.11293218891587742,-0.22299999999999898,-0.14333333333333087,-0.25337499999999125,-0.5040000000000049,1.713000000000008,0.019006996936663044,7.0,8.0,50.7,30.8,0.20000000000000284,0,0,27.7,1.4,0.323529,0.852941,1.573776,0,-0.407465,8.792000000000002,0.18117624,5.659482215759621,15,4416.762,0,MEDIUM,85.294,1.0095219978924412,0.6025317460317462,0.887044269845263,2.9662189998921376
7,HAD,31.0,HARD,HARD,15.0,3.0,84.16799999999999,81.78833333333334,39.24242424242425,33.93939393939394,0.173992673992674,0.1605691056910569,2.379666666666651,HARD>HARD,5.303030303030312,0.013423568301617117,50.23288604921122,1,16.0,0.4696969696969697,66,8,0.2494999999999976,0.8100000000000023,-0.39000000000000057,-1.075499999999991,0.21900000000000003,0.21900000000000003,-0.31138918282091765,0.1626000562123759,0.1626000562123759,0.39000000000000057,-0.14750000000000085,0,0,1,84.568,0.4864257454996874,-0.8100000000000023,-0.4000000000000057,-0.9412499999999966,0.23199999999999932,1.3889999999999958,-0.05639994378762414,7.0,8.0,49.0,30.3,-0.20000000000000284,0,0,28.4,2.6,0.325444,0.372781,6.734273,0,0.301775,8.96,0.20828416,6.439350371100098,32,5855.164,1,HARD,84.568,1.5179400409892567,0.6025317460317462,1.7213290984300418,2.9662189998921376
7,HAM,10.0,SOFT,HARD,11.0,3.0,83.46300000000001,81.80633333333334,61.51515151515152,56.21212121212121,0.0,0.12039253828121103,1.6566666666666663,SOFT>HARD,5.303030303030312,-0.12039253828121103,50.75549885116822,1,12.0,0.15151515151515152,66,8,0.4930000000000021,0.22499999999999432,-0.11399999999999011,-0.6624999999999943,0.21407142857142789,0.21407142857142789,0.00024683232580002823,0.1910474565555198,0.1910474565555198,0.11399999999999011,0.3059999999999974,1,0,0,83.576,-0.0004248103327597619,-0.22499999999999432,-0.11299999999999955,-0.6801249999999897,-2.338000000000008,0.8149999999999977,-0.023023972015908084,7.0,2.0,50.4,30.9,-1.1000000000000014,0,0,28.0,3.1,0.005988,0.233533,3.408801,0,0.0,7.3919999999999995,0.00287424,5.2832037287379885,11,4051.855,0,SOFT,83.576,0.8480862255749486,0.6025317460317462,0.31842134675952494,2.9662189998921376
7,HAM,26.0,HARD,MEDIUM,14.0,3.0,83.16166666666668,80.756,44.54545454545454,39.24242424242424,0.12392083303272972,0.23911765457659176,2.4056666666666757,HARD>MEDIUM,5.303030303030297,-0.11519682154386204,50.369787199608055,1,15.0,0.3939393939393939,66,8,0.21700000000000585,0.40500000000000114,-0.0660000000000025,-0.4410000000000025,0.1222285714285726,0.1222285714285726,-0.03805950674373548,0.12073217581725314,0.12073217581725314,0.0660000000000025,0.042499999999996874,0,0,1,83.331,0.05987148561308686,-0.40500000000000114,-0.16933333333332712,-0.44199999999999307,-1.2194999999999965,1.2489999999999952,-0.0014963956113194649,7.0,2.0,49.0,30.8,-1.6000000000000014,0,0,27.6,3.6,0.024096,0.644578,2.265872,0,-0.287281,8.4,0.0144576,6.253828811575473,27,5395.331,1,HARD,83.331,0.9765602082538126,0.6025317460317462,0.7973953485246087,2.9662189998921376
7,HAM,39.0,MEDIUM,HARD,11.0,3.0,81.39933333333333,80.18833333333333,30.75757575757576,24.393939393939394,0.06300813008130081,0.024974120082815732,1.2109999999999985,MEDIUM>HARD,6.363636363636367,0.03803400999848508,50.159054070731024,1,12.0,0.5909090909090909,66,8,0.14750000000000796,0.6319999999999908,-0.4989999999999952,-0.7449999999999903,0.08858333333333293,0.08858333333333293,-0.34484172687365344,0.08936487296102064,0.08936487296102064,0.4989999999999952,0.3430000000000035,0,1,0,81.859,0.5647726989277686,-0.6319999999999908,-0.45966666666666356,-0.676249999999996,-1.6685000000000088,1.5925000000000011,0.0007815396276877051,7.0,1.0,50.5,30.3,0.0,0,0,28.8,1.7,0.190184,0.656442,1.801876,0,0.15337399999999998,7.44,0.09128831999999999,6.63200177739563,40,6473.942,2,MEDIUM,81.859,1.0224837009343402,0.6025317460317462,0.8741613005117348,2.9662189998921376
7,HUL,12.0,SOFT,HARD,11.0,3.0,85.52766666666666,84.45733333333334,59.3939393939394,54.09090909090909,0.38791423001949316,0.2117618053138415,1.0703333333333234,SOFT>HARD,5.3030303030303045,0.17615242470565165,50.55790841360676,1,12.0,0.18181818181818182,66,8,0.17249999999999943,0.3580000000000041,-0.29400000000001114,-0.46299999999999386,0.11883333333333349,0.11883333333333349,-0.00532858922336743,0.17485631283119873,0.17485631283119873,0.3580000000000041,0.02200000000000557,1,0,0,85.745,0.008727023102579778,-0.3580000000000041,-0.21733333333334315,-0.5276250000000005,-0.20899999999998897,0.7000000000000028,0.05602297949786525,7.0,8.0,50.7,30.9,1.7000000000000028,0,0,28.3,1.4,0.192982,0.549708,2.387024,0,-0.339182,7.536000000000001,0.09263136,5.501258210544727,13,4245.254,0,SOFT,85.745,0.9656647096053528,0.6025317460317462,0.7574903374958187,2.9662189998921376
7,LAW,10.0,MEDIUM,HARD,9.0,3.0,85.261,84.50733333333334,61.51515151515152,56.21212121212121,0.0,0.0,0.7536666666666605,MEDIUM>HARD,5.303030303030312,0.0,50.75549885116822,1,10.0,0.15151515151515152,66,8,0.3149999999999906,0.08599999999999852,0.0,-0.3049999999999926,0.22905952380952482,0.22905952380952482,0.1293376464088709,0.19505928434307399,0.19505928434307399,0.1039999999999992,0.32200000000000273,0,1,0,85.289,-0.22259632498040105,-0.08599999999999852,-0.027999999999991587,-0.5701250000000044,-0.625,0.8149999999999977,-0.03400023946645084,7.0,8.0,49.7,30.9,-1.7999999999999972,0,0,28.0,5.1,0.005848,0.017544,8.724281,0,-3.4000000000000176e-05,5.880000000000001,0.0023392,5.313205979041787,11,4072.946,0,MEDIUM,85.289,1.0808873170477078,0.6025317460317462,0.9975273291166361,2.9662189998921376
7,LAW,34.0,HARD,HARD,22.0,4.0,85.23666666666666,84.2,36.06060606060606,29.6969696969697,0.05098039215686275,0.1498247324558349,1.0366666666666617,HARD>HARD,6.363636363636363,-0.09884434029897216,50.15628370900777,1,23.0,0.5151515151515151,66,8,0.1734999999999971,0.17199999999999704,-0.036000000000001364,-0.23799999999999955,0.07999999999999924,0.07999999999999924,-0.03790109986782397,0.06261173344524319,0.06261173344524319,0.036000000000001364,0.03650000000000375,0,0,1,85.306,0.05839629939374902,-0.17199999999999704,-0.0693333333333328,-0.2663749999999965,1.5220000000000056,1.100999999999992,-0.017388266554756046,7.0,9.0,49.9,30.2,0.0,0,0,28.4,3.5,0.02924,0.064327,5.357113,0,-0.15899500000000003,13.708,0.0269008,6.530877627725885,35,6133.07,1,HARD,85.306,1.4890109801518396,0.6025317460317462,1.6487610869017337,2.9662189998921376
7,LEC,15.0,MEDIUM,HARD,14.0,3.0,83.84833333333334,81.97866666666665,56.21212121212122,50.90909090909091,0.0,0.0,1.8696666666666886,MEDIUM>HARD,5.303030303030312,0.0,50.58778638624881,1,15.0,0.22727272727272727,66,8,0.3084999999999951,0.0,-0.043000000000006366,-0.14100000000000534,0.08899999999999883,0.08899999999999883,0.08519366865073152,0.08858077106010868,0.08858077106010868,0.043000000000006366,-0.006000000000000227,0,1,0,84.039,-0.13401832927822,0.0,-0.1906666666666581,-0.1907499999999942,-0.7339999999999947,1.093500000000006,-0.00041922893989014554,7.0,1.0,50.7,31.0,0.0,0,0,27.5,2.5,0.017857,0.02381,17.481625,0,0.0,9.420000000000002,0.0107142,5.707110264748875,16,4479.933,0,MEDIUM,84.039,0.9163186918285754,0.6025317460317462,0.784479351456734,2.9662189998921376
7,LEC,38.0,HARD,HARD,21.0,4.0,83.10233333333333,80.78866666666666,31.818181818181824,25.454545454545457,0.026262626262626262,0.24985302763080539,2.313666666666677,HARD>HARD,6.363636363636367,-0.22359040136817912,50.15617116204259,1,22.0,0.5757575757575758,66,8,0.22150000000001313,0.49099999999999966,-0.49099999999999966,-0.4829999999999899,0.0063333333333316,0.0063333333333316,-0.21999034709794785,0.040621880157943734,0.040621880157943734,0.49099999999999966,-0.09000000000000341,0,0,1,83.515,0.33906156985388236,-0.49099999999999966,-0.4126666666666665,-0.30537499999999795,-0.13450000000000273,1.3444999999999965,0.03428854682461213,7.0,2.0,50.5,30.3,-0.3999999999999986,0,0,28.9,2.4,0.041916,0.610778,2.216807,0,0.005771000000000005,13.64,0.03688608,6.610696044717759,39,6406.79,1,HARD,83.515,1.343039028115561,0.6025317460317462,1.265144659965996,2.9662189998921376
7,LIN,21.0,MEDIUM,HARD,20.0,3.0,86.382,83.96766666666667,49.84848484848485,44.54545454545454,0.04190476190476191,0.41323221407284055,2.4143333333333317,MEDIUM>HARD,5.303030303030312,-0.37132745216807866,50.483434285638246,1,21.0,0.3181818181818182,66,8,0.26949999999999363,1.4039999999999964,-1.100999999999999,-1.4380000000000024,0.0822083333333321,0.0822083333333321,-0.791111529555593,0.08762400259821383,0.08762400259821383,1.100999999999999,0.14699999999999136,0,1,0,87.217,1.2199819033600647,-1.4039999999999964,-0.8349999999999937,-1.208999999999989,3.1480000000000103,1.2014999999999887,0.005415669264881726,7.0,9.0,50.1,30.9,0.5,0,0,29.0,1.7,0.137143,0.634286,2.089211,0,0.125515,12.684000000000001,0.11520011999999999,6.063785208687608,22,5024.573,0,MEDIUM,87.217,1.4487114065342375,0.6025317460317462,2.3279757480578125,2.9662189998921376
7,NOR,12.0,MEDIUM,HARD,11.0,3.0,83.44600000000001,82.069,59.3939393939394,54.09090909090909,0.013972055888223553,0.36788617886178865,1.3770000000000095,MEDIUM>HARD,5.3030303030303045,-0.3539141229735651,50.55790841360676,1,12.0,0.18181818181818182,66,8,0.07149999999999324,0.21699999999999875,-0.21699999999999875,-0.24349999999999739,0.03699999999999809,0.03699999999999809,0.00884391504297355,0.09028787338483649,0.09028787338483649,0.21699999999999875,-0.04049999999999443,0,1,0,83.618,-0.014484331154449137,-0.21699999999999875,-0.17199999999999704,-0.2303749999999951,-2.3019999999999925,0.9020000000000081,0.0532878733848384,7.0,3.0,49.4,30.9,0.3999999999999986,0,0,28.5,2.3,0.017964,0.808383,1.948865,0,-0.023952,6.911999999999999,0.00862272,5.480638923341991,13,4223.084,0,MEDIUM,83.618,0.7992418988157018,0.6025317460317462,0.4372875388356562,2.9662189998921376
7,NOR,34.0,HARD,HARD,20.0,3.0,83.187,80.83633333333334,36.06060606060606,30.75757575757576,0.20968905562369236,0.45267489711934156,2.3506666666666547,HARD>HARD,5.303030303030301,-0.2429858414956492,50.15628370900777,1,21.0,0.5151515151515151,66,8,0.15350000000000108,0.0,0.0,-0.08399999999998897,0.03361428571428563,0.03361428571428563,0.11968107460388921,0.06425201698728135,0.06425201698728135,0.26599999999999113,0.09949999999999903,0,0,1,83.115,-0.18456151849215985,0.0,0.07200000000000273,-0.05412499999998488,-0.6880000000000024,1.4669999999999987,0.030637731272995718,7.0,3.0,49.9,30.2,0.6999999999999957,0,0,28.4,3.5,0.024096,0.156627,3.605236,0,-0.04819300000000001,12.515999999999998,0.02024064,6.51025834052315,35,6063.1,1,HARD,83.115,1.3081839826199169,0.6025317460317462,0.9865710699434805,2.9662189998921376
7,OCO,12.0,SOFT,HARD,11.0,3.0,86.69266666666665,84.34166666666665,59.3939393939394,54.09090909090909,0.0,0.17766741805203345,2.350999999999999,SOFT>HARD,5.3030303030303045,-0.17766741805203345,50.55790841360676,1,12.0,0.18181818181818182,66,8,0.5045000000000002,0.12899999999999068,-0.11199999999999477,-0.6765000000000043,0.23304761904761728,0.23304761904761728,0.07125450816870682,0.21306551151911446,0.21306551151911446,0.12899999999999068,0.09949999999999903,1,0,0,86.773,-0.11669875700383159,-0.12899999999999068,-0.0803333333333427,-0.6687499999999886,0.6980000000000075,0.8065000000000069,-0.019982107528502824,7.0,14.0,50.7,30.9,1.7000000000000028,0,0,28.3,1.4,0.017341,0.50289,2.47182,0,0.005779999999999999,7.536000000000001,0.00832368,5.5254529391317835,13,4258.367,0,SOFT,86.773,1.109186289434384,0.6025317460317462,1.0151656994083655,2.9662189998921376
7,OCO,33.0,HARD,MEDIUM,19.0,4.0,86.64166666666665,83.192,37.121212121212125,30.75757575757576,0.15304156344618772,0.003992015968063873,3.4496666666666584,HARD>MEDIUM,6.363636363636363,0.14904954747812385,50.17007714210788,1,20.0,0.5,66,8,0.19400000000000261,-0.784000000000006,0.9190000000000111,0.7830000000000155,0.026999999999999247,0.026999999999999247,0.9710146721094475,0.1058914554846452,0.1058914554846452,-1.3299999999999983,-0.36599999999999966,0,0,1,85.892,-1.4987774044245157,0.784000000000006,0.7496666666666698,0.783875000000009,2.1809999999999974,1.0279999999999987,0.07889145548464595,7.0,15.0,49.9,30.2,0.6999999999999957,0,0,28.4,3.5,0.023256,0.093023,3.948122,0,-0.29103,11.92,0.018604799999999998,6.519147287940395,34,6080.518,1,HARD,85.892,0.9703564439250071,0.6025317460317462,0.9938935136216865,2.9662189998921376
7,PER,11.0,SOFT,HARD,10.0,3.0,86.87333333333333,84.77266666666667,60.45454545454546,55.151515151515156,0.05563306978495338,0.24804779865508608,2.100666666666669,SOFT>HARD,5.3030303030303045,-0.1924147288701327,50.64544235773824,1,11.0,0.16666666666666666,66,8,0.4799999999999969,0.26200000000000045,-0.08799999999999386,-0.7039999999999935,0.1950249999999997,0.1950249999999997,-0.022492884553699355,0.17800729220591585,0.17800729220591585,0.26200000000000045,0.02200000000000557,1,0,0,86.99,0.037666615587795604,-0.26200000000000045,-0.11666666666666003,-0.6553750000000065,1.1039999999999992,1.1039999999999992,-0.017017707794083847,7.0,19.0,49.0,30.9,-0.7000000000000028,0,0,28.3,3.9,0.017241,0.706897,2.083774,0,-0.029002,6.16,0.00758604,5.459585514144159,12,4177.838,0,SOFT,86.99,0.9937673176873398,0.6025317460317462,1.1374312157803446,2.9662189998921376
7,PER,30.0,HARD,HARD,17.0,3.0,86.83933333333334,84.39766666666667,40.303030303030305,35.0,0.07238095238095238,0.1234683932052353,2.441666666666677,HARD>HARD,5.3030303030303045,-0.05108744082428292,50.266765967523774,1,18.0,0.45454545454545453,66,8,0.45349999999999824,-0.2849999999999966,0.0,0.1424999999999983,-0.09849999999999995,-0.09849999999999995,0.5089214930504227,0.08121130905436386,0.08121130905436386,0.242999999999995,-0.14750000000000085,0,0,1,86.699,-0.7884336569558172,0.2849999999999966,0.14033333333334497,0.40774999999999295,2.441999999999993,1.1210000000000022,0.1797113090543638,7.0,17.0,49.0,30.3,-0.20000000000000284,0,0,28.4,2.6,0.022989,0.074713,6.595253,0,0.005648,10.08,0.01655208,6.436150368369428,31,5842.063,1,HARD,86.699,1.3891662868889494,0.6025317460317462,1.4393527247710787,2.9662189998921376
7,PER,37.0,HARD,MEDIUM,5.0,3.0,85.00566666666667,84.35866666666666,32.87878787878788,26.515151515151516,0.46138742318632886,0.30345690625180677,0.6470000000000056,HARD>MEDIUM,6.363636363636367,0.1579305169345221,50.1494176691759,1,6.0,0.5606060606060606,66,5,0.5769999999999982,0.9450000000000074,-0.9450000000000074,-0.9450000000000074,0.4,0.4,-0.5552861980163897,0.15399843396236673,0.15399843396236673,0.9450000000000074,0.3430000000000035,0,0,1,85.828,1.057612542969622,-0.9450000000000074,-0.8223333333333329,-1.0472000000000037,2.3004999999999995,1.5925000000000011,-0.2460015660376333,4.0,18.0,50.5,30.3,0.0,0,0,28.8,1.7,0.947674,1.0,0.333396,0,0.582968,3.72,0.22744176,6.630683385642372,38,6463.012,2,HARD,85.828,1.5275995736016474,0.6025317460317462,1.8757120988577998,2.9662189998921376
7,PIA,13.0,MEDIUM,HARD,12.0,3.0,84.07099999999998,82.34633333333333,58.333333333333336,53.03030303030303,0.0,0.0770140428677014,1.72466666666665,MEDIUM>HARD,5.3030303030303045,-0.0770140428677014,50.55952918929865,1,13.0,0.19696969696969696,66,8,0.3674999999999997,-0.11800000000000921,0.09799999999999898,0.10800000000000409,-0.014499999999994628,-0.014499999999994628,0.3964607445699073,0.10434531294435492,0.10434531294435492,-0.11800000000000921,0.022500000000000853,0,1,0,83.999,-0.6390130319223886,0.11800000000000921,0.07200000000000273,0.19300000000001205,-2.0759999999999934,0.7075000000000102,0.11884531294434955,7.0,4.0,50.5,30.9,1.1000000000000014,0,0,28.5,2.3,0.017857,0.303571,3.045381,0,0.0,8.06,0.009285640000000001,5.568344503761097,14,4315.354,0,MEDIUM,83.999,0.8215620669988596,0.6025317460317462,0.2947053539927228,2.9662189998921376
7,PIA,35.0,HARD,HARD,20.0,3.6666666666666665,83.16033333333333,81.75733333333334,35.0,28.98989898989899,0.13052208835341364,0.028806584362139915,1.4029999999999916,HARD>HARD,6.01010101010101,0.10171550399127373,50.146538703724886,1,21.0,0.5303030303030303,66,8,0.2465000000000117,0.09900000000000375,-0.4069999999999965,-0.04950000000000898,-0.039666666666666586,-0.039666666666666586,-0.018047142751399292,0.03387988216410176,0.03387988216410176,0.4069999999999965,0.1454999999999984,0,0,1,83.444,0.027830699896924216,-0.09900000000000375,-0.28366666666667584,-0.04100000000001103,-0.3399999999999892,1.225999999999999,0.07354654883076835,7.0,6.0,49.5,30.2,-0.3999999999999986,0,0,28.8,3.8,0.419162,0.658683,1.29654,0,0.395066,12.18,0.35209608,6.54534966033442,36,6165.871,1,HARD,83.444,1.3603321058242848,0.6025317460317462,1.0004712426913942,2.9662189998921376
7,RUS,11.0,MEDIUM,HARD,10.0,3.0,83.46966666666667,81.97433333333333,60.45454545454546,55.151515151515156,0.0,0.024390243902439022,1.4953333333333347,MEDIUM>HARD,5.3030303030303045,-0.024390243902439022,50.64544235773824,1,11.0,0.16666666666666666,66,8,0.4924999999999926,0.4479999999999933,-0.1909999999999883,-0.758499999999998,0.239190476190475,0.239190476190475,-0.0032223187231892325,0.23138489331838824,0.23138489331838824,0.1909999999999883,0.125,0,1,0,83.701,0.00539609939126251,-0.4479999999999933,-0.23133333333332473,-0.7893749999999926,-2.3540000000000134,0.7660000000000053,-0.007805582872086769,7.0,1.0,49.0,30.9,-1.3999999999999986,0,0,28.3,3.9,0.005952,0.017857,20.0,0,-0.006024000000000001,6.16,0.00261888,5.37989735354046,12,4132.042,0,MEDIUM,83.701,0.9908375653124011,0.6025317460317462,0.7515996745345542,2.9662189998921376
7,RUS,35.0,HARD,HARD,22.0,4.0,83.00233333333334,80.84266666666667,35.0,28.636363636363637,0.0,0.3379853283234926,2.1596666666666664,HARD>HARD,6.363636363636363,-0.3379853283234926,50.146538703724886,1,23.0,0.5303030303030303,66,8,0.25799999999999557,0.0,0.0,0.2710000000000008,-0.07150000000000153,-0.07150000000000153,0.17256377753355423,0.0007406776424270824,0.0007406776424270824,0.27200000000000557,0.036000000000001364,0,0,1,82.921,-0.26587845873886806,0.0,0.08133333333333326,0.23487499999998818,-0.6779999999999973,0.8310000000000031,0.07224067764242861,7.0,1.0,49.9,30.2,0.0,0,0,28.4,3.5,0.018182,0.054545,6.119965,0,-0.011938,13.708,0.01672744,6.535241271013659,36,6140.884,1,HARD,82.921,1.2010542204244867,0.6025317460317462,0.8667931165957542,2.9662189998921376
7,SAI,13.0,SOFT,HARD,12.0,3.0,86.337,84.24433333333333,58.333333333333336,53.03030303030303,0.0019267822736030828,0.021825396825396828,2.0926666666666733,SOFT>HARD,5.3030303030303045,-0.019898614551793745,50.55952918929865,1,13.0,0.19696969696969696,66,8,0.23699999999999477,0.0,0.05499999999999261,-0.15149999999999864,0.16478333333333192,0.16478333333333192,0.18383011400368332,0.14409537061725838,0.14409537061725838,-0.05499999999999261,-0.007999999999995566,1,0,0,86.28,-0.2958853641233219,0.0,0.05699999999998795,-0.29624999999998636,-0.0519999999999925,0.7914999999999992,-0.020687962716073538,7.0,12.0,50.5,30.9,-0.20000000000000284,0,0,28.5,2.3,0.00578,0.32948,3.016362,0,-0.023122,8.06,0.0030056000000000006,5.598421958998375,14,4341.52,0,SOFT,86.28,0.8507593243676406,0.6025317460317462,0.6775228335292239,2.9662189998921376
7,SAI,29.0,HARD,HARD,14.0,3.0,85.39299999999999,84.027,41.36363636363637,36.06060606060606,0.0,0.1488095238095238,1.3659999999999854,HARD>HARD,5.3030303030303045,-0.1488095238095238,50.2882581736411,1,15.0,0.4393939393939394,66,8,0.2530000000000001,0.0,0.0,-0.2804999999999893,0.10150000000000267,0.10150000000000267,0.17306791183804648,0.10839178586338356,0.10839178586338356,-0.3710000000000093,0.3790000000000049,0,0,1,85.353,-0.27225347568135305,0.0,0.040000000000020464,-0.19112499999998533,0.9204999999999899,1.0494999999999948,0.006891785863380892,7.0,13.0,50.3,30.5,1.5999999999999943,0,0,28.3,3.0,0.02924,0.05848,11.05168,0,0.005847999999999999,9.179999999999998,0.017544,6.386879319362645,30,5723.583,1,HARD,85.353,1.5576448906352298,0.6025317460317462,1.4078368041422347,2.9662189998921376
7,SAI,54.0,HARD,MEDIUM,23.0,3.0,84.53333333333335,82.19866666666667,14.848484848484851,9.545454545454547,0.009861932938856016,0.2230229120473023,2.3346666666666778,HARD>MEDIUM,5.3030303030303045,-0.21316097910844628,50.13143861947569,1,24.0,0.8181818181818182,66,8,0.2914999999999921,0.08800000000000807,-0.05500000000000682,-0.36299999999999955,0.12071428571428555,0.12071428571428555,-0.21750786764367547,0.011947036854648107,0.011947036854648107,0.08800000000000807,0.08049999999999358,0,0,1,84.581,0.3422736046916981,-0.08800000000000807,-0.04766666666665742,-0.3876249999999999,1.5085000000000122,1.0829999999999913,-0.10876724885963744,7.0,13.0,48.7,29.9,-1.5999999999999943,0,0,27.2,1.6,0.029586,0.08284,11.554065,0,-0.005916999999999999,13.152000000000003,0.02840256,6.959398512133975,55,7888.375,4,HARD,84.581,1.1543137978502944,0.6025317460317462,1.3937704747813275,2.9662189998921376
7,VER,11.0,SOFT,MEDIUM,13.0,3.0,84.153,82.00633333333333,60.45454545454546,55.151515151515156,0.00992063492063492,0.08130081300813008,2.1466666666666754,SOFT>MEDIUM,5.3030303030303045,-0.07138017808749517,50.64544235773824,1,14.0,0.16666666666666666,66,8,0.46999999999999886,0.20800000000001262,0.0,-0.63900000000001,0.20084999999999695,0.20084999999999695,0.06591626396286188,0.17674675147337918,0.17674675147337918,-0.13599999999999568,0.09299999999999642,1,0,0,84.177,-0.11038346681345956,-0.20800000000001262,-0.02400000000000091,-0.5638750000000101,-1.9014999999999986,0.7194999999999965,-0.02410324852661777,7.0,5.0,49.0,30.9,-1.3999999999999986,0,0,28.3,3.9,0.005917,0.236686,3.32432,0,0.005917,7.84,0.0033135200000000004,5.3981627015177525,12,4143.526,0,SOFT,84.177,0.48455633764858425,0.6025317460317462,-0.740150856883003,2.9662189998921376
7,VER,28.0,MEDIUM,HARD,15.0,3.0,83.33466666666668,81.49566666666668,42.42424242424242,37.121212121212125,0.041952240098117016,0.034552845528455285,1.8389999999999986,MEDIUM>HARD,5.303030303030297,0.007399394569661731,50.32655241935779,1,16.0,0.42424242424242425,66,8,0.15649999999998698,0.0969999999999942,0.0,-0.3435000000000059,0.0913749999999999,0.0913749999999999,0.08272883985802082,0.09657227272402669,0.09657227272402669,-0.1740000000000066,0.022999999999996135,0,1,0,83.309,-0.1292319702235858,-0.0969999999999942,0.02566666666666606,-0.26224999999999454,-1.2849999999999966,1.213000000000008,0.005197272724026786,7.0,4.0,48.9,30.8,-2.1000000000000014,0,0,27.9,3.2,0.023952,0.48503,2.534949,0,-0.011976,8.895999999999999,0.01532928,6.333279628139691,29,5573.71,1,MEDIUM,83.309,0.812349237309429,0.6025317460317462,0.7446331596621443,2.9662189998921376
7,VER,39.0,HARD,MEDIUM,9.0,3.0,81.96733333333333,80.485,30.75757575757576,25.454545454545457,0.02032520325203252,0.11424705416251309,1.4823333333333295,HARD>MEDIUM,5.3030303030303045,-0.09392185091048057,50.159054070731024,1,10.0,0.5909090909090909,66,8,0.10949999999999704,0.17799999999999727,-0.17799999999999727,-0.24150000000000205,0.054249999999998674,0.054249999999998674,-0.038161536499728754,0.05863593049059238,0.05863593049059238,0.17799999999999727,0.1869999999999976,0,0,1,82.098,0.06567784412584388,-0.17799999999999727,-0.13066666666667004,-0.23662499999998943,-1.1394999999999982,1.7184999999999988,0.004385930490593708,7.0,6.0,50.5,30.3,0.0,0,0,28.8,1.7,0.091463,0.359756,3.082763,0,0.048780000000000004,6.2,0.036585200000000005,6.642486801367256,40,6499.579,2,HARD,82.098,0.9477465337938982,0.6025317460317462,0.6360937733821491,2.9662189998921376
8,ALB,17.0,MEDIUM,MEDIUM,16.0,3.0,74.96966666666667,73.889,55.2112676056338,50.28169014084508,0.024489187173750936,0.29734326162897595,1.0806666666666729,MEDIUM>MEDIUM,4.929577464788721,-0.272854074455225,50.77927368462618,1,17.0,0.23943661971830985,71,8,0.1419999999999959,0.09300000000000352,-0.09300000000000352,0.01999999999999602,-0.05579999999999998,-0.05579999999999998,0.06554322300297599,0.022621366388170246,0.022621366388170246,0.09300000000000352,0.03900000000000148,0,1,0,75.072,-0.10188350038382055,-0.09300000000000352,-0.10233333333333405,0.09624999999999773,1.0559999999999974,1.041000000000011,0.07842136638817022,7.0,15.0,51.3,34.6,0.0,0,0,28.6,1.8,0.026667,0.42,2.620862,0,-0.026666,11.083999999999998,0.01813356,5.834810737062605,18,4708.807,0,MEDIUM,75.072,0.7762065583677438,1.0471102150537637,-0.2154691343301005,2.291430265058459
8,ALB,36.0,MEDIUM,HARD,17.0,3.0,74.382,73.44633333333333,36.478873239436616,31.549295774647888,0.06680129794223753,0.14093545600394916,0.9356666666666769,MEDIUM>HARD,4.9295774647887285,-0.07413415806171163,50.9526231990338,1,18.0,0.5070422535211268,71,8,0.34949999999999903,-0.1629999999999967,0.0,0.15850000000000364,0.0712500000000027,0.0712500000000027,0.4447449943565971,0.08745719755978104,0.08745719755978104,-0.882000000000005,0.15450000000000585,0,1,0,74.131,-0.7447705827604381,0.1629999999999967,0.25099999999999056,0.19325000000000614,1.269999999999996,0.7129999999999939,0.01620719755977834,7.0,16.0,51.3,34.6,0.19999999999999574,0,0,32.3,2.2,0.047297,0.310811,3.131493,0,-0.12603599999999998,11.735999999999999,0.034053839999999995,6.5722825426940075,37,6178.496,4,MEDIUM,74.131,1.0942767114039988,1.0471102150537637,1.2407699953143922,2.291430265058459
8,ALO,22.0,MEDIUM,SOFT,21.0,3.0,76.23233333333333,75.10366666666665,50.28169014084508,44.36619718309859,0.33241600733860793,0.20812362030905077,1.1286666666666747,MEDIUM>SOFT,5.915492957746487,0.12429238702955717,50.86007357406797,1,22.0,0.30985915492957744,71,8,0.09449999999998937,0.8190000000000026,-0.5090000000000003,-0.8475000000000108,0.052766666666666615,0.052766666666666615,-0.41119676185853393,0.06361568409195334,0.06361568409195334,0.8760000000000048,0.21299999999999386,0,1,0,76.694,0.6337597146137881,-0.8190000000000026,-0.4616666666666731,-0.6667499999999933,3.6060000000000088,0.8640000000000043,0.010849017425286725,7.0,17.0,50.8,35.1,-0.5,0,0,30.3,2.7,0.398693,0.810458,1.285195,0,0.273693,13.903999999999996,0.35084983999999997,6.095824562432225,23,5101.17,0,MEDIUM,76.694,0.9625550050625589,1.0471102150537637,0.9690932226501557,2.291430265058459
8,ALO,48.0,SOFT,SOFT,23.0,3.0,75.71900000000001,73.264,24.64788732394366,19.718309859154928,0.20346320346320346,0.6034718941898914,2.4550000000000125,SOFT>SOFT,4.929577464788732,-0.400008690726688,51.111396115332916,1,24.0,0.676056338028169,71,8,0.19500000000000028,2.165999999999997,-1.9620000000000033,-2.171999999999997,0.12845833333333503,0.12845833333333503,-1.8526394053920967,0.016457611676017614,0.016457611676017614,1.9620000000000033,-0.09300000000000352,1,0,0,77.095,2.3059161705531324,-2.165999999999997,-1.3759999999999906,-1.9787500000000051,4.962000000000003,0.75,-0.11200072165731742,7.0,18.0,51.6,34.7,0.0,0,0,31.5,1.2,0.623377,0.746753,0.645957,0,0.59671,15.936000000000002,0.59844192,6.85751406254539,49,7111.717,3,SOFT,77.095,1.0991038424530928,1.0471102150537637,2.000394713296936,2.291430265058459
8,ANT,23.0,MEDIUM,HARD,22.0,4.0,73.29733333333333,71.60966666666667,49.29577464788732,43.38028169014084,0.027212143650499815,0.841508029008029,1.687666666666658,MEDIUM>HARD,5.91549295774648,-0.8142958853575292,50.85929361862406,1,23.0,0.323943661971831,71,8,0.3299999999999983,0.0,0.0,-0.28649999999998954,0.12216666666666617,0.12216666666666617,0.15771342945119216,0.06349767537227753,0.06349767537227753,-0.8160000000000025,0.11400000000000432,0,1,0,73.136,-0.24299771449284435,0.0,0.16133333333333155,-0.14099999999999113,0.02400000000000091,0.8295000000000101,-0.05866899129438864,7.0,1.0,50.8,35.1,-0.5,0,0,30.3,2.7,0.041096,0.486301,2.502209,0,-0.006200999999999998,14.535999999999996,0.03780832,6.104793232414985,24,5106.651,0,MEDIUM,73.136,1.0000194376844318,1.0471102150537637,1.2638070846065215,2.291430265058459
8,ANT,50.0,HARD,HARD,25.0,4.0,72.02699999999999,70.43266666666666,22.67605633802817,16.76056338028169,0.18901749591404768,0.07328605200945627,1.5943333333333243,HARD>HARD,5.915492957746483,0.1157314439045914,51.12731842784403,1,26.0,0.704225352112676,71,8,0.05100000000000193,0.3359999999999985,0.0,-0.3544999999999874,0.04809999999999519,0.04809999999999519,-0.08604050625272919,0.03810660820981845,0.03810660820981845,-0.09300000000000352,-0.0905000000000058,0,0,1,72.121,0.13252977434264324,-0.3359999999999985,-0.0940000000000083,-0.26437500000000114,-0.028000000000005798,0.7660000000000053,-0.00999339179017674,7.0,1.0,51.6,34.7,0.0,0,0,31.5,1.2,0.180556,0.3125,15.560246,0,-0.274616,17.264,0.18777823999999999,6.854354502255021,51,7108.136,3,HARD,72.121,1.5001415774127405,1.0471102150537637,1.804509543028016,2.291430265058459
8,BEA,23.0,MEDIUM,HARD,22.0,4.0,75.01766666666667,73.07600000000001,49.29577464788732,43.38028169014084,0.21769402096883317,0.20022986363495168,1.9416666666666629,MEDIUM>HARD,5.91549295774648,0.017464157333881486,50.85929361862406,1,23.0,0.323943661971831,71,8,0.204500000000003,0.5359999999999872,-0.5359999999999872,-0.5904999999999916,0.04575000000000244,0.04575000000000244,-0.2708144611212191,0.017944577711936676,0.017944577711936676,0.8269999999999982,-0.23199999999999932,0,1,0,75.472,0.41725866549893453,-0.5359999999999872,-0.4543333333333237,-0.39799999999999613,2.8349999999999937,1.0570000000000022,-0.027805422288065765,7.0,13.0,49.9,34.9,-0.8999999999999986,0,0,31.6,3.0,0.192053,0.370861,3.530668,0,0.01755599999999999,13.708,0.17668876,6.131226489483141,24,5157.169,0,MEDIUM,75.472,1.085067088658556,1.0471102150537637,1.657809125217323,2.291430265058459
8,BEA,44.0,HARD,MEDIUM,19.0,3.0,74.13033333333333,72.83533333333334,28.591549295774644,23.661971830985916,0.13879315557167907,0.06122448979591837,1.2949999999999875,HARD>MEDIUM,4.9295774647887285,0.07756866577576069,51.04677206759794,1,20.0,0.6197183098591549,71,8,0.26850000000000307,0.0,0.0,0.16500000000000625,-0.09583333333333441,-0.09583333333333441,0.4678983808947521,0.06995354589658989,0.06995354589658989,-0.929000000000002,0.046999999999997044,0,0,1,73.877,-0.7235124774964419,0.0,0.2533333333333445,0.599250000000012,0.7719999999999914,0.9080000000000013,0.1657868792299243,7.0,14.0,51.9,34.5,-0.20000000000000284,0,0,30.7,2.6,0.067568,0.418919,2.682309,0,-0.30827099999999996,13.52,0.0540544,6.761572768804055,45,6759.153,3,HARD,73.877,1.238192699401462,1.0471102150537637,1.0573454067619812,2.291430265058459
8,BOR,16.0,SOFT,MEDIUM,15.0,3.0,74.29233333333333,72.87299999999999,56.19718309859155,51.267605633802816,0.13646532438478748,0.5376476145488899,1.4193333333333413,SOFT>MEDIUM,4.929577464788736,-0.4011822901641024,50.745516086486965,1,16.0,0.22535211267605634,71,8,0.0694999999999979,0.0,0.018999999999991246,-0.060000000000002274,0.03200000000000358,0.03200000000000358,0.11183654463067683,0.030332664025765038,0.030332664025765038,-0.018999999999991246,-0.10999999999999943,1,0,0,74.072,-0.17470155547238164,0.0,0.22033333333332905,-0.018375000000006025,0.2150000000000034,1.0690000000000026,-0.001667335974238543,7.0,10.0,51.3,34.6,-0.30000000000000426,0,0,28.5,2.2,0.006757,0.277027,3.077282,0,-0.013513,10.431999999999999,0.00432448,5.75890177387728,17,4618.349,0,SOFT,74.072,0.6855744627500545,1.0471102150537637,-0.10735749182545773,2.291430265058459
8,BOR,43.0,MEDIUM,HARD,25.0,3.0,74.109,72.19333333333333,29.577464788732396,24.64788732394366,0.28603603603603606,0.016203703703703703,1.9156666666666666,MEDIUM>HARD,4.929577464788736,0.26983233233233234,51.02392844678739,1,26.0,0.6056338028169014,71,8,0.2354999999999947,0.561000000000007,-0.1770000000000067,-0.7535000000000025,0.15208333333333002,0.15208333333333002,-0.18691443187671553,0.12446535342706799,0.12446535342706799,0.1770000000000067,0.2740000000000009,0,1,0,74.387,0.2895724214339168,-0.561000000000007,-0.2780000000000058,-0.6580000000000155,0.8245000000000005,1.099499999999999,-0.027617979906262025,7.0,11.0,52.1,34.5,0.10000000000000142,0,0,30.7,1.6,0.020134,0.053691,6.02492,0,-0.209596,17.784000000000002,0.020939359999999997,6.731018100482083,44,6658.511,4,MEDIUM,74.387,1.3104049836587937,1.0471102150537637,1.7207059082246146,2.291430265058459
8,COL,19.0,MEDIUM,HARD,18.0,5.666666666666667,74.554,72.979,53.239436619718305,45.68075117370893,0.13199105145413872,0.25407022516139194,1.5750000000000028,MEDIUM>HARD,7.5586854460093775,-0.12207917370725321,50.80552263008317,1,19.0,0.2676056338028169,71,8,0.43900000000000006,0.16500000000000625,-0.3050000000000068,0.2324999999999875,-0.17653333333333354,-0.17653333333333354,0.04472859495909631,-0.04055596528796939,-0.04055596528796939,0.3050000000000068,-0.2780000000000058,0,1,0,74.775,-0.06913953534082395,-0.16500000000000625,-0.22100000000000364,0.3152499999999918,0.4450000000000074,1.289999999999992,0.13597736804536414,7.0,13.0,51.4,34.7,0.3999999999999986,0,0,28.8,1.2,0.221477,0.798658,1.722926,0,-0.040268,12.463999999999999,0.16832252,5.940171252720432,20,4859.697,0,MEDIUM,74.775,0.9062710479493736,1.0471102150537637,0.9006048868529964,2.291430265058459
8,COL,45.0,HARD,MEDIUM,24.0,3.0,74.305,72.205,27.6056338028169,22.67605633802817,0.21103452418494992,0.31936462324393355,2.1000000000000085,HARD>MEDIUM,4.9295774647887285,-0.10833009905898364,51.063522212194044,1,25.0,0.6338028169014085,71,8,0.25,0.0,0.0,-0.23900000000000432,0.015874999999999417,0.015874999999999417,0.19573299975243685,0.04410874865055714,0.04410874865055714,0.41500000000000625,-0.03499999999999659,0,0,1,74.111,-0.30432224640011896,0.0,0.19400000000000261,0.15824999999999534,1.6460000000000008,1.4200000000000017,0.028233748650557722,7.0,15.0,51.9,34.8,-0.10000000000000142,0,0,30.1,0.8,0.047297,0.317568,3.234141,0,-0.143179,16.9,0.047297000000000006,6.786716950605081,46,6841.776,5,HARD,74.111,1.298145908906415,1.0471102150537637,1.418994958714709,2.291430265058459
8,GAS,12.0,MEDIUM,HARD,11.0,3.0,75.22833333333334,73.192,60.140845070422536,55.2112676056338,0.9713024282560706,0.2853570652005094,2.0363333333333458,MEDIUM>HARD,4.929577464788736,0.6859453630555612,50.51953229821115,1,12.0,0.16901408450704225,71,8,0.32049999999999557,0.0,0.21099999999999852,-0.15849999999998943,0.22237500000000132,0.22237500000000132,0.3374198564654023,0.151064036870934,0.151064036870934,-0.644999999999996,-0.05999999999998806,0,1,0,74.943,-0.552617355026797,0.0,0.285333333333341,-0.21112499999999557,1.179000000000002,0.8519999999999897,-0.07131096312906732,7.0,13.0,51.6,34.8,0.5,0,0,29.5,0.6,1.0,1.0,0.418617,0,0.09933800000000004,7.968000000000001,0.48,5.480638923341991,13,4328.712,0,MEDIUM,74.943,1.1349917544915031,1.0471102150537637,1.6578178678579163,2.291430265058459
8,GAS,37.0,HARD,MEDIUM,23.0,3.0,73.87433333333334,72.37766666666667,35.49295774647887,30.563380281690144,0.0,0.23287671232876714,1.4966666666666697,HARD>MEDIUM,4.9295774647887285,-0.23287671232876714,50.958977986320086,1,24.0,0.5211267605633803,71,8,0.3575000000000017,0.1980000000000075,-0.01999999999999602,-0.4194999999999993,0.13716666666666555,0.13716666666666555,-0.019874214824923797,0.10918749762454211,0.10918749762454211,0.01999999999999602,0.18149999999999977,0,0,1,73.947,0.032549465656316556,-0.1980000000000075,-0.07266666666667732,-0.4265000000000043,0.7565000000000026,0.6424999999999983,-0.027979169042123442,7.0,12.0,51.1,34.5,0.0,0,0,32.1,1.8,0.013514,0.047297,9.913295,0,-0.006756,15.456000000000001,0.012973440000000001,6.588926477533519,38,6226.396,4,HARD,73.947,1.4058705532522433,1.0471102150537637,1.7349971936426452,2.291430265058459
8,GAS,50.0,MEDIUM,SOFT,11.0,3.0,72.83466666666666,72.63366666666667,22.67605633802817,17.746478873239436,0.12934553131597468,0.6425910765096564,0.2009999999999934,MEDIUM>SOFT,4.929577464788736,-0.5132455451936817,51.12731842784403,1,12.0,0.704225352112676,71,8,0.20049999999999812,0.0,0.0,-0.06450000000000955,0.05808333333333474,0.05808333333333474,0.1455812609099354,0.04398592027067491,0.04398592027067491,0.1290000000000049,0.01300000000000523,0,1,0,72.686,-0.2384291552615423,0.0,0.1486666666666565,-0.011375000000015234,0.7400000000000091,0.7400000000000091,-0.014097413062659832,7.0,12.0,51.3,34.6,-0.30000000000000426,0,0,30.7,1.4,0.048276,0.206897,3.603341,0,-0.006895999999999999,7.823999999999999,0.023172480000000002,6.879355804460439,51,7192.314,5,MEDIUM,72.686,0.7134575464582376,1.0471102150537637,0.27776252437683013,2.291430265058459
8,HAD,17.0,MEDIUM,MEDIUM,16.0,3.0,73.58033333333334,71.635,55.2112676056338,50.28169014084508,0.036281179138321996,0.7513759388759388,1.9453333333333376,MEDIUM>MEDIUM,4.929577464788721,-0.7150947597376168,50.77927368462618,1,17.0,0.23943661971830985,71,8,0.05349999999999966,-0.07800000000000296,0.04000000000000625,0.01999999999999602,0.052349999999999855,0.052349999999999855,0.21178935416453726,0.06135688143202481,0.06135688143202481,-0.2670000000000101,-0.07800000000000296,0,1,0,73.478,-0.3292154361303261,0.07800000000000296,0.10233333333333405,0.06700000000002149,-0.4865000000000066,0.9095000000000013,0.009006881432024952,7.0,6.0,51.3,34.6,0.0,0,0,28.6,1.8,0.034014,0.503401,2.462605,0,-0.020407999999999996,11.083999999999998,0.02312952,5.808142489980444,18,4679.225,0,MEDIUM,73.478,0.7084297817472294,1.0471102150537637,-0.36663215110147185,2.291430265058459
8,HAD,39.0,MEDIUM,HARD,20.0,3.0,72.45666666666666,71.45700000000001,33.521126760563384,28.591549295774644,0.0,0.39478711348551077,0.9996666666666556,MEDIUM>HARD,4.929577464788739,-0.39478711348551077,50.96182757958155,1,21.0,0.5492957746478874,71,8,0.12000000000001165,0.0,0.0,-0.1284999999999883,0.03895833333333283,0.03895833333333283,0.06924040473921877,0.040220070152107025,0.040220070152107025,0.2150000000000034,0.1490000000000009,0,1,0,72.443,-0.10998750507310717,0.0,0.013666666666665606,-0.07424999999999216,-0.5259999999999962,0.8344999999999914,0.0012617368187741937,7.0,6.0,50.8,34.5,-0.30000000000000426,0,0,32.1,1.9,0.02069,0.144828,3.995947,0,-0.014032000000000003,13.271999999999998,0.0173796,6.626717749249025,40,6331.068,4,MEDIUM,72.443,0.9305780970124412,1.0471102150537637,1.1157559122416232,2.291430265058459
8,HAM,11.0,MEDIUM,HARD,10.0,3.0,73.33366666666666,72.473,61.12676056338029,56.19718309859155,0.07401064568386946,0.30344827586206896,0.8606666666666598,MEDIUM>HARD,4.929577464788736,-0.22943763017819951,50.459629302801,1,11.0,0.15492957746478872,71,8,0.2469999999999999,1.875,-1.6839999999999975,-2.0264999999999986,0.1776666666666677,0.1776666666666677,-1.0017200332051601,0.22629830060092404,0.22629830060092404,1.6839999999999975,0.19350000000000023,0,1,0,74.52,1.6506644180164045,-1.875,-1.1863333333333372,-1.8655000000000115,0.2819999999999965,1.036999999999999,0.048631633934256346,7.0,2.0,50.6,34.8,-0.29999999999999716,0,0,29.2,1.2,0.201342,0.33557,3.954419,0,0.187643,6.864000000000001,0.08859048,5.342334251964811,12,4228.986,0,MEDIUM,74.52,1.476076673957014,1.0471102150537637,2.1383640641101844,2.291430265058459
8,HAM,23.0,HARD,SOFT,10.0,5.0,72.75533333333334,71.25333333333333,49.29577464788732,43.38028169014084,0.22084584584584585,0.6499885091434386,1.5020000000000095,HARD>SOFT,5.91549295774648,-0.42914266329759276,50.85929361862406,1,11.0,0.323943661971831,71,8,0.11950000000000216,0.07099999999999795,0.0,-0.012500000000002842,-0.01475000000000056,-0.01475000000000056,0.11383599536378597,0.007249222489497277,0.007249222489497277,-1.693000000000012,-0.10500000000000398,0,0,1,72.323,-0.20483178840338212,-0.07099999999999795,0.43233333333334656,0.1166250000000133,-0.7134999999999962,0.9675000000000011,0.021999222489497837,7.0,4.0,50.8,35.1,-0.5,0,0,30.3,2.7,0.215278,1.0,1.439188,0,-0.19012700000000002,6.951999999999998,0.09472232,6.111467339502679,24,5120.344,1,HARD,72.323,0.9779125978250282,1.0471102150537637,1.003385284412654,2.291430265058459
8,HAM,41.0,SOFT,HARD,17.0,3.0,72.28266666666667,71.20233333333333,31.549295774647888,26.619718309859156,0.5257024265644955,0.14944679733412128,1.0803333333333427,SOFT>HARD,4.929577464788732,0.37625562923037426,50.98089502046479,1,18.0,0.5774647887323944,71,8,0.20549999999999358,-0.06399999999999295,0.0,-0.012000000000000455,0.09227142857142964,0.09227142857142964,0.19711598468087743,0.07160148178475709,0.07160148178475709,0.02400000000000091,-0.20600000000000307,1,0,0,72.183,-0.3079178567787437,0.06399999999999295,0.09966666666666413,-0.058000000000006935,-0.7424999999999926,0.8019999999999996,-0.020669946786672555,7.0,5.0,51.6,34.4,0.6000000000000014,0,0,32.2,1.4,0.291667,1.0,1.159202,0,-0.11111100000000002,11.952,0.21000024,6.674561391814426,42,6471.312,4,SOFT,72.183,0.9438419284515501,1.0471102150537637,1.157259607118602,2.291430265058459
8,HUL,20.0,MEDIUM,MEDIUM,19.0,5.0,74.53566666666666,72.93499999999999,52.25352112676055,45.35211267605634,0.0,0.2785388127853881,1.600666666666669,MEDIUM>MEDIUM,6.90140845070421,-0.2785388127853881,50.831070109290586,1,20.0,0.28169014084507044,71,8,0.31500000000000483,-0.0660000000000025,0.02599999999999625,0.3610000000000042,-0.09409999999999882,-0.09409999999999882,0.2639961461207747,-0.026301988087591675,-0.026301988087591675,-0.02599999999999625,-0.02599999999999625,0,1,0,74.408,-0.40748247171322305,0.0660000000000025,0.12766666666666993,0.3684999999999974,0.8709999999999951,1.2639999999999958,0.06779801191240714,7.0,9.0,51.4,34.8,0.0,0,0,29.0,1.0,0.013423,0.020134,9.091885,0,0.0,13.12,0.010738399999999999,5.981414211254481,21,4927.617,0,MEDIUM,74.408,0.6574596345710529,1.0471102150537637,-0.41157775105259264,2.291430265058459
8,HUL,44.0,MEDIUM,HARD,22.0,3.0,73.01800000000001,72.41166666666668,28.591549295774644,23.661971830985916,0.0,0.0,0.6063333333333389,MEDIUM>HARD,4.9295774647887285,0.0,51.04677206759794,1,23.0,0.6197183098591549,71,8,0.10350000000000392,0.046999999999997044,-0.046999999999997044,-0.13150000000000261,0.037333333333331595,0.037333333333331595,-0.05032147645448504,0.031428879926761674,0.031428879926761674,0.046999999999997044,0.09900000000000375,0,1,0,73.105,0.07778477063519063,-0.046999999999997044,-0.08699999999998909,-0.15487499999998988,0.0,1.382000000000005,-0.005904453406569921,7.0,12.0,51.9,34.5,-0.20000000000000284,0,0,30.7,2.6,0.034247,0.082192,6.457045,0,0.020548,15.548,0.03150724,6.756932389247553,45,6741.573,4,MEDIUM,73.105,0.9804684377103077,1.0471102150537637,1.2105848546744469,2.291430265058459
8,LAW,18.0,MEDIUM,HARD,17.0,3.0,74.349,73.13466666666666,54.225352112676056,49.29577464788733,0.09999999999999999,0.6699657853413168,1.214333333333343,MEDIUM>HARD,4.9295774647887285,-0.5699657853413168,50.79617316047465,1,18.0,0.2535211267605634,71,8,0.13700000000000045,1.1099999999999994,-1.0060000000000002,-1.2575000000000074,0.08591666666666833,0.08591666666666833,-0.69178621052572,0.10577776998912167,0.10577776998912167,1.0060000000000002,-0.007000000000005002,0,1,0,75.098,1.0717321615307611,-1.1099999999999994,-0.7489999999999952,-1.0955000000000013,0.9549999999999983,0.9549999999999983,0.019861103322453333,7.0,8.0,51.1,34.5,-0.19999999999999574,0,0,29.6,0.6,0.326667,0.706667,1.546844,0,0.31315299999999996,11.592,0.23520024,5.872117789475416,19,4760.302,0,MEDIUM,75.098,1.20439461346206,1.0471102150537637,1.7956751743255008,2.291430265058459
8,LAW,44.0,HARD,MEDIUM,24.0,3.0,73.63566666666667,72.127,28.591549295774644,23.661971830985916,0.486057486057486,0.279757343550447,1.5086666666666702,HARD>MEDIUM,4.9295774647887285,0.20630014250703899,51.04677206759794,1,25.0,0.6197183098591549,71,8,0.3639999999999972,0.7139999999999986,-0.3579999999999899,-0.5360000000000014,0.04213333333333367,0.04213333333333367,-0.20186325892544232,0.08090587840055395,0.08090587840055395,0.3579999999999899,0.1629999999999967,0,0,1,73.993,0.3120315301040222,-0.7139999999999986,-0.3573333333333295,-0.3822499999999991,0.8954999999999984,1.3320000000000007,0.03877254506722028,7.0,10.0,51.9,34.5,-0.20000000000000284,0,0,30.7,2.6,0.702703,1.0,0.826622,0,0.138077,16.9,0.702703,6.752270376141742,45,6725.685,4,HARD,73.993,1.3395988095123474,1.0471102150537637,1.6599056680290607,2.291430265058459
8,LEC,12.0,MEDIUM,HARD,11.0,3.0,73.329,72.77666666666666,60.140845070422536,55.2112676056338,0.05234057093156897,0.2191780821917808,0.5523333333333369,MEDIUM>HARD,4.929577464788736,-0.16683751126021185,50.51953229821115,1,12.0,0.16901408450704225,71,8,0.4849999999999923,0.3719999999999999,0.0,-0.4549999999999983,0.17849999999999966,0.17849999999999966,-0.04563490319262087,0.11026803679871343,0.11026803679871343,-0.05999999999998806,0.16400000000000148,0,1,0,73.433,0.0747923135957933,-0.3719999999999999,-0.1039999999999992,-0.4307500000000033,-0.5659999999999883,1.086999999999989,-0.06823196320128623,7.0,5.0,51.6,34.8,1.0,0,0,29.5,0.6,0.047619,0.442177,2.563643,0,-0.0068029999999999965,7.968000000000001,0.02285712,5.44673737166631,13,4307.049,0,MEDIUM,73.433,1.1581332215397089,1.0471102150537637,1.5231153030201048,2.291430265058459
8,LEC,36.0,HARD,HARD,22.0,3.0,72.36466666666666,71.45566666666667,36.478873239436616,31.549295774647888,0.0,0.06018518518518518,0.9089999999999918,HARD>HARD,4.9295774647887285,-0.06018518518518518,50.9526231990338,1,23.0,0.5070422535211268,71,8,0.23349999999999937,0.27199999999999136,-0.27199999999999136,-0.33499999999999375,0.07259999999999897,0.07259999999999897,-0.15794289399599393,0.05822316972675129,0.05822316972675129,0.39799999999999613,0.15749999999999886,0,0,1,72.588,0.26449138876637335,-0.27199999999999136,-0.22333333333332916,-0.3356249999999932,-0.2510000000000048,0.7224999999999966,-0.014376830273247682,7.0,4.0,51.1,34.7,-0.29999999999999716,0,0,31.7,1.0,0.02069,0.075862,4.308043,0,0.006897,14.812000000000001,0.0190348,6.546785410760524,37,6108.594,4,HARD,72.588,1.491816900424466,1.0471102150537637,1.745718727561597,2.291430265058459
8,LEC,58.0,HARD,SOFT,20.0,6.0,72.91866666666667,70.968,14.788732394366194,9.859154929577464,0.36052431742086916,0.23474178403755866,1.9506666666666632,HARD>SOFT,4.92957746478873,0.1257825333833105,51.10219567533508,1,21.0,0.8169014084507042,71,5,0.06400000000000716,0.5759999999999934,0.0,-0.5759999999999934,0.08950000000000102,0.08950000000000102,-0.00935840141696076,0.03372133511241736,0.03372133511241736,0.5759999999999934,0.13400000000000034,0,0,1,72.651,0.018040894525455542,-0.5759999999999934,0.2676666666666847,-0.08499999999999375,0.6340000000000003,0.9024999999999963,-0.055778664887583665,4.0,7.0,50.7,34.3,-0.09999999999999432,0,0,31.1,1.5,0.193103,0.903448,1.826166,0,-0.237453,13.188000000000002,0.16220652000000002,7.004881989712859,59,7724.289,7,HARD,72.651,1.2027988588087757,1.0471102150537637,1.3928020629362787,2.291430265058459
8,LIN,17.0,MEDIUM,HARD,16.0,3.0,74.44333333333334,72.89566666666666,55.2112676056338,50.28169014084508,0.09843400447427293,0.5127062319180545,1.5476666666666858,MEDIUM>HARD,4.929577464788721,-0.4142722274437816,50.77927368462618,1,17.0,0.23943661971830985,71,8,0.2184999999999988,0.0,0.3780000000000001,-0.029000000000010573,0.11737499999999912,0.11737499999999912,0.33203019970746084,0.07215485129026153,0.07215485129026153,-0.9039999999999964,-0.018999999999991246,0,1,0,74.016,-0.5161235201662322,0.0,0.4273333333333369,0.049875000000000114,-0.028000000000005798,0.9110000000000014,-0.04522014870973759,7.0,9.0,51.3,34.6,0.0,0,0,28.6,1.8,0.006757,0.243243,3.307515,0,-0.31990999999999997,11.083999999999998,0.00459476,5.817111159963204,18,4689.386,0,MEDIUM,74.016,1.0685258927058034,1.0471102150537637,1.3200859725914498,2.291430265058459
8,LIN,45.0,HARD,MEDIUM,26.0,3.0,73.95433333333334,72.04766666666667,27.6056338028169,22.67605633802817,0.0,0.38425925925925924,1.9066666666666663,HARD>MEDIUM,4.9295774647887285,-0.38425925925925924,51.063522212194044,1,27.0,0.6338028169014085,71,8,0.31150000000000233,0.06100000000000705,0.0,-0.21099999999999852,0.11058333333333437,0.11058333333333437,0.032518544677643035,0.09597284544703909,0.09597284544703909,-0.0379999999999967,-0.07899999999999352,0,0,1,73.962,-0.050192918178822765,-0.06100000000000705,-0.007666666666665378,-0.23712500000000603,1.2240000000000038,1.1814999999999998,-0.014610487886295279,7.0,9.0,52.0,34.7,0.10000000000000142,0,0,30.2,0.9,0.013514,0.054054,9.114851,0,-0.006756,18.36,0.01459512,6.773080375655535,46,6798.667,4,HARD,73.962,1.387214538961113,1.0471102150537637,1.6339809976369792,2.291430265058459
8,NOR,20.0,MEDIUM,HARD,19.0,5.0,73.78866666666667,71.82966666666665,52.25352112676055,45.35211267605634,0.0971532757247043,0.0,1.9590000000000174,MEDIUM>HARD,6.90140845070421,0.0971532757247043,50.831070109290586,1,20.0,0.28169014084507044,71,8,0.13400000000000034,0.2740000000000009,0.0,-0.23400000000000887,0.0025714285714266384,0.0025714285714266384,0.10976587743009247,0.0650421405883139,0.0650421405883139,-0.6749999999999972,-0.05100000000000193,0,1,0,73.655,-0.1694254696601547,-0.2740000000000009,0.13366666666667015,-0.12012500000000159,-0.1115000000000066,0.9215000000000018,0.06247071201688726,7.0,2.0,51.4,34.7,0.3999999999999986,0,0,28.8,1.2,0.013514,0.02027,10.491284,0,-0.195945,13.12,0.0108112,5.963579343618446,21,4897.992,0,MEDIUM,73.655,1.0597910641657668,1.0471102150537637,1.2612787847915723,2.291430265058459
8,NOR,46.0,HARD,HARD,24.0,3.0,72.36399999999999,71.00966666666666,26.619718309859156,21.69014084507042,0.17592592592592593,0.14553990610328638,1.3543333333333294,HARD>HARD,4.929577464788736,0.030386019822639554,51.078936099224535,1,25.0,0.647887323943662,71,8,0.10549999999999926,0.1910000000000025,-0.11200000000000898,-0.2535000000000025,0.03959999999999937,0.03959999999999937,-0.10691176486119502,0.0505683395300549,0.0505683395300549,0.1910000000000025,-0.0379999999999967,0,0,1,72.465,0.1648698236773356,-0.1910000000000025,-0.10099999999999909,-0.28087500000000887,0.0,1.2309999999999945,0.010968339530055528,7.0,4.0,51.9,34.8,-0.10000000000000142,0,0,30.1,0.8,0.048276,0.17931,3.642982,0,0.027443,16.9,0.048276000000000006,6.785587645007929,47,6837.604,4,HARD,72.465,1.4723082651523747,1.0471102150537637,1.7607116532255969,2.291430265058459
8,OCO,17.0,MEDIUM,MEDIUM,16.0,3.0,75.44066666666667,74.16066666666667,55.2112676056338,50.28169014084508,0.40397350993377484,0.3836991353769877,1.2800000000000011,MEDIUM>MEDIUM,4.929577464788721,0.020274374556787156,50.77927368462618,1,17.0,0.23943661971830985,71,8,0.17499999999999716,0.0,0.0,-0.16100000000000136,0.0608333333333318,0.0608333333333318,0.16236970131475914,0.10561145453807352,0.10561145453807352,-0.21399999999999864,0.045999999999999375,0,1,0,75.477,-0.2523951793684631,0.0,-0.03633333333333155,-0.15387499999999932,1.4609999999999985,0.9629999999999939,0.04477812120474172,7.0,13.0,51.3,34.6,0.0,0,0,28.6,1.8,0.794702,1.0,0.7378,0,0.384106,11.083999999999998,0.54039736,5.8289456176102075,18,4705.105,0,MEDIUM,75.477,0.787763106983544,1.0471102150537637,0.06467531886524402,2.291430265058459
8,OCO,32.0,MEDIUM,HARD,13.0,3.0,73.345,73.07,40.42253521126761,35.49295774647887,0.0,0.0,0.2750000000000057,MEDIUM>HARD,4.929577464788736,0.0,50.92911753127737,1,14.0,0.4507042253521127,71,6,0.09849999999999426,0.19900000000001228,0.0,-0.14850000000001273,0.019599999999999795,0.019599999999999795,-0.07544853856900602,0.02430551506415537,0.02430551506415537,0.2050000000000125,0.027999999999991587,0,1,0,73.406,0.14220812501109492,-0.19900000000001228,-0.06100000000000705,-0.1281666666666723,0.936000000000007,0.7639999999999958,0.004705515064155574,5.0,15.0,50.5,34.5,-0.8999999999999986,0,0,32.0,2.3,0.027211,0.22449,3.177748,0,0.013512,8.68,0.01523816,6.453624998892692,33,5873.977,4,MEDIUM,73.406,0.9581587479905687,1.0471102150537637,1.413630896484922,2.291430265058459
8,PIA,18.0,MEDIUM,HARD,17.0,3.0,73.24366666666667,71.48966666666666,54.225352112676056,49.29577464788733,0.0,0.0,1.7540000000000049,MEDIUM>HARD,4.9295774647887285,0.0,50.79617316047465,1,18.0,0.2535211267605634,71,8,0.10799999999999699,0.21599999999999397,-0.27199999999999136,-0.04999999999998295,-0.04598333333333381,-0.04598333333333381,-0.04129602274475985,0.034885210000943356,0.034885210000943356,0.3499999999999943,-0.024500000000003297,0,1,0,73.451,0.06397681110937015,-0.21599999999999397,-0.20733333333332382,-0.09237499999998988,-0.6030000000000086,0.9575000000000031,0.08086854333427718,7.0,4.0,51.1,34.5,-0.19999999999999574,0,0,29.6,0.6,0.013605,0.034014,6.667105,0,0.006756000000000001,11.592,0.009795600000000002,5.860786223465865,19,4748.455,0,MEDIUM,73.451,0.9539836215455304,1.0471102150537637,1.0451924323646595,2.291430265058459
8,PIA,41.0,HARD,HARD,21.0,3.0,72.05233333333332,70.73066666666666,31.549295774647888,26.619718309859156,0.041666666666666664,0.1651017214397496,1.3216666666666583,HARD>HARD,4.929577464788732,-0.12343505477308295,50.98089502046479,1,22.0,0.5774647887323944,71,8,0.10299999999999443,0.0,-0.09199999999999875,-0.034000000000006025,0.0024571428571426124,0.0024571428571426124,0.13598500120490087,0.040793103865729964,0.040793103865729964,0.09900000000000375,-0.23550000000000182,0,0,1,72.116,-0.21242422420918672,0.0,-0.06366666666667697,0.05812500000000398,-0.8094999999999999,0.8019999999999996,0.038335961008587355,7.0,4.0,51.6,34.4,0.6000000000000014,0,0,32.2,1.4,0.145833,0.833333,1.510599,0,0.13194399999999998,14.608000000000002,0.12833303999999998,6.673297967767654,42,6470.112,4,HARD,72.116,1.3256054565416273,1.0471102150537637,1.4273651219898464,2.291430265058459
8,RUS,18.0,MEDIUM,HARD,17.0,3.0,72.865,71.538,54.225352112676056,49.29577464788733,0.0,0.11188811188811189,1.3269999999999982,MEDIUM>HARD,4.9295774647887285,-0.11188811188811189,50.79617316047465,1,18.0,0.2535211267605634,71,8,0.08950000000000102,0.0,0.0,0.003500000000002501,-0.000766666666667959,-0.000766666666667959,0.1354219017486713,0.06698462803152921,0.06698462803152921,-0.007000000000005002,-0.07800000000000296,0,1,0,72.904,-0.20979893104463088,0.0,-0.03900000000000148,-0.019749999999987722,-1.112000000000009,1.041000000000011,0.06775129469819717,7.0,1.0,51.1,34.5,-0.19999999999999574,0,0,29.6,0.6,0.006849,0.020548,8.44998,0,-4.80000000000003e-05,11.592,0.00493128,5.8522024797744745,19,4734.252,0,MEDIUM,72.904,0.9355449473212248,1.0471102150537637,1.0153978840463915,2.291430265058459
8,RUS,42.0,HARD,HARD,22.0,3.0,72.13133333333333,70.93633333333334,30.563380281690144,25.633802816901408,0.0,0.07239332771247664,1.1949999999999932,HARD>HARD,4.929577464788736,-0.07239332771247664,51.00147425381058,1,23.0,0.5915492957746479,71,8,0.1454999999999984,-0.009000000000000341,0.0,0.004500000000007276,-0.028083333333333606,-0.028083333333333606,0.13113588354848105,0.04732187098228214,0.04732187098228214,0.28999999999999204,0.05500000000000682,0,0,1,72.225,-0.20384384883298878,0.009000000000000341,-0.0936666666666639,0.06337500000000773,-0.8569999999999993,0.8954999999999984,0.07540520431561575,7.0,1.0,51.9,34.5,0.6000000000000014,0,0,31.6,1.3,0.013793,0.165517,3.479628,0,-0.007040000000000001,15.548,0.012689559999999999,6.6895992691789665,43,6525.961,4,HARD,72.225,1.4137342442245202,1.0471102150537637,1.4453635824318272,2.291430265058459
8,SAI,13.0,SOFT,MEDIUM,12.0,3.0,75.28733333333332,74.10366666666665,59.15492957746479,54.225352112676056,0.7674760853568801,0.0045045045045045045,1.1836666666666673,SOFT>MEDIUM,4.929577464788736,0.7629715808523756,50.5854439136416,1,13.0,0.18309859154929578,71,8,0.36350000000000904,-0.26899999999999125,0.26899999999999125,-0.08499999999999375,0.16279166666666534,0.16279166666666534,0.32663010683076266,0.1169444197748093,0.1169444197748093,-0.26899999999999125,-0.04450000000000642,1,0,0,75.069,-0.5257303386719485,0.26899999999999125,0.2183333333333337,-0.08462500000000261,0.5745000000000005,0.8030000000000044,-0.04584724689185604,7.0,15.0,51.2,34.7,-0.3999999999999986,0,0,29.6,1.0,0.666667,1.0,0.786227,0,-0.03532000000000002,8.424000000000001,0.34666684000000003,5.568344503761097,14,4407.115,0,SOFT,75.069,0.8158168104575696,1.0471102150537637,0.1277885566732616,2.291430265058459
8,STR,22.0,MEDIUM,SOFT,21.0,3.0,76.61133333333332,75.00833333333334,50.28169014084508,44.36619718309859,0.33865263277027985,0.2246201985641386,1.6029999999999802,MEDIUM>SOFT,5.915492957746487,0.11403243420614126,50.86007357406797,1,22.0,0.30985915492957744,71,8,0.38049999999999784,-0.11499999999999488,0.11499999999999488,0.05749999999999034,0.1196249999999992,0.1196249999999992,0.2782517244795315,0.08559211937643174,0.08559211937643174,-0.7109999999999985,0.21299999999999386,0,1,0,76.336,-0.4288573010640846,0.11499999999999488,0.2753333333333359,-0.038875000000004434,3.1414999999999935,0.8034999999999997,-0.03403288062356746,7.0,20.0,50.8,35.1,-0.5,0,0,30.3,2.7,0.202614,0.568627,2.291892,0,-0.35582800000000003,13.903999999999996,0.17830031999999998,6.102558594613569,23,5105.055,0,MEDIUM,76.336,1.0181725769554815,1.0471102150537637,0.647522313686872,2.291430265058459
8,VER,17.0,MEDIUM,HARD,16.0,3.0,72.70800000000001,71.791,55.2112676056338,50.28169014084508,0.0,0.5711759504862953,0.9170000000000158,MEDIUM>HARD,4.929577464788721,-0.5711759504862953,50.77927368462618,1,17.0,0.23943661971830985,71,8,0.12449999999999761,0.0,0.0,0.04399999999999693,-0.0606666666666662,-0.0606666666666662,0.183992482027179,0.031623061330410845,0.031623061330410845,0.10699999999999932,-0.018999999999991246,0,1,0,72.733,-0.28604767778728046,0.0,-0.024999999999991473,0.285499999999999,-1.231499999999997,0.8710000000000022,0.09228972799707705,7.0,2.0,51.3,34.6,-0.30000000000000426,0,0,28.6,1.8,0.013699,0.054795,4.799097,0,-9.400000000000033e-05,11.083999999999998,0.009315319999999998,5.796057750765372,18,4666.383,0,MEDIUM,72.733,0.8582312190411854,1.0471102150537637,0.8020077774353642,2.291430265058459
8,VER,48.0,HARD,HARD,29.0,4.333333333333333,72.56366666666666,70.69433333333335,24.64788732394366,18.403755868544597,0.02528735632183908,0.07746478873239436,1.8693333333333157,HARD>HARD,6.244131455399064,-0.05217743241055528,51.111396115332916,1,30.0,0.676056338028169,71,8,0.23099999999999454,0.2669999999999959,-0.05100000000000193,-0.3130000000000024,0.10299999999999918,0.10299999999999918,-0.050717246985456654,0.07307896807114347,0.07307896807114347,0.05100000000000193,0.036000000000001364,0,0,1,72.681,0.07814283885475959,-0.2669999999999959,-0.11733333333333462,-0.355000000000004,0.7205000000000013,0.6944999999999979,-0.0299210319288557,7.0,1.0,52.0,34.8,0.0,0,0,30.6,2.0,0.027586,0.344828,2.99412,0,-0.02069,20.4,0.0331032,6.816735880594968,49,6961.823,4,HARD,72.681,1.592065062409822,1.0471102150537637,1.9376412454979808,2.291430265058459
9,ALB,13.0,HARD,MEDIUM,11.0,10.0,99.005,96.495,55.1923076923077,48.46153846153846,0.1580622848904556,0.020708046964490263,2.509999999999991,HARD>MEDIUM,6.730769230769241,0.13735423792596532,42.15057588787764,1,12.0,0.25,52,8,0.8400000000000034,2.1430000000000007,0.0,-1.3520000000000039,-0.07750000000000057,-0.07750000000000057,-0.6229094160417361,0.24515803052470256,0.24515803052470256,-1.2109999999999985,-0.3365000000000009,0,0,1,99.328,1.16063087155743,-2.1430000000000007,-0.3230000000000075,-0.2775000000000034,3.3400000000000034,1.0450000000000017,0.3226580305247031,7.0,22.0,43.8,25.0,1.3999999999999986,0,0,48.3,0.4,0.165829,0.78392,1.431165,0,-0.15257900000000002,4.223999999999998,0.07959792,5.6937321388027,14,4696.511,2,HARD,99.328,2.5086087015291594,1.1328949494949498,2.6181350551712894,1.8598113354408887
9,ALO,19.0,MEDIUM,HARD,18.0,3.0,99.35566666666666,98.24666666666667,47.11538461538461,40.38461538461538,0.6479535725766882,0.21137060533967753,1.1089999999999947,MEDIUM>HARD,6.7307692307692335,0.4365829672370106,42.38816167194518,1,19.0,0.36538461538461536,52,8,0.1395000000000053,0.0730000000000075,-0.0730000000000075,-0.15500000000001535,0.058999999999999275,0.058999999999999275,-0.01774159099821304,0.04403832381691131,0.04403832381691131,0.10500000000000398,-0.21999999999999886,0,1,0,99.415,0.02748570783893456,-0.0730000000000075,-0.0593333333333419,-0.18662500000000648,3.477000000000004,1.1154999999999973,-0.014961676183087969,7.0,20.0,40.8,25.3,-0.6000000000000014,0,0,48.4,1.2,0.155779,0.552764,2.250943,0,-0.677554,4.407999999999998,0.11839204,6.037870919922137,20,5234.625,2,MEDIUM,99.415,1.8537993094685488,1.1328949494949498,1.8551722392151921,1.8598113354408887
9,BEA,28.0,MEDIUM,HARD,27.0,3.0,97.04066666666667,94.77166666666666,35.0,28.269230769230763,0.3872411666226099,0.37630186577554997,2.2690000000000055,MEDIUM>HARD,6.730769230769237,0.010939300847059907,41.80053932554601,1,28.0,0.5384615384615384,52,7,0.23799999999999955,0.2289999999999992,0.0,-0.5280000000000058,0.12199999999999989,0.12199999999999989,-0.0866687653286391,0.08660394086715685,0.08660394086715685,-0.1349999999999909,0.0975000000000037,0,1,0,97.185,0.15908641869020812,-0.2289999999999992,-0.14433333333333564,-0.3780000000000143,2.5330000000000013,1.132000000000005,-0.035396059132843036,6.0,15.0,38.4,24.8,-0.8999999999999986,0,0,50.8,2.3,0.615385,0.979487,0.800164,0,0.07930300000000001,3.8079999999999985,0.6892311999999999,6.411818267709897,29,6080.448,3,MEDIUM,97.185,1.4386869972081981,1.1328949494949498,1.796026655714884,1.8598113354408887
9,BOR,25.0,MEDIUM,HARD,24.0,3.0,95.63533333333334,93.832,39.03846153846154,32.3076923076923,0.015706806282722512,0.6233170250692153,1.8033333333333417,MEDIUM>HARD,6.730769230769241,-0.6076102187864928,42.145560165972235,1,25.0,0.4807692307692308,52,3,0.05500000000000682,-0.13799999999999102,0.13799999999999102,0.13799999999999102,-0.09649999999999892,-0.09649999999999892,0.07030287022362813,-0.015025591359981483,-0.015025591359981483,-0.13799999999999102,0.17150000000000176,0,1,0,95.525,-0.1468505747126443,0.13799999999999102,0.11033333333332962,0.11033333333332962,-0.007999999999995566,1.203000000000003,0.08147440864001744,2.0,10.0,39.3,25.4,-2.0,0,0,48.5,2.8,0.041885,0.455497,2.752739,0,0.041885,4.299999999999997,0.04188499999999999,6.2878585601617845,26,5758.687,4,MEDIUM,95.525,1.0007761829350823,1.1328949494949498,1.0592632642151592,1.8598113354408887
9,BOT,28.0,MEDIUM,HARD,27.0,3.0,98.008,96.09633333333333,35.0,28.269230769230763,0.13106859299752702,0.0,1.9116666666666617,MEDIUM>HARD,6.730769230769237,0.13106859299752702,41.80053932554601,1,28.0,0.5384615384615384,52,7,0.671999999999997,0.0,-0.671999999999997,0.0,-0.11233333333333444,-0.11233333333333444,-0.1599832430029977,-0.07485325042882653,-0.07485325042882653,0.671999999999997,0.02400000000000091,0,1,0,98.598,0.30308004728158267,0.0,-0.5900000000000034,0.06842857142856928,3.945999999999998,1.2420000000000044,0.03748008290450791,6.0,19.0,38.4,24.8,-0.30000000000000426,0,0,50.8,2.3,0.152284,0.461929,2.587606,0,0.152284,3.8079999999999985,0.17055808,6.421622267806518,29,6104.766,3,MEDIUM,98.598,1.2558412551495772,1.1328949494949498,1.3636849539085243,1.8598113354408887
9,COL,20.0,MEDIUM,HARD,19.0,3.0,96.03333333333335,94.56833333333333,45.76923076923077,37.692307692307686,0.0,0.0982456140350877,1.4650000000000176,MEDIUM>HARD,8.07692307692308,-0.0982456140350877,42.32860857130089,1,20.0,0.38461538461538464,52,8,0.17100000000001359,-0.4590000000000032,0.2920000000000016,0.29249999999998977,-0.019116666666666525,-0.019116666666666525,0.17877919267699838,-0.0656846080280658,-0.0656846080280658,-0.2920000000000016,-0.20199999999999818,0,1,0,95.78,-0.27634917487570476,0.4590000000000032,0.2533333333333445,0.31562500000001137,-0.030499999999989313,1.0215000000000032,-0.04656794136139928,7.0,12.0,40.8,25.5,-0.7000000000000028,0,0,48.4,1.2,0.0,0.324607,3.055811,0,-0.005208,4.639999999999998,0.0,6.063785208687608,21,5279.746,2,MEDIUM,95.78,1.0525872272861976,1.1328949494949498,1.0034302010364864,1.8598113354408887
9,HAD,37.0,HARD,MEDIUM,17.0,3.0,94.515,92.628,22.884615384615376,16.15384615384615,0.11058230683090704,0.03243264302170333,1.8870000000000005,HARD>MEDIUM,6.730769230769226,0.07814966380920371,40.91931188749262,1,18.0,0.7115384615384616,52,8,0.1764999999999901,0.0,0.0,0.41850000000000875,-0.07291666666666616,-0.07291666666666616,0.21998212675534035,-0.0014243417168083236,-0.0014243417168083236,-0.6370000000000005,-0.04000000000000625,0,0,1,94.324,-0.34363740266826426,0.0,0.1910000000000025,0.3102500000000106,-0.2639999999999958,0.8499999999999943,0.07149232494985783,7.0,7.0,38.9,25.3,0.0,0,0,48.4,1.5,0.021277,0.292553,3.106434,0,-0.310302,2.807999999999999,0.01531944,6.678342114654332,38,6886.801,5,HARD,94.324,1.4706192829185538,1.1328949494949498,1.1913299122209575,1.8598113354408887
9,HAM,21.0,MEDIUM,HARD,20.0,3.0,94.60066666666667,92.63066666666667,44.42307692307693,36.34615384615385,0.08641975308641975,0.7658916981497627,1.9699999999999989,MEDIUM>HARD,8.07692307692308,-0.6794719450633429,42.29908614704649,1,21.0,0.40384615384615385,52,8,0.2505000000000024,0.0,-0.1950000000000074,-0.01999999999999602,-0.03370833333333323,-0.03370833333333323,-0.05893041892414885,-0.01687546441573291,-0.01687546441573291,0.4060000000000059,-0.028000000000005798,0,1,0,94.801,0.09096008830114499,0.0,-0.20033333333334724,-0.006000000000014438,-0.8739999999999952,0.953000000000003,0.01683286891760032,7.0,3.0,40.8,26.0,0.0,0,0,48.4,1.2,0.248677,0.386243,4.829565,0,0.24338600000000002,4.871999999999997,0.20888868000000002,6.089044875446846,22,5331.257,2,MEDIUM,94.801,1.082019315131284,1.1328949494949498,0.9305036551381682,1.8598113354408887
9,HUL,16.0,MEDIUM,HARD,15.0,3.3333333333333335,95.96999999999998,95.49333333333334,51.15384615384615,43.97435897435897,0.11284722222222222,0.28661754462508804,0.47666666666664526,MEDIUM>HARD,7.179487179487182,-0.17377032240286583,42.409895835183086,1,16.0,0.3076923076923077,52,8,0.39799999999999613,-0.09300000000000352,0.0,0.3889999999999958,-0.14125714285714314,-0.14125714285714314,0.07547209278011735,-0.08134786661961793,-0.08134786661961793,0.10900000000000887,0.3030000000000115,0,1,0,95.962,-0.11872529897721051,0.09300000000000352,0.007999999999981355,0.41150000000000375,-0.09999999999999432,0.8780000000000001,0.059909276237525205,7.0,15.0,42.9,25.0,0.0,0,0,48.6,3.7,0.328125,0.963542,1.382666,0,0.322917,5.055999999999999,0.21,5.84354441703136,17,4901.614,2,MEDIUM,95.962,1.0163642121087844,1.1328949494949498,0.8822197088243153,1.8598113354408887
9,LAW,27.0,MEDIUM,HARD,26.0,3.0,95.68933333333332,94.16066666666666,36.34615384615385,29.615384615384613,0.26443312388069434,0.12393523209126045,1.5286666666666662,MEDIUM>HARD,6.7307692307692335,0.1404978917894339,41.91586672864066,1,27.0,0.5192307692307693,52,5,0.340999999999994,-0.6049999999999898,0.2639999999999958,0.6049999999999898,-0.20933333333333098,-0.20933333333333098,0.3202427324425372,-0.12382171687004989,-0.12382171687004989,-0.2639999999999958,-0.06900000000000261,0,1,0,95.183,-0.6099426418952589,0.6049999999999898,0.5063333333333162,0.5983999999999838,0.11000000000001364,0.5880000000000081,0.08551161646328109,4.0,8.0,39.3,25.1,0.0,0,0,49.5,1.7,0.131579,0.931579,1.910222,0,-0.187793,4.643999999999997,0.14210532,6.359573868672378,28,5943.73,3,MEDIUM,95.183,0.8886775166431152,1.1328949494949498,0.6958633682175791,1.8598113354408887
9,LIN,26.0,MEDIUM,HARD,25.0,3.0,95.622,93.76933333333334,37.69230769230769,30.961538461538463,0.2019797120418848,0.2536598778776501,1.8526666666666642,MEDIUM>HARD,6.73076923076923,-0.05168016583576529,42.02933478849646,1,26.0,0.5,52,4,0.14849999999999852,-0.14849999999999852,0.0,0.14849999999999852,-0.32933333333333314,-0.32933333333333314,0.1132982188269267,-0.04895530186283528,-0.04895530186283528,-0.29699999999999704,0.049000000000006594,0,1,0,95.523,-0.2162636394318156,0.14849999999999852,0.09900000000000375,0.34550000000001546,0.27949999999998454,0.8150000000000119,0.2803780314704979,3.0,9.0,39.3,25.6,0.0,0,0,48.5,2.8,0.246073,0.874346,1.425496,0,-0.005236000000000018,4.471999999999997,0.25591591999999996,6.322565239927284,27,5851.666,4,MEDIUM,95.523,1.0208937364584956,1.1328949494949498,0.841763676023284,1.8598113354408887
9,NOR,27.0,MEDIUM,HARD,26.0,3.0,94.58933333333334,93.18366666666667,36.34615384615385,29.615384615384613,0.0,0.1663024936269718,1.4056666666666757,MEDIUM>HARD,6.7307692307692335,-0.1663024936269718,41.91586672864066,1,27.0,0.5192307692307693,52,5,0.15800000000000125,-0.19899999999999807,0.0,0.19899999999999807,-0.0651250000000001,-0.0651250000000001,0.07629083643661261,-0.036188705232407685,-0.036188705232407685,-0.19899999999999807,-0.06900000000000261,0,1,0,94.525,-0.14530551239566591,0.19899999999999807,0.06433333333333735,0.15099999999999625,-0.7349999999999852,0.6894999999999882,0.028936294767592415,4.0,3.0,39.3,25.2,0.0,0,0,48.5,2.8,0.0,0.0,6.907087,0,0.0,4.643999999999997,0.0,6.349138991379798,28,5921.548,3,MEDIUM,94.525,0.9952826796851941,1.1328949494949498,0.8320475110453572,1.8598113354408887
9,NOR,37.0,HARD,MEDIUM,8.0,9.0,93.653,93.02766666666668,22.884615384615376,16.15384615384615,0.0,0.07846022665757012,0.6253333333333302,HARD>MEDIUM,6.730769230769226,-0.07846022665757012,40.91931188749262,1,9.0,0.7115384615384616,52,8,0.10099999999999909,0.3990000000000009,-0.3810000000000002,-0.4519999999999982,0.11909999999999976,0.11909999999999976,-0.2016221604165196,0.07426619571782953,0.07426619571782953,0.3990000000000009,-0.01950000000000074,0,0,1,93.913,0.3581653383986776,-0.3990000000000009,-0.2599999999999909,-0.4994999999999976,-1.024000000000001,1.024000000000001,-0.044833804282170236,7.0,5.0,38.9,25.2,0.0,0,0,48.4,1.5,0.0,0.0,6.137469,0,0.0,1.4039999999999995,0.0,6.675823221634848,38,6877.657,4,HARD,93.913,1.5455372375613272,1.1328949494949498,1.5328791724988764,1.8598113354408887
9,OCO,20.0,MEDIUM,HARD,19.0,3.0,96.74399999999999,95.926,45.76923076923077,39.03846153846154,0.0,0.6772825978020719,0.8179999999999836,MEDIUM>HARD,6.730769230769226,-0.6772825978020719,42.32860857130089,1,20.0,0.38461538461538464,52,8,0.14150000000000063,-0.43900000000000716,0.2510000000000048,0.3015000000000043,-0.014849999999997721,-0.014849999999997721,0.23188420486432904,-0.03967770112814013,-0.03967770112814013,-0.2510000000000048,-0.20649999999999835,0,1,0,96.514,-0.3584366151419971,0.43900000000000716,0.2300000000000182,0.335125000000005,0.7339999999999947,1.058000000000007,-0.024827701128142414,7.0,14.0,40.8,25.5,-0.7000000000000028,0,0,48.4,1.2,0.0,0.108808,5.314152,0,0.0,4.639999999999998,0.0,6.068425588244111,21,5288.234,2,MEDIUM,96.514,1.1451271812024864,1.1328949494949498,1.1147596968821814,1.8598113354408887
9,PER,20.0,MEDIUM,HARD,19.0,3.0,97.13066666666667,96.83600000000001,45.76923076923077,39.03846153846154,0.0,0.3927292602872499,0.2946666666666573,MEDIUM>HARD,6.730769230769226,-0.3927292602872499,42.32860857130089,1,20.0,0.38461538461538464,52,8,0.1595000000000013,-0.37299999999999045,0.37299999999999045,0.40399999999999636,-0.05390000000000015,-0.05390000000000015,0.3012443456403986,-0.04348826068331744,-0.04348826068331744,-0.37299999999999045,-0.20649999999999835,0,1,0,96.721,-0.4656505329683398,0.37299999999999045,0.4096666666666664,0.4076249999999959,0.9410000000000025,0.9410000000000025,0.010411739316682711,7.0,15.0,40.8,25.5,-0.7000000000000028,0,0,48.4,1.2,0.0,0.0,7.132309,0,0.0,4.639999999999998,0.0,6.07073772800249,21,5295.186,2,MEDIUM,96.721,1.133089966837816,1.1328949494949498,1.1562542510987743,1.8598113354408887
9,PIA,35.0,HARD,MEDIUM,32.0,7.0,96.016,93.283,25.576923076923077,17.499999999999993,0.3032670518767689,0.5603185555747225,2.733000000000004,HARD>MEDIUM,8.076923076923084,-0.25705150369795365,40.99650270887995,1,33.0,0.6730769230769231,52,8,0.44949999999999335,0.0,0.0,-0.12700000000000955,0.05833333333333476,0.05833333333333476,0.28588318902677656,0.11879420289220331,0.11879420289220331,-0.8870000000000005,0.08799999999999386,0,0,1,95.929,-0.44972341218425527,0.0,0.0870000000000033,-0.051000000000016144,0.47100000000000364,1.2800000000000011,0.060460869558868556,7.0,13.0,38.9,25.5,0.0,0,0,48.4,1.5,0.0,0.0,12.242257,0,-0.098446,5.147999999999999,0.0,6.634633357861686,36,6752.129,4,HARD,95.929,1.7454140047585147,1.1328949494949498,1.4574890291175873,1.8598113354408887
9,RUS,21.0,MEDIUM,HARD,20.0,3.0,94.51299999999999,92.83933333333334,44.42307692307693,36.34615384615385,0.0,0.025089605734767026,1.673666666666648,MEDIUM>HARD,8.07692307692308,-0.025089605734767026,42.29908614704649,1,21.0,0.40384615384615385,52,8,0.15700000000000358,-0.17600000000000193,0.14799999999999613,0.2394999999999925,-0.03564285714285985,-0.03564285714285985,0.28799135270544696,-0.03641017938591787,-0.03641017938591787,-0.14799999999999613,-0.045999999999999375,0,1,0,94.405,-0.44451947483645426,0.17600000000000193,0.10799999999998988,0.42712500000000375,-1.25,0.8960000000000008,-0.000767322243058019,7.0,4.0,40.8,26.0,0.0,0,0,48.4,1.2,0.015873,0.359788,2.914783,0,0.015873,4.871999999999997,0.013333320000000003,6.093569770045136,22,5334.9,2,MEDIUM,94.405,0.9943522869656359,1.1328949494949498,0.7326801828303412,1.8598113354408887
9,RUS,33.0,HARD,MEDIUM,9.0,9.666666666666666,94.02999999999999,92.52333333333335,28.269230769230763,20.641025641025635,0.8918439716312058,0.0954954954954955,1.5066666666666322,HARD>MEDIUM,7.628205128205128,0.7963484761357102,41.151167956974014,1,10.0,0.6346153846153846,52,8,0.524000000000008,0.16500000000000625,-0.16500000000000625,-0.3655000000000115,0.19873809523809544,0.19873809523809544,0.05460085049786301,0.16488858202356432,0.16488858202356432,0.16500000000000625,0.17099999999999227,0,0,1,94.18,-0.09397069607410913,-0.16500000000000625,-0.14999999999999147,-0.5313750000000113,-0.778499999999994,1.0300000000000011,-0.03384951321453111,7.0,4.0,37.7,25.8,0.0,0,0,50.5,2.1,1.0,1.0,0.387711,0,0.17553200000000002,1.0800000000000012,0.4,6.556778356158042,34,6490.434,4,HARD,94.18,1.6607646051898832,1.1328949494949498,1.7017531612616144,1.8598113354408887
9,SAI,19.0,MEDIUM,HARD,18.0,3.0,96.51033333333334,95.63633333333333,47.11538461538461,40.38461538461538,0.0,0.07081174438687392,0.8740000000000094,MEDIUM>HARD,6.7307692307692335,-0.07081174438687392,42.38816167194518,1,19.0,0.36538461538461536,52,8,0.13700000000000045,-0.26600000000000534,0.2980000000000018,0.2819999999999965,-0.02537500000000037,-0.02537500000000037,0.07347134374853681,-0.07110406270647876,-0.07110406270647876,-0.3689999999999998,-0.07699999999999818,0,1,0,96.288,-0.11382360742106812,0.26600000000000534,0.2223333333333386,0.22824999999998852,0.3649999999999949,1.2630000000000052,-0.04572906270647839,7.0,13.0,41.5,25.3,0.10000000000000142,0,0,48.5,3.3,0.0,0.244792,3.716151,0,0.0,4.94,0.0,6.013715156042802,20,5187.621,2,MEDIUM,96.288,1.1417608689320635,1.1328949494949498,1.1527702113700529,1.8598113354408887
9,STR,17.0,MEDIUM,HARD,16.0,3.6666666666666665,99.36033333333334,98.53833333333334,49.807692307692314,42.179487179487175,0.07370184254606366,0.20878200526441734,0.8220000000000027,MEDIUM>HARD,7.628205128205138,-0.13508016271835369,42.42738693844639,1,17.0,0.3269230769230769,52,8,0.1425000000000054,0.20599999999998886,0.0,-0.1729999999999876,0.024416666666667197,0.024416666666667197,-0.0649874845107945,0.014162839176674269,0.014162839176674269,0.20599999999998886,0.007999999999995566,0,1,0,99.335,0.10151793108205709,-0.20599999999998886,0.025333333333350083,-0.14074999999999704,3.3559999999999945,0.6724999999999994,-0.010253827489992928,7.0,20.0,42.6,25.0,0.0,0,0,48.6,1.1,0.0,0.0,8.587594,0,0.0,5.168000000000001,0.0,5.921578419643816,18,5035.201,2,MEDIUM,99.335,1.6315703414737075,1.1328949494949498,1.856643343809682,1.8598113354408887
9,VER,16.0,MEDIUM,HARD,15.0,3.0,94.62599999999999,93.77199999999999,51.15384615384615,44.42307692307691,0.9294718277174416,0.06382978723404255,0.8539999999999992,MEDIUM>HARD,6.730769230769241,0.8656420404833991,42.409895835183086,1,16.0,0.3076923076923077,52,8,0.11050000000000182,0.0,-0.1880000000000024,0.11400000000000432,-0.05699999999999979,-0.05699999999999979,-0.025882547418973445,-0.009474353322550241,-0.009474353322550241,0.1880000000000024,0.1880000000000024,0,1,0,94.758,0.04071588672599091,0.0,-0.132000000000005,0.07349999999999568,-1.0949999999999989,0.7129999999999939,0.047525646677449546,7.0,5.0,42.9,25.0,-0.8000000000000043,0,0,48.6,3.7,0.994709,1.0,0.536375,0,0.0368139999999999,5.055999999999999,0.6366137599999999,5.814130531825066,17,4861.1,2,MEDIUM,94.758,1.181593146012894,1.1328949494949498,0.8936821015313525,1.8598113354408887
9,VER,37.0,HARD,MEDIUM,19.0,3.0,93.98733333333332,92.52666666666666,22.884615384615376,16.15384615384615,0.0320855614973262,0.06143773507027364,1.4606666666666683,HARD>MEDIUM,6.730769230769226,-0.02935217357294744,40.91931188749262,1,20.0,0.7115384615384616,52,8,0.16050000000000608,0.0,-0.32100000000001216,-0.18099999999999739,0.027657142857143567,0.027657142857143567,-0.14841389031646202,0.006952873830606405,0.006952873830606405,0.32100000000001216,-0.029500000000005855,0,0,1,94.272,0.23183957960804946,0.0,-0.2846666666666806,-0.16462500000001512,-0.664999999999992,0.9440000000000026,-0.020704269026537162,7.0,3.0,38.9,25.2,0.0,0,0,48.4,1.5,0.0,0.42328,2.813654,0,0.0,3.1199999999999988,0.0,6.672032945461067,38,6866.416,4,HARD,94.272,1.475266353899535,1.1328949494949498,1.273705537357868,1.8598113354408887
10,ALB,17.0,MEDIUM,HARD,16.0,4.0,113.50633333333333,112.17199999999998,46.13636363636363,36.59090909090909,0.013215859030837005,0.013373015873015872,1.3343333333333476,MEDIUM>HARD,9.54545454545454,-0.00015715684217886688,28.82221514524646,1,17.0,0.38636363636363635,44,8,0.10500000000000398,0.16400000000000148,-0.16400000000000148,-0.180499999999995,0.03250000000000064,0.03250000000000064,-0.002582684338634067,0.050087142761742136,0.050087142761742136,0.27899999999999636,-0.2050000000000125,0,1,0,113.654,0.00444492426085219,-0.16400000000000148,-0.14766666666666595,-0.14824999999999022,1.5799999999999983,0.8379999999999939,0.017587142761741496,7.0,10.0,31.3,17.5,2.5,0,0,53.5,2.1,0.035242,0.061674,6.379001,0,0.0,-2.5159999999999996,0.023964560000000003,5.84354441703136,18,5448.688,5,MEDIUM,113.654,1.6423498575744886,1.1699376114081999,1.5289831165914496,1.8346873213727375
10,ALO,30.0,SOFT,HARD,10.0,3.0,119.21933333333332,115.55066666666666,25.454545454545457,17.500000000000004,0.07905273463480561,0.27255576876328597,3.6686666666666667,SOFT>HARD,7.954545454545453,-0.19350303412848036,30.359157736431055,1,11.0,0.6818181818181818,44,8,1.0429999999999993,0.0,1.875,-1.454499999999996,0.4,0.4,0.17861742825746774,0.37865714730988675,0.37865714730988675,-5.170000000000002,0.10649999999999693,1,0,0,116.871,-0.42569930914525855,0.0,2.348333333333329,-0.3966250000000002,4.885000000000005,1.707499999999996,-0.021342852690113268,7.0,19.0,32.5,19.0,-0.6000000000000014,0,0,40.6,2.3,0.038462,0.106838,6.105691,0,-0.088587,-1.1,0.01692328,6.423246963533519,31,7041.996,9,SOFT,116.871,2.4058319607972494,1.1699376114081999,3.092288439087715,1.8346873213727375
10,BOT,31.0,HARD,SOFT,29.0,3.0,114.83666666666666,112.77266666666667,23.863636363636363,15.909090909090912,0.01161318903866844,0.08393626397188636,2.063999999999993,HARD>SOFT,7.9545454545454515,-0.07232307493321792,30.454701205181806,1,30.0,0.7045454545454546,44,8,0.14350000000001017,0.3020000000000067,-0.2120000000000033,-0.31450000000000955,0.02937499999999993,0.02937499999999993,-0.2503048907399119,0.025407977205455023,0.025407977205455023,0.2120000000000033,-0.05100000000000193,0,0,1,115.161,0.4099427583187918,-0.3020000000000067,-0.32433333333334247,-0.35437500000000455,3.4325000000000045,0.9920000000000044,-0.003967022794544906,7.0,18.0,33.5,19.0,1.0,0,0,37.8,3.7,0.034783,0.06087,20.0,0,0.008696000000000002,-1.8,0.0417396,6.4425401664681985,32,7117.066,7,HARD,115.161,2.1277131292176064,1.1699376114081999,1.8902537141788938,1.8346873213727375
10,COL,14.0,MEDIUM,HARD,13.0,4.0,113.10000000000001,111.992,50.90909090909091,41.36363636363637,0.5237742518160435,0.3709334294255819,1.108000000000004,MEDIUM>HARD,9.54545454545454,0.15284082239046165,28.78745299798828,1,14.0,0.3181818181818182,44,6,0.4125000000000014,0.06199999999999761,0.0,-0.35999999999999943,0.21933333333333374,0.21933333333333374,0.09205116255689916,0.1491842279632265,0.1491842279632265,0.06199999999999761,-0.05150000000000432,0,1,0,112.938,-0.17350134913927207,-0.06199999999999761,0.16200000000000614,-0.3474999999999966,0.20250000000000057,1.1794999999999973,-0.07014910537010724,5.0,9.0,28.9,17.6,-0.3000000000000007,0,0,52.1,1.4,0.185841,0.99115,1.560464,0,-0.340708,-3.416000000000001,0.10407096,5.648974238161206,15,5100.391,5,MEDIUM,112.938,1.7271170621414635,1.1699376114081999,1.5784340340096294,1.8346873213727375
10,GAS,13.0,MEDIUM,HARD,12.0,3.3333333333333335,112.29899999999999,112.23666666666668,52.5,44.01515151515152,0.7839882535021231,0.706703272900096,0.06233333333331359,MEDIUM>HARD,8.484848484848477,0.07728498060202704,28.758227962239896,1,13.0,0.29545454545454547,44,5,0.02200000000000557,0.6469999999999914,-0.2289999999999992,-0.6469999999999914,0.13974999999999937,0.13974999999999937,-0.26694075900825,0.07412722695878525,0.07412722695878525,0.6469999999999914,0.23349999999999937,0,1,0,112.591,0.5084223162136396,-0.6469999999999914,-0.2920000000000016,-0.4409999999999883,0.08100000000000307,0.9155000000000086,-0.06562277304121412,4.0,9.0,29.2,17.5,0.1999999999999993,0,0,52.3,0.7,0.582222,0.991111,0.875064,0,-0.31956399999999996,-3.016,0.30275544,5.572154032177765,14,4986.332,5,MEDIUM,112.591,1.6208569021444268,1.1699376114081999,1.5383312248989274,1.8346873213727375
10,LAW,14.0,MEDIUM,HARD,13.0,4.333333333333333,112.44933333333334,112.30266666666667,50.90909090909091,40.833333333333336,0.486792328042328,0.2856098682929445,0.14666666666667538,MEDIUM>HARD,10.07575757575757,0.20118245974938354,28.78745299798828,1,14.0,0.3181818181818182,44,6,0.030500000000003524,0.042999999999992156,-0.04899999999999238,-0.021499999999988972,-0.05040000000000191,-0.05040000000000191,-0.04384750074768817,-0.029095466976261385,-0.029095466976261385,0.05499999999999261,-0.09300000000000352,0,1,0,112.484,0.08264534987709737,-0.042999999999992156,-0.03466666666665219,0.049000000000020805,-0.2494999999999976,1.1815000000000069,0.021304533023740524,5.0,8.0,28.9,17.6,-0.3000000000000007,0,0,52.1,1.4,0.357143,1.0,1.311349,0,-0.22063500000000003,-3.416000000000001,0.20000008000000002,5.645446897643238,15,5097.702,5,MEDIUM,112.484,1.2291827597618175,1.1699376114081999,1.1399951197906613,1.8346873213727375
10,LIN,15.0,MEDIUM,HARD,14.0,5.333333333333333,112.20166666666667,110.73933333333332,49.31818181818181,37.651515151515156,0.03123015873015873,0.025559496147731443,1.4623333333333477,MEDIUM>HARD,11.666666666666657,0.005670662582427287,28.802379262024022,1,15.0,0.3409090909090909,44,7,0.11400000000000432,0.0,-0.07699999999999818,0.0,-0.02224999999999966,-0.02224999999999966,0.0034742305405188745,-0.041867500902497905,-0.041867500902497905,0.26600000000000534,0.05849999999999511,0,1,0,112.316,-0.00637718666348519,0.0,-0.11433333333333451,0.11757142857142355,-0.1594999999999942,1.0174999999999983,-0.019617500902498246,6.0,7.0,28.9,17.5,0.0,0,0,52.9,2.3,0.017857,0.116071,4.60683,0,0.004464000000000001,-3.660000000000001,0.0107142,5.71042701737487,16,5208.619,5,MEDIUM,112.316,1.1173454468013704,1.1699376114081999,1.1037193198822404,1.8346873213727375
10,NOR,29.0,HARD,MEDIUM,28.0,3.0,111.17099999999999,109.39866666666667,27.045454545454547,19.090909090909093,0.25948004808298925,0.0867579908675799,1.7723333333333215,HARD>MEDIUM,7.954545454545453,0.17272205721540934,30.25950608080486,1,29.0,0.6590909090909091,44,8,0.20050000000000523,0.8220000000000027,-0.8220000000000027,-0.8575000000000017,0.06770833333333333,0.06770833333333333,-0.5338411567019534,0.0726560583854416,0.0726560583854416,1.0530000000000115,0.0030000000000001137,0,0,1,111.796,0.9483253137764933,-0.8220000000000027,-0.6250000000000142,-0.8061249999999944,-0.031999999999996476,0.9429999999999978,0.004947725052108276,7.0,4.0,33.3,18.9,0.7999999999999972,0,0,43.7,1.3,0.642857,0.816964,0.844467,0,0.579509,-1.9720000000000033,0.7457141199999999,6.354370040797351,30,6798.802,8,HARD,111.796,1.9160281205604113,1.1699376114081999,1.721371090401529,1.8346873213727375
10,OCO,15.0,HARD,HARD,13.0,4.666666666666667,113.50999999999999,112.09633333333333,49.31818181818181,38.71212121212122,0.11306901615271658,0.15585978835978836,1.413666666666657,HARD>HARD,10.606060606060595,-0.04279077220707178,28.802379262024022,1,14.0,0.3409090909090909,44,7,0.11199999999999477,0.26600000000000534,-0.05200000000000671,-0.28300000000000125,0.055999999999997385,0.055999999999997385,-0.09585652173095127,0.05419402418901279,0.05419402418901279,0.26600000000000534,0.19149999999999778,0,0,1,113.616,0.17595117101821245,-0.26600000000000534,-0.10600000000000875,-0.2555714285714288,1.242999999999995,1.1244999999999976,-0.0018059758109845933,6.0,16.0,28.9,17.5,0.0,0,0,52.9,2.3,0.356828,0.471366,6.181213,0,0.343612,-3.416000000000001,0.19982367999999998,5.739792912179234,16,5231.643,5,HARD,113.616,1.9867973520300612,1.1699376114081999,1.9976135281891403,1.8346873213727375
10,SAI,13.0,SOFT,HARD,12.0,4.666666666666667,114.01066666666668,112.19733333333333,52.5,41.8939393939394,0.41351215472714714,0.1986441798941799,1.8133333333333468,SOFT>HARD,10.606060606060602,0.21486797483296724,28.758227962239896,1,13.0,0.29545454545454547,44,5,0.4270000000000067,0.4270000000000067,-0.3359999999999985,-0.4270000000000067,0.3063749999999992,0.3063749999999992,-0.2494313342046297,0.221398714272997,0.221398714272997,0.3359999999999985,0.15200000000000102,1,0,0,114.265,0.47507341008443404,-0.4270000000000067,-0.2543333333333351,-0.7172000000000196,1.5315000000000083,0.929000000000002,-0.08497628572700217,4.0,16.0,29.2,17.5,0.1999999999999993,0,0,52.3,0.7,0.593886,0.877729,0.740062,0,0.422833,-3.016,0.30882072,5.598421958998375,14,4997.343,5,SOFT,114.265,1.7262403089642822,1.1699376114081999,1.980153381137081,1.8346873213727375
10,VER,16.0,MEDIUM,HARD,15.0,4.333333333333333,111.23366666666668,109.79166666666667,47.72727272727273,37.651515151515156,0.07335137828411371,0.02125363221253632,1.4420000000000073,MEDIUM>HARD,10.07575757575757,0.0520977460715774,28.812575831877844,1,16.0,0.36363636363636365,44,8,0.03949999999999676,0.15800000000000125,-0.07699999999999818,-0.1869999999999976,0.031291666666666273,0.031291666666666273,-0.05974250150123339,0.029058658778559225,0.029058658778559225,0.07699999999999818,0.17800000000000438,0,1,0,111.318,0.10612768568081776,-0.15800000000000125,-0.08433333333334758,-0.16662499999999625,-1.0550000000000068,1.1019999999999897,-0.0022330078881070484,7.0,2.0,29.0,17.5,-0.10000000000000142,0,0,53.5,0.5,0.080717,0.493274,2.547445,0,-0.0003640000000000032,-3.84,0.05165888,5.75890177387728,17,5304.891,5,MEDIUM,111.318,1.203181915211188,1.1699376114081999,1.17217686442441,1.8346873213727375
11,ALB,25.0,MEDIUM,HARD,24.0,3.0,88.87033333333333,86.68233333333335,47.0,42.0,0.025925925925925925,0.07324244854317027,2.187999999999988,MEDIUM>HARD,5.0,-0.04731652261724435,51.820956083905976,1,25.0,0.35714285714285715,70,8,0.19699999999999562,1.4819999999999993,-1.3399999999999892,-1.4110000000000014,0.016958333333333186,0.016958333333333186,-0.975543212350928,0.06062399008177029,0.06062399008177029,1.634999999999991,0.16499999999999204,0,1,0,89.862,1.5029709680483307,-1.4819999999999993,-0.99166666666666,-1.2018750000000011,3.352000000000004,1.2704999999999984,0.0436656567484371,7.0,16.0,50.7,31.0,0.9000000000000057,0,0,26.1,1.7,0.011111,0.044444,12.336821,0,0.011111,15.700000000000003,0.011111,6.282266746896006,26,5477.249,0,MEDIUM,89.862,1.9628267002527666,1.1872020202020204,2.008586581993093,1.7813655161648057
11,ALB,53.0,HARD,SOFT,26.0,3.0,87.20533333333333,85.90733333333333,19.0,14.0,0.0,0.20539733562670995,1.2980000000000018,HARD>SOFT,5.0,-0.20539733562670995,50.85574862616624,1,27.0,0.7571428571428571,70,4,0.07900000000000773,-0.15100000000001046,0.14400000000000546,0.15100000000001046,-0.03333333333333144,-0.03333333333333144,0.1356390233210334,-0.015752402854646384,-0.015752402854646384,-0.33100000000000307,0.25899999999999324,0,0,1,87.047,-0.2589077669190516,0.15100000000001046,0.15833333333333144,0.15825000000000955,0.9329999999999927,0.6009999999999991,0.017580930478685055,3.0,18.0,48.7,31.2,1.5,0,0,26.0,2.7,0.0,0.0,14.532599,0,0.0,14.796000000000003,0.0,7.029087564149662,54,7954.873,3,HARD,87.047,1.5382059961010037,1.1872020202020204,1.2867912004254165,1.7813655161648057
11,ALO,33.0,SOFT,MEDIUM,32.0,3.3333333333333335,88.50099999999999,86.60266666666666,39.0,33.666666666666664,0.0375379437105775,0.08972085385878488,1.8983333333333263,SOFT>MEDIUM,5.333333333333336,-0.05218291014820738,51.52215652634919,1,33.0,0.4714285714285714,70,8,0.10600000000000165,0.7239999999999895,-0.7239999999999895,-0.7244999999999919,0.0417500000000004,0.0417500000000004,-0.40613534773258664,0.04675506307853866,0.04675506307853866,0.7249999999999943,-0.09100000000000819,1,0,0,88.984,0.625521097589754,-0.7239999999999895,-0.4830000000000041,-0.5069999999999908,2.7169999999999987,0.7800000000000011,0.005005063078538263,7.0,14.0,49.2,31.1,-1.8999999999999986,0,0,25.4,1.8,0.005618,0.02809,6.016059,0,0.005618,18.744000000000003,0.00741576,6.55250788703459,34,6166.827,0,SOFT,88.984,1.5490255101921113,1.1872020202020204,0.49475615841038817,1.7813655161648057
11,ALO,54.0,MEDIUM,SOFT,19.0,6.0,86.12333333333333,84.04599999999999,18.0,13.0,0.056089528162387416,0.10105545212096816,2.0773333333333426,MEDIUM>SOFT,5.0,-0.04496592395858074,50.81297355452859,1,20.0,0.7714285714285715,70,5,0.3230000000000075,0.5840000000000032,-0.2609999999999957,-0.5840000000000032,0.2245000000000008,0.2245000000000008,-0.20546275636488076,0.11709232412772078,0.11709232412772078,0.2609999999999957,-0.00999999999999801,0,1,0,86.405,0.3913297125353665,-0.5840000000000032,-0.2816666666666663,-0.49160000000000537,0.8160000000000025,0.992999999999995,-0.10740767587228003,4.0,14.0,48.7,31.2,1.2000000000000028,0,0,26.0,2.7,0.0,0.0,6.080134,0,0.0,10.960000000000003,0.0,7.04141166379481,55,8001.617,3,MEDIUM,86.405,1.3702095630506899,1.1872020202020204,0.6660567505443642,1.7813655161648057
11,ANT,21.0,MEDIUM,HARD,20.0,3.0,85.61466666666666,84.35366666666665,51.0,46.0,0.001937984496124031,0.05924204001127078,1.26100000000001,MEDIUM>HARD,5.0,-0.05730405551514675,51.946425639881674,1,21.0,0.3,70,8,0.20399999999998641,0.06999999999999318,-0.06999999999999318,0.033999999999991815,-0.08813333333333115,-0.08813333333333115,-0.046346928058355275,-0.025632058030553836,-0.025632058030553836,0.19199999999999307,0.006999999999990791,0,1,0,85.702,0.07147211410165255,-0.06999999999999318,-0.08733333333333348,0.08225000000000193,-1.2475000000000023,1.1024999999999991,0.06250127530277731,7.0,1.0,52.4,30.9,0.0,0,0,24.7,1.1,0.0,0.0,7.863515,0,0.0,14.616,0.0,6.077642243349034,22,5058.031,0,MEDIUM,85.702,1.2905004523081989,1.1872020202020204,0.894967215763297,1.7813655161648057
11,BEA,21.0,MEDIUM,HARD,20.0,3.0,88.54466666666667,86.49633333333333,51.0,46.0,0.095733875063484,0.10775752621963876,2.048333333333346,MEDIUM>HARD,5.0,-0.012023651156154752,51.946425639881674,1,21.0,0.3,70,8,0.12750000000001194,0.8389999999999986,-0.8389999999999986,-0.8220000000000027,-0.024499999999998558,-0.024499999999998558,-0.6331657680707536,0.03881062319033349,0.03881062319033349,0.8389999999999986,-0.01749999999999119,0,1,0,89.195,0.9764119849287596,-0.8389999999999986,-0.6503333333333217,-0.7851249999999936,3.2029999999999887,1.1210000000000093,0.06331062319033204,7.0,14.0,52.1,31.1,-0.29999999999999716,0,0,25.1,3.5,0.011173,0.050279,4.430443,0,0.005523000000000001,14.364,0.00938532,6.1070228877422545,22,5114.156,0,MEDIUM,89.195,1.8239637137898104,1.1872020202020204,1.8698098947884,1.7813655161648057
11,BEA,41.0,HARD,HARD,18.0,3.0,88.54,86.24033333333334,31.0,26.0,0.11055690072639225,0.12740287673074338,2.299666666666667,HARD>HARD,5.0,-0.01684597600435113,51.16629601834908,1,19.0,0.5857142857142857,70,3,1.0600000000000023,1.0600000000000023,-1.0600000000000023,-1.0600000000000023,0.4,0.4,-0.6108469801021386,0.15704055878382422,0.15704055878382422,1.0600000000000023,0.051499999999997215,0,0,1,89.694,1.2759540229885147,-1.0600000000000023,-1.1539999999999964,-1.1539999999999964,4.1625000000000085,0.880500000000005,-0.2429594412161758,2.0,19.0,49.9,31.0,0.29999999999999716,0,0,26.1,1.9,0.01676,0.061453,4.455229,0,-0.0001889999999999982,11.323999999999998,0.0127376,6.782192056006791,42,6904.63,2,HARD,89.694,2.6153096982480704,1.1872020202020204,2.7428814346396173,1.7813655161648057
11,BOR,28.0,SOFT,HARD,27.0,3.0,87.353,85.57233333333335,44.0,39.0,0.0,0.06812668616382145,1.7806666666666473,SOFT>HARD,5.0,-0.06812668616382145,51.70224867886033,1,28.0,0.4,70,8,0.18849999999999767,0.4370000000000118,-0.4370000000000118,-0.5395000000000039,0.10475000000000242,0.10475000000000242,-0.4473773865732511,0.008054354622249245,0.008054354622249245,0.5440000000000111,-0.33899999999999864,1,0,0,87.68,0.6890448555301845,-0.4370000000000118,-0.3270000000000124,-0.5575000000000045,1.3445000000000107,0.8135000000000048,-0.09669564537775319,7.0,8.0,50.0,30.9,-1.2999999999999972,0,0,25.6,3.7,0.0,0.0,17.844183,0,0.0,16.8,0.0,6.380122536899765,29,5710.018,0,SOFT,87.68,1.6273942058990183,1.1872020202020204,1.6274143742093994,1.7813655161648057
11,COL,14.0,MEDIUM,HARD,13.0,3.0,88.58666666666666,86.60833333333333,58.0,53.0,0.280982905982906,0.10021740037361343,1.9783333333333246,MEDIUM>HARD,5.0,0.18076550560929255,51.846294375036265,1,14.0,0.2,70,8,0.1909999999999954,0.8689999999999998,-0.7879999999999967,-1.0694999999999908,0.1424999999999959,0.1424999999999959,-0.5850722169187321,0.07806412815491795,0.07806412815491795,0.7879999999999967,0.13100000000000733,0,1,0,89.139,0.9293797988161998,-0.8689999999999998,-0.5523333333333369,-0.9802499999999981,1.2069999999999936,0.9209999999999994,-0.06443587184507796,7.0,15.0,52.5,30.8,1.5,0,0,25.8,1.3,0.224719,0.44382,3.013269,0,-0.10296499999999997,9.8,0.12584264,5.71042701737487,15,4492.313,0,MEDIUM,89.139,1.8350541751258196,1.1872020202020204,1.7636331730138324,1.7813655161648057
11,COL,36.0,HARD,HARD,20.0,3.0,88.15599999999999,85.07333333333332,36.0,31.0,0.10594739530132789,0.13935762754529127,3.082666666666668,HARD>HARD,5.0,-0.033410232243963375,51.31454657335781,1,21.0,0.5142857142857142,70,8,0.28299999999999415,0.0,0.7000000000000028,-0.03700000000000614,0.07250000000000334,0.07250000000000334,0.3131869233590123,0.02390119922688791,0.02390119922688791,-0.7000000000000028,0.009000000000000341,0,0,1,87.416,-0.4897975353584343,0.0,0.7400000000000091,0.12700000000000955,1.2099999999999937,1.2099999999999937,-0.04859880077311543,7.0,15.0,50.3,31.0,1.5999999999999943,0,0,26.0,2.4,0.028571,0.062857,4.342077,0,0.028571,12.851999999999999,0.02399964,6.642486801367256,37,6440.297,1,HARD,87.416,1.9072426110762781,1.1872020202020204,1.9533670721654088,1.7813655161648057
11,GAS,15.0,MEDIUM,HARD,14.0,3.0,88.06700000000001,86.12866666666667,57.0,52.0,0.0023148148148148147,0.07925572433570821,1.9383333333333326,MEDIUM>HARD,5.0,-0.0769409095208934,51.868041615513405,1,15.0,0.21428571428571427,70,8,0.44200000000000017,-0.16200000000000614,0.0,-0.2804999999999893,0.12949999999999864,0.12949999999999864,0.14921419661416735,0.07434347167579493,0.07434347167579493,0.5609999999999928,0.016999999999995907,0,1,0,88.083,-0.2347291489090253,0.16200000000000614,-0.015999999999991132,-0.1301249999999925,0.2715000000000032,1.0095000000000027,-0.055156528324203716,7.0,12.0,51.4,30.9,-1.1000000000000014,0,0,25.4,1.4,0.142045,0.301136,4.587892,0,-0.13795500000000002,9.839999999999998,0.085227,5.771441123130016,16,4573.468,0,MEDIUM,88.083,1.5604142461659447,1.1872020202020204,1.3577877269123981,1.7813655161648057
11,GAS,37.0,HARD,HARD,20.0,3.0,87.54866666666665,85.19033333333333,35.0,29.0,0.0019157088122605363,0.1546189602869765,2.35833333333332,HARD>HARD,6.0,-0.15270325147471597,51.27732691488953,1,21.0,0.5285714285714286,70,8,0.12599999999999767,1.0679999999999978,-0.5499999999999972,-1.190499999999986,0.14399999999999835,0.14399999999999835,-0.5356683082553815,0.09441183884328244,0.09441183884328244,0.5499999999999972,0.15000000000000568,0,0,1,88.088,0.8260600659456685,-1.0679999999999978,-0.5393333333333459,-1.0053750000000008,1.872499999999988,1.3134999999999977,-0.04958816115671591,7.0,12.0,49.7,31.3,-0.5999999999999943,0,0,25.8,1.7,0.0,0.0,10.362878,0,0.0,12.348000000000003,0.0,6.663132695990803,38,6506.201,1,HARD,88.088,2.1937637789838935,1.1872020202020204,2.3484703092594064,1.7813655161648057
11,GAS,54.0,HARD,SOFT,14.0,3.0,85.77266666666667,83.27999999999999,18.0,13.0,0.0659708055668888,0.09602612955906369,2.492666666666679,HARD>SOFT,5.0,-0.030055323992174893,50.81297355452859,1,15.0,0.7714285714285715,70,5,0.03200000000001069,0.0,0.0,0.0,-0.00200000000000126,-0.00200000000000126,0.17544571766723038,0.0302427098776143,0.0302427098776143,-0.6030000000000086,-0.00999999999999801,0,0,1,85.597,-0.33415847949763133,0.0,0.17566666666667174,0.10940000000000794,0.007999999999995566,0.992999999999995,0.03224270987761556,4.0,13.0,48.7,31.2,1.2000000000000028,0,0,26.0,2.7,0.0,0.017544,5.964225,0,-0.005814,8.220000000000002,0.0,7.040536390215956,55,7995.575,4,HARD,85.597,1.4339089826957878,1.1872020202020204,1.1881669655764713,1.7813655161648057
11,HAD,18.0,MEDIUM,HARD,17.0,3.0,87.045,84.778,54.0,49.0,0.0,0.0,2.266999999999996,MEDIUM>HARD,5.0,0.0,51.93403818991219,1,18.0,0.2571428571428571,70,8,0.07899999999999352,0.0,0.0,-0.07749999999998636,0.02758333333333004,0.02758333333333004,0.17326328657004808,0.06545510375258659,0.06545510375258659,-0.3780000000000001,-0.21599999999999397,0,1,0,86.939,-0.2684237323674381,0.0,0.10600000000000875,-0.02637500000000159,-0.6060000000000088,0.7120000000000033,0.03787177041925655,7.0,2.0,52.3,31.1,0.0,0,0,25.1,3.0,0.0,0.0,12.055489,0,0.0,12.456,0.0,5.924255797414532,19,4814.36,0,MEDIUM,86.939,1.4594549015842728,1.1872020202020204,1.1268385494446873,1.7813655161648057
11,HAM,12.0,SOFT,HARD,11.0,3.0,85.64533333333333,85.36433333333332,60.0,55.0,0.10752688172043011,0.12557310450607304,0.2810000000000059,SOFT>HARD,5.0,-0.018046222785642926,51.872488927106446,1,12.0,0.17142857142857143,70,8,0.20250000000000057,0.07099999999999795,-0.07099999999999795,-0.19999999999998863,0.05387499999999967,0.05387499999999967,-0.1287615586059303,0.015388308378274037,0.015388308378274037,0.07099999999999795,0.08850000000000335,1,0,0,85.803,0.21088228977191648,-0.07099999999999795,-0.15766666666667106,-0.21262500000000273,-1.7315000000000111,0.6920000000000002,-0.03848669162172563,7.0,4.0,50.5,30.8,-0.6000000000000014,0,0,25.9,0.5,0.128655,0.438596,2.604529,0,-0.19692600000000002,7.44,0.0617544,5.5093883366279774,13,4282.512,0,SOFT,85.803,1.309709236489936,1.1872020202020204,1.1146125062652836,1.7813655161648057
11,HAM,29.0,HARD,HARD,15.0,3.0,85.68533333333333,84.02633333333334,43.0,38.0,0.11478308173534611,0.055532074762844,1.6589999999999918,HARD>HARD,5.0,0.059251006972502115,51.65635896717562,1,16.0,0.4142857142857143,70,8,0.1844999999999999,0.07899999999999352,0.0,-0.09350000000000591,0.06033928571428555,0.06033928571428555,-0.05762978779912942,0.010693733182047614,0.010693733182047614,0.10800000000000409,0.28599999999999426,0,0,1,85.619,0.09002436192301388,-0.07899999999999352,0.0663333333333469,-0.14337499999999181,-1.211500000000001,0.9840000000000018,-0.04964555253223793,7.0,4.0,50.5,31.0,-0.7999999999999972,0,0,25.6,2.0,0.005848,0.040936,4.252818,0,-0.005848,9.92,0.0037427199999999997,6.405228458030842,30,5756.635,1,HARD,85.619,1.6686394772758528,1.1872020202020204,1.4809173749571574,1.7813655161648057
11,HAM,55.0,HARD,SOFT,24.0,6.0,84.42933333333333,83.53099999999999,17.0,12.0,0.10453648915187376,0.09170274170274169,0.8983333333333405,HARD>SOFT,5.0,0.012833747449132071,50.79321673725093,1,25.0,0.7857142857142857,70,5,0.10800000000000409,0.0,0.0,0.0,0.05062500000000192,0.05062500000000192,0.04332489514195004,0.0199236618968852,0.0199236618968852,-0.1869999999999976,0.012500000000002842,0,0,1,84.403,-0.08251772273227687,0.0,0.026333333333326436,-0.021200000000007435,-1.447499999999991,1.0015,-0.030701338103116718,4.0,3.0,48.7,31.2,1.5,0,0,26.0,2.7,0.023669,0.053254,4.541785,0,0.0,13.700000000000003,0.023669,7.037027614686276,56,7976.217,4,HARD,84.403,1.4358255905972863,1.1872020202020204,1.0262906224044395,1.7813655161648057
11,HUL,18.0,MEDIUM,HARD,17.0,3.0,87.92333333333333,86.88100000000001,54.0,49.0,0.1612590799031477,0.15724165429247097,1.0423333333333176,MEDIUM>HARD,5.0,0.0040174256106767225,51.93403818991219,1,18.0,0.2571428571428571,70,8,0.15149999999999864,0.0,0.0,-0.11549999999999727,0.06829166666666649,0.06829166666666649,0.2162654382100726,0.0766315733733888,0.0766315733733888,-0.7980000000000018,-0.2050000000000125,0,1,0,87.673,-0.3350437201995504,0.0,0.2503333333333302,-0.0589999999999975,0.508499999999998,1.0,0.008339906706722314,7.0,11.0,52.3,31.1,0.0,0,0,25.1,3.0,0.022727,0.073864,4.052423,0,0.0056819999999999996,12.456,0.01636344,5.948034989180646,19,4829.793,0,MEDIUM,87.673,1.5601459205492791,1.1872020202020204,1.3319003728080872,1.7813655161648057
11,HUL,37.0,HARD,SOFT,17.0,6.0,86.21300000000001,84.887,35.0,29.0,0.146715508356858,0.03333333333333333,1.3260000000000076,HARD>SOFT,6.0,0.11338217502352468,51.27732691488953,1,18.0,0.5285714285714286,70,8,0.08600000000000563,-0.0309999999999917,0.06999999999999318,0.08100000000000307,-0.03428571428571254,-0.03428571428571254,-0.04941343641876017,-0.0495739461071745,-0.0495739461071745,-0.09199999999999875,0.15000000000000568,0,0,1,86.159,0.07655250743071917,0.0309999999999917,0.054000000000002046,0.12712499999999238,-0.05649999999999977,1.261499999999991,-0.01528823182146196,7.0,11.0,49.7,31.3,-0.5999999999999943,0,0,25.8,1.7,0.005814,0.046512,4.27964,0,-0.011628,10.584000000000001,0.00418608,6.661854740545311,38,6495.119,1,HARD,86.159,1.3483979033649014,1.1872020202020204,1.168352241577043,1.7813655161648057
11,LAW,20.0,MEDIUM,HARD,19.0,3.0,87.64766666666667,86.069,52.0,47.0,0.07045454545454545,0.04438359868843592,1.5786666666666633,MEDIUM>HARD,5.0,0.026070946766109528,51.92772325248106,1,20.0,0.2857142857142857,70,8,0.18299999999999983,-0.01799999999998647,0.0,-0.06199999999999761,0.10108333333333282,0.10108333333333282,0.20465871258858215,0.07785603299349084,0.07785603299349084,0.12400000000000944,0.13000000000000966,0,1,0,87.683,-0.3158941495497771,0.01799999999998647,-0.03533333333334099,-0.02512500000000273,0.7385000000000019,1.2224999999999966,-0.02322730033984198,7.0,7.0,52.4,31.1,0.7999999999999972,0,0,24.7,1.1,0.0,0.0,7.682335,0,0.0,13.92,0.0,6.042632833682381,21,4999.179,0,MEDIUM,87.683,1.6017035208565804,1.1872020202020204,1.3505056810502987,1.7813655161648057
11,LAW,41.0,HARD,SOFT,19.0,3.0,86.55433333333333,85.13499999999999,31.0,26.0,0.07321772639691715,0.05271184497190689,1.4193333333333413,HARD>SOFT,5.0,0.02050588142501026,51.16629601834908,1,20.0,0.5857142857142857,70,3,0.06900000000000261,0.0,0.0,0.0,0.03450000000000131,0.03450000000000131,0.05293075365381128,-0.0034840714327639462,-0.0034840714327639462,-0.14500000000001023,-0.21699999999999875,0,0,1,86.529,-0.11056321839080852,0.0,0.025333333333335872,0.025333333333335872,0.9359999999999928,1.0489999999999924,-0.037984071432765255,2.0,9.0,49.6,31.0,0.30000000000000426,0,0,26.0,2.2,0.00578,0.046243,4.656187,0,0.00578,11.68,0.0046240000000000005,6.761572768804055,42,6835.414,2,HARD,86.529,1.5265791814290792,1.1872020202020204,1.3745729932724013,1.7813655161648057
11,LEC,15.0,SOFT,HARD,17.0,3.0,86.06133333333334,84.81533333333334,57.0,52.0,0.08333333333333333,0.11974707042580346,1.2459999999999951,SOFT>HARD,5.0,-0.03641373709247013,51.868041615513405,1,18.0,0.21428571428571427,70,8,0.13100000000000733,0.01099999999999568,0.0,-0.12950000000000728,0.09383333333333135,0.09383333333333135,-0.007850308212184132,0.04854303329707602,0.04854303329707602,0.016999999999995907,0.16400000000000858,1,0,0,86.066,0.01234933543275929,-0.01099999999999568,-0.004666666666679475,-0.21262500000000273,-2.055499999999995,1.0139999999999958,-0.04529030003625533,7.0,3.0,51.4,30.9,-0.20000000000000284,0,0,25.4,1.4,0.231214,0.49711,2.553137,0,-0.042041999999999996,11.808,0.16647408,5.739792912179234,16,4542.143,0,SOFT,86.066,1.3840854011175545,1.1872020202020204,1.0959156698580712,1.7813655161648057
11,LEC,35.0,HARD,HARD,18.0,3.6666666666666665,86.14866666666666,84.25233333333334,37.0,31.333333333333332,0.15853699759997295,0.12254901960784315,1.8963333333333168,HARD>HARD,5.666666666666668,0.0359879779921298,51.37822882030578,1,19.0,0.5,70,8,0.262999999999991,0.612000000000009,-0.12400000000000944,-0.6870000000000118,0.1377000000000052,0.1377000000000052,-0.22998331657962012,0.09993022532805751,0.09993022532805751,0.12400000000000944,0.2360000000000042,0,0,1,86.394,0.35549830391494197,-0.612000000000009,-0.24533333333333474,-0.6560000000000059,0.18850000000000477,0.9939999999999998,-0.0377697746719477,7.0,3.0,48.7,31.1,-0.5,0,0,25.9,4.1,0.011561,0.028902,4.291313,0,-0.005880999999999999,10.412000000000003,0.00878636,6.590301048196686,36,6272.519,1,HARD,86.394,1.9763323898953749,1.1872020202020204,2.0307757451289,1.7813655161648057
11,LEC,55.0,HARD,SOFT,18.0,6.0,84.753,82.241,17.0,12.0,0.015732683605986772,0.0060975609756097554,2.5120000000000005,HARD>SOFT,5.0,0.009635122630377017,50.79321673725093,1,19.0,0.7857142857142857,70,5,0.045000000000001705,0.045000000000001705,0.0,-0.045000000000001705,0.09162500000000229,0.09162500000000229,-0.0004799104112578334,0.013366104427535209,0.013366104427535209,0.09000000000000341,0.043000000000006366,0,0,1,84.738,0.0009140498579967016,-0.045000000000001705,0.015000000000000568,-0.07460000000000377,-1.1124999999999972,0.9594999999999985,-0.07825889557246708,4.0,5.0,48.7,31.2,1.2000000000000028,0,0,26.0,2.7,0.0,0.0,7.775064,0,0.0,10.412000000000003,0.0,7.038783541388542,56,7986.992,4,HARD,84.738,1.4042242223971098,1.1872020202020204,1.1290705497459568,1.7813655161648057
11,LIN,19.0,MEDIUM,HARD,18.0,3.0,87.871,86.902,53.0,48.0,0.13474025974025974,0.14023671896504267,0.9689999999999941,MEDIUM>HARD,5.0,-0.005496459224782924,51.92163441384869,1,19.0,0.2714285714285714,70,8,0.18350000000000222,-0.14100000000000534,0.39500000000001023,0.13500000000000512,0.045000000000001227,0.045000000000001227,0.49163630937667335,0.06531309947896945,0.06531309947896945,-1.1230000000000047,-0.2364999999999995,0,1,0,87.365,-0.7599502291110696,0.14100000000000534,0.5060000000000002,0.3137500000000131,0.5884999999999962,0.839500000000001,0.02031309947896822,7.0,10.0,51.6,31.5,-0.6999999999999957,0,0,24.6,1.8,0.022857,0.051429,4.038187,0,0.005908,12.616000000000001,0.01737132,5.998936561946683,20,4915.876,0,MEDIUM,87.365,1.448987794255074,1.1872020202020204,1.2642128804097226,1.7813655161648057
11,NOR,16.0,MEDIUM,HARD,15.0,3.0,85.69,84.69133333333333,56.0,51.0,0.0661068044788975,0.06303789552777407,0.998666666666665,MEDIUM>HARD,5.0,0.003068908951123425,51.89392453892226,1,16.0,0.22857142857142856,70,8,0.25500000000000256,0.15900000000000603,-0.26500000000000057,-0.2819999999999965,0.0772499999999976,0.0772499999999976,-0.1205382728770985,0.047972865217582775,0.047972865217582775,0.26500000000000057,-0.0030000000000001137,0,1,0,85.878,0.1882946565912249,-0.15900000000000603,-0.1880000000000024,-0.32399999999999807,-1.6159999999999997,1.0060000000000002,-0.029277134782414824,7.0,1.0,52.9,30.9,1.5,0,0,25.8,0.6,0.023256,0.046512,19.167464,0,-0.029376,11.456,0.014883839999999999,5.802118375377063,17,4621.685,0,MEDIUM,85.878,1.4727199026499318,1.1872020202020204,1.0748948438477959,1.7813655161648057
11,NOR,38.0,HARD,HARD,20.0,3.0,84.568,82.977,34.0,29.0,0.029585798816568046,0.08232931726907632,1.590999999999994,HARD>HARD,5.0,-0.05274351845250827,51.26027643538745,1,21.0,0.5428571428571428,70,8,0.21799999999999642,-0.11699999999999022,0.0,0.19499999999999318,-0.1836999999999996,-0.1836999999999996,0.13842917592162962,-0.07735728950900517,-0.07735728950900517,0.04600000000000648,0.39699999999999136,0,0,1,84.507,-0.21347317440348945,0.11699999999999022,0.06099999999999284,0.4766249999999985,-2.2595000000000027,1.0959999999999894,0.10634271049099445,7.0,1.0,49.8,31.0,-0.5,0,0,25.8,1.5,0.0,0.0,10.902056,0,-0.005917,12.431999999999999,0.0,6.665683717782408,39,6515.269,1,HARD,84.507,1.4046579724004487,1.1872020202020204,0.8707035728389605,1.7813655161648057
11,NOR,55.0,HARD,SOFT,15.0,6.0,84.17566666666666,83.40499999999999,17.0,12.0,0.16631825107182086,0.20156631659228874,0.7706666666666706,HARD>SOFT,5.0,-0.035248065520467886,50.79321673725093,1,16.0,0.7857142857142857,70,5,0.1770000000000067,0.027000000000001023,0.0,-0.027000000000001023,0.09687500000000249,0.09687500000000249,0.060329690298161154,0.038645112383835833,0.038645112383835833,-0.28999999999999204,0.22099999999999653,0,0,1,84.147,-0.11490549810301331,-0.027000000000001023,0.028666666666651963,-0.061599999999998545,-1.9669999999999987,0.6009999999999991,-0.05822988761616665,4.0,1.0,48.7,31.2,1.5,0,0,26.0,2.7,0.017857,0.059524,4.179701,0,-0.017646,8.768000000000002,0.011428480000000001,7.030857476116121,56,7961.571,4,HARD,84.147,1.3738414122605516,1.1872020202020204,1.0171805325231378,1.7813655161648057
11,OCO,16.0,MEDIUM,HARD,15.0,3.0,88.74933333333333,87.11200000000001,56.0,51.0,0.05884568516672206,0.1475095785440613,1.6373333333333164,MEDIUM>HARD,5.0,-0.08866389337733924,51.89392453892226,1,16.0,0.22857142857142856,70,8,0.24600000000000222,-0.018000000000000682,0.0,0.009000000000000341,0.009774999999999779,0.009774999999999779,0.3843963501645504,0.0716896772648806,0.0716896772648806,0.10000000000000853,0.1290000000000049,0,1,0,88.293,-0.600471344258878,0.018000000000000682,0.45633333333331905,0.2023749999999893,0.6670000000000016,0.9080000000000013,0.06191467726488082,7.0,14.0,52.3,31.0,0.8999999999999986,0,0,24.8,2.2,0.016949,0.045198,4.385639,0,-0.056915,11.071999999999997,0.010847359999999999,5.840641657373398,17,4667.693,0,MEDIUM,88.293,1.550967747417663,1.1872020202020204,1.212234184177229,1.7813655161648057
11,OCO,34.0,HARD,HARD,16.0,3.6666666666666665,88.16000000000001,87.28166666666668,38.0,32.333333333333336,0.1360000029186194,0.14505747126436783,0.8783333333333303,HARD>HARD,5.666666666666664,-0.009057468345748415,51.45326786955407,1,17.0,0.4857142857142857,70,8,0.24800000000000466,1.2369999999999948,-0.546999999999997,-1.3870000000000005,0.23099999999999926,0.23099999999999926,-0.6709755853603383,0.08190182075787969,0.08190182075787969,0.546999999999997,0.3584999999999994,0,0,1,88.845,1.043080297035928,-1.2369999999999948,-0.6849999999999881,-1.1983749999999986,2.639499999999998,0.9939999999999998,-0.14909817924211957,7.0,17.0,48.5,31.0,-0.7000000000000028,0,0,25.4,0.9,0.016949,0.062147,4.106595,0,0.005649999999999999,9.18,0.011525319999999999,6.588926477533519,35,6268.117,1,HARD,88.845,2.2159226246148527,1.1872020202020204,2.62041498647321,1.7813655161648057
11,PIA,15.0,MEDIUM,HARD,14.0,3.0,85.74966666666667,85.27533333333334,57.0,52.0,0.39814814814814814,0.028901734104046242,0.47433333333333394,MEDIUM>HARD,5.0,0.3692464140441019,51.868041615513405,1,15.0,0.21428571428571427,70,8,0.18999999999999773,-0.0379999999999967,0.0379999999999967,0.011499999999998067,0.05662499999999919,0.05662499999999919,0.12087538423858746,0.0539397660489223,0.0539397660489223,-0.0379999999999967,0.16400000000000858,0,1,0,85.643,-0.1901493069036917,0.0379999999999967,0.10666666666666913,-0.03562499999999602,-2.478499999999997,1.0139999999999958,-0.002685233951076893,7.0,1.0,51.4,30.9,-0.20000000000000284,0,0,25.4,1.4,0.216374,0.350877,4.076759,0,0.08846700000000002,9.839999999999998,0.1298244,5.733341276897746,16,4534.84,0,MEDIUM,85.643,1.258790752185378,1.1872020202020204,0.8734080441806865,1.7813655161648057
11,PIA,32.0,HARD,HARD,15.0,3.0,85.803,84.51233333333333,40.0,35.0,0.1533047735618115,0.08051378446115288,1.2906666666666666,HARD>HARD,5.0,0.0727909891006586,51.56724400556117,1,16.0,0.45714285714285713,70,8,0.23150000000000404,0.0,0.0,-0.23100000000000875,0.09224999999999936,0.09224999999999936,0.04435097062088289,0.11080505241327938,0.11080505241327938,-0.012000000000000455,0.07100000000000506,0,0,1,85.831,-0.06928132105444718,0.0,-0.028000000000005798,-0.30725000000001046,-0.5720000000000027,0.9789999999999992,0.018555052413280024,7.0,1.0,51.1,31.0,0.8000000000000043,0,0,25.9,1.3,0.017544,0.05848,3.967282,0,0.0001020000000000014,10.304,0.011228160000000001,6.4967749901858625,33,6006.097,1,HARD,85.831,1.9292745071762112,1.1872020202020204,1.7059958427595068,1.7813655161648057
11,RUS,26.0,MEDIUM,HARD,25.0,3.0,86.42233333333333,84.14133333333334,46.0,41.0,0.08089330900262105,0.007889546351084813,2.2809999999999917,MEDIUM>HARD,5.0,0.07300376265153624,51.774755959177085,1,26.0,0.37142857142857144,70,8,0.21100000000000563,0.5309999999999917,-0.4129999999999967,-0.5109999999999957,0.07707142857143014,0.07707142857143014,-0.4689946009963961,-0.007923327563818652,-0.007923327563818652,0.4129999999999967,0.4239999999999995,0,1,0,86.737,0.7223643772137365,-0.5309999999999917,-0.31466666666666754,-0.5051249999999925,0.02049999999999841,1.0714999999999932,-0.08499475613524879,7.0,7.0,50.7,30.9,0.9000000000000057,0,0,26.1,2.5,0.011494,0.034483,4.30835,0,0.011494,16.328000000000003,0.01195376,6.304448802421981,27,5516.243,0,MEDIUM,86.737,1.4835844742669781,1.1872020202020204,1.3447694480847487,1.7813655161648057
11,RUS,53.0,HARD,HARD,25.0,4.0,85.16066666666667,82.63366666666667,19.0,13.0,0.09385391583533997,0.03824996957527078,2.527000000000001,HARD>HARD,6.0,0.0556039462600692,50.85574862616624,1,26.0,0.7571428571428571,70,3,0.036000000000001364,0.0,0.0,0.0,0.018000000000000682,0.018000000000000682,0.10166842754006211,-0.01021849504020653,-0.01021849504020653,-0.2600000000000051,0.03700000000000614,0,0,1,85.086,-0.21236781609195532,0.0,0.07466666666667265,0.07466666666667265,-0.2560000000000002,0.804000000000002,-0.028218495040207212,2.0,7.0,47.2,31.3,-2.1999999999999957,0,0,25.6,3.3,0.0,0.0,6.867807,0,-0.017544,12.688000000000002,0.0,7.007600613951853,54,7837.242,3,HARD,85.086,1.5979651134887418,1.1872020202020204,1.4232582988645393,1.7813655161648057
11,SAI,17.0,SOFT,MEDIUM,16.0,3.0,88.298,87.04199999999999,55.0,50.0,0.17195454545454547,0.10919540229885057,1.2560000000000144,SOFT>MEDIUM,5.0,0.0627591431556949,51.91493060734108,1,17.0,0.24285714285714285,70,8,0.12349999999999284,-0.2920000000000016,0.07200000000000273,0.055499999999995,0.03213333333333281,0.03213333333333281,0.12853455432797034,-0.02014670949290364,-0.02014670949290364,-0.07200000000000273,-0.01999999999999602,1,0,0,88.082,-0.19980021908006051,0.2920000000000016,0.21600000000000819,0.16875000000001705,0.3219999999999885,0.5489999999999924,-0.05228004282623645,7.0,16.0,52.3,31.1,0.0,0,0,25.1,3.0,0.017045,0.051136,4.375158,0,-0.011203999999999999,11.764,0.0115906,5.905361848054571,18,4761.854,0,SOFT,88.082,1.216345801487287,1.1872020202020204,0.0035957502183497914,1.7813655161648057
11,SAI,42.0,MEDIUM,SOFT,23.0,6.0,88.146,86.20033333333333,30.0,25.0,0.13255692518404383,0.0889568490388493,1.9456666666666678,MEDIUM>SOFT,5.0,0.043600076145194525,51.1375154307217,1,24.0,0.6,70,4,0.16799999999999926,-0.8495000000000061,0.7560000000000002,0.8495000000000061,-0.25066666666666515,-0.25066666666666515,0.5069189864627504,-0.09793031143034404,-0.09793031143034404,-1.0919999999999987,-0.04599999999999227,0,1,0,87.53,-0.9676069583846925,0.8495000000000061,0.6159999999999997,0.6977500000000134,2.2590000000000003,0.7905000000000015,0.15273635523632112,3.0,17.0,49.9,31.4,0.0,0,0,26.1,1.9,0.017143,0.04,4.34774,0,0.011493,14.303999999999998,0.016457279999999998,6.80128303447162,43,6982.468,2,MEDIUM,87.53,0.9594201298134061,1.1872020202020204,0.26740501512638715,1.7813655161648057
11,SAI,53.0,SOFT,SOFT,12.0,6.0,86.61099999999999,85.367,19.0,14.0,0.10764983772780519,0.12496339918462168,1.2439999999999856,SOFT>SOFT,5.0,-0.017313561456816493,50.85574862616624,1,13.0,0.7571428571428571,70,4,0.031999999999996476,1.0815000000000055,-1.073999999999998,-1.0815000000000055,0.21416666666666137,0.21416666666666137,-0.5665209371011315,0.13767536742634073,0.13767536742634073,1.073999999999998,0.25899999999999324,1,0,0,87.332,1.0813751614133906,-1.0815000000000055,-0.7210000000000036,-0.8252499999999969,1.2179999999999893,0.7959999999999994,-0.07649129924032064,3.0,19.0,48.7,31.2,1.5,0,0,26.0,2.7,0.022989,0.063218,4.337905,0,0.005648,7.1240000000000006,0.01195428,7.0317412587631285,54,7962.524,5,SOFT,87.332,1.4494006963316015,1.1872020202020204,1.0704302462744195,1.7813655161648057
11,STR,7.0,SOFT,MEDIUM,6.0,3.0,88.13733333333333,87.145,65.0,60.0,0.4358585858585859,0.04545454545454545,0.9923333333333346,SOFT>MEDIUM,5.0,0.3904040404040404,52.24690133683515,1,7.0,0.1,70,6,0.31349999999999767,0.0,0.0,0.0014999999999929514,-0.0030000000000001137,-0.0030000000000001137,-0.19212958237297073,-0.038827961583268546,-0.038827961583268546,-0.0030000000000001137,0.04350000000000165,1,0,0,88.362,0.3621859946618855,0.0,-0.22466666666664992,0.18266666666667675,1.0454999999999899,0.9384999999999977,-0.03582796158326843,5.0,19.0,51.7,30.7,-0.5999999999999943,0,0,25.1,1.7,0.559322,0.853107,0.79247,0,-0.384181,4.676000000000001,0.15661016,5.0238805208462765,8,3879.805,0,SOFT,88.362,1.205700788854405,1.1872020202020204,0.11288290015611935,1.7813655161648057
11,STR,36.0,MEDIUM,SOFT,27.0,3.0,87.68599999999999,86.08133333333335,36.0,31.0,0.05308020147229756,0.08681617516756836,1.6046666666666454,MEDIUM>SOFT,5.0,-0.033735973695270795,51.31454657335781,1,28.0,0.5142857142857142,70,8,0.204500000000003,2.1140000000000043,-1.831000000000003,-1.8285000000000053,-0.022899999999995656,-0.022899999999995656,-1.6307459178510015,0.031228761164730924,0.031228761164730924,2.1140000000000043,-0.0309999999999917,0,1,0,89.001,2.1078737621714936,-2.1140000000000043,-1.315000000000012,-1.6920000000000073,2.7950000000000017,1.3319999999999936,0.05412876116472658,7.0,14.0,50.3,31.0,1.5999999999999943,0,0,26.0,2.4,0.011236,0.033708,11.481817,0,0.011236,17.135999999999996,0.01258432,6.639875833826536,37,6434.338,1,MEDIUM,89.001,1.7081713519335076,1.1872020202020204,1.0933129711545488,1.7813655161648057
11,VER,13.0,MEDIUM,HARD,12.0,3.0,85.77233333333334,85.31099999999999,59.0,54.0,0.25925925925925924,0.11700866393068855,0.4613333333333429,MEDIUM>HARD,5.0,0.1422505953285707,51.87618523063933,1,13.0,0.18571428571428572,70,8,0.12950000000000017,0.3219999999999885,-0.22399999999998954,-0.332499999999996,0.07149999999999893,0.07149999999999893,-0.18486050532385434,0.033618414421893006,0.033618414421893006,0.22399999999998954,0.22699999999998965,0,1,0,85.957,0.2975438394640406,-0.3219999999999885,-0.18466666666665787,-0.35299999999999443,-1.6570000000000107,1.0869999999999962,-0.03788158557810592,7.0,3.0,51.0,30.9,0.5,0,0,25.4,2.8,0.30814,0.552326,2.045853,0,0.07558200000000004,8.32,0.1602328,5.5909869805108565,14,4367.763,0,MEDIUM,85.957,1.3240970541974297,1.1872020202020204,1.1024727127760894,1.7813655161648057
12,ALB,25.0,HARD,HARD,22.0,3.0,79.484,78.54166666666667,47.63888888888889,42.77777777777777,0.13958333333333334,0.13301889327850788,0.9423333333333233,HARD>HARD,4.861111111111121,0.0065644400548254545,35.78136172343818,1,23.0,0.3472222222222222,72,8,0.11299999999999955,0.0,0.10699999999999932,0.028999999999996362,-0.0038333333333322155,-0.0038333333333322155,0.24142919777484906,0.024737812167247544,0.024737812167247544,-0.9339999999999975,-0.10999999999999943,0,0,1,79.137,-0.3723106556082172,0.0,0.3469999999999942,0.1349999999999909,0.012000000000000455,0.7789999999999964,0.028571145500579757,7.0,8.0,34.3,19.1,-0.30000000000000426,0,1,56.1,1.5,0.0,0.220126,3.698032,0,-0.3625,-0.6440000000000026,0.0,6.198478716492308,26,7248.96,4,HARD,79.137,1.281228356459696,1.2555280112044815,1.5488825143660319,1.6370166343400974
12,ALB,48.0,HARD,MEDIUM,21.0,4.333333333333333,78.63333333333333,77.24366666666667,25.277777777777782,19.12037037037037,0.08649789029535865,0.0064516129032258064,1.3896666666666562,HARD>MEDIUM,6.157407407407412,0.08004627739213284,34.05898237172318,1,22.0,0.6666666666666666,72,8,0.4370000000000047,-0.6159999999999997,0.23400000000000887,0.8155000000000001,-0.19716666666666546,-0.19716666666666546,0.40882338955138664,-0.0936373675677091,-0.0936373675677091,-0.23400000000000887,-0.11650000000000205,0,0,1,78.35,-0.6301587826954318,0.6159999999999997,0.28333333333334565,0.84375,0.9099999999999966,1.2070000000000078,0.10352929909895636,7.0,13.0,34.3,19.4,-0.5,0,0,53.6,1.6,0.012821,0.25641,3.439361,0,0.006492,-0.6160000000000025,0.011282480000000001,6.866933284461882,49,9091.301,5,HARD,78.35,0.8699645544869411,1.2555280112044815,1.1593804298327324,1.6370166343400974
12,ALO,33.0,SOFT,HARD,30.0,3.0,79.009,78.618,39.86111111111111,35.0,0.0,0.5172022070756247,0.39100000000000534,SOFT>HARD,4.861111111111107,-0.5172022070756247,34.73279704554676,1,31.0,0.4583333333333333,72,8,0.04800000000000182,0.06499999999999773,-0.09000000000000341,-0.04800000000000182,-0.01191666666666909,-0.01191666666666909,-0.06303010782934848,-0.012285239808937254,-0.012285239808937254,0.09000000000000341,0.1599999999999966,1,0,0,79.071,0.09707777814065821,-0.06499999999999773,-0.06199999999999761,-0.035124999999993634,0.5819999999999936,1.0535000000000068,-0.00036857314226816304,7.0,8.0,30.7,18.9,-0.5,0,0,55.9,3.2,0.0,0.0,20.0,0,0.0,-5.332000000000001,0.0,6.480044561926653,34,7881.98,4,SOFT,79.071,0.4461145932222623,1.2555280112044815,1.278873464996383,1.6370166343400974
12,ANT,20.0,MEDIUM,HARD,19.0,3.0,77.46233333333333,76.07133333333333,52.5,47.63888888888889,0.0,0.0,1.3910000000000053,MEDIUM>HARD,4.861111111111107,0.0,35.61344475800612,1,20.0,0.2777777777777778,72,8,0.10949999999999704,0.23499999999999943,-0.15900000000000603,-0.27250000000000796,0.07658571428571373,0.07658571428571373,-0.06194653840968556,0.0744500094677138,0.0744500094677138,0.15900000000000603,0.15900000000000603,0,1,0,77.601,0.09676762324909305,-0.23499999999999943,-0.1386666666666656,-0.3100000000000023,-1.397500000000008,0.9074999999999989,-0.002135704817999934,7.0,1.0,38.0,19.5,0.7000000000000028,0,0,55.6,0.7,0.0,0.0,18.405993,0,0.0,2.4,0.0,5.953243334287785,21,6812.883,4,MEDIUM,77.601,0.89417730155112,1.2555280112044815,1.1433900849217902,1.6370166343400974
12,ANT,39.0,HARD,HARD,17.0,3.0,76.75466666666667,75.94233333333334,34.02777777777778,29.166666666666668,0.10995853538548035,0.09271523178807946,0.8123333333333278,HARD>HARD,4.861111111111111,0.017243303597400894,34.16287921639916,1,18.0,0.5416666666666666,72,8,0.23399999999998755,-0.12399999999999523,0.0,-0.05500000000000682,0.050285714285714225,0.050285714285714225,0.16985258413772897,0.04810012117242893,0.04810012117242893,0.3079999999999927,-0.16699999999998738,0,0,1,76.714,-0.2631397885210447,0.12399999999999523,0.04066666666666663,0.039500000000003865,-0.9509999999999934,0.603500000000011,-0.0021855931132852974,7.0,1.0,31.6,19.0,-1.3999999999999986,0,0,55.4,1.8,0.091503,0.895425,1.738088,0,0.091503,-2.447999999999999,0.06588216,6.626717749249025,40,8287.121,5,HARD,76.714,1.079402581860178,1.2555280112044815,1.4275932429554885,1.6370166343400974
12,BOR,10.0,SOFT,MEDIUM,10.0,3.0,78.96333333333332,77.94766666666668,62.22222222222223,57.361111111111114,0.9936708860759493,0.23649108479651557,1.0156666666666467,SOFT>MEDIUM,4.861111111111114,0.7571798012794337,35.37374444334243,1,11.0,0.1388888888888889,72,5,0.22399999999998954,0.06300000000000239,-0.06300000000000239,-0.06300000000000239,-0.10624999999999218,-0.10624999999999218,-0.13768957854976804,-0.03375251983486479,-0.03375251983486479,0.28699999999999193,0.16199999999999193,1,0,0,79.08,0.26224715440548607,-0.06300000000000239,-0.11666666666667425,0.10660000000000025,0.41499999999999204,0.5299999999999869,0.07249748016512739,4.0,13.0,35.0,19.2,-0.8999999999999986,0,0,57.6,1.7,0.993671,1.0,0.447923,0,-0.006329000000000029,0.0,0.43721524,5.2832037287379885,11,6061.59,4,SOFT,79.08,0.47151092396880623,1.2555280112044815,0.19606003651734194,1.6370166343400974
12,BOR,33.0,MEDIUM,HARD,21.0,3.0,79.01333333333332,77.27566666666667,39.86111111111111,35.0,0.5043264875898186,0.02795698924731183,1.7376666666666551,MEDIUM>HARD,4.861111111111107,0.47636949834250675,34.73279704554676,1,22.0,0.4583333333333333,72,8,0.39700000000000557,-0.23999999999999488,0.08499999999999375,0.5219999999999914,-0.11983333333333235,-0.11983333333333235,0.4025712235056176,-0.00816377272256242,-0.00816377272256242,-0.08499999999999375,0.1150000000000091,0,1,0,78.905,-0.6204655468770994,0.23999999999999488,0.10833333333333428,0.5858749999999873,0.4159999999999968,1.0535000000000068,0.11166956061076994,7.0,13.0,30.7,18.9,-0.5,0,0,55.9,3.2,0.503185,1.0,0.949731,0,0.028501,-3.7840000000000007,0.4428028,6.48768401848461,34,7897.34,5,MEDIUM,78.905,0.5533547334375489,1.2555280112044815,0.9397991944963958,1.6370166343400974
12,BOT,27.0,HARD,HARD,24.0,5.0,80.79566666666666,78.99900000000001,45.694444444444436,40.833333333333336,0.28703064693402863,0.2985752246658388,1.7966666666666526,HARD>HARD,4.8611111111111,-0.011544577731810168,35.5854004977347,1,25.0,0.375,72,8,0.16499999999999915,0.0,0.26200000000000045,-0.15399999999999636,0.09191666666666502,0.09191666666666502,0.150371178685603,0.03239443612719733,0.03239443612719733,-0.5110000000000099,-0.1944999999999979,0,0,1,80.538,-0.23168510680000054,0.0,0.2576666666666654,-0.07724999999999227,1.6769999999999925,1.5009999999999906,-0.059522230539467695,7.0,18.0,33.0,19.2,-0.6000000000000014,0,0,54.8,2.8,0.304348,0.857143,1.197477,0,-0.053676999999999975,-2.0,0.304348,6.295266001439646,28,7434.852,4,HARD,80.538,1.3494483524276955,1.2555280112044815,1.9850645631157282,1.6370166343400974
12,COL,20.0,MEDIUM,HARD,17.0,3.0,80.44500000000001,77.72933333333333,52.5,47.63888888888889,0.8923395445134575,0.0,2.715666666666678,MEDIUM>HARD,4.861111111111107,0.8923395445134575,35.61344475800612,1,18.0,0.2777777777777778,72,8,0.30100000000000904,0.0,-0.13300000000000978,-0.26200000000001467,0.1939761904761901,0.1939761904761901,0.06788404663330994,0.13626177232854791,0.13626177232854791,0.13300000000000978,0.054999999999999716,0,1,0,80.641,-0.11117870386168249,0.0,-0.19599999999999795,-0.44137500000000784,1.9040000000000106,0.6749999999999972,-0.057714418147642194,7.0,18.0,38.2,19.5,0.4000000000000057,0,0,56.3,0.9,0.968944,1.0,0.456765,0,0.024845000000000006,2.304000000000002,0.6976396800000001,5.996452088619021,21,6873.082,5,MEDIUM,80.641,1.2113152668991742,1.2555280112044815,1.7702600708066414,1.6370166343400974
12,COL,44.0,HARD,SOFT,22.0,3.0,78.51766666666667,76.63799999999999,29.166666666666668,24.305555555555557,0.012738853503184712,0.1667096700209283,1.8796666666666795,HARD>SOFT,4.861111111111111,-0.15397081651774358,34.03928461755246,1,23.0,0.6111111111111112,72,8,0.3480000000000061,0.0,-0.02400000000000091,-0.012000000000000455,0.04400000000000119,0.04400000000000119,0.04506682152171493,-0.02344501132732723,-0.02344501132732723,0.02400000000000091,0.04899999999999238,0,0,1,78.659,-0.07018995906052794,0.0,-0.14133333333333553,0.32312500000000455,0.5760000000000076,0.9265000000000043,-0.06744501132732841,7.0,17.0,33.7,19.2,0.20000000000000284,0,0,56.3,0.8,0.012739,0.522293,2.450463,0,0.012739,-1.1959999999999973,0.01171988,6.786716950605081,45,8787.387,6,HARD,78.659,0.9566891914757497,1.2555280112044815,1.2940526231038025,1.6370166343400974
12,GAS,17.0,MEDIUM,HARD,17.0,3.0,78.91933333333333,78.67099999999999,55.416666666666664,50.555555555555564,0.0,0.7664812276599747,0.24833333333333485,MEDIUM>HARD,4.8611111111111,-0.7664812276599747,35.202291749545694,1,18.0,0.2361111111111111,72,8,0.19550000000000267,0.1280000000000001,0.0,-0.24200000000000443,0.05991666666666854,0.05991666666666854,-0.05838011623244199,0.039967251713153636,0.039967251713153636,0.1280000000000001,0.04099999999999682,0,1,0,78.944,0.09396622551544453,-0.1280000000000001,-0.024666666666661285,-0.20999999999999375,0.0,0.8220000000000027,-0.019949414953514905,7.0,8.0,36.3,19.2,0.19999999999999574,0,0,58.6,0.7,0.0,0.0,7.43392,0,0.0,0.935999999999998,0.0,5.805134968916488,18,6606.811,4,MEDIUM,78.944,0.8906177124290297,1.2555280112044815,1.3477322577672484,1.6370166343400974
12,GAS,45.0,HARD,MEDIUM,26.0,5.0,78.15133333333334,76.51533333333333,28.194444444444443,23.333333333333332,0.23991507430997874,0.7429193899782135,1.63600000000001,HARD>MEDIUM,4.861111111111111,-0.5030043156682348,34.038787629734465,1,27.0,0.625,72,8,0.3205000000000098,0.17100000000000648,0.0,-0.08549999999999613,0.017433333333335098,0.017433333333335098,-0.1513326817379692,-0.041626559235364305,-0.041626559235364305,-0.5139999999999958,-0.0870000000000033,0,0,1,78.037,0.23339085127842907,-0.17100000000000648,0.11433333333333451,0.15312499999998863,0.030000000000001137,0.8830000000000027,-0.0590598925686994,7.0,9.0,33.7,19.2,-1.0999999999999943,0,0,56.3,0.8,0.0,0.0,8.343046,0,-0.726115,-1.403999999999997,0.0,6.795705775173514,46,8833.558,5,HARD,78.037,1.0795736529464495,1.2555280112044815,1.3906264809512703,1.6370166343400974
12,HAM,24.0,SOFT,HARD,24.0,3.0,77.678,75.68733333333334,48.61111111111111,43.75,0.0,0.0,1.9906666666666553,SOFT>HARD,4.861111111111107,0.0,35.843818052827785,1,25.0,0.3333333333333333,72,8,0.12049999999999272,-0.006000000000000227,0.0,0.0030000000000001137,0.01008333333333174,0.01008333333333174,0.007804642950105745,0.01732331029370511,0.01732331029370511,-0.1559999999999917,0.32500000000000284,1,0,0,77.715,-0.012046597069229392,0.006000000000000227,-0.03700000000000614,-0.06212500000000887,-1.399499999999989,0.8900000000000006,0.00723997696037337,7.0,1.0,36.1,19.3,0.3999999999999986,0,0,57.1,0.9,0.0,0.374194,2.916271,0,0.0,1.1000000000000014,0.0,6.142037405587356,25,7135.403,4,SOFT,77.715,0.6299338895766815,1.2555280112044815,1.061400985191936,1.6370166343400974
12,HUL,18.0,SOFT,SOFT,18.0,3.0,78.76466666666666,79.016,54.444444444444436,49.583333333333336,0.30034400279502266,0.9936841546585994,-0.2513333333333492,SOFT>SOFT,4.8611111111111,-0.6933401518635767,35.317176711670946,1,19.0,0.25,72,8,0.23050000000001347,0.33500000000000796,-0.3960000000000008,-0.36549999999999727,0.03575000000000135,0.03575000000000135,-0.17429123358505194,0.01970462426210846,0.01970462426210846,0.3960000000000008,-0.014500000000005286,1,0,0,79.061,0.2768594148219421,-0.33500000000000796,-0.29633333333333667,-0.23387500000001182,0.11700000000000443,0.38700000000000045,-0.01604537573789289,7.0,8.0,37.3,19.5,1.0,0,1,58.1,1.1,0.550633,1.0,0.895632,0,0.28311700000000006,1.7479999999999978,0.41848108000000006,5.863631175598097,19,6687.226,4,SOFT,79.061,0.5766232534322459,1.2555280112044815,0.7941544929190401,1.6370166343400974
12,HUL,47.0,SOFT,HARD,27.0,3.0,77.91533333333332,77.86166666666666,26.25,21.38888888888889,0.0,0.20420273286515325,0.05366666666665765,SOFT>HARD,4.861111111111111,-0.20420273286515325,34.0546591636146,1,28.0,0.6527777777777778,72,8,0.07100000000000506,0.23999999999999488,-0.3050000000000068,-0.23699999999999477,0.0005000000000012031,0.0005000000000012031,-0.19131533028172498,0.0253756805885374,0.0253756805885374,0.3050000000000068,0.08449999999999847,1,0,0,78.131,0.2946678935893772,-0.23999999999999488,-0.2156666666666638,-0.22425000000001205,0.7789999999999964,1.4120000000000061,0.024875680588536196,7.0,8.0,34.8,19.2,0.5,0,0,54.7,0.8,0.00641,0.121795,3.910584,0,0.00641,-0.2240000000000032,0.0071792,6.836259277277067,48,8973.127,5,SOFT,78.131,0.7491052471266043,1.2555280112044815,1.3831207188216372,1.6370166343400974
12,LAW,20.0,SOFT,MEDIUM,17.0,3.0,78.829,77.42566666666666,52.5,47.63888888888889,0.0,0.2955717318774644,1.403333333333336,SOFT>MEDIUM,4.861111111111107,-0.2955717318774644,35.61344475800612,1,18.0,0.2777777777777778,72,8,0.3819999999999908,0.0,0.01300000000000523,-0.3754999999999882,0.14374999999999857,0.14374999999999857,0.028953324177933837,0.09159196823517166,0.09159196823517166,-0.26300000000000523,0.15900000000000603,1,0,0,78.737,-0.045228424990099825,0.0,0.09199999999999875,-0.32450000000000045,-0.194500000000005,0.7974999999999994,-0.05215803176482692,7.0,5.0,38.0,19.5,0.20000000000000284,0,0,55.6,0.7,0.0,0.0,9.616457,0,-0.006329,2.16,0.0,5.963579343618446,21,6834.993,5,SOFT,78.737,0.7908044631755061,1.2555280112044815,0.43223377738108776,1.6370166343400974
12,LAW,46.0,MEDIUM,MEDIUM,24.0,3.0,78.10966666666667,76.09733333333334,27.222222222222218,22.361111111111114,0.12952528716859926,0.07359307359307359,2.0123333333333306,MEDIUM>MEDIUM,4.861111111111104,0.05593221357552568,34.04270983047876,1,25.0,0.6388888888888888,72,8,0.177500000000002,1.0250000000000057,-0.7169999999999987,-1.0720000000000027,0.11732500000000137,0.11732500000000137,-0.5632991862853771,0.09778648892773024,0.09778648892773024,0.7169999999999987,-0.14100000000000534,0,1,0,78.694,0.8676600975185806,-1.0250000000000057,-0.5843333333333334,-0.9673750000000041,0.7809999999999917,0.8584999999999923,-0.019538511072271128,7.0,7.0,34.3,19.2,0.5999999999999943,0,0,55.4,1.7,0.382166,0.828025,1.448645,0,0.337294,-0.7000000000000028,0.382166,6.811244378601294,47,8868.683,6,MEDIUM,78.694,0.8290060505047568,1.2555280112044815,0.8893721382845385,1.6370166343400974
12,LEC,20.0,SOFT,MEDIUM,17.0,3.0,77.39966666666668,75.83366666666666,52.5,47.63888888888889,0.0,0.0,1.5660000000000167,SOFT>MEDIUM,4.861111111111107,0.0,35.61344475800612,1,18.0,0.2777777777777778,72,8,0.18200000000000216,0.0,0.0,0.039500000000003865,-0.004150000000000631,-0.004150000000000631,0.08818626446975486,0.0044985618187224664,0.0044985618187224664,-0.07899999999999352,0.15900000000000603,1,0,0,77.435,-0.13775709563489613,0.0,-0.03533333333332678,0.10174999999999557,-1.5635000000000048,0.7974999999999994,0.008648561818723097,7.0,3.0,38.0,19.5,0.20000000000000284,0,0,55.6,0.7,0.0,0.0,7.785254,0,-0.012903,2.16,0.0,5.958424693029782,21,6823.06,4,SOFT,77.435,0.5152722226846648,1.2555280112044815,-0.06520241930268655,1.6370166343400974
12,LEC,42.0,MEDIUM,HARD,20.0,3.0,76.84599999999999,75.29133333333334,31.111111111111114,26.25,0.3486404662875251,0.26556291390728476,1.5546666666666482,MEDIUM>HARD,4.861111111111114,0.08307755238024034,34.063864281905474,1,21.0,0.5833333333333334,72,8,0.20949999999999136,0.02400000000000091,0.0,-0.22149999999999181,0.06610000000000156,0.06610000000000156,-0.028337174108344243,0.02950769933016326,0.02950769933016326,0.17399999999999238,0.12950000000000017,0,1,0,76.889,0.04369907189187927,-0.02400000000000091,-0.042999999999992156,-0.2238750000000067,-1.096500000000006,0.7424999999999997,-0.036592300669838304,7.0,2.0,33.4,19.0,0.3999999999999986,0,0,55.7,0.0,0.201299,0.902597,1.388198,0,0.109796,-1.3440000000000012,0.16909116000000002,6.705639094860003,43,8528.528,5,MEDIUM,76.889,0.6980617120924157,1.2555280112044815,1.1593535332420597,1.6370166343400974
12,LIN,35.0,MEDIUM,HARD,29.0,3.0,79.31933333333332,78.49966666666667,37.916666666666664,33.055555555555564,0.12916666666666668,0.7898089171974522,0.8196666666666488,MEDIUM>HARD,4.8611111111111,-0.6606422505307855,34.48484927145002,1,30.0,0.4861111111111111,72,8,0.45599999999999596,0.9119999999999919,-0.8250000000000028,-0.44899999999999807,-0.09408333333333967,-0.09408333333333967,-0.49216904330825173,-0.02146614180859345,-0.02146614180859345,0.8250000000000028,-0.04650000000000176,0,1,0,79.919,0.7594423243267556,-0.9119999999999919,-0.5996666666666783,-0.3747499999999917,1.69850000000001,0.892000000000003,0.07261719152474622,7.0,11.0,30.5,18.8,-0.6000000000000014,0,1,56.8,1.0,0.4,0.80625,1.131689,0,0.4,-5.4,0.48,6.543911845564792,36,8054.973,5,MEDIUM,79.919,0.6407112804094695,1.2555280112044815,1.358003947048342,1.6370166343400974
12,NOR,20.0,SOFT,HARD,20.0,3.0,77.59033333333333,76.12633333333333,52.5,47.63888888888889,0.05390344422602487,0.17506593280587088,1.4639999999999986,SOFT>HARD,4.861111111111107,-0.12116248857984602,35.61344475800612,1,21.0,0.2777777777777778,72,8,0.1355000000000075,0.3790000000000049,-0.3130000000000024,-0.4934999999999974,0.08116666666666697,0.08116666666666697,-0.17793629890293516,0.07666613567048673,0.07666613567048673,0.3130000000000024,0.20400000000000773,1,0,0,77.821,0.27795697994780255,-0.3790000000000049,-0.23066666666666436,-0.46162499999999795,-1.177500000000009,0.7974999999999994,-0.004500530996180238,7.0,2.0,38.0,19.5,0.7000000000000028,0,0,55.6,0.7,0.025641,0.730769,2.066214,0,-0.058230000000000004,2.52,0.02153844,5.955837369464831,21,6815.18,4,SOFT,77.821,0.8758562997860406,1.2555280112044815,1.275352618790875,1.6370166343400974
12,NOR,46.0,HARD,HARD,24.0,3.0,76.80966666666666,74.41733333333333,27.222222222222218,22.361111111111114,0.05844155844155844,0.19919584013543745,2.392333333333326,HARD>HARD,4.861111111111104,-0.14075428169387902,34.04270983047876,1,25.0,0.6388888888888888,72,8,0.2119999999999962,0.125,0.0,-0.12600000000000477,0.03237500000000004,0.03237500000000004,-0.006997740230971772,0.009548224686328148,0.009548224686328148,0.12699999999999534,0.02400000000000091,0,0,1,76.72,0.01077874798870937,-0.125,0.08966666666667322,-0.08637500000000387,-1.3675000000000068,0.8830000000000027,-0.022826775313671895,7.0,1.0,33.7,19.2,-1.0999999999999943,0,0,56.3,0.8,0.0,0.0,7.360292,0,0.0,-1.2999999999999972,0.0,6.794586580876499,47,8824.505,5,HARD,76.72,1.105084395120439,1.2555280112044815,1.4030570671775768,1.6370166343400974
12,OCO,15.0,SOFT,HARD,15.0,3.0,79.303,79.557,57.361111111111114,52.5,0.5776212085025078,0.5591523556128893,-0.2540000000000049,SOFT>HARD,4.861111111111114,0.018468852889618415,35.09389058851803,1,16.0,0.20833333333333334,72,8,0.13649999999999807,-0.01300000000000523,0.01300000000000523,-0.04949999999999477,0.06325000000000003,0.06325000000000003,0.03410614931314626,0.02351352582220718,0.02351352582220718,-0.01300000000000523,0.04099999999999682,1,0,0,79.244,-0.05711420481844698,0.01300000000000523,0.05900000000001171,-0.09262499999999818,0.24899999999999523,0.7944999999999993,-0.039736474177792844,7.0,12.0,35.2,19.3,1.5,0,0,58.5,1.5,0.522013,1.0,0.953811,0,0.02201299999999995,0.1280000000000018,0.33408832,5.69035945432406,16,6457.424,4,SOFT,79.244,0.7684860631828971,1.2555280112044815,1.3818238463579835,1.6370166343400974
12,OCO,35.0,HARD,HARD,18.0,3.0,79.586,78.23,37.916666666666664,33.055555555555564,0.2883198811259297,0.21965271015903928,1.3559999999999945,HARD>HARD,4.8611111111111,0.06866717096689043,34.48484927145002,1,19.0,0.4861111111111111,72,8,0.2785000000000011,0.6709999999999923,0.0,-0.8319999999999936,0.17457142857142827,0.17457142857142827,-0.4734554068302259,0.019321280196859983,0.019321280196859983,-1.3140000000000072,-0.04650000000000176,0,0,1,79.499,0.793721986662618,-0.6709999999999923,0.0870000000000033,-0.5584999999999951,1.2254999999999967,0.866500000000002,-0.1552501483745683,7.0,14.0,30.5,18.8,-0.6000000000000014,0,1,56.8,1.0,0.628931,0.968553,0.844306,0,0.386695,-3.42,0.47798756000000003,6.551080335043404,36,8060.861,5,HARD,79.499,1.202842478650202,1.2555280112044815,2.151673923837233,1.6370166343400974
12,PER,28.0,HARD,HARD,25.0,3.0,80.277,78.17333333333333,44.72222222222223,39.86111111111111,0.18875517598343686,0.0,2.103666666666669,HARD>HARD,4.861111111111121,0.18875517598343686,35.46612943330833,1,26.0,0.3888888888888889,72,8,0.21600000000000819,-0.031999999999996476,0.0,0.07549999999999102,-0.03835714285714363,-0.03835714285714363,0.1062670570533868,-0.014551112848812579,-0.014551112848812579,0.1910000000000025,0.07099999999999795,0,0,1,80.33,-0.16370135521580664,0.031999999999996476,-0.05300000000001148,0.17524999999999125,1.880999999999986,1.5524999999999949,0.02380603000833105,7.0,18.0,32.3,19.1,-0.7000000000000028,0,0,54.0,1.1,0.360248,1.0,1.137509,0,0.18524800000000002,-2.808000000000003,0.37465792,6.331501849893691,29,7516.586,4,HARD,80.33,1.1787978914735389,1.2555280112044815,1.744116773269941,1.6370166343400974
12,PIA,17.0,HARD,HARD,14.0,3.0,77.471,76.31266666666666,55.416666666666664,50.555555555555564,0.0,0.6610480449489738,1.1583333333333456,HARD>HARD,4.8611111111111,-0.6610480449489738,35.202291749545694,1,15.0,0.2361111111111111,72,8,0.11049999999999471,0.023000000000010346,0.0,-0.15050000000000807,0.02850000000000108,0.02850000000000108,-0.01779544460352156,0.03174670857419846,0.03174670857419846,-0.04099999999999682,-0.09449999999999648,0,0,1,77.465,0.028642813147271795,-0.023000000000010346,0.0059999999999860165,-0.12999999999999545,-1.4089999999999918,1.0075000000000003,0.003246708574197378,7.0,3.0,36.3,19.2,0.19999999999999574,0,0,58.6,0.7,0.0,0.0,4.991074,0,0.0,0.7799999999999983,0.0,5.7899601708972535,18,6587.595,4,HARD,77.465,1.1707182643269352,1.2555280112044815,1.4509559571126496,1.6370166343400974
12,PIA,43.0,HARD,SOFT,24.0,6.0,77.52799999999999,75.64233333333334,30.13888888888889,25.277777777777782,0.22150537634408604,0.40907110491460436,1.8856666666666513,HARD>SOFT,4.861111111111107,-0.18756572857051831,34.04195416511483,1,25.0,0.5972222222222222,72,8,0.16599999999999682,0.2120000000000033,0.0,-0.10600000000000875,-0.029041666666667375,-0.029041666666667375,-0.018177854541690408,0.0011896978399850106,0.0011896978399850106,0.2120000000000033,-0.07150000000000745,0,0,1,77.58,0.028000068031758474,-0.2120000000000033,-0.0519999999999925,-0.07325000000000159,-0.2120000000000033,0.6260000000000048,0.030231364506652387,7.0,5.0,32.9,19.1,-0.5,0,0,56.8,1.2,0.270968,0.56129,1.592923,0,0.19999999999999998,-2.1000000000000014,0.270968,6.733401891837359,44,8616.581,5,HARD,77.58,0.9080794837354079,1.2555280112044815,1.3887300924431334,1.6370166343400974
12,RUS,16.0,MEDIUM,HARD,15.0,3.0,77.68966666666667,76.432,56.388888888888886,51.52777777777777,0.012903225806451613,0.0,1.2576666666666654,MEDIUM>HARD,4.861111111111114,0.012903225806451613,35.11672207637501,1,16.0,0.2222222222222222,72,8,0.16049999999999187,0.0350000000000108,0.0,-0.17799999999999727,0.09408928571428708,0.09408928571428708,-0.014526729794582138,0.036638319600141134,0.036638319600141134,-0.13599999999999568,0.057999999999992724,0,1,0,77.656,0.023791495498699078,-0.0350000000000108,0.03366666666666163,-0.20050000000000523,-1.3419999999999987,1.031000000000006,-0.05745096611414595,7.0,4.0,36.1,19.2,1.3000000000000043,0,0,58.6,1.3,0.0,0.554839,2.364235,0,0.0,0.704000000000001,0.0,5.730099782973574,17,6512.608,4,MEDIUM,77.656,0.809620450263099,1.2555280112044815,1.130543035856012,1.6370166343400974
12,RUS,39.0,HARD,HARD,21.0,3.0,77.02733333333333,75.97866666666667,34.02777777777778,29.166666666666668,0.09898095438892403,0.3189141153537438,1.0486666666666622,HARD>HARD,4.861111111111111,-0.2199331609648198,34.16287921639916,1,22.0,0.5416666666666666,72,8,0.08200000000001495,0.4579999999999984,-0.48399999999999466,-0.4709999999999894,0.019791666666669393,0.019791666666669393,-0.27450227524116144,0.04785245066385529,0.04785245066385529,0.6400000000000006,-0.14799999999999613,0,0,1,77.402,0.4230784377565726,-0.4579999999999984,-0.3746666666666698,-0.4197500000000076,-0.262999999999991,0.40800000000000836,0.028060783997185895,7.0,3.0,31.6,19.0,-1.3999999999999986,0,0,55.4,1.8,0.277419,0.812903,1.534466,0,0.251275,-2.9919999999999987,0.24412872000000005,6.630683385642372,40,8297.192,5,HARD,77.402,1.149377142076619,1.2555280112044815,1.6334248674029377,1.6370166343400974
12,SAI,29.0,SOFT,HARD,26.0,3.0,80.10933333333334,79.34966666666666,43.75,38.888888888888886,0.07867494824016563,0.14092709826405478,0.7596666666666749,SOFT>HARD,4.861111111111114,-0.06225215002388915,35.33367943955105,1,27.0,0.4027777777777778,72,8,0.15800000000000125,0.7630000000000052,-0.7630000000000052,-1.0045000000000073,0.10150000000000148,0.10150000000000148,-0.5351120821911479,0.08364067781378726,0.08364067781378726,0.7630000000000052,-0.036999999999999034,1,0,0,80.706,0.8242429826307784,-0.7630000000000052,-0.596666666666664,-0.8661250000000109,2.4039999999999964,1.703000000000003,-0.01785932218621422,7.0,11.0,32.0,19.0,-0.29999999999999716,0,1,55.3,1.2,0.248447,0.732919,1.428542,0,0.248447,-3.24,0.26832276,6.354370040797351,30,7579.364,4,SOFT,80.706,0.8642459934213558,1.2555280112044815,1.897580131377069,1.6370166343400974
12,STR,14.0,SOFT,HARD,11.0,3.0,79.36166666666666,78.77499999999999,58.333333333333336,53.47222222222222,0.10952004219409284,0.0760031175253299,0.5866666666666731,SOFT>HARD,4.861111111111114,0.03351692466876294,35.14808635193259,1,12.0,0.19444444444444445,72,8,0.10799999999999699,0.0,0.0,-0.04949999999999477,-0.007333333333335191,-0.007333333333335191,-0.00038254771595802595,-0.022609367596497572,-0.022609367596497572,-0.40099999999999625,0.03999999999999204,1,0,0,79.291,0.0006583830622020059,0.0,0.07066666666666777,0.03700000000000614,0.23850000000000193,0.5859999999999914,-0.015276034263162382,7.0,14.0,33.7,19.1,-1.1999999999999957,0,0,59.5,0.8,0.0,0.632911,2.189453,0,-0.04375,-0.6239999999999987,0.0,5.627621113690637,15,6381.364,4,SOFT,79.291,0.6539952779005013,1.2555280112044815,1.2795598857012194,1.6370166343400974
12,STR,34.0,HARD,HARD,18.0,3.0,79.83866666666667,78.13866666666667,38.888888888888886,34.02777777777778,0.10524885472474571,0.0,1.7000000000000028,HARD>HARD,4.861111111111107,0.10524885472474571,34.60193549422162,1,19.0,0.4722222222222222,72,8,0.14850000000000563,0.0,0.7700000000000102,-0.024499999999989086,0.050416666666664625,0.050416666666664625,0.29728211905609214,-0.010037166354325094,-0.010037166354325094,-0.7700000000000102,0.08400000000000318,0,0,1,78.91,-0.47458646091659773,0.0,0.9286666666666719,0.265625,0.5704999999999956,0.7974999999999994,-0.06045383302098972,7.0,16.0,31.1,18.8,0.40000000000000213,0,1,56.3,1.8,0.0,0.0,5.419396,0,-0.044025,-2.9639999999999986,0.0,6.525029657843462,35,7987.078,5,HARD,78.91,1.1126528289568898,1.2555280112044815,1.8129052445622547,1.6370166343400974
12,TSU,17.0,SOFT,HARD,14.0,3.0,78.93733333333334,78.27866666666667,55.416666666666664,50.555555555555564,0.0,0.008492569002123142,0.6586666666666758,SOFT>HARD,4.8611111111111,-0.008492569002123142,35.202291749545694,1,15.0,0.2361111111111111,72,8,0.16499999999999915,-0.31400000000000716,0.2670000000000101,0.19700000000000273,0.0537083333333328,0.0537083333333328,0.19208120253505,0.003023156420668884,0.003023156420668884,-0.37000000000000455,0.04099999999999682,1,0,0,78.725,-0.30916597566920245,0.31400000000000716,0.21233333333333348,0.15462500000001,-0.20700000000000784,0.8340000000000032,-0.050685176912663915,7.0,10.0,36.3,19.2,0.19999999999999574,0,0,58.6,0.7,0.0,0.356688,2.842693,0,0.0,0.7799999999999983,0.0,5.811140992976701,18,6611.143,4,SOFT,78.725,0.7190496880063612,1.2555280112044815,1.2384311079824608,1.6370166343400974
12,TSU,42.0,HARD,SOFT,23.0,5.0,77.86233333333332,77.598,31.111111111111114,25.277777777777782,0.0,0.04670912951167728,0.264333333333326,HARD>SOFT,5.833333333333332,-0.04670912951167728,34.063864281905474,1,24.0,0.5833333333333334,72,8,0.062499999999992895,0.06399999999999295,0.0,0.019000000000005457,-0.010904761904762375,-0.010904761904762375,-0.1569305669665937,-0.054913701678831556,-0.054913701678831556,-0.038000000000010914,-0.15449999999999875,0,0,1,77.871,0.24174703995339542,-0.06399999999999295,-0.008666666666670153,-0.001999999999995339,0.19849999999999568,0.7645000000000053,-0.04400893977406918,7.0,9.0,33.4,19.0,0.0,0,0,56.6,2.0,0.0,0.0,7.498282,0,0.0,-1.5360000000000014,0.0,6.725033642166843,43,8591.405,5,HARD,77.871,0.910285995620975,1.2555280112044815,1.3918095355346203,1.6370166343400974
