round,driver,lap,issued_s,label_s,control_selection_s,pair,new_compound,old_age,new_age,raw_step_s,control_step_s,relative_step_s,controls,control_n,placebo_relative_s,pretrend_corrected_s,control_mad_s,pre_traffic,post_traffic,pre_mean_s,post_mean_s,horizon,age,progress,race_laps,n_recent,spread,last_minus_median,median3_minus_last,median8_minus_last,slope,slope_h,kalman_minus_last,kalman_trend,kalman_h,last_delta,field_delta,soft,medium,hard,pace_scale,innovation,median5_minus_last,mean3_minus_last,mean8_minus_last,field_relative,field_spread,trend_change,history_span,position,track_temp_c,air_temp_c,track_temp_change_c,weather_missing,rainfall,humidity_pct,wind_speed_ms,traffic_close,traffic_near,traffic_gap_s,traffic_missing,traffic_change,thermal_age,traffic_age,field_laps_log,target_lap,segment,compound,current_s,stint_pace_loss,stint_relative_loss,anchor_age,anchor_span,anchor_traffic_change,anchor_traffic_missing,mean@0,mean@5,mean@15,ridge_age@0,ridge_age@5,ridge_age@15,ridge_state@0,ridge_state@5,ridge_state@15,ridge_environment@0,ridge_environment@5,ridge_environment@15,huber@0,huber@5,huber@15,forest@0,forest@5,forest@15,extra@0,extra@5,extra@15,ridge_anchor@0,ridge_anchor@5,ridge_anchor@15,forest_anchor@0,forest_anchor@5,forest_anchor@15,extra_anchor@0,extra_anchor@5,extra_anchor@15,selected_s,target_name
4,RUS,19,5514.22,6048.452,6048.452,MEDIUM>HARD,HARD,19,2,0.39000000000000057,0.3226666666666631,0.06733333333333746,"HAM,VER,COL,PIA,NOR",5,,,0.0346666666666664,0.42198566666666665,0.7155956666666666,93.97366666666666,93.58366666666666,1,19.0,0.3333333333333333,57,3,0.06800000000001205,-0.11699999999999022,0.11699999999999022,0.11699999999999022,-0.05849999999999511,-0.05849999999999511,0.0833278306039773,-0.013726925221576973,-0.013726925221576973,-0.18500000000000227,0.04449999999999932,0,1,0,93.873,-0.17405747126437632,0.11699999999999022,0.10066666666665469,0.10066666666665469,-1.3094999999999999,1.3329999999999984,0.04477307477841814,2.0,5.0,38.7,27.9,0.10000000000000142,0,0,68.8,1.3,0.409574,1.0,1.133547,0,-0.106383,2.812000000000002,0.31127624,5.8664680569332965,20,8,MEDIUM,93.873,0.0,0.0,19.0,0.0,0.0,0,1.016153846153848,1.016153846153848,1.016153846153848,0.8658902139327544,0.8658902139327544,0.8658902139327544,0.7377679605325952,0.7377679605325952,0.7377679605325952,0.29780075623775415,0.29780075623775415,0.29780075623775415,0.23618388708196847,0.23618388708196847,0.23618388708196847,1.0049000000000015,1.0049000000000015,1.0049000000000015,1.016153846153847,1.016153846153847,1.016153846153847,0.29865391214360326,0.29865391214360326,0.29865391214360326,1.0049000000000015,1.0049000000000015,1.0049000000000015,1.016153846153847,1.016153846153847,1.016153846153847,1.016153846153848,raw_step_s
4,BOT,20,5640.184,6144.901,6144.901,SOFT>MEDIUM,MEDIUM,14,2,0.41766666666666197,0.1556666666666615,0.26200000000000045,"LIN,PER,ALO,BOR,ALB",5,,,0.3776666666666557,0.20010633333333336,0.4936756666666667,97.175,96.75733333333334,1,14.0,0.3508771929824561,57,5,0.13599999999999568,1.137999999999991,-1.0019999999999953,-1.137999999999991,0.34941666666666416,0.34941666666666416,-0.5511939930543122,0.18469294913754183,0.18469294913754183,1.0019999999999953,0.09300000000000352,1,0,0,97.904,1.0498184229073075,-1.137999999999991,-0.7289999999999992,-1.0297999999999945,2.7989999999999924,1.2430000000000092,-0.16472371752912232,4.0,17.0,37.4,27.8,-1.0,0,0,67.8,1.2,0.357143,0.704082,1.31969,0,0.290133,1.3439999999999992,0.20000008000000002,5.948034989180646,21,8,SOFT,97.904,0.0,0.0,13.0,1.0,0.0,0,1.016153846153848,1.016153846153848,1.016153846153848,1.0131916543047506,1.0131916543047506,1.0131916543047506,1.2192007297129515,1.2192007297129515,1.2192007297129515,0.9490059180438004,0.9490059180438004,0.9490059180438004,0.6401864800615608,0.6401864800615608,0.6401864800615608,1.0049000000000015,1.0049000000000015,1.0049000000000015,1.016153846153847,1.016153846153847,1.016153846153847,0.8287279090935227,0.8287279090935227,0.8287279090935227,1.0049000000000015,1.0049000000000015,1.0049000000000015,1.016153846153847,1.016153846153847,1.016153846153847,1.016153846153848,raw_step_s
4,LEC,20,5605.776,6144.901,6144.901,MEDIUM>HARD,HARD,20,2,0.15333333333332178,0.10000000000000853,0.05333333333331325,"VER,HAM,PIA,ANT,NOR",5,,,0.21133333333334292,0.060502,0.7971303333333334,93.63999999999999,93.48666666666666,1,20.0,0.3508771929824561,57,4,0.0764999999999958,-0.0014999999999929514,0.0,0.0014999999999929514,-0.3711666666666626,-0.3711666666666626,-0.018115622383987784,-0.08951043397592581,-0.08951043397592581,0.14999999999999147,-0.15100000000000335,0,1,0,93.689,0.03457909990021335,0.0014999999999929514,-0.049000000000006594,0.4052499999999952,-1.180499999999995,1.1659999999999897,0.2816562326907368,3.0,3.0,37.4,27.8,-1.3000000000000043,0,0,67.8,1.2,0.058824,0.229947,3.999103,0,-0.0053470000000000045,1.9199999999999988,0.047059199999999995,5.910796644040527,21,8,MEDIUM,93.689,0.0,0.0,19.5,0.5,0.0,0,1.016153846153848,1.016153846153848,1.016153846153848,0.8823530666806341,0.8823530666806341,0.8823530666806341,0.7326633912405804,0.7326633912405804,0.7326633912405804,0.798055607789003,0.798055607789003,0.798055607789003,1.1074034461578528,1.1074034461578528,1.1074034461578528,1.0049000000000015,1.0049000000000015,1.0049000000000015,1.016153846153847,1.016153846153847,1.016153846153847,0.8223245672539207,0.8223245672539207,0.8223245672539207,1.0049000000000015,1.0049000000000015,1.0049000000000015,1.016153846153847,1.016153846153847,1.016153846153847,1.016153846153848,raw_step_s
4,STR,20,5643.321,6144.901,6144.901,MEDIUM>SOFT,SOFT,20,5,0.6533333333333502,0.1556666666666615,0.4976666666666887,"LIN,PER,ALO,BOR,ALB",5,,,0.3776666666666557,0.06710966666666666,0.3346186666666666,96.80400000000002,96.15066666666667,1,20.0,0.3508771929824561,57,5,0.17100000000000648,0.0,0.0,0.0,0.0859999999999997,0.0859999999999997,-0.027606396190037685,0.06031302069764143,0.06031302069764143,-0.17100000000000648,0.08599999999999852,0,1,0,96.851,0.05257986058552433,0.0,-0.04699999999998283,-0.09959999999999525,1.7459999999999951,1.2430000000000092,-0.02568697930235827,4.0,18.0,37.4,27.8,-1.0,0,0,67.8,1.2,0.056995,0.367876,3.263742,0,-0.0148,1.9199999999999988,0.045596,5.950642552587727,21,8,MEDIUM,96.851,0.0,0.0,19.0,1.0,0.0,0,1.016153846153848,1.016153846153848,1.016153846153848,0.7495563767980888,0.7495563767980888,0.7495563767980888,0.8110793483837968,0.8110793483837968,0.8110793483837968,0.72351938002173,0.72351938002173,0.72351938002173,0.934783378523502,0.934783378523502,0.934783378523502,1.0049000000000015,1.0049000000000015,1.0049000000000015,1.016153846153847,1.016153846153847,1.016153846153847,0.6792237342557407,0.6792237342557407,0.6792237342557407,1.0049000000000015,1.0049000000000015,1.0049000000000015,1.016153846153847,1.016153846153847,1.016153846153847,1.016153846153848,raw_step_s
4,ANT,25,6066.067,6633.448,6633.448,MEDIUM>HARD,HARD,25,2,0.46966666666665446,-0.12400000000000944,0.5936666666666639,"VER,COL,LEC,RUS,BOR",5,0.14533333333334042,0.4483333333333235,0.6546666666666425,0.11827966666666667,0.44989799999999996,92.95466666666665,92.485,1,25.0,0.43859649122807015,57,8,0.15699999999999648,0.07399999999999807,-0.07399999999999807,-0.028499999999993975,-0.05112499999999862,-0.05112499999999862,-0.15726387852964763,-0.036761018238614454,-0.036761018238614454,0.26599999999999113,0.20299999999999585,0,1,0,93.068,0.27065871681475073,-0.07399999999999807,-0.11333333333334394,-0.018999999999991246,-1.7420000000000044,1.1304999999999978,0.014363981761384169,7.0,2.0,37.0,27.5,0.0,0,0,68.8,0.6,0.155914,0.543011,2.299924,0,0.043010999999999994,2.0,0.155914,6.126869184114185,26,8,MEDIUM,93.068,-0.21366666666668266,0.1510000000000009,20.0,5.0,0.044927666666666685,0,1.016153846153848,0.9117948717948734,0.9770192307692325,0.9909317952499676,0.9116167595945086,0.9611886568791704,0.7780785073814876,0.7201171806260552,0.7563430098482005,0.7146524434905748,0.7300189841176159,0.7204148962257152,0.773871272233708,0.79950729105338,0.783484779291085,1.0049000000000015,0.902416666666668,0.9664687500000014,1.016153846153847,0.9117948717948726,0.9770192307692317,0.7038157732162369,0.7190401211923031,0.7095249037072617,1.0049000000000015,0.902416666666668,0.9664687500000014,1.016153846153847,0.9117948717948726,0.9770192307692317,0.9770192307692325,raw_step_s
4,BEA,25,6098.175,6633.448,6633.448,MEDIUM>HARD,HARD,25,2,1.6683333333333366,0.4106666666666712,1.2576666666666654,"OCO,BOR,ALO,STR,RUS",5,-0.5790000000000219,1.8366666666666873,0.15000000000000568,0.3112263333333333,0.4840423333333333,95.55033333333334,93.882,1,25.0,0.43859649122807015,57,8,0.08050000000000068,-0.09199999999999875,0.09199999999999875,0.09099999999999397,-0.01258333333333302,-0.01258333333333302,0.34048268390850467,0.019268076860537504,0.019268076860537504,-0.09199999999999875,0.2389999999999901,0,1,0,95.015,-0.5859871140526707,0.09199999999999875,0.535333333333341,0.2688749999999942,0.009500000000002728,1.116500000000002,0.03185141019387053,7.0,11.0,37.4,27.5,0.3999999999999986,0,0,68.7,1.7,0.2,0.752632,1.761029,0,0.0,2.3999999999999986,0.2,6.1463292576688975,26,8,MEDIUM,95.015,0.3926666666666705,0.7116666666666683,20.0,5.0,-0.407043,0,1.016153846153848,0.9117948717948734,0.9770192307692325,0.9909317952499676,0.9116167595945086,0.9611886568791704,0.8288634390142835,0.7709021122588511,0.8071279414809963,0.6584532856220124,0.6738198262490536,0.6642157383571529,0.9112788058205958,0.9369148246402679,0.9208923128779728,1.0049000000000015,0.902416666666668,0.9664687500000014,1.016153846153847,0.9117948717948726,0.9770192307692317,0.9086557665548542,0.9238801145309204,0.9143648970458791,1.0049000000000015,0.902416666666668,0.9664687500000014,1.016153846153847,0.9117948717948726,0.9770192307692317,0.9770192307692325,raw_step_s
4,ALB,26,6191.349,6742.227,6742.227,MEDIUM>HARD,HARD,26,2,1.4959999999999951,0.2503333333333444,1.2456666666666507,"BOR,STR,ALO,RUS,LEC",5,-0.19333333333334224,1.438999999999993,0.22500000000000853,0.287957,0.3636743333333334,95.32799999999999,93.832,1,26.0,0.45614035087719296,57,8,0.11999999999999744,-0.13299999999999557,0.15500000000000114,0.07399999999999807,0.014000000000000767,0.014000000000000767,0.19495167432378935,0.0007956030975121535,0.0007956030975121535,-0.15500000000000114,0.005000000000009663,0,1,0,94.964,-0.3264663434971453,0.13299999999999557,0.3639999999999901,0.1548750000000041,-0.03700000000000614,1.036999999999992,-0.013204396902488614,7.0,10.0,37.5,27.6,0.10000000000000142,0,0,68.5,0.9,0.063158,0.394737,3.040145,0,-0.305263,2.6,0.06568432,6.182084906716632,27,8,MEDIUM,94.964,0.3046666666666624,0.3671666666666624,20.0,6.0,0.16007966666666668,0,1.016153846153848,0.743900284900286,0.8871916329284766,1.0126475409638342,0.8019077655879572,0.9128234368384188,1.0281334712020507,0.8185359049202074,0.9288504134895986,0.6860938566686181,0.55786626458429,0.6253544709444627,0.18847931292264675,0.04356555086803013,0.1198359519494073,1.0049000000000015,0.7376481481481492,0.8783070175438609,1.016153846153847,0.7439002849002856,0.8871916329284758,0.7131924288743003,0.6004594522728056,0.6597925978525396,1.0049000000000015,0.7376481481481492,0.8783070175438609,1.016153846153847,0.7439002849002856,0.8871916329284758,0.8871916329284766,raw_step_s
4,HAM,26,6175.193,6742.227,6742.227,MEDIUM>HARD,HARD,26,2,1.6596666666666522,0.025333333333335872,1.6343333333333163,"VER,LEC,BOR,RUS,ALO",5,-0.1530000000000058,1.7873333333333221,0.22500000000000853,0.09692066666666665,0.06297566666666667,94.41033333333333,92.75066666666667,1,26.0,0.45614035087719296,57,8,0.0799999999999983,0.8169999999999931,-0.7939999999999969,-0.805499999999995,0.017666666666665755,0.017666666666665755,-0.5313108579954644,0.05665034052175901,0.05665034052175901,0.7939999999999969,-0.09199999999999875,0,1,0,94.984,0.8897338977557041,-0.8169999999999931,-0.5736666666666679,-0.7637500000000017,-0.03100000000000591,0.9440000000000026,0.03898367385509326,7.0,5.0,36.8,27.6,-0.6000000000000014,0,0,67.9,0.9,0.168421,0.342105,3.574256,0,0.10459099999999999,1.871999999999997,0.17515784,6.171700597410915,27,8,MEDIUM,94.984,0.264333333333326,0.4909999999999949,20.0,6.0,-0.2054826666666667,0,1.016153846153848,0.743900284900286,0.8871916329284766,1.0126475409638342,0.8019077655879572,0.9128234368384188,1.3105123804036485,1.1009148141218053,1.2112293226911963,1.1689274591114254,1.0406998670270973,1.10818807338727,1.4874790033706153,1.3425652413159987,1.4188356423973758,1.0049000000000015,0.7376481481481492,0.8783070175438609,1.016153846153847,0.7439002849002856,0.8871916329284758,1.305986525778991,1.1932535491774963,1.2525866947572304,1.0049000000000015,0.7376481481481492,0.8783070175438609,1.016153846153847,0.7439002849002856,0.8871916329284758,0.8871916329284766,raw_step_s
4,NOR,26,6156.959,6742.227,6742.227,MEDIUM>HARD,HARD,26,2,0.5896666666666732,0.025333333333335872,0.5643333333333374,"LEC,VER,RUS,BOR,ALO",5,0.15333333333332178,0.4110000000000156,0.22500000000000853,0.066059,0.543914,93.17866666666667,92.589,1,26.0,0.45614035087719296,57,8,0.047999999999994714,-0.034000000000006025,0.034000000000006025,0.016999999999995907,0.01975000000000122,0.01975000000000122,0.10382990417960514,0.016798908699679975,0.016798908699679975,-0.32500000000000284,0.01950000000000074,0,1,0,93.059,-0.17387370116593104,0.034000000000006025,0.11966666666667436,0.03650000000000375,-1.9490000000000123,0.9714999999999918,-0.0029510913003212465,7.0,1.0,36.8,27.6,-0.20000000000000284,0,0,67.9,0.9,0.064171,0.128342,12.596092,0,0.005031000000000008,1.871999999999997,0.06673784,6.163314804034641,27,8,MEDIUM,93.059,0.15133333333334065,0.3803333333333303,20.0,6.0,-0.0038333333333333275,0,1.016153846153848,0.743900284900286,0.8871916329284766,1.0126475409638342,0.8019077655879572,0.9128234368384188,1.0015223380841076,0.7919247718022644,0.9022392803716556,0.9787017322444018,0.8504741401600737,0.9179623465202464,1.197627993963943,1.0527142319093263,1.1289846329907034,1.0049000000000015,0.7376481481481492,0.8783070175438609,1.016153846153847,0.7439002849002856,0.8871916329284758,1.039170224920019,0.9264372483185243,0.9857703938982583,1.0049000000000015,0.7376481481481492,0.8783070175438609,1.016153846153847,0.7439002849002856,0.8871916329284758,0.8871916329284766,raw_step_s
4,LIN,27,6303.374,6841.97,6841.97,MEDIUM>HARD,HARD,27,2,1.7773333333333312,-0.03300000000000125,1.8103333333333325,"STR,ALO,VER,LEC,RUS",5,0.061666666666667425,1.748666666666665,0.18533333333333246,0.06251,0.12222766666666668,95.981,94.20366666666666,1,27.0,0.47368421052631576,57,8,0.08949999999999392,0.17899999999998784,-0.031999999999996476,-0.08749999999999147,-0.030250000000000554,-0.030250000000000554,-0.17291946910741274,-0.03453030160786201,-0.03453030160786201,0.23499999999999943,-0.1869999999999976,0,1,0,96.07,0.283202952700492,-0.17899999999998784,-0.08899999999999864,-0.08012499999999534,0.8179999999999978,1.0100000000000051,-0.004280301607861456,7.0,13.0,37.3,27.7,-0.20000000000000284,0,0,67.4,2.4,0.067708,0.125,6.676921,0,0.00488100000000001,2.483999999999997,0.07312464,6.22455842927536,28,9,MEDIUM,96.07,-0.4519999999999982,-0.5243333333333359,20.0,7.0,-0.40624,0,1.016153846153848,0.743900284900286,0.8871916329284766,1.034363286677701,0.823623511301824,0.9345391825522856,1.2473692434473045,1.0377716771654613,1.1480861857348523,1.211984347987909,1.083756755903581,1.1512449622637537,1.595121464718615,1.4502077026639983,1.5264781037453754,1.0049000000000015,0.7376481481481492,0.8783070175438609,1.016153846153847,0.7439002849002856,0.8871916329284758,1.227476175089042,1.114743198487547,1.1740763440672812,1.0049000000000015,0.7376481481481492,0.8783070175438609,1.016153846153847,0.7439002849002856,0.8871916329284758,0.8871916329284766,raw_step_s
4,PIA,27,6264.02,6841.97,6841.97,MEDIUM>HARD,HARD,27,2,1.928666666666686,-0.03300000000000125,1.9616666666666873,"VER,LEC,RUS,STR,ALO",5,-0.7646666666666846,2.726333333333372,0.18533333333333246,0.065379,0.36810600000000004,94.19066666666667,92.26199999999999,1,27.0,0.47368421052631576,57,8,0.2154999999999987,0.0,0.12099999999999511,-0.09799999999999898,0.07425000000000044,0.07425000000000044,0.0921692801063756,0.03105832499024664,0.03105832499024664,-0.12099999999999511,-0.12099999999999511,0,1,0,93.95,-0.15095241969652307,0.0,0.24066666666666947,-0.08325000000000671,-1.0339999999999918,1.0400000000000063,-0.0431916750097538,7.0,2.0,37.3,27.7,0.5,0,0,67.4,2.4,0.069149,0.132979,11.872433,0,0.005319000000000004,2.483999999999997,0.07468092,6.202535517187923,28,8,MEDIUM,93.95,0.612000000000009,0.7279999999999991,20.0,7.0,-0.6873900000000002,0,1.016153846153848,0.743900284900286,0.8871916329284766,1.034363286677701,0.823623511301824,0.9345391825522856,1.1621668242345993,0.952569257952756,1.062883766522147,1.1662089382787224,1.0379813461943943,1.105469552554567,1.6113793676195127,1.4664656055648961,1.5427360066462732,1.0049000000000015,0.7376481481481492,0.8783070175438609,1.016153846153847,0.7439002849002856,0.8871916329284758,1.5295144009802732,1.4167814243787784,1.4761145699585125,1.0049000000000015,0.7376481481481492,0.8783070175438609,1.016153846153847,0.7439002849002856,0.8871916329284758,0.8871916329284766,raw_step_s
4,SAI,27,6283.199,6841.97,6841.97,MEDIUM>HARD,HARD,27,2,2.0670000000000073,-0.03300000000000125,2.1000000000000085,"STR,ALO,VER,LEC,RUS",5,-0.7833333333333314,2.88333333333334,0.18533333333333246,0.2334423333333333,0.156543,95.425,93.35799999999999,1,27.0,0.47368421052631576,57,8,0.18350000000000222,0.0,0.4549999999999983,-0.021000000000000796,0.04909999999999855,0.04909999999999855,0.3629062757046597,0.03946902385350173,0.03946902385350173,-1.293999999999997,-0.20550000000000068,0,1,0,94.842,-0.5943583412765037,0.0,0.5829999999999984,0.1478749999999991,-0.09550000000000125,1.036999999999999,-0.009630976146496821,7.0,9.0,37.3,27.7,-0.20000000000000284,0,0,67.4,2.4,0.2,0.752632,1.331684,0,-0.2375,2.483999999999997,0.21600000000000003,6.2166061010848646,28,8,MEDIUM,94.842,0.578000000000003,0.6093333333333296,20.0,7.0,0.152555,0,1.016153846153848,0.743900284900286,0.8871916329284766,1.034363286677701,0.823623511301824,0.9345391825522856,1.2335409399724904,1.0239433736906471,1.1342578822600382,0.7869947249955712,0.6587671329112431,0.7262553392714158,0.9138190415552995,0.7689052795006829,0.84517568058206,1.0049000000000015,0.7376481481481492,0.8783070175438609,1.016153846153847,0.7439002849002856,0.8871916329284758,0.9067008393536443,0.7939678627521496,0.8533010083318836,1.0049000000000015,0.7376481481481492,0.8783070175438609,1.016153846153847,0.7439002849002856,0.8871916329284758,0.8871916329284766,raw_step_s
4,PER,28,6408.265,6939.657,6939.657,MEDIUM>HARD,HARD,28,2,1.4323333333333466,0.15466666666667095,1.2776666666666756,"STR,ALO,VER,RUS,LEC",5,-0.17666666666667652,1.4543333333333521,0.3613333333333344,0.07427633333333333,0.06305699999999999,96.52733333333333,95.09499999999998,1,28.0,0.49122807017543857,57,8,0.16949999999999932,0.5339999999999918,-0.5339999999999918,-0.46649999999999636,0.04875000000000185,0.04875000000000185,-0.31506440798739277,0.021740939706185517,0.021740939706185517,0.5339999999999918,-0.09949999999999903,0,1,0,96.919,0.5004758175863628,-0.5339999999999918,-0.3916666666666657,-0.4116250000000008,2.2369999999999948,1.2624999999999957,-0.02700906029381633,7.0,15.0,37.8,27.8,0.3999999999999986,0,0,66.9,2.1,0.07732,0.123711,5.742775,0,-0.0060130000000000045,3.135999999999997,0.08659839999999999,6.263398262591624,29,8,MEDIUM,96.919,0.04033333333332223,0.12333333333333485,19.0,9.0,0.003464333333333333,0,1.016153846153848,0.743900284900286,0.8871916329284766,1.0560790323915676,0.8453392570156906,0.9562549282661522,1.3107517369241495,1.1011541706423063,1.2114686792116973,1.2163655643696192,1.088137972285291,1.1556261786454638,1.3686497969919083,1.2237360349372917,1.3000064360186687,1.0049000000000015,0.7376481481481492,0.8783070175438609,1.016153846153847,0.7439002849002856,0.8871916329284758,1.2241910876582276,1.1114581110567328,1.1707912566364669,1.0049000000000015,0.7376481481481492,0.8783070175438609,1.016153846153847,0.7439002849002856,0.8871916329284758,0.8871916329284766,raw_step_s
4,COL,30,6556.866,7134.628,7134.628,MEDIUM>HARD,HARD,30,2,1.213000000000008,-0.24066666666665526,1.4536666666666633,"BEA,VER,STR,RUS,ALO",5,-0.028333333333350197,1.4820000000000135,0.5410000000000394,0.06903633333333335,0.07168433333333334,94.302,93.089,1,30.0,0.5263157894736842,57,8,0.07900000000000063,-0.08300000000001262,0.13100000000000023,0.028000000000005798,0.02507142857142851,0.02507142857142851,-0.0028084976690365693,-0.023961694361626644,-0.023961694361626644,-0.13100000000000023,-0.08599999999999852,0,1,0,94.192,0.0044180532585045285,0.08300000000001262,0.11000000000001364,0.010625000000004547,0.07549999999999102,1.3699999999999974,-0.04903312293305515,7.0,4.0,38.8,27.9,0.7999999999999972,0,0,66.4,0.0,0.069149,0.12234,5.845702,0,0.005656999999999995,4.559999999999997,0.0829788,6.309918278226516,31,8,MEDIUM,94.192,-0.3856666666666513,0.14350000000000307,20.0,10.0,-0.16090899999999997,0,1.016153846153848,0.743900284900286,0.8871916329284766,1.099510523819301,0.888770748443424,0.9996864196938856,1.1594573640774062,0.949859797795563,1.060174306364954,1.147413203245157,1.0191856111608288,1.0866738175210016,1.5390138448152753,1.3941000827606587,1.4703704838420357,1.0049000000000015,0.7376481481481492,0.8783070175438609,1.016153846153847,0.7439002849002856,0.8871916329284758,1.207475936773482,1.0947429601719871,1.1540761057517213,1.0049000000000015,0.7376481481481492,0.8783070175438609,1.016153846153847,0.7439002849002856,0.8871916329284758,0.8871916329284766,raw_step_s
4,OCO,30,6576.641,7134.628,7134.628,MEDIUM>HARD,HARD,30,2,1.5846666666666493,-0.24066666666665526,1.8253333333333046,"STR,ALO,BEA,VER,RUS",5,-0.13266666666665117,1.9579999999999558,0.5410000000000394,0.13088999999999998,0.06560300000000001,95.46233333333333,93.87766666666668,1,30.0,0.5263157894736842,57,8,0.09949999999999903,-0.07500000000000284,0.07500000000000284,0.0049999999999954525,0.05699999999999607,0.05699999999999607,0.056398123170239955,0.021874615535098358,0.021874615535098358,-0.13299999999999557,-0.12100000000000932,0,1,0,95.393,-0.08871999951887233,0.07500000000000284,0.0693333333333328,-0.08250000000001023,1.3319999999999936,1.3319999999999936,-0.03512538446489771,7.0,9.0,38.8,27.9,0.7999999999999972,0,0,66.4,0.0,0.068063,0.13089,6.857833,0,-0.0052350000000000035,4.559999999999997,0.0816756,6.318968113746434,31,8,MEDIUM,95.393,0.3646666666666647,0.784499999999999,20.0,10.0,-0.17203133333333334,0,1.016153846153848,0.743900284900286,0.8871916329284766,1.099510523819301,0.888770748443424,0.9996864196938856,1.256542379137798,1.0469448128559549,1.157259321425346,1.2081572880776734,1.0799296959933453,1.147417902353518,1.561066151623822,1.4161523895692054,1.4924227906505825,1.0049000000000015,0.7376481481481492,0.8783070175438609,1.016153846153847,0.7439002849002856,0.8871916329284758,1.4199802999197404,1.3072473233182456,1.3665804688979797,1.0049000000000015,0.7376481481481492,0.8783070175438609,1.016153846153847,0.7439002849002856,0.8871916329284758,0.8871916329284766,raw_step_s
4,BOR,31,6676.028,7233.29,7233.29,MEDIUM>HARD,HARD,31,2,1.4006666666666518,-0.26233333333334485,1.6629999999999967,"STR,BEA,ALO,ALB,LEC",5,-0.3653333333333393,2.028333333333336,0.269999999999996,0.070056,0.06939533333333334,95.08433333333333,93.68366666666668,1,31.0,0.543859649122807,57,8,0.02750000000000341,0.17799999999999727,-0.17799999999999727,-0.19199999999999307,0.015999999999998238,0.015999999999998238,-0.20419716768363116,-0.02114497553486403,-0.02114497553486403,0.17799999999999727,-0.09099999999999397,0,1,0,95.204,0.3174137806913535,-0.17799999999999727,-0.11966666666666015,-0.1557499999999976,1.4199999999999875,0.9200000000000017,-0.03714497553486227,7.0,9.0,38.9,28.0,0.10000000000000142,0,0,66.6,1.7,0.068063,0.282723,3.742947,0,-0.0003579999999999972,4.835999999999998,0.08439812,6.35088571671474,32,8,MEDIUM,95.204,-0.7240000000000038,0.26783333333331905,19.0,12.0,-0.41789133333333334,0,1.016153846153848,0.8030093240093241,0.9045067155067165,1.1297247989531023,0.9714955654182988,1.046842819482491,1.3329529915813096,1.2097420785874577,1.2684139419178635,1.212267308099832,1.1768896664751458,1.1937361624869012,1.2662722379237028,1.1888746073286245,1.2257306218977093,1.0049000000000015,0.7978939393939394,0.8964682539682547,1.016153846153847,0.8030093240093237,0.9045067155067158,1.330593009031815,1.2861322518332192,1.3073040409754078,1.0049000000000015,0.7978939393939394,0.8964682539682547,1.016153846153847,0.8030093240093237,0.9045067155067158,0.9045067155067165,raw_step_s
4,STR,36,7199.423,7726.412,7726.412,SOFT>SOFT,SOFT,18,2,1.7220000000000084,-0.14400000000000546,1.8660000000000139,"BOT,LIN,BEA,OCO,ALB",5,-1.2309999999999945,3.0970000000000084,0.2463333333333253,0.09422900000000001,0.063158,96.79333333333334,95.07133333333333,1,18.0,0.631578947368421,57,8,0.2184999999999988,0.16899999999999693,0.0,-0.33100000000000307,0.08575000000000146,0.08575000000000146,-0.15405911461340338,0.005109976519886022,0.005109976519886022,-2.4950000000000045,-0.09350000000001302,1,0,0,96.018,0.2716071869875094,-0.16899999999999693,0.7753333333333359,-0.03125,2.2480000000000047,0.5024999999999977,-0.08064002348011544,7.0,17.0,39.2,27.9,0.10000000000000142,0,0,67.7,0.0,0.0625,0.302083,3.343526,0,-0.09486,3.0240000000000022,0.045,6.511745329644728,37,9,SOFT,96.018,0.8723333333333443,1.954666666666668,8.0,10.0,0.03172900000000001,0,1.016153846153848,1.1290717948717957,1.0914324786324798,0.784362436954753,0.9149463970295398,0.8714184103379442,1.0520153252018707,1.1361661558477418,1.1081158789657848,0.8846881664517934,1.0741047744759284,1.01096590513455,1.1469881449607522,1.2187043159210447,1.1947989256009472,1.0049000000000015,1.126258333333334,1.0858055555555566,1.016153846153847,1.1290717948717954,1.0914324786324794,1.1852308633936235,1.3195097176336774,1.2747500995536594,1.0049000000000015,1.126258333333334,1.0858055555555566,1.016153846153847,1.1290717948717954,1.0914324786324794,1.0914324786324798,raw_step_s
4,ALO,40,7567.875,8122.711,8122.711,MEDIUM>SOFT,SOFT,40,2,2.441666666666663,-0.19133333333331848,2.6329999999999814,"PER,LIN,ALB,OCO,BEA",5,-0.4410000000000025,3.073999999999984,0.08133333333333326,0.15074566666666667,0.460286,96.99366666666667,94.552,1,40.0,0.7017543859649122,57,8,0.15699999999999648,1.1589999999999918,-0.8469999999999942,-1.1664999999999992,0.12657142857142828,0.12657142857142828,-0.7445714076873458,0.08714186288966748,0.08714186288966748,1.3229999999999933,0.0799999999999983,0,1,0,97.717,1.1468188760862859,-1.1589999999999918,-0.7233333333333292,-1.1063749999999999,3.7055000000000007,0.7519999999999953,-0.0394295656817608,7.0,15.0,39.4,28.0,0.19999999999999574,0,0,67.7,0.8,0.328205,0.65641,1.262288,0,0.266029,7.039999999999997,0.525128,6.610696044717759,41,8,MEDIUM,97.717,0.32833333333334735,1.4145000000000039,19.0,21.0,-0.5434300000000001,0,1.016153846153848,1.1420048840048842,1.101407775020679,1.268856585274768,1.406124255237115,1.361844361700874,1.7624031255847368,1.8457712345372495,1.8188782961654713,1.296780460044629,1.486148627618416,1.4250621219494524,1.7485254730542499,1.8232263229565735,1.7991292746009853,1.0049000000000015,1.139325396825397,1.0959623655913984,1.016153846153847,1.142004884004884,1.1014077750206785,1.811248720268749,1.9424701841942686,1.9001406797021656,1.0049000000000015,1.139325396825397,1.0959623655913984,1.016153846153847,1.142004884004884,1.1014077750206785,1.101407775020679,raw_step_s
6,OCO,8,3976.972,4422.136,4422.136,MEDIUM>HARD,HARD,8,2,1.8826666666666512,0.48033333333333417,1.402333333333317,"COL,LIN,STR,ALO,SAI",5,,,0.31799999999999784,,,79.53699999999999,77.65433333333334,1,8.0,0.10256410256410256,78,7,0.3849999999999909,-0.2599999999999909,0.2599999999999909,0.3849999999999909,-0.33500000000000324,-0.33500000000000324,0.031047387676707672,-0.19672922315771085,-0.19672922315771085,-0.3849999999999909,-0.2049999999999983,0,1,0,79.322,-0.05698959361478728,0.2599999999999909,0.2149999999999892,0.7555714285714288,0.4609999999999985,0.9200000000000017,0.1382707768422924,6.0,15.0,43.8,24.1,0.0,0,0,58.7,1.2,0.0,0.0,20.0,1,0.0,2.815999999999999,0.0,5.099866427824199,9,1,MEDIUM,79.322,-0.21766666666667334,0.1508333333333383,5.0,3.0,-0.40471133333333337,1,1.1701612903225813,1.1701612903225813,1.1701612903225813,0.6133274430298992,0.6133274430298992,0.6133274430298992,-0.1905327288133476,-0.1905327288133476,-0.1905327288133476,0.3155761778427837,0.3155761778427837,0.3155761778427837,-0.9874025898421419,-0.9874025898421419,-0.9874025898421419,1.1723439516129042,1.1723439516129042,1.1723439516129042,0.9696857404350974,0.9696857404350974,0.9696857404350974,0.6112126848703336,0.6112126848703336,0.6112126848703336,1.1723439516129042,1.1723439516129042,1.1723439516129042,0.9218063544734525,0.9218063544734525,0.9218063544734525,1.1701612903225813,raw_step_s
6,HUL,11,4212.078,4668.054,4668.054,MEDIUM>HARD,HARD,11,2,2.879333333333335,0.1353333333333353,2.7439999999999998,"LIN,COL,SAI,STR,ALO",5,-0.3236666666666679,3.0676666666666677,0.529666666666671,,,79.279,76.39966666666666,1,11.0,0.14102564102564102,78,8,0.32150000000000034,-0.659000000000006,0.659000000000006,1.015500000000003,-0.13063333333333277,-0.13063333333333277,0.36007868339912363,-0.15815178757375717,-0.15815178757375717,-1.0360000000000014,0.3639999999999901,0,1,0,78.714,-0.6029882613130724,0.659000000000006,0.5649999999999977,0.8739999999999952,0.13599999999999568,1.0480000000000018,-0.0275184542404244,7.0,12.0,43.6,24.1,-0.29999999999999716,0,0,57.0,1.0,0.0,0.0,20.0,1,0.0,3.7840000000000007,0.0,5.4116460518550396,12,1,MEDIUM,78.714,-0.6890000000000072,0.2406666666666647,5.0,6.0,-0.6541666666666667,1,1.1701612903225813,1.1701612903225813,1.1701612903225813,0.6754307389827124,0.6754307389827124,0.6754307389827124,-0.4551957914063247,-0.4551957914063247,-0.4551957914063247,-0.0167089269474765,-0.0167089269474765,-0.0167089269474765,-1.723198920446025,-1.723198920446025,-1.723198920446025,1.1723439516129042,1.1723439516129042,1.1723439516129042,0.8720051084515555,0.8720051084515555,0.8720051084515555,0.3072459096818755,0.3072459096818755,0.3072459096818755,1.1723439516129042,1.1723439516129042,1.1723439516129042,0.8898629742250408,0.8898629742250408,0.8898629742250408,1.1701612903225813,raw_step_s
6,HAM,27,5412.943,5920.031,5920.031,MEDIUM>HARD,HARD,27,2,1.061333333333323,0.12000000000000455,0.9413333333333185,"PIA,GAS,NOR,BOR,ANT",5,-0.4746666666666641,1.4159999999999826,0.14699999999999136,,,77.98233333333333,76.921,1,27.0,0.34615384615384615,78,8,0.36950000000000216,0.44199999999999307,-0.23699999999999477,-0.6680000000000064,0.1695000000000011,0.1695000000000011,-0.24297490284742196,0.0995307924757382,0.0995307924757382,0.23699999999999477,0.05649999999999977,0,1,0,78.225,0.3742307002939782,-0.44199999999999307,-0.2426666666666648,-0.6557499999999976,-0.6020000000000039,0.30049999999999955,-0.06996920752426289,7.0,2.0,43.7,24.2,0.0,0,0,59.5,1.5,0.0,0.0,20.0,1,0.0,9.396000000000004,0.0,6.282266746896006,28,1,MEDIUM,78.225,1.036999999999992,1.9788333333333314,5.0,22.0,-0.011178333333333334,1,1.1701612903225813,1.5161152073732704,1.3126129032258063,1.2601831896558533,1.7563605922254784,1.4644915318904048,1.0722835032080453,1.7970262739909022,1.37070699705981,1.3279971827299004,1.96558757545914,1.5905344032654698,0.21669769691042962,1.0552790192688286,0.5619958884697704,1.1723439516129042,1.5176742511520724,1.3145387808349147,1.2728099541001592,1.6899969756877782,1.44459284534212,1.8725690828185917,2.4216464264539885,2.0986597537272846,1.1723439516129042,1.5176742511520724,1.3145387808349147,1.3905078606765493,1.8119836708624768,1.5640567236942842,1.3126129032258063,raw_step_s
6,RUS,30,5680.957,6156.414,6156.414,MEDIUM>HARD,HARD,30,2,1.8996666666666613,-1.329666666666668,3.2293333333333294,"BOR,OCO,PER,PIA,LAW",5,0.6713333333333509,2.5579999999999785,0.2540000000000049,,,78.74433333333333,76.84466666666667,1,30.0,0.38461538461538464,78,8,0.11049999999999471,-0.012000000000000455,0.0,0.09149999999999636,-0.046214285714284084,-0.046214285714284084,0.17877386869416512,-0.0010341313039962125,-0.0010341313039962125,0.0379999999999967,0.0379999999999967,0,1,0,78.753,-0.27534381930873053,0.012000000000000455,-0.008666666666670153,0.20800000000001262,-0.11899999999999977,0.3790000000000049,0.04518015441028787,7.0,5.0,43.5,24.4,-0.20000000000000284,0,0,59.6,1.5,0.0,0.0,20.0,1,0.0,10.2,0.0,6.398594934535208,31,1,MEDIUM,78.753,1.093666666666664,2.1556666666666757,5.0,25.0,-0.020339333333333334,1,1.1701612903225813,1.5161152073732704,1.3126129032258063,1.3893396681432868,1.8855170707129116,1.5936480103778383,0.952613928988546,1.6773566997714031,1.2510374228403107,1.2133036377959125,1.8508940305251524,1.475840858331482,-0.02155201491649894,0.8170293074419,0.32374617664284183,1.1723439516129042,1.5176742511520724,1.3145387808349147,1.2343662534497102,1.6515532750373292,1.406149144691671,1.9360324283397552,2.485109771975152,2.162123099248448,1.1723439516129042,1.5176742511520724,1.3145387808349147,1.3564863993374285,1.777962209523356,1.5300352623551634,1.3126129032258063,raw_step_s
6,HAD,31,5759.168,6236.085,6236.085,MEDIUM>HARD,HARD,31,2,0.6216666666666697,-0.45400000000000773,1.0756666666666774,"LAW,OCO,STR,BOR,PIA",5,0.452666666666687,0.6229999999999905,0.4823333333333295,,,78.78366666666666,78.16199999999999,1,31.0,0.3974358974358974,78,8,0.09550000000000125,-0.10299999999999443,0.10299999999999443,0.12399999999999523,-0.04024999999999821,-0.04024999999999821,0.146512691750047,-0.013684442007421378,-0.013684442007421378,-0.10299999999999443,-0.021000000000000796,0,1,0,78.715,-0.2256557832431838,0.10299999999999443,0.06866666666665822,0.1980000000000075,0.0,0.33199999999999363,0.026565557992576833,7.0,4.0,43.7,24.3,0.20000000000000284,0,0,59.7,0.7,0.0,0.0,20.0,1,0.0,10.788000000000004,0.0,6.428105272684596,32,1,MEDIUM,78.715,1.2639999999999958,2.3410000000000033,5.0,26.0,-0.027925666666666668,1,1.1701612903225813,1.5161152073732704,1.3126129032258063,1.4388792970720719,1.935056699641697,1.6431876393066234,1.0735495079899613,1.7982922787728182,1.371973001841726,1.3742067464100278,2.0117971391392677,1.6367439669455972,0.15146556562889124,0.9900468879872902,0.496763757188232,1.1723439516129042,1.5176742511520724,1.3145387808349147,1.2408733547627484,1.6580603763503674,1.4126562460047092,2.140429238785771,2.6895065824211675,2.3665199096944636,1.1723439516129042,1.5176742511520724,1.3145387808349147,1.3690922256456228,1.7905680358315503,1.5426410886633577,1.3126129032258063,raw_step_s
6,COL,34,6032.634,6478.295,6478.295,MEDIUM>HARD,HARD,34,2,2.221333333333348,-1.046999999999997,3.268333333333345,"LIN,SAI,LAW,HUL,PER",5,-0.5980000000000132,3.8663333333333583,0.7763333333333406,,,80.33033333333334,78.109,1,34.0,0.4358974358974359,78,8,0.3509999999999991,1.9849999999999994,-1.9849999999999994,-2.094999999999999,0.20346666666666663,0.20346666666666663,-1.4307127858547801,0.14735129436085007,0.14735129436085007,1.9849999999999994,0.09250000000000114,0,1,0,81.727,1.9300119797644015,-1.9849999999999994,-1.3966666666666612,-1.9427500000000038,2.8400000000000034,0.980000000000004,-0.05611537230581656,7.0,12.0,43.6,24.3,-0.19999999999999574,0,0,60.7,0.8,0.0,0.0,20.0,1,0.0,11.696000000000002,0.0,6.530877627725885,35,1,MEDIUM,81.727,0.2860000000000156,0.8960000000000055,5.0,29.0,-0.38499733333333336,1,1.1701612903225813,1.459267473118277,1.2986529271206684,1.5874981838584268,1.9967971790665322,1.7694088483953625,1.6219194256680876,2.2547005788687473,1.9031554937572697,1.7486629452758549,2.2732215577393675,1.9818001063707493,0.5896645015401905,1.4290026131566513,0.9627036622586175,1.1723439516129042,1.4606316364247287,1.3004718115292706,1.2815674714612704,1.6201715377545827,1.4320581675916313,2.124193343111111,2.503231550106425,2.2926547684423615,1.1723439516129042,1.4606316364247287,1.3004718115292706,1.3854064951360225,1.7130510131308059,1.5310262809114819,1.2986529271206684,raw_step_s
6,LEC,34,5958.736,6478.295,6478.295,MEDIUM>HARD,HARD,34,2,0.7996666666666528,-0.18533333333334667,0.9849999999999994,"BOR,PIA,ALO,GAS,STR",5,-0.5346666666666806,1.51966666666668,0.29299999999999216,,,77.83066666666666,77.031,1,34.0,0.4358974358974359,78,8,0.3374999999999915,0.24099999999999966,0.0,-0.33149999999999125,0.10416071428571197,0.10416071428571197,-0.16060030855179264,0.06160030855895203,0.06160030855895203,0.24099999999999966,0.21999999999999886,0,1,0,77.907,0.24735314807121256,-0.24099999999999966,-0.0763333333333378,-0.3983750000000015,-1.0395000000000039,0.8445000000000036,-0.04256040572675994,7.0,2.0,43.8,24.4,0.09999999999999432,0,0,60.1,0.9,0.0,0.0,20.0,1,0.0,11.967999999999996,0.0,6.508769136971682,35,1,MEDIUM,77.907,0.20899999999998897,1.1821666666666697,5.0,29.0,-0.29665366666666665,1,1.1701612903225813,1.459267473118277,1.2986529271206684,1.5874981838584268,1.9967971790665322,1.7694088483953625,1.0277461752281618,1.6605273284288213,1.308982243317344,1.297033779509841,1.8215923919733537,1.5301709406047355,0.08748611410309404,0.9268242257195548,0.46052527482152106,1.1723439516129042,1.4606316364247287,1.3004718115292706,1.2794455759435936,1.618049642236906,1.4299362720739546,1.7998637771036807,2.178901984098994,1.9683252024349311,1.1723439516129042,1.4606316364247287,1.3004718115292706,1.3658873256067214,1.6935318436015048,1.5115071113821807,1.2986529271206684,raw_step_s
6,ANT,36,6091.995,6640.114,6640.114,MEDIUM>HARD,HARD,36,2,0.039666666666676065,-0.6720000000000113,0.7116666666666873,"RUS,HAM,HAD,GAS,PIA",5,0.6753333333333273,0.036333333333359974,0.4676666666666591,,,76.58266666666667,76.54299999999999,1,36.0,0.46153846153846156,78,8,0.1699999999999946,-0.43200000000000216,0.0,0.45699999999999363,-0.06833333333333276,-0.06833333333333276,0.21226519645125563,-0.03446782884970401,-0.03446782884970401,0.16499999999999204,0.15000000000000568,0,1,0,76.356,-0.32692630982413107,0.43200000000000216,0.22666666666667368,0.37024999999999864,-2.616500000000002,0.9924999999999997,0.03386550448362875,7.0,1.0,43.7,24.1,0.10000000000000142,0,0,60.6,0.5,0.0,0.0,20.0,1,0.0,12.528000000000004,0.0,6.551080335043404,37,1,MEDIUM,76.356,-0.22800000000000864,0.7081666666666706,5.0,31.0,-0.008686333333333332,1,1.1701612903225813,1.459267473118277,1.2986529271206684,1.6865774417159969,2.0958764369241023,1.8684881062529326,0.8028895000580706,1.4356706532587302,1.0841255681472526,1.122878257069761,1.6474368695332737,1.3560154181646555,-0.13032311578934652,0.7090149958271142,0.2427160449290805,1.1723439516129042,1.4606316364247287,1.3004718115292706,1.2220930504374443,1.5606971167307564,1.3725837465678052,1.5328886382907312,1.9119268452860447,1.7013500636219816,1.1723439516129042,1.4606316364247287,1.3004718115292706,1.2950928986967003,1.6227374166914836,1.4407126844721596,1.2986529271206684,raw_step_s
6,ALB,42,6665.4,7133.13,7133.13,MEDIUM>SOFT,SOFT,42,2,-3.1666666666666714,0.1563333333333503,-3.3230000000000217,"ALO,RUS,PIA,PER,LIN",5,0.5299999999999869,-3.8530000000000086,1.3796666666666795,,,79.66866666666667,82.83533333333334,1,42.0,0.5384615384615384,78,8,0.22749999999999915,0.0,-0.12000000000000455,-0.17449999999999477,0.046357142857143936,0.046357142857143936,0.0022463049967456072,0.023815583958580203,0.023815583958580203,0.4269999999999925,-0.1939999999999884,0,1,0,79.851,-0.003540198627277391,0.0,-0.18233333333333235,0.15562500000000057,-0.29300000000000637,1.2039999999999935,-0.022541558898563734,7.0,10.0,42.8,23.9,0.19999999999999574,0,0,59.5,0.6,0.0,0.0,20.0,1,0.0,13.103999999999996,0.0,6.728628613084702,43,1,MEDIUM,79.851,0.02733333333333121,-0.011000000000005158,5.0,37.0,-0.25358200000000003,1,1.1701612903225813,1.3273953680727864,1.2590327255726972,1.8790520977183416,1.9687904967196217,1.9297738015016739,1.4334136467412897,1.8307621611776326,1.6580019375096573,1.723945919118266,1.956436960168013,1.855353898842036,0.9818612219169341,1.8757045944065776,1.4870770411502108,1.1723439516129042,1.328234853184449,1.2604562003272557,1.339676159347655,1.4960212996777886,1.4280451517081654,2.153867804742603,2.0831676686142546,2.113906858235276,1.1723439516129042,1.328234853184449,1.2604562003272557,1.2642326194313225,1.3743242193956131,1.3264583063676607,1.2590327255726972,raw_step_s
6,BOR,42,6722.271,7133.13,7133.13,HARD>MEDIUM,MEDIUM,41,2,4.298999999999992,2.503,1.7959999999999923,"RUS,PER,LIN,SAI,HUL",5,-0.7249999999999943,2.5209999999999866,0.8276666666666586,,,81.32533333333333,77.02633333333334,1,41.0,0.5384615384615384,78,8,0.6219999999999999,1.1310000000000002,-1.1310000000000002,-1.5759999999999934,0.2323333333333319,0.2323333333333319,-0.6818211933880605,0.2843776683386234,0.2843776683386234,1.36399999999999,0.2530000000000001,0,0,1,82.157,1.0587461274509309,-1.1310000000000002,-0.8316666666666634,-1.423249999999996,2.739999999999995,2.1569999999999965,0.05204433500529149,7.0,19.0,42.8,23.9,0.0,0,0,59.5,0.6,0.0,0.0,20.0,1,0.0,12.791999999999996,0.0,6.747586526829315,43,2,HARD,82.157,-0.07500000000000284,-0.25966666666667004,5.0,36.0,0.0,1,1.1701612903225813,1.3273953680727864,1.2590327255726972,2.177835054597011,2.267573453598291,2.228556758380343,1.4759509366138204,1.8732994510501633,1.700539227382188,1.6405919570619956,1.8730829981117425,1.7719999367857655,0.4023981903094581,1.2962415627991013,0.9076140095427347,1.1723439516129042,1.328234853184449,1.2604562003272557,1.285060700627937,1.4414058409580708,1.3734296929884475,1.8846865753164677,1.8139864391881189,1.84472562880914,1.1723439516129042,1.328234853184449,1.2604562003272557,1.2187434461232194,1.32883504608751,1.2809691330595576,1.2590327255726972,raw_step_s
6,LAW,43,6731.984,7210.312,7210.312,MEDIUM>SOFT,SOFT,43,6,1.4820000000000135,-0.5433333333333223,2.025333333333336,"ALO,STR,PER,COL,RUS",5,-0.6829999999999927,2.7083333333333286,2.0093333333333163,,,79.74833333333333,78.26633333333332,1,43.0,0.5512820512820513,78,8,0.15050000000000097,0.6510000000000105,0.0,-0.7850000000000108,0.1184285714285695,0.1184285714285695,-0.24531606676913498,0.037034944127498824,0.037034944127498824,-1.6869999999999976,0.14800000000001035,0,1,0,79.403,0.40961781793606633,-0.6510000000000105,0.34533333333332905,-0.4083750000000208,-0.01099999999999568,2.1539999999999964,-0.08139362730107066,7.0,9.0,42.8,23.9,0.0,0,0,59.5,0.6,0.0,0.0,20.0,1,0.0,13.415999999999995,0.0,6.74993119378857,44,1,MEDIUM,79.403,0.2363333333333344,0.15816666666665924,5.0,38.0,-0.3058403333333333,1,1.1701612903225813,1.3273953680727864,1.2590327255726972,1.9285917266471264,2.0183301256484065,1.9793134304304587,1.3133216331675446,1.7106701476038875,1.5379099239359122,1.5551699139274247,1.7876609549771716,1.6865778936511946,1.1672263299813666,2.06106970247101,1.672442149214643,1.1723439516129042,1.328234853184449,1.2604562003272557,1.2799772552365227,1.4363223955666564,1.3683462475970332,2.1462539710925244,2.075553834964176,2.106293024585197,1.1723439516129042,1.328234853184449,1.2604562003272557,1.2885564762786934,1.398648076242984,1.3507821632150316,1.2590327255726972,raw_step_s
6,GAS,44,6791.199,7289.665,7289.665,MEDIUM>HARD,HARD,44,2,-0.4243333333333368,0.09133333333333837,-0.5156666666666752,"HAD,STR,ALO,HAM,RUS",5,0.9429999999999978,-1.458666666666673,1.8316666666666777,,,78.78066666666666,79.205,1,44.0,0.5641025641025641,78,8,0.1045000000000087,-0.132000000000005,0.0,0.16449999999998965,-0.04658333333333312,-0.04658333333333312,0.14001088620139512,0.025017165218225557,0.025017165218225557,-0.132000000000005,-0.2149999999999963,0,1,0,78.777,-0.21564130224997768,0.132000000000005,0.0036666666666604897,0.16600000000001103,-0.6329999999999956,1.8400000000000034,0.07160049855155867,7.0,5.0,43.0,23.9,0.20000000000000284,0,0,60.3,1.0,0.0,0.0,20.0,1,0.0,14.08,0.0,6.763884908562435,45,1,MEDIUM,78.777,-0.059666666666672086,0.1383333333333402,5.0,39.0,-0.13237,1,1.1701612903225813,1.3273953680727864,1.2590327255726972,2.082894473146277,2.172632872147557,2.133616176929609,1.4807458143161942,1.8780943287525371,1.7053341050845618,1.7785063035350137,2.010997344584761,1.9099142832587837,1.5028394021472562,2.3966827746368997,2.0080552213805327,1.1723439516129042,1.328234853184449,1.2604562003272557,1.343889296731104,1.5002344370612377,1.4322582890916145,2.285457314526737,2.2147571783983886,2.2454963680194098,1.1723439516129042,1.328234853184449,1.2604562003272557,1.2683988223071432,1.3784904222714338,1.3306245092434814,1.2590327255726972,raw_step_s
6,PIA,47,7021.203,7529.514,7529.514,MEDIUM>HARD,HARD,47,2,2.0363333333333458,-0.2953333333333461,2.331666666666692,"PER,HAD,ALO,HAM,BOR",5,-0.8730000000000047,3.2046666666666965,0.25900000000000034,,,79.528,77.49166666666666,1,47.0,0.6025641025641025,78,8,0.24099999999999966,0.23000000000000398,0.0,-0.26300000000000523,0.14330000000000212,0.14330000000000212,-0.06092774484231711,0.10638582855908452,0.10638582855908452,0.23000000000000398,-0.1910000000000025,0,1,0,79.575,0.09383939947178987,-0.23000000000000398,-0.046999999999997044,-0.3815000000000026,0.33800000000000807,2.387999999999991,-0.036914171440917604,7.0,4.0,42.9,24.0,0.19999999999999574,0,0,59.8,0.6,0.0,0.0,20.0,1,0.0,14.851999999999999,0.0,6.823286122355687,48,1,MEDIUM,79.575,1.129333333333335,1.4356666666666769,5.0,42.0,-0.004219333333333334,1,1.1701612903225813,1.3273953680727864,1.2590327255726972,2.231513359932632,2.321251758933912,2.282235063715964,1.7631880058242593,2.160536520260602,1.987776296592627,2.021870427710973,2.2543614687607203,2.153278407434743,2.215465460554482,3.1093088330441256,2.7206812797877586,1.1723439516129042,1.328234853184449,1.2604562003272557,1.3825124950167815,1.5388576353469152,1.470881487377292,2.951592400208658,2.8808922640803094,2.9116314537013306,1.1723439516129042,1.328234853184449,1.2604562003272557,1.46395689128529,1.5740484912495807,1.5261825782216283,1.2590327255726972,raw_step_s
6,SAI,51,7397.363,7857.165,7857.165,MEDIUM>SOFT,SOFT,51,2,-1.630999999999986,-0.21433333333334303,-1.416666666666643,"HAD,LAW,LIN,HAM,RUS",5,1.586666666666659,-3.003333333333302,0.21966666666664025,,,78.09500000000001,79.726,1,51.0,0.6538461538461539,78,8,0.20250000000000057,-0.07699999999999818,0.04999999999999716,0.25799999999999557,-0.15399999999999991,-0.15399999999999991,-0.13965674051101473,-0.31562622880302743,-0.31562622880302743,-0.04999999999999716,0.2594999999999956,0,1,0,78.022,0.21764265631125568,0.07699999999999818,0.0730000000000075,0.5927499999999952,-1.0249999999999915,1.6814999999999927,-0.16162622880302752,7.0,9.0,40.4,24.0,0.0,0,0,60.4,1.1,0.0,0.0,20.0,1,0.0,11.015999999999996,0.0,6.90975328164481,52,1,MEDIUM,78.022,-1.8209999999999837,-1.164333333333327,5.0,46.0,-0.08952700000000001,1,1.1701612903225813,1.2149487666034156,1.1983608124253287,2.3249087580774064,2.168081969800518,2.226165965458625,1.0467086239297196,1.2380132692380472,1.1671596969016296,1.3340841826642058,1.3578948900635557,1.349076109545278,-0.2285801895377293,0.3601000914565894,0.14207035775498988,1.1723439516129042,1.215847509487666,1.1997350806451617,1.2180925327606766,1.245521176230723,1.235362419389965,1.5362294288741087,1.2492392545248385,1.355531911691235,1.1723439516129042,1.215847509487666,1.1997350806451617,1.190801128763542,1.1867953739174608,1.188278986823417,1.1983608124253287,raw_step_s
7,HAM,10,4051.855,4576.409,4576.409,SOFT>HARD,HARD,12,2,1.656666666666652,-0.07783333333333076,1.7344999999999828,"LEC,BEA,LIN,ALO",4,0.1910000000000167,1.5434999999999661,0.14649999999999608,0.006000000000000001,0.12855566666666668,83.463,81.80633333333334,1,12.0,0.15151515151515152,66,8,0.4930000000000021,0.22499999999999432,-0.11399999999999011,-0.6624999999999943,0.21407142857142789,0.21407142857142789,0.00024683232580002823,0.1910474565555198,0.1910474565555198,0.11399999999999011,0.3059999999999974,1,0,0,83.576,-0.0004248103327597619,-0.22499999999999432,-0.11299999999999955,-0.6801249999999897,-2.338000000000008,0.8149999999999977,-0.023023972015908084,7.0,2.0,50.4,30.9,-1.1000000000000014,0,0,28.0,3.1,0.005988,0.233533,3.408801,0,0.0,7.3919999999999995,0.00287424,5.2832037287379885,11,0,SOFT,83.576,0.8726666666666603,-0.2813333333333359,7.0,5.0,0.006000000000000001,0,1.1172370370370377,1.1172370370370377,1.1172370370370377,1.3136465747043058,1.3136465747043058,1.3136465747043058,1.4373087555319886,1.4373087555319886,1.4373087555319886,1.4275377936046103,1.4275377936046103,1.4275377936046103,0.996404986025069,0.996404986025069,0.996404986025069,1.1692286796577531,1.1692286796577531,1.1692286796577531,1.1592752693064936,1.1592752693064936,1.1592752693064936,1.3182902764815525,1.3182902764815525,1.3182902764815525,0.9047791427179268,0.9047791427179268,0.9047791427179268,1.200850648848413,1.200850648848413,1.200850648848413,1.1172370370370377,raw_step_s
7,LAW,10,4072.946,4576.409,4576.409,MEDIUM>HARD,HARD,10,2,0.7536666666666747,-0.07783333333333076,0.8315000000000055,"BEA,LIN,LEC,ALO",4,0.061666666666667425,0.769833333333338,0.14649999999999608,0.005859333333333334,0.033530666666666674,85.26100000000001,84.50733333333334,1,10.0,0.15151515151515152,66,8,0.3149999999999906,0.08599999999999852,0.0,-0.3049999999999926,0.22905952380952482,0.22905952380952482,0.1293376464088709,0.19505928434307399,0.19505928434307399,0.1039999999999992,0.32200000000000273,0,1,0,85.289,-0.22259632498040105,-0.08599999999999852,-0.027999999999991587,-0.5701250000000044,-0.625,0.8149999999999977,-0.03400023946645084,7.0,8.0,49.7,30.9,-1.7999999999999972,0,0,28.0,5.1,0.005848,0.017544,8.724281,0,-3.4000000000000176e-05,5.880000000000001,0.0023392,5.313205979041787,11,0,MEDIUM,85.289,0.7793333333333408,-0.3649999999999996,5.0,5.0,-2.2999999999999583e-05,0,1.1172370370370377,1.1172370370370377,1.1172370370370377,1.1370297239260256,1.1370297239260256,1.1370297239260256,1.6444049392649922,1.6444049392649922,1.6444049392649922,1.5757559407361383,1.5757559407361383,1.5757559407361383,1.5801379608429358,1.5801379608429358,1.5801379608429358,1.0309079698022185,1.0309079698022185,1.0309079698022185,1.146866713834385,1.146866713834385,1.146866713834385,1.3646211837923492,1.3646211837923492,1.3646211837923492,0.8411571217123134,0.8411571217123134,0.8411571217123134,1.1351577004711055,1.1351577004711055,1.1351577004711055,1.1172370370370377,raw_step_s
7,COL,11,4165.659,4629.973,4629.973,SOFT>HARD,HARD,11,2,2.049666666666667,0.23600000000001842,1.8136666666666486,"LIN,BEA,ALO",3,-0.029666666666656738,1.8433333333333053,0.07166666666668675,0.24846,0.027743,85.99866666666667,83.949,1,11.0,0.16666666666666666,66,8,0.6180000000000021,-0.3920000000000101,0.3920000000000101,-0.07449999999998624,0.254549999999999,0.254549999999999,0.46313544504873505,0.1889037636314577,0.1889037636314577,-0.3920000000000101,0.02200000000000557,1,0,0,85.71,-0.7755672569288095,0.3920000000000101,0.2886666666666713,-0.17874999999999375,-0.17600000000000193,0.8419999999999987,-0.0656462363685413,7.0,12.0,49.0,30.9,-0.7000000000000028,0,0,28.3,3.9,0.263158,0.959064,1.387238,0,0.205355,6.16,0.11578952,5.429345628954441,12,0,SOFT,85.71,1.24733333333333,-0.014500000000002927,5.0,6.0,-0.3647433333333333,0,1.1172370370370377,1.1172370370370377,1.1172370370370377,1.3098619369783682,1.3098619369783682,1.3098619369783682,1.4850677941510226,1.4850677941510226,1.4850677941510226,1.3759625808648557,1.3759625808648557,1.3759625808648557,1.60712561745095,1.60712561745095,1.60712561745095,1.1154571067507233,1.1154571067507233,1.1154571067507233,1.1469667236583303,1.1469667236583303,1.1469667236583303,1.5627347549901107,1.5627347549901107,1.5627347549901107,0.9220119223332744,0.9220119223332744,0.9220119223332744,1.203177698522956,1.203177698522956,1.203177698522956,1.1172370370370377,raw_step_s
7,PER,11,4177.838,4629.973,4629.973,SOFT>HARD,HARD,11,2,2.100666666666669,0.23600000000001842,1.8646666666666505,"BEA,LIN,ALO",3,0.15066666666668027,1.7139999999999702,0.07166666666668675,0.04798133333333334,0.2695596666666667,86.87333333333333,84.77266666666667,1,11.0,0.16666666666666666,66,8,0.4799999999999969,0.26200000000000045,-0.08799999999999386,-0.7039999999999935,0.1950249999999997,0.1950249999999997,-0.022492884553699355,0.17800729220591585,0.17800729220591585,0.26200000000000045,0.02200000000000557,1,0,0,86.99,0.037666615587795604,-0.26200000000000045,-0.11666666666666003,-0.6553750000000065,1.1039999999999992,1.1039999999999992,-0.017017707794083847,7.0,19.0,49.0,30.9,-0.7000000000000028,0,0,28.3,3.9,0.017241,0.706897,2.083774,0,-0.029002,6.16,0.00758604,5.459585514144159,12,0,SOFT,86.99,1.0450000000000017,-0.07616666666667038,5.0,6.0,-0.5387066666666667,0,1.1172370370370377,1.1172370370370377,1.1172370370370377,1.3098619369783682,1.3098619369783682,1.3098619369783682,1.7024920127346492,1.7024920127346492,1.7024920127346492,1.7157608044488415,1.7157608044488415,1.7157608044488415,2.0956279822048183,2.0956279822048183,2.0956279822048183,1.5204042282671992,1.5204042282671992,1.5204042282671992,1.3354369023441683,1.3354369023441683,1.3354369023441683,1.9999167937433937,1.9999167937433937,1.9999167937433937,1.2198780615359044,1.2198780615359044,1.2198780615359044,1.3704907913005868,1.3704907913005868,1.3704907913005868,1.1172370370370377,raw_step_s
7,RUS,11,4132.042,4629.973,4629.973,MEDIUM>HARD,HARD,11,2,1.4953333333333347,0.23600000000001842,1.2593333333333163,"LIN,BEA,ALO",3,-0.1486666666666565,1.4079999999999728,0.07166666666668675,0.009992,0.04070033333333333,83.46966666666667,81.97433333333333,1,11.0,0.16666666666666666,66,8,0.4924999999999926,0.4479999999999933,-0.1909999999999883,-0.758499999999998,0.239190476190475,0.239190476190475,-0.0032223187231892325,0.23138489331838824,0.23138489331838824,0.1909999999999883,0.125,0,1,0,83.701,0.00539609939126251,-0.4479999999999933,-0.23133333333332473,-0.7893749999999926,-2.3540000000000134,0.7660000000000053,-0.007805582872086769,7.0,1.0,49.0,30.9,-1.3999999999999986,0,0,28.3,3.9,0.005952,0.017857,20.0,0,-0.006024000000000001,6.16,0.00261888,5.37989735354046,12,0,MEDIUM,83.701,1.1550000000000011,-0.2220000000000084,5.0,6.0,0.009992,0,1.1172370370370377,1.1172370370370377,1.1172370370370377,1.1408143616519633,1.1408143616519633,1.1408143616519633,1.4302080003217026,1.4302080003217026,1.4302080003217026,1.4149575601255153,1.4149575601255153,1.4149575601255153,1.0780031890642645,1.0780031890642645,1.0780031890642645,1.1698492852582927,1.1698492852582927,1.1698492852582927,1.2534690613246346,1.2534690613246346,1.2534690613246346,1.269858350355153,1.269858350355153,1.269858350355153,0.9047791427179268,0.9047791427179268,0.9047791427179268,1.2435796161080055,1.2435796161080055,1.2435796161080055,1.1172370370370377,raw_step_s
7,VER,11,4143.526,4629.973,4629.973,SOFT>MEDIUM,MEDIUM,14,2,2.1466666666666754,0.23600000000001842,1.910666666666657,"LIN,BEA,ALO",3,0.09933333333331973,1.8113333333333372,0.07166666666668675,0.009909000000000001,0.08131366666666667,84.153,82.00633333333333,1,14.0,0.16666666666666666,66,8,0.46999999999999886,0.20800000000001262,0.0,-0.63900000000001,0.20084999999999695,0.20084999999999695,0.06591626396286188,0.17674675147337918,0.17674675147337918,-0.13599999999999568,0.09299999999999642,1,0,0,84.177,-0.11038346681345956,-0.20800000000001262,-0.02400000000000091,-0.5638750000000101,-1.9014999999999986,0.7194999999999965,-0.02410324852661777,7.0,5.0,49.0,30.9,-1.3999999999999986,0,0,28.3,3.9,0.005917,0.236686,3.32432,0,0.005917,7.84,0.0033135200000000004,5.3981627015177525,12,0,SOFT,84.177,1.0063333333333446,-0.3785000000000025,8.0,6.0,-0.25048566666666666,0,1.1172370370370377,1.1172370370370377,1.1172370370370377,1.5455488121952279,1.5455488121952279,1.5455488121952279,1.0884818900641262,1.0884818900641262,1.0884818900641262,1.0534999029254402,1.0534999029254402,1.0534999029254402,-0.5199120862342206,-0.5199120862342206,-0.5199120862342206,1.1886857651672256,1.1886857651672256,1.1886857651672256,1.1528847569216154,1.1528847569216154,1.1528847569216154,1.26174338710134,1.26174338710134,1.26174338710134,0.9118718119316268,0.9118718119316268,0.9118718119316268,1.1872430409397525,1.1872430409397525,1.1872430409397525,1.1172370370370377,raw_step_s
7,ALB,12,4261.926,4715.092,4715.092,MEDIUM>HARD,HARD,12,2,1.5390000000000157,0.3433333333333195,1.1956666666666962,"BEA,LIN,ALO",3,0.24766666666663184,0.9480000000000643,0.08800000000000807,0.069364,0.17071433333333333,86.53666666666668,84.99766666666666,1,12.0,0.18181818181818182,66,8,0.120999999999988,0.005000000000009663,-0.005000000000009663,-0.11149999999999238,0.1382500000000005,0.1382500000000005,0.14944077285382207,0.13823221060100366,0.13823221060100366,0.09199999999999875,0.08449999999999847,0,1,0,86.569,-0.24475016228366542,-0.005000000000009663,-0.032333333333326664,-0.30262500000000614,0.494000000000014,0.8160000000000096,-1.778939899685361e-05,7.0,17.0,50.7,30.9,1.7000000000000028,0,0,28.3,1.4,0.144509,0.890173,1.68137,0,0.138729,7.536000000000001,0.06936432,5.537334267018537,13,0,MEDIUM,86.569,0.9676666666666733,-0.20716666666666106,5.0,7.0,-0.31117466666666665,0,1.1172370370370377,1.1172370370370377,1.1172370370370377,1.144598999377901,1.144598999377901,1.144598999377901,1.443327833682827,1.443327833682827,1.443327833682827,1.5538456430962846,1.5538456430962846,1.5538456430962846,0.8896526271852905,0.8896526271852905,0.8896526271852905,1.3616324981357817,1.3616324981357817,1.3616324981357817,1.130189695143979,1.130189695143979,1.130189695143979,1.3785717442051435,1.3785717442051435,1.3785717442051435,1.1399230031468943,1.1399230031468943,1.1399230031468943,1.1743316467664082,1.1743316467664082,1.1743316467664082,1.1172370370370377,raw_step_s
7,HUL,12,4245.254,4715.092,4715.092,SOFT>HARD,HARD,12,2,1.0703333333333234,0.3433333333333195,0.7270000000000039,"BEA,LIN,ALO",3,0.42199999999998283,0.30500000000002103,0.08800000000000807,0.4074073333333333,0.22752966666666666,85.52766666666666,84.45733333333334,1,12.0,0.18181818181818182,66,8,0.17249999999999943,0.3580000000000041,-0.29400000000001114,-0.46299999999999386,0.11883333333333349,0.11883333333333349,-0.00532858922336743,0.17485631283119873,0.17485631283119873,0.3580000000000041,0.02200000000000557,1,0,0,85.745,0.008727023102579778,-0.3580000000000041,-0.21733333333334315,-0.5276250000000005,-0.20899999999998897,0.7000000000000028,0.05602297949786525,7.0,8.0,50.7,30.9,1.7000000000000028,0,0,28.3,1.4,0.192982,0.549708,2.387024,0,-0.339182,7.536000000000001,0.09263136,5.501258210544727,13,0,SOFT,85.745,1.0513333333333321,-0.41550000000000387,5.0,7.0,-0.4901143333333334,0,1.1172370370370377,1.1172370370370377,1.1172370370370377,1.3136465747043058,1.3136465747043058,1.3136465747043058,1.3490495259082689,1.3490495259082689,1.3490495259082689,1.1009310021959697,1.1009310021959697,1.1009310021959697,-0.029148983652770744,-0.029148983652770744,-0.029148983652770744,1.1964805380749883,1.1964805380749883,1.1964805380749883,1.2687101791961122,1.2687101791961122,1.2687101791961122,1.2090204801251137,1.2090204801251137,1.2090204801251137,0.9325780104604032,0.9325780104604032,0.9325780104604032,1.297277007984054,1.297277007984054,1.297277007984054,1.1172370370370377,raw_step_s
7,NOR,12,4223.084,4715.092,4715.092,MEDIUM>HARD,HARD,12,2,1.3769999999999953,0.3433333333333195,1.0336666666666758,"BEA,LIN,ALO",3,0.603333333333353,0.4303333333333228,0.08800000000000807,0.021956000000000003,0.3800813333333333,83.446,82.069,1,12.0,0.18181818181818182,66,8,0.07149999999999324,0.21699999999999875,-0.21699999999999875,-0.24349999999999739,0.03699999999999809,0.03699999999999809,0.00884391504297355,0.09028787338483649,0.09028787338483649,0.21699999999999875,-0.04049999999999443,0,1,0,83.618,-0.014484331154449137,-0.21699999999999875,-0.17199999999999704,-0.2303749999999951,-2.3019999999999925,0.9020000000000081,0.0532878733848384,7.0,3.0,49.4,30.9,0.3999999999999986,0,0,28.5,2.3,0.017964,0.808383,1.948865,0,-0.023952,6.911999999999999,0.00862272,5.480638923341991,13,0,MEDIUM,83.618,0.3506666666666689,-1.1640000000000017,5.0,7.0,-0.044309,0,1.1172370370370377,1.1172370370370377,1.1172370370370377,1.144598999377901,1.144598999377901,1.144598999377901,0.8938077406420797,0.8938077406420797,0.8938077406420797,0.9600678993505515,0.9600678993505515,0.9600678993505515,0.07758357249578052,0.07758357249578052,0.07758357249578052,1.1402655718044858,1.1402655718044858,1.1402655718044858,1.0594426463864532,1.0594426463864532,1.0594426463864532,0.48989823888735273,0.48989823888735273,0.48989823888735273,0.8852639860675543,0.8852639860675543,0.8852639860675543,1.031747621429194,1.031747621429194,1.031747621429194,1.1172370370370377,raw_step_s
7,OCO,12,4258.367,4715.092,4715.092,SOFT>HARD,HARD,12,2,2.350999999999999,0.3433333333333195,2.0076666666666796,"BEA,LIN,ALO",3,-0.2773333333333312,2.285000000000011,0.08800000000000807,0.011549666666666666,0.193294,86.69266666666665,84.34166666666665,1,12.0,0.18181818181818182,66,8,0.5045000000000002,0.12899999999999068,-0.11199999999999477,-0.6765000000000043,0.23304761904761728,0.23304761904761728,0.07125450816870682,0.21306551151911446,0.21306551151911446,0.12899999999999068,0.09949999999999903,1,0,0,86.773,-0.11669875700383159,-0.12899999999999068,-0.0803333333333427,-0.6687499999999886,0.6980000000000075,0.8065000000000069,-0.019982107528502824,7.0,14.0,50.7,30.9,1.7000000000000028,0,0,28.3,1.4,0.017341,0.50289,2.47182,0,0.005779999999999999,7.536000000000001,0.00832368,5.5254529391317835,13,0,SOFT,86.773,1.47499999999998,0.2931666666666691,5.0,7.0,-0.6836686666666667,0,1.1172370370370377,1.1172370370370377,1.1172370370370377,1.3136465747043058,1.3136465747043058,1.3136465747043058,1.7191349714365345,1.7191349714365345,1.7191349714365345,1.9341846608093176,1.9341846608093176,1.9341846608093176,1.487369883516029,1.487369883516029,1.487369883516029,1.531522956983246,1.531522956983246,1.531522956983246,1.2780219773860677,1.2780219773860677,1.2780219773860677,2.266557814451681,2.266557814451681,2.266557814451681,1.7012653032977663,1.7012653032977663,1.7012653032977663,1.3332033444153646,1.3332033444153646,1.3332033444153646,1.1172370370370377,raw_step_s
7,ANT,13,4304.509,4800.11,4800.11,MEDIUM>HARD,HARD,13,2,1.6576666666666569,,,"LIN,ALO",2,0.32433333333332826,,,0.009980000000000001,0.012195333333333334,83.50433333333334,81.84666666666668,1,13.0,0.19696969696969696,66,8,0.19500000000000028,0.0,0.0,0.0,0.0625,0.0625,0.24047195663452214,0.1262127074496883,0.1262127074496883,0.19299999999999784,0.12199999999999989,0,1,0,83.56,-0.38705373619485783,0.0,-0.0556666666666672,-0.08599999999999852,-2.2549999999999955,0.9579999999999984,0.0637127074496883,7.0,1.0,50.5,30.9,1.1000000000000014,0,0,28.5,2.3,0.005988,0.017964,20.0,0,0.0,8.06,0.0031137599999999997,5.556828061699537,14,0,MEDIUM,83.56,0.9339999999999975,-0.5476666666666623,5.0,8.0,-0.472933,0,1.1172370370370377,1.1172370370370377,1.1172370370370377,1.1483836371038387,1.1483836371038387,1.1483836371038387,1.0210028543825178,1.0210028543825178,1.0210028543825178,1.1863946648094896,1.1863946648094896,1.1863946648094896,0.011628091942506247,0.011628091942506247,0.011628091942506247,1.0067441641668358,1.0067441641668358,1.0067441641668358,0.9758634964341597,0.9758634964341597,0.9758634964341597,1.2197738636794284,1.2197738636794284,1.2197738636794284,0.8309936719988882,0.8309936719988882,0.8309936719988882,1.0093280222033445,1.0093280222033445,1.0093280222033445,1.1172370370370377,raw_step_s
7,GAS,13,4338.165,4800.11,4800.11,MEDIUM>HARD,HARD,13,2,2.595333333333329,,,"LIN,ALO",2,0.5166666666666657,,,0.5693823333333333,0.14374833333333334,85.85266666666666,83.25733333333334,1,13.0,0.19696969696969696,66,8,0.11699999999999733,-0.1559999999999917,0.007999999999995566,0.009000000000000341,0.008300000000002684,0.008300000000002684,0.3214258275886408,0.12237122588900207,0.12237122588900207,-0.007999999999995566,-0.007999999999995566,0,1,0,85.798,-0.5173537456044812,0.1559999999999917,0.05466666666666242,0.02462500000000034,-0.5614999999999952,0.7914999999999992,0.11407122588899939,7.0,11.0,50.5,30.9,-0.20000000000000284,0,0,28.5,2.3,0.127907,0.877907,1.721941,0,-0.6732630000000001,8.06,0.06651164,5.594711379601839,14,0,MEDIUM,85.798,0.7086666666666588,-0.5936666666666687,5.0,8.0,-0.3072706666666668,0,1.1172370370370377,1.1172370370370377,1.1172370370370377,1.1483836371038387,1.1483836371038387,1.1483836371038387,1.0994171260794412,1.0994171260794412,1.0994171260794412,0.577533678931272,0.577533678931272,0.577533678931272,-0.4737749853243072,-0.4737749853243072,-0.4737749853243072,0.7719838132519513,0.7719838132519513,0.7719838132519513,0.9789683720511123,0.9789683720511123,0.9789683720511123,0.6400810082001536,0.6400810082001536,0.6400810082001536,0.6989488834499549,0.6989488834499549,0.6989488834499549,0.9863489218738332,0.9863489218738332,0.9863489218738332,1.1172370370370377,raw_step_s
7,PIA,13,4315.354,4800.11,4800.11,MEDIUM>HARD,HARD,13,2,1.7246666666666641,,,"LIN,ALO",2,0.6033333333333388,,,0.013888666666666667,0.08511933333333332,84.071,82.34633333333333,1,13.0,0.19696969696969696,66,8,0.3674999999999997,-0.11800000000000921,0.09799999999999898,0.10800000000000409,-0.014499999999994628,-0.014499999999994628,0.3964607445699073,0.10434531294435492,0.10434531294435492,-0.11800000000000921,0.022500000000000853,0,1,0,83.999,-0.6390130319223886,0.11800000000000921,0.07200000000000273,0.19300000000001205,-2.0759999999999934,0.7075000000000102,0.11884531294434955,7.0,4.0,50.5,30.9,1.1000000000000014,0,0,28.5,2.3,0.017857,0.303571,3.045381,0,0.0,8.06,0.009285640000000001,5.568344503761097,14,0,MEDIUM,83.999,0.8730000000000047,-0.7031666666666656,5.0,8.0,-0.5335466666666667,0,1.1172370370370377,1.1172370370370377,1.1172370370370377,1.1483836371038387,1.1483836371038387,1.1483836371038387,0.9383180500286894,0.9383180500286894,0.9383180500286894,1.1162614599901375,1.1162614599901375,1.1162614599901375,-0.028059955788998225,-0.028059955788998225,-0.028059955788998225,0.7660903077761629,0.7660903077761629,0.7660903077761629,0.9121100911099594,0.9121100911099594,0.9121100911099594,1.1459893487578896,1.1459893487578896,1.1459893487578896,0.7044139335043109,0.7044139335043109,0.7044139335043109,0.9609490224513394,0.9609490224513394,0.9609490224513394,1.1172370370370377,raw_step_s
7,SAI,13,4341.52,4800.11,4800.11,SOFT>HARD,HARD,13,2,2.092666666666659,,,"LIN,ALO",2,-0.11233333333331075,,,0.015436666666666666,0.03961166666666667,86.33699999999999,84.24433333333333,1,13.0,0.19696969696969696,66,8,0.23699999999999477,0.0,0.05499999999999261,-0.15149999999999864,0.16478333333333192,0.16478333333333192,0.18383011400368332,0.14409537061725838,0.14409537061725838,-0.05499999999999261,-0.007999999999995566,1,0,0,86.28,-0.2958853641233219,0.0,0.05699999999998795,-0.29624999999998636,-0.0519999999999925,0.7914999999999992,-0.020687962716073538,7.0,12.0,50.5,30.9,-0.20000000000000284,0,0,28.5,2.3,0.00578,0.32948,3.016362,0,-0.023122,8.06,0.0030056000000000006,5.598421958998375,14,0,SOFT,86.28,1.336999999999989,0.051500000000009066,5.0,8.0,-0.10809266666666666,0,1.1172370370370377,1.1172370370370377,1.1172370370370377,1.3174312124302436,1.3174312124302436,1.3174312124302436,1.3415382768831003,1.3415382768831003,1.3415382768831003,1.3559641707208456,1.3559641707208456,1.3559641707208456,1.304669315875502,1.304669315875502,1.304669315875502,1.1923468416960437,1.1923468416960437,1.1923468416960437,1.1380169836413783,1.1380169836413783,1.1380169836413783,1.3145536521451318,1.3145536521451318,1.3145536521451318,1.0340971921663802,1.0340971921663802,1.0340971921663802,1.145078697307615,1.145078697307615,1.145078697307615,1.1172370370370377,raw_step_s
7,BOR,14,4433.726,4886.446,4886.446,MEDIUM>HARD,HARD,14,2,3.0576666666666625,,,"LIN,ALO",2,-0.049000000000020805,,,0.526831,0.14907066666666666,86.70566666666667,83.64800000000001,1,14.0,0.21212121212121213,66,8,0.15200000000000102,-0.07399999999999807,0.26600000000000534,-0.04999999999999716,0.09220000000000006,0.09220000000000006,0.3519117399869458,0.13573969484134807,0.13573969484134807,-0.27300000000001035,-0.025000000000005684,0,1,0,86.526,-0.5590073373037256,0.07399999999999807,0.17966666666667663,-0.024124999999997954,1.2319999999999993,1.2980000000000018,0.04353969484134801,7.0,13.0,51.2,30.9,0.7000000000000028,0,0,27.6,0.4,0.33526,1.0,1.176374,0,-0.23945300000000003,9.072000000000001,0.1877456,5.676753802268282,15,0,MEDIUM,86.526,1.338000000000008,0.26816666666667766,5.0,9.0,-0.39712233333333335,0,1.1172370370370377,1.1172370370370377,1.1172370370370377,1.1521682748297764,1.1521682748297764,1.1521682748297764,1.4411152619717984,1.4411152619717984,1.4411152619717984,1.0254980422221407,1.0254980422221407,1.0254980422221407,0.7245230656921211,0.7245230656921211,0.7245230656921211,1.1844886572139852,1.1844886572139852,1.1844886572139852,1.1033896343178191,1.1033896343178191,1.1033896343178191,1.2905744571592792,1.2905744571592792,1.2905744571592792,1.5322904206652779,1.5322904206652779,1.5322904206652779,1.2130865696004176,1.2130865696004176,1.2130865696004176,1.1172370370370377,raw_step_s
7,HAD,14,4416.762,4886.446,4886.446,MEDIUM>HARD,HARD,14,2,2.86933333333333,,,"LIN,ALO",2,0.5420000000000016,,,0.4260173333333333,0.17985966666666664,85.15066666666667,82.28133333333334,1,14.0,0.21212121212121213,66,8,0.3825000000000003,0.22299999999999898,-0.20699999999999363,-0.2149999999999892,0.052166666666669435,0.052166666666669435,-0.0710941707735202,0.07117366360333248,0.07117366360333248,0.22299999999999898,0.1844999999999999,0,1,0,85.294,0.11293218891587742,-0.22299999999999898,-0.14333333333333087,-0.25337499999999125,-0.5040000000000049,1.713000000000008,0.019006996936663044,7.0,8.0,50.7,30.8,0.20000000000000284,0,0,27.7,1.4,0.323529,0.852941,1.573776,0,-0.407465,8.792000000000002,0.18117624,5.659482215759621,15,0,MEDIUM,85.294,0.5826666666666682,-0.5198333333333286,5.0,9.0,-0.5167833333333334,0,1.1172370370370377,1.1172370370370377,1.1172370370370377,1.1521682748297764,1.1521682748297764,1.1521682748297764,1.3846736738799976,1.3846736738799976,1.3846736738799976,0.8772932313528321,0.8772932313528321,0.8772932313528321,0.04552091849507511,0.04552091849507511,0.04552091849507511,1.11199201261845,1.11199201261845,1.11199201261845,1.1181289059668151,1.1181289059668151,1.1181289059668151,1.1892525937254779,1.1892525937254779,1.1892525937254779,0.8999506924792913,0.8999506924792913,0.8999506924792913,1.1422242847889976,1.1422242847889976,1.1422242847889976,1.1172370370370377,raw_step_s
7,LEC,15,4479.933,4974.286,4974.286,MEDIUM>HARD,HARD,15,2,1.8696666666666886,-0.18616666666666504,2.0558333333333536,"LAW,HAM,LIN,ALO",4,-0.29299999999999216,2.3488333333333458,0.32116666666666305,0.017892666666666668,0.020338333333333333,83.84833333333334,81.97866666666665,1,15.0,0.22727272727272727,66,8,0.3084999999999951,0.0,-0.043000000000006366,-0.14100000000000534,0.08899999999999883,0.08899999999999883,0.08519366865073152,0.08858077106010868,0.08858077106010868,0.043000000000006366,-0.006000000000000227,0,1,0,84.039,-0.13401832927822,0.0,-0.1906666666666581,-0.1907499999999942,-0.7339999999999947,1.093500000000006,-0.00041922893989014554,7.0,1.0,50.7,31.0,0.0,0,0,27.5,2.5,0.017857,0.02381,17.481625,0,0.0,9.420000000000002,0.0107142,5.707110264748875,16,0,MEDIUM,84.039,0.5776666666666728,-0.6029999999999944,5.0,10.0,-0.7869933333333334,0,1.1172370370370377,1.1172370370370377,1.1172370370370377,1.155952912555714,1.155952912555714,1.155952912555714,1.1414097003945232,1.1414097003945232,1.1414097003945232,1.1890407039936357,1.1890407039936357,1.1890407039936357,0.5159030977604724,0.5159030977604724,0.5159030977604724,1.0014949918872864,1.0014949918872864,1.0014949918872864,0.9832024009101994,0.9832024009101994,0.9832024009101994,1.4632475298514684,1.4632475298514684,1.4632475298514684,0.8439250404008034,0.8439250404008034,0.8439250404008034,1.0389868033189282,1.0389868033189282,1.0389868033189282,1.1172370370370377,raw_step_s
7,BEA,17,4690.763,5173.288,5173.288,MEDIUM>HARD,HARD,17,2,1.7693333333333499,-0.3226666666666773,2.092000000000027,"ALB,PER,LAW,COL,OCO",5,,,0.23733333333333917,0.04050766666666667,0.509127,86.24533333333333,84.47599999999998,1,17.0,0.25757575757575757,66,8,0.12449999999999761,0.2219999999999942,-0.2219999999999942,-0.15099999999999625,-0.007416666666667145,-0.007416666666667145,-0.16866277016434594,0.06329367888933887,0.06329367888933887,0.2219999999999942,-0.09799999999999898,0,1,0,86.707,0.2621774246285753,-0.2219999999999942,-0.4616666666666589,-0.3084999999999951,2.594999999999999,1.3605000000000018,0.07071034555600601,7.0,10.0,50.2,31.1,-1.0,0,0,27.8,3.1,0.098266,0.144509,8.476384,0,0.086705,10.336000000000002,0.06682088,5.860786223465865,18,0,MEDIUM,86.707,0.9476666666666773,1.5779999999999983,5.0,12.0,-0.8600623333333334,0,1.1172370370370377,1.4353501683501693,1.2838677248677257,1.1635221880075894,1.3858770353014451,1.2799937746853234,1.3993491288204987,1.5279585174203343,1.4667159514204124,1.2961121749186804,1.4451296370969777,1.374168940821598,1.3319118751417836,1.637846331261134,1.492163256918586,1.4824595842783108,1.755926278074971,1.6257040429337042,1.3599314931539803,1.6333648785428028,1.5031585045481253,2.0831232986330854,2.212714382287883,2.151004342452265,1.7004449021783894,2.109371217061817,1.9146444004506609,1.3777821018735268,1.6379791173713316,1.5140757766580912,1.2838677248677257,raw_step_s
7,ALO,20,4974.286,5430.444,5430.444,HARD>HARD,HARD,20,2,2.1820000000000164,-1.0470000000000113,3.2290000000000276,"PER,ALB,COL,OCO,SAI",5,-0.4383333333333326,3.66733333333336,0.40800000000000125,0.4568736666666667,0.015526666666666666,87.90066666666667,85.71866666666665,1,20.0,0.30303030303030304,66,8,0.2704999999999984,0.5510000000000019,-0.49200000000000443,-0.8004999999999995,0.07059999999999889,0.07059999999999889,-0.4208764956601243,0.08834452426804243,0.08834452426804243,0.49200000000000443,0.1869999999999976,0,0,1,88.393,0.649629917927399,-0.5510000000000019,-0.4923333333333346,-0.7791250000000076,4.324000000000012,1.2864999999999966,0.017744524268043543,7.0,20.0,49.3,30.9,-0.5,0,0,28.6,3.6,0.570621,0.932203,0.858398,0,0.07347800000000004,11.439999999999998,0.45649680000000004,6.042632833682381,21,0,HARD,88.393,1.538666666666657,2.4988333333333417,5.0,15.0,-0.13042533333333334,0,1.1172370370370377,1.7201675485008807,1.5256738351254475,2.23833541683892,2.7524859009024114,2.586630906043221,2.9073373079133296,3.341527052026166,3.201465844247832,2.2181126245304688,2.707916638680424,2.5499153437933417,3.141549624196018,4.075876948714381,3.774481037579425,1.5362280284269887,2.111430549222606,1.9258813489659552,1.5576145437583473,2.147118921106434,1.9569562187360836,2.6639748530589644,3.121874633322429,2.9741650267858275,1.713506321159871,2.402703037024043,2.180381515777536,1.6018857274385176,2.168707570215752,1.9858618144811602,1.5256738351254475,raw_step_s
7,LIN,21,5024.573,5516.135,5516.135,MEDIUM>HARD,HARD,21,2,2.4143333333333317,-1.1276666666666841,3.542000000000016,"ALB,PER,OCO,SAI,HUL",5,0.33466666666666356,3.2073333333333522,0.369000000000014,0.05346633333333333,0.4292126666666667,86.382,83.96766666666667,1,21.0,0.3181818181818182,66,8,0.26949999999999363,1.4039999999999964,-1.100999999999999,-1.4380000000000024,0.0822083333333321,0.0822083333333321,-0.791111529555593,0.08762400259821383,0.08762400259821383,1.100999999999999,0.14699999999999136,0,1,0,87.217,1.2199819033600647,-1.4039999999999964,-0.8349999999999937,-1.208999999999989,3.1480000000000103,1.2014999999999887,0.005415669264881726,7.0,9.0,50.1,30.9,0.5,0,0,29.0,1.7,0.137143,0.634286,2.089211,0,0.125515,12.684000000000001,0.11520011999999999,6.063785208687608,22,0,MEDIUM,87.217,1.6170000000000044,2.355333333333334,5.0,16.0,-0.11263999999999999,0,1.1172370370370377,1.726962962962963,1.5364236111111114,1.1766628386155524,1.6998843804084751,1.5363776485981868,2.0238890103416254,2.4714454463707956,2.3315840601116795,1.9724979564259826,2.4709756955088062,2.3152014020454237,1.7847438852848363,2.738136493639011,2.4402013035283314,1.5199065850951012,2.108425885617254,1.9245136042040814,1.5957370232099477,2.198739577303871,2.01030127914952,2.2553679858424807,2.710927736858298,2.5685653146658547,1.7059099522327454,2.410404164024268,2.1902497228394173,1.6080499197290703,2.1868653088958743,2.005985499781248,1.5364236111111114,raw_step_s
7,HAM,26,5395.331,5945.335,5945.335,HARD>MEDIUM,MEDIUM,15,2,2.4056666666666757,-0.5953333333333575,3.001000000000033,"HAD,RUS,LEC,PIA,NOR",5,-0.17600000000001614,3.1770000000000493,0.11433333333336293,0.1419446666666667,0.26175133333333334,83.16166666666668,80.756,1,15.0,0.3939393939393939,66,8,0.21700000000000585,0.40500000000000114,-0.0660000000000025,-0.4410000000000025,0.1222285714285726,0.1222285714285726,-0.03805950674373548,0.12073217581725314,0.12073217581725314,0.0660000000000025,0.042499999999996874,0,0,1,83.331,0.05987148561308686,-0.40500000000000114,-0.16933333333332712,-0.44199999999999307,-1.2194999999999965,1.2489999999999952,-0.0014963956113194649,7.0,2.0,49.0,30.8,-1.6000000000000014,0,0,27.6,3.6,0.024096,0.644578,2.265872,0,-0.287281,8.4,0.0144576,6.253828811575473,27,1,HARD,83.331,1.1406666666666752,1.3363333333333334,5.0,10.0,0.020164333333333354,0,1.1172370370370377,1.7288051529790667,1.5434814814814821,2.4437451902482783,2.9705575843687155,2.81091746493828,1.7892736790584087,2.233457409369478,2.098856278972184,1.423480617916331,1.9208602447961916,1.7701391457416884,-0.06565484880243733,0.8653042312837977,0.5831954191364538,1.1280042744303316,1.7034085509756536,1.5290436186891923,1.2060337014865214,1.8006188332363338,1.6204415205848754,1.7855090673776566,2.20761883072758,2.0797067812276033,1.394082651816682,2.0709418296674844,1.8658329878945141,1.2738036292384716,1.8444770985049717,1.67154574418179,1.5434814814814821,raw_step_s
7,ALB,28,5660.053,6122.707,6122.707,HARD>HARD,HARD,15,2,2.1173333333333204,-0.03699999999999193,2.1543333333333123,"OCO,ALO,GAS,LIN,LAW",5,-0.10333333333332462,2.257666666666637,0.1419999999999959,0.14926166666666665,0.27033433333333334,86.29233333333333,84.17500000000001,1,15.0,0.42424242424242425,66,8,0.4730000000000061,0.37300000000000466,-2.730000000000004,-2.5090000000000003,0.22450000000000614,0.22450000000000614,-1.0967235068197283,0.19664700339077668,0.19664700339077668,2.730000000000004,0.33200000000000784,0,0,1,88.197,1.7097937597204123,-0.37300000000000466,-1.904666666666671,-1.803625000000011,3.615000000000009,1.1420000000000101,-0.027852996609229463,7.0,18.0,48.7,30.6,-0.19999999999999574,0,0,28.3,4.9,0.40678,0.644068,1.313292,0,0.37754,8.220000000000002,0.24406799999999998,6.368187186350492,29,1,HARD,88.197,1.1159999999999997,0.42033333333333656,5.0,10.0,-0.16116933333333336,0,1.1172370370370377,1.7743540740740753,1.5866063492063502,2.2194122282092312,2.7513330339151887,2.5993556608563435,2.808695432776614,3.203948745265933,3.091019227411842,2.5515186343464977,3.0253368011710453,2.889960182078317,1.480795872454626,2.324079819088062,2.083141548621366,1.5362280284269887,2.1272079116411353,1.9583565164370933,1.485900597166467,2.0906381890308965,1.9178560199267736,2.557387893132044,2.93280849519125,2.825545466031477,1.713506321159871,2.3832934471802387,2.191925696888705,1.4898013337965086,2.070276832968319,1.904426690347802,1.5866063492063502,raw_step_s
7,VER,28,5573.71,6122.707,6122.707,MEDIUM>HARD,HARD,16,2,1.8389999999999844,-0.42433333333332257,2.263333333333307,"RUS,LEC,NOR,PIA,LIN",5,-0.26866666666667527,2.5319999999999823,0.037666666666666515,0.056104666666666664,0.065453,83.33466666666666,81.49566666666668,1,16.0,0.42424242424242425,66,8,0.15649999999998698,0.0969999999999942,0.0,-0.3435000000000059,0.0913749999999999,0.0913749999999999,0.08272883985802082,0.09657227272402669,0.09657227272402669,-0.1740000000000066,0.022999999999996135,0,1,0,83.309,-0.1292319702235858,-0.0969999999999942,0.02566666666666606,-0.26224999999999454,-1.2849999999999966,1.213000000000008,0.005197272724026786,7.0,4.0,48.9,30.8,-2.1000000000000014,0,0,27.9,3.2,0.023952,0.48503,2.534949,0,-0.011976,8.895999999999999,0.01532928,6.333279628139691,29,1,MEDIUM,83.309,0.9996666666666698,0.5676666666666772,5.0,11.0,0.033820666666666666,0,1.1172370370370377,1.7743540740740753,1.5866063492063502,1.1597375502816516,1.691658355987609,1.539680982928764,1.0659470583802002,1.4612003708695196,1.3482708530154284,0.9182474748166571,1.3920656416412045,1.2566890225484766,0.9556056173327941,1.7988895639662301,1.557951293499534,0.9854489147455963,1.5764287979597427,1.4075774027557009,0.9862868839149661,1.5910244757793954,1.418242306675273,0.9751729017667676,1.3505935038259733,1.2433304746662004,1.3304606308110685,2.000247756831436,1.8088800065399024,1.0349136433267514,1.615389142498562,1.4495389998780448,1.5866063492063502,raw_step_s
7,SAI,29,5723.583,6207.995,6207.995,HARD>HARD,HARD,15,2,1.3660000000000139,-0.10199999999998965,1.4680000000000035,"LAW,ALO,GAS,BEA,RUS",5,0.08866666666665424,1.3793333333333493,0.23133333333332473,0.021442666666666665,0.17055266666666669,85.39300000000001,84.027,1,15.0,0.4393939393939394,66,8,0.2530000000000001,0.0,0.0,-0.2804999999999893,0.10150000000000267,0.10150000000000267,0.17306791183804648,0.10839178586338356,0.10839178586338356,-0.3710000000000093,0.3790000000000049,0,0,1,85.353,-0.27225347568135305,0.0,0.040000000000020464,-0.19112499999998533,0.9204999999999899,1.0494999999999948,0.006891785863380892,7.0,13.0,50.3,30.5,1.5999999999999943,0,0,28.3,3.0,0.02924,0.05848,11.05168,0,0.005847999999999999,9.179999999999998,0.017544,6.386879319362645,30,1,HARD,85.353,1.103333333333353,0.28750000000000386,5.0,10.0,0.003656333333333331,0,1.1172370370370377,1.7743540740740753,1.5866063492063502,2.2194122282092312,2.7513330339151887,2.5993556608563435,2.428722671738396,2.8239759842277152,2.7110464663736242,2.4952920308708784,2.969110197695426,2.833733578602698,1.9222930838102688,2.765577030443705,2.524638759977009,1.3769756524893473,1.967955535703494,1.7991041404994519,1.1280307805335825,1.732768372398012,1.5599862032938892,2.257082866957285,2.632503469016491,2.525240439856718,1.639520012538642,2.3093071385590096,2.117939388267476,1.2007935030161105,1.7812690021879212,1.615418859567404,1.5866063492063502,raw_step_s
7,PER,30,5842.063,7057.631,7057.631,HARD>HARD,HARD,18,2,2.441666666666677,-0.34499999999999886,2.786666666666676,"ALO,LIN,GAS,BEA,LEC",5,0.3720000000000141,2.414666666666662,0.200666666666649,0.08432466666666666,0.151236,86.83933333333334,84.39766666666667,1,18.0,0.45454545454545453,66,8,0.45349999999999824,-0.2849999999999966,0.0,0.1424999999999983,-0.09849999999999995,-0.09849999999999995,0.5089214930504227,0.08121130905436386,0.08121130905436386,0.242999999999995,-0.14750000000000085,0,0,1,86.699,-0.7884336569558172,0.2849999999999966,0.14033333333334497,0.40774999999999295,2.441999999999993,1.1210000000000022,0.1797113090543638,7.0,17.0,49.0,30.3,-0.20000000000000284,0,0,28.4,2.6,0.022989,0.074713,6.595253,0,0.005648,10.08,0.01655208,6.436150368369428,31,1,HARD,86.699,1.6530000000000058,1.3380000000000034,5.0,13.0,-0.2692703333333334,0,1.1172370370370377,1.7743540740740753,1.5866063492063502,2.2307661413870443,2.7626869470930018,2.6107095740341566,2.111845110590129,2.507098423079448,2.394168905225357,2.0872405884609737,2.5610587552855213,2.425682136192793,2.3141820138101172,3.1574659604435533,2.9165276899768573,1.1046017268389314,1.695581610053078,1.526730214849036,1.1576830849444515,1.762420676808881,1.5896385077047581,2.432782190187427,2.808202792246633,2.70093976308686,1.5057316172152353,2.175518743235603,1.9841509929440693,1.2173775547197323,1.797853053891543,1.6320029112710257,1.5866063492063502,raw_step_s
7,HAD,31,5855.164,7140.782,7140.782,HARD>HARD,HARD,16,2,2.379666666666651,-0.27933333333332655,2.6589999999999776,"BEA,GAS,ANT,LEC,ALO",5,-0.3976666666666233,3.056666666666601,0.25,0.19022333333333333,0.185022,84.16799999999999,81.78833333333334,1,16.0,0.4696969696969697,66,8,0.2494999999999976,0.8100000000000023,-0.39000000000000057,-1.075499999999991,0.21900000000000003,0.21900000000000003,-0.31138918282091765,0.1626000562123759,0.1626000562123759,0.39000000000000057,-0.14750000000000085,0,0,1,84.568,0.4864257454996874,-0.8100000000000023,-0.4000000000000057,-0.9412499999999966,0.23199999999999932,1.3889999999999958,-0.05639994378762414,7.0,8.0,49.0,30.3,-0.20000000000000284,0,0,28.4,2.6,0.325444,0.372781,6.734273,0,0.301775,8.96,0.20828416,6.439350371100098,32,1,HARD,84.568,1.2609999999999957,0.7006666666666632,5.0,11.0,0.0013819999999999943,0,1.1172370370370377,1.7743540740740753,1.5866063492063502,2.223196865935169,2.7551176716411265,2.6031402985822814,2.2980142958126146,2.693267608301934,2.580338090447843,2.062213413741511,2.5360315805660587,2.4006549614733306,2.6575934585507692,3.5008774051842053,3.2599391347175093,1.5239327602829449,2.1149126434970915,1.9460612482930495,1.5541770338396277,2.1589146257040572,1.9861324565999343,1.9918388039153745,2.36725940597458,2.259996376814807,1.7065191454977584,2.376306271518126,2.1849385212265924,1.5800245714397494,2.16050007061156,1.9946499279910426,1.5866063492063502,raw_step_s
7,BOR,32,5985.048,7223.977,7223.977,HARD>HARD,HARD,17,2,3.168999999999997,-0.28899999999998727,3.457999999999984,"ALO,GAS,BEA,LEC,HAM",5,-2.00266666666667,5.460666666666654,0.31133333333333724,0.414892,0.037841,86.832,83.663,1,17.0,0.48484848484848486,66,8,0.7109999999999985,0.0,1.0889999999999986,-0.5105000000000075,0.4,0.4,0.6776588932496139,0.26056688694772706,0.26056688694772706,-1.475999999999999,0.24500000000000455,0,0,1,85.977,-1.0551413211883016,0.0,0.8549999999999898,-0.3346250000000026,1.6274999999999977,0.8485000000000014,-0.13943311305227296,7.0,13.0,49.2,29.8,0.7000000000000028,0,0,27.9,3.6,0.069767,0.790698,1.725534,0,-0.495947,9.656,0.047441559999999994,6.484635235635252,33,1,HARD,85.977,3.0136666666666656,2.5450000000000017,5.0,12.0,0.3950033333333333,0,1.1172370370370377,1.7986353276353293,1.6093580246913595,2.226981503661107,2.73697925824062,2.595313215301866,3.0459672969923597,3.4497259816016386,3.3375707914323947,2.703092831792943,3.19646360946079,3.0594161712197216,3.2843593097685844,4.190260085972623,3.9386209814715016,1.399818697611694,2.0172094465574633,1.8457120162947498,1.2069468290672005,1.834565012213004,1.6602266280058364,2.9192459637116226,3.3040795272027443,3.197181315121877,1.6459207689870543,2.3288539291931767,2.139150273580365,1.302451096812922,1.9041338089945938,1.7369997222774627,1.6093580246913595,raw_step_s
7,COL,33,6049.924,7307.171,7307.171,HARD>HARD,HARD,21,2,0.7893333333333317,-0.394999999999996,1.1843333333333277,"GAS,BEA,LEC,VER,HAM",5,-0.1876666666666864,1.372000000000014,0.09199999999998454,0.5568873333333334,0.6272596666666667,85.00533333333334,84.21600000000001,1,21.0,0.5,66,8,0.1844999999999999,0.9909999999999997,-0.88900000000001,-1.0204999999999984,0.045224999999999224,0.045224999999999224,-0.640644185043115,0.05979550011388913,0.05979550011388913,0.88900000000001,0.17899999999999494,0,0,1,85.632,0.9879445350575367,-0.9909999999999997,-0.6266666666666652,-0.9118750000000091,1.8290000000000077,1.4669999999999987,0.014570500113889905,7.0,11.0,49.9,30.2,0.6999999999999957,0,0,28.4,3.5,0.561404,1.0,0.942463,0,-0.012560000000000016,12.515999999999998,0.47157936,6.505784060128229,34,1,HARD,85.632,0.7610000000000099,0.5753333333333378,5.0,16.0,0.47202766666666673,0,1.1172370370370377,1.7986353276353293,1.6093580246913595,2.24012215426907,2.750119908848583,2.608453865909829,2.517178970880988,2.920937655490267,2.8087824653210225,1.8807973688327,2.3741681465005473,2.2371207082594786,2.158029945108602,3.0639307213126408,2.8122916168115193,1.4981473175762847,2.1155380665220545,1.9440406362593405,1.5364629199964583,2.1640811031422618,1.9897427189350942,1.4147306424831414,1.7995642059742631,1.692665993893396,1.7052180394674583,2.388151199673581,2.198447544060769,1.567381557955174,2.169064270136846,2.0019301834197147,1.6093580246913595,raw_step_s
7,NOR,34,6063.1,7390.458,7390.458,HARD>HARD,HARD,21,2,2.3506666666666547,,,"VER,HAM",2,0.11700000000000443,,,0.229733,0.48978866666666665,83.187,80.83633333333334,1,21.0,0.5151515151515151,66,8,0.15350000000000108,0.0,0.0,-0.08399999999998897,0.03361428571428563,0.03361428571428563,0.11968107460388921,0.06425201698728135,0.06425201698728135,0.26599999999999113,0.09949999999999903,0,0,1,83.115,-0.18456151849215985,0.0,0.07200000000000273,-0.05412499999998488,-0.6880000000000024,1.4669999999999987,0.030637731272995718,7.0,3.0,49.9,30.2,0.6999999999999957,0,0,28.4,3.5,0.024096,0.156627,3.605236,0,-0.04819300000000001,12.515999999999998,0.02024064,6.51025834052315,35,1,HARD,83.115,1.093999999999994,1.0183333333333358,5.0,16.0,0.09157100000000001,0,1.1172370370370377,1.7986353276353293,1.6093580246913595,2.24012215426907,2.750119908848583,2.608453865909829,1.9358826885087101,2.3396413731179893,2.227486182948745,1.8670921985768685,2.360462976244716,2.223415538003647,1.3699460591420642,2.275846835346103,2.0242077308449815,0.9891381061993167,1.6065288551450863,1.4350314248823723,0.8968815089836072,1.5244996921294107,1.350161307922243,1.810413143053602,2.1952467065447236,2.0883484944638564,1.311963217241086,1.9948963774472084,1.8051927218343966,1.0314019145190043,1.6330846267006762,1.465950539983545,1.6093580246913595,raw_step_s
7,BOR,52,7722.235,8810.457,8810.457,HARD>SOFT,SOFT,19,2,2.1573333333333267,0.14733333333333576,2.009999999999991,"LAW,COL,LIN,GAS,PIA",5,0.40166666666667084,1.60833333333332,0.1636666666666713,0.154762,0.23745433333333332,84.07633333333332,81.919,1,19.0,0.7878787878787878,66,8,0.30400000000000205,-0.06300000000000239,0.0,0.03149999999999409,0.09774999999999898,0.09774999999999898,0.259020887815808,0.07966824758815302,0.07966824758815302,0.11599999999999966,0.19900000000001228,0,0,1,84.094,-0.41790680902748534,0.06300000000000239,-0.017666666666670494,0.07637500000001296,1.0300000000000011,1.188999999999993,-0.018081752411845953,7.0,15.0,50.3,30.2,-0.20000000000000284,0,0,27.9,0.0,0.166667,0.940476,1.469969,0,0.023809999999999998,11.627999999999997,0.12666692000000002,6.926577033222725,53,4,HARD,84.094,1.211999999999989,0.2469999999999999,11.0,8.0,0.07465533333333334,0,1.1172370370370377,1.8593289760348588,1.6906717171717176,1.645565866150056,2.0265322620180672,1.939948990229883,1.346720905037642,1.6037249915325793,1.545314971874639,1.1578515369202558,1.531816605878833,1.4468245447518837,0.38608069392709443,1.0879419141622066,0.9284280004724085,1.1080532198951796,1.7577748356329894,1.6101108320562143,0.7178623243297709,1.3889908475653931,1.2364616377391155,1.236014328731958,1.5330638849739735,1.4655526221916975,1.5061107851966862,2.1428781110527932,1.9981582642673144,0.8932016782205677,1.5306214431559837,1.385753314761571,1.6906717171717176,raw_step_s
7,SAI,54,7888.375,8810.457,8810.457,HARD>MEDIUM,MEDIUM,24,2,2.3346666666666778,-0.007000000000005002,2.3416666666666828,"COL,LAW,GAS,LIN,PIA",5,-0.03900000000001569,2.3806666666666985,0.5843333333333476,0.031558333333333334,0.23521766666666669,84.53333333333335,82.19866666666667,1,24.0,0.8181818181818182,66,8,0.2914999999999921,0.08800000000000807,-0.05500000000000682,-0.36299999999999955,0.12071428571428555,0.12071428571428555,-0.21750786764367547,0.011947036854648107,0.011947036854648107,0.08800000000000807,0.08049999999999358,0,0,1,84.581,0.3422736046916981,-0.08800000000000807,-0.04766666666665742,-0.3876249999999999,1.5085000000000122,1.0829999999999913,-0.10876724885963744,7.0,13.0,48.7,29.9,-1.5999999999999943,0,0,27.2,1.6,0.029586,0.08284,11.554065,0,-0.005916999999999999,13.152000000000003,0.02840256,6.959398512133975,55,4,HARD,84.581,0.14333333333334508,-0.766166666666668,14.0,10.0,-0.1929026666666667,0,1.1172370370370377,1.8593289760348588,1.6906717171717176,2.4698153285985667,2.850781724466578,2.764198452678394,1.9392363641042025,2.1962404505991397,2.1378304309411997,1.6740424077288139,2.048007476687391,1.9630154155604418,0.6062708539581176,1.3081320741932299,1.1486181605034318,1.333950827687304,1.9836724434251138,1.8360084398483387,1.1642524281043367,1.835380951339959,1.6828517415136812,1.7112125073009024,2.008262063542918,1.9407508007606418,1.0145994156289242,1.6513667414850313,1.5066468946995524,1.1227690112792472,1.760188776214663,1.6153206478202504,1.6906717171717176,raw_step_s
8,HAM,11,4228.986,4651.902,4651.902,MEDIUM>HARD,HARD,11,2,0.8606666666666598,-0.19033333333334213,1.051000000000002,"VER,HAD,ANT,PIA,NOR",5,-0.3329999999999984,1.3840000000000003,0.15366666666665196,0.08547333333333333,0.305747,73.33366666666666,72.473,1,11.0,0.15492957746478872,71,8,0.2469999999999999,1.875,-1.6839999999999975,-2.0264999999999986,0.1776666666666677,0.1776666666666677,-1.0017200332051601,0.22629830060092404,0.22629830060092404,1.6839999999999975,0.19350000000000023,0,1,0,74.52,1.6506644180164045,-1.875,-1.1863333333333372,-1.8655000000000115,0.2819999999999965,1.036999999999999,0.048631633934256346,7.0,2.0,50.6,34.8,-0.29999999999999716,0,0,29.2,1.2,0.201342,0.33557,3.954419,0,0.187643,6.864000000000001,0.08859048,5.342334251964811,12,0,MEDIUM,74.52,1.245666666666665,0.9943333333333252,5.0,6.0,-0.33536,0,1.478929824561404,1.478929824561404,1.478929824561404,1.4866771954721394,1.4866771954721394,1.4866771954721394,1.9561301882616655,1.9561301882616655,1.9561301882616655,1.8881281036111792,1.8881281036111792,1.8881281036111792,1.6761544787547578,1.6761544787547578,1.6761544787547578,1.946270167403264,1.946270167403264,1.946270167403264,1.86885487382044,1.86885487382044,1.86885487382044,2.144401195825724,2.144401195825724,2.144401195825724,1.973850686807154,1.973850686807154,1.973850686807154,1.8830482430844118,1.8830482430844118,1.8830482430844118,1.478929824561404,raw_step_s
8,GAS,12,4328.712,4726.045,4726.045,MEDIUM>HARD,HARD,12,2,2.0363333333333458,0.49833333333333485,1.538000000000011,"OCO,HUL,BEA,ALB,COL",5,0.10233333333333405,1.4356666666666769,0.1076666666666597,0.9668873333333333,0.29219066666666665,75.22833333333334,73.192,1,12.0,0.16901408450704225,71,8,0.32049999999999557,0.0,0.21099999999999852,-0.15849999999998943,0.22237500000000132,0.22237500000000132,0.3374198564654023,0.151064036870934,0.151064036870934,-0.644999999999996,-0.05999999999998806,0,1,0,74.943,-0.552617355026797,0.0,0.285333333333341,-0.21112499999999557,1.179000000000002,0.8519999999999897,-0.07131096312906732,7.0,13.0,51.6,34.8,0.5,0,0,29.5,0.6,1.0,1.0,0.418617,0,0.09933800000000004,7.968000000000001,0.48,5.480638923341991,13,0,MEDIUM,74.943,1.1940000000000026,0.8843333333333305,5.0,7.0,-0.012857666666666656,0,1.478929824561404,1.478929824561404,1.478929824561404,1.482117561139208,1.482117561139208,1.482117561139208,1.8566155520838339,1.8566155520838339,1.8566155520838339,0.7720430891357288,0.7720430891357288,0.7720430891357288,0.921454881001996,0.921454881001996,0.921454881001996,2.018826551290757,2.018826551290757,2.018826551290757,1.902644986952921,1.902644986952921,1.902644986952921,0.7848748955950641,0.7848748955950641,0.7848748955950641,2.0112016904846874,2.0112016904846874,2.0112016904846874,1.8459362151081269,1.8459362151081269,1.8459362151081269,1.478929824561404,raw_step_s
8,LEC,12,4307.049,4726.045,4726.045,MEDIUM>HARD,HARD,12,2,0.5523333333333511,0.17166666666665265,0.38066666666669846,"PIA,HAD,VER,NOR,ANT",5,0.31799999999998363,0.06266666666671483,0.21066666666665412,0.065977,0.230688,73.32900000000001,72.77666666666666,1,12.0,0.16901408450704225,71,8,0.4849999999999923,0.3719999999999999,0.0,-0.4549999999999983,0.17849999999999966,0.17849999999999966,-0.04563490319262087,0.11026803679871343,0.11026803679871343,-0.05999999999998806,0.16400000000000148,0,1,0,73.433,0.0747923135957933,-0.3719999999999999,-0.1039999999999992,-0.4307500000000033,-0.5659999999999883,1.086999999999989,-0.06823196320128623,7.0,5.0,51.6,34.8,1.0,0,0,29.5,0.6,0.047619,0.442177,2.563643,0,-0.0068029999999999965,7.968000000000001,0.02285712,5.44673737166631,13,0,MEDIUM,73.433,1.1826666666666625,0.8573333333333343,5.0,7.0,-0.08427833333333333,0,1.478929824561404,1.478929824561404,1.478929824561404,1.482117561139208,1.482117561139208,1.482117561139208,1.7218445032896517,1.7218445032896517,1.7218445032896517,1.8062825952518096,1.8062825952518096,1.8062825952518096,1.659058038714445,1.659058038714445,1.659058038714445,1.9328091250799233,1.9328091250799233,1.9328091250799233,1.8562528557701121,1.8562528557701121,1.8562528557701121,1.821189019289879,1.821189019289879,1.821189019289879,1.94356208081409,1.94356208081409,1.94356208081409,1.8203713001490658,1.8203713001490658,1.8203713001490658,1.478929824561404,raw_step_s
8,SAI,13,4407.115,4799.91,4799.91,SOFT>MEDIUM,MEDIUM,13,2,1.1836666666666815,0.24899999999999523,0.9346666666666863,"HUL,COL,BEA,STR,ALO",5,0.027999999999991587,0.9066666666666947,0.347999999999999,0.7608536666666667,0.022507333333333334,75.28733333333334,74.10366666666665,1,13.0,0.18309859154929578,71,8,0.36350000000000904,-0.26899999999999125,0.26899999999999125,-0.08499999999999375,0.16279166666666534,0.16279166666666534,0.32663010683076266,0.1169444197748093,0.1169444197748093,-0.26899999999999125,-0.04450000000000642,1,0,0,75.069,-0.5257303386719485,0.26899999999999125,0.2183333333333337,-0.08462500000000261,0.5745000000000005,0.8030000000000044,-0.04584724689185604,7.0,15.0,51.2,34.7,-0.3999999999999986,0,0,29.6,1.0,0.666667,1.0,0.786227,0,-0.03532000000000002,8.424000000000001,0.34666684000000003,5.568344503761097,14,0,SOFT,75.069,1.0706666666666678,0.5364999999999942,5.0,8.0,0.11512233333333333,0,1.478929824561404,1.478929824561404,1.478929824561404,1.935213483290329,1.935213483290329,1.935213483290329,1.6995257021106474,1.6995257021106474,1.6995257021106474,0.9750298911734409,0.9750298911734409,0.9750298911734409,1.2491225111026218,1.2491225111026218,1.2491225111026218,2.0246695942152306,2.0246695942152306,2.0246695942152306,1.379604317805858,1.379604317805858,1.379604317805858,0.8929589131241906,0.8929589131241906,0.8929589131241906,1.992868235153427,1.992868235153427,1.992868235153427,1.5286701914764016,1.5286701914764016,1.5286701914764016,1.478929824561404,raw_step_s
8,BOR,16,4618.349,5030.997,5030.997,SOFT>MEDIUM,MEDIUM,16,2,1.4193333333333413,-0.11299999999999955,1.5323333333333409,"BEA,ALO,ANT,HAM,STR",5,-0.061333333333323026,1.593666666666664,0.07066666666666777,0.16113433333333335,0.5330656666666667,74.29233333333333,72.87299999999999,1,16.0,0.22535211267605634,71,8,0.0694999999999979,0.0,0.018999999999991246,-0.060000000000002274,0.03200000000000358,0.03200000000000358,0.11183654463067683,0.030332664025765038,0.030332664025765038,-0.018999999999991246,-0.10999999999999943,1,0,0,74.072,-0.17470155547238164,0.0,0.22033333333332905,-0.018375000000006025,0.2150000000000034,1.0690000000000026,-0.001667335974238543,7.0,10.0,51.3,34.6,-0.30000000000000426,0,0,28.5,2.2,0.006757,0.277027,3.077282,0,-0.013513,10.431999999999999,0.00432448,5.75890177387728,17,0,SOFT,74.072,0.32433333333332826,-0.07466666666666794,5.0,11.0,-0.832063,0,1.478929824561404,1.478929824561404,1.478929824561404,1.9215345802915345,1.9215345802915345,1.9215345802915345,1.3777485492234798,1.3777485492234798,1.3777485492234798,1.4035623139900375,1.4035623139900375,1.4035623139900375,1.3884329375307374,1.3884329375307374,1.3884329375307374,1.3295880968016442,1.3295880968016442,1.3295880968016442,1.1804279444733696,1.1804279444733696,1.1804279444733696,1.7901885100117125,1.7901885100117125,1.7901885100117125,1.5986790947475085,1.5986790947475085,1.5986790947475085,1.3048092581790338,1.3048092581790338,1.3048092581790338,1.478929824561404,raw_step_s
8,ALB,17,4708.807,5105.055,5105.055,MEDIUM>MEDIUM,MEDIUM,17,2,1.0806666666666729,-0.25533333333332564,1.3359999999999985,"BEA,ALO,STR,GAS,LEC",5,0.041333333333327005,1.2946666666666715,0.3063333333333418,0.04008933333333333,0.315392,74.96966666666667,73.889,1,17.0,0.23943661971830985,71,8,0.1419999999999959,0.09300000000000352,-0.09300000000000352,0.01999999999999602,-0.05579999999999998,-0.05579999999999998,0.06554322300297599,0.022621366388170246,0.022621366388170246,0.09300000000000352,0.03900000000000148,0,1,0,75.072,-0.10188350038382055,-0.09300000000000352,-0.10233333333333405,0.09624999999999773,1.0559999999999974,1.041000000000011,0.07842136638817022,7.0,15.0,51.3,34.6,0.0,0,0,28.6,1.8,0.026667,0.42,2.620862,0,-0.026666,11.083999999999998,0.01813356,5.834810737062605,18,0,MEDIUM,75.072,0.5556666666666672,0.2923333333333318,5.0,12.0,-0.43712366666666663,0,1.478929824561404,1.3758859649122799,1.4402883771929824,1.674797120772281,1.5704620326380343,1.6356714627219384,1.3900733865861645,1.2074961329869969,1.3216069164864768,1.4741623806480835,1.3029188078239968,1.409946040839051,1.5618734028049297,1.4259587674569134,1.5109054145494236,1.0213518262545753,0.8404179094651413,0.9535016074585375,1.082219784220267,0.9141884163613037,1.0192080212731558,1.6324529886891672,1.4184972338293231,1.5522195806167258,1.5759910796484602,1.3904604096250446,1.5064170783896793,1.3069384454215904,1.1365415160186318,1.243039596895481,1.4402883771929824,raw_step_s
8,HAD,17,4679.225,5105.055,5105.055,MEDIUM>MEDIUM,MEDIUM,17,2,1.9453333333333234,-0.07900000000000773,2.024333333333331,"GAS,LEC,ANT,HAM,BEA",5,-0.1486666666666565,2.1729999999999876,0.37999999999999545,0.05442199999999999,0.7468273333333334,73.58033333333333,71.635,1,17.0,0.23943661971830985,71,8,0.05349999999999966,-0.07800000000000296,0.04000000000000625,0.01999999999999602,0.052349999999999855,0.052349999999999855,0.21178935416453726,0.06135688143202481,0.06135688143202481,-0.2670000000000101,-0.07800000000000296,0,1,0,73.478,-0.3292154361303261,0.07800000000000296,0.10233333333333405,0.06700000000002149,-0.4865000000000066,0.9095000000000013,0.009006881432024952,7.0,6.0,51.3,34.6,0.0,0,0,28.6,1.8,0.034014,0.503401,2.462605,0,-0.020407999999999996,11.083999999999998,0.02312952,5.808142489980444,18,0,MEDIUM,73.478,0.9206666666666621,0.669999999999997,5.0,12.0,-0.137595,0,1.478929824561404,1.3758859649122799,1.4402883771929824,1.674797120772281,1.5704620326380343,1.6356714627219384,1.2956780043995126,1.113100750800345,1.2272115342998249,1.2936006375932454,1.1223570647691588,1.2293842977842129,1.4017569016919424,1.2658422663439262,1.3507889134364364,1.208917945650076,1.0279840288606419,1.1410677268540383,1.2412298210494035,1.0731984531904402,1.1782180581022923,1.329782130302783,1.115826375442939,1.2495487222303416,1.5306441962365935,1.345113526213178,1.4610701949778127,1.3560557302202148,1.1856588008172562,1.2921568816941051,1.4402883771929824,raw_step_s
8,LIN,17,4689.386,5105.055,5105.055,MEDIUM>HARD,HARD,17,2,1.5476666666666858,-0.3293333333333237,1.8770000000000095,"BEA,ANT,STR,GAS,HAM",5,-0.6100000000000136,2.487000000000023,0.250333333333316,0.11561566666666667,0.5105636666666666,74.44333333333334,72.89566666666666,1,17.0,0.23943661971830985,71,8,0.2184999999999988,0.0,0.3780000000000001,-0.029000000000010573,0.11737499999999912,0.11737499999999912,0.33203019970746084,0.07215485129026153,0.07215485129026153,-0.9039999999999964,-0.018999999999991246,0,1,0,74.016,-0.5161235201662322,0.0,0.4273333333333369,0.049875000000000114,-0.028000000000005798,0.9110000000000014,-0.04522014870973759,7.0,9.0,51.3,34.6,0.0,0,0,28.6,1.8,0.006757,0.243243,3.307515,0,-0.31990999999999997,11.083999999999998,0.00459476,5.817111159963204,18,0,MEDIUM,74.016,0.9066666666666663,0.43633333333333724,5.0,12.0,-0.7664046666666666,0,1.478929824561404,1.3758859649122799,1.4402883771929824,1.4593193894745506,1.354984301340304,1.4201937314242081,1.5226249087601467,1.340047655160979,1.454158438660459,1.6609682793008003,1.4897247064767136,1.5967519394917677,1.4184082686703383,1.282493633322322,1.3674402804148322,1.8299242139019605,1.6489902971125265,1.7620739951059228,1.7751904389307867,1.6071590710718233,1.7121786759836755,2.0953797663120337,1.8814240114521896,2.0151463582395923,1.858696796625558,1.6731661266021425,1.7891227953667772,1.826983022951803,1.6565860935488443,1.7630841744256935,1.4402883771929824,raw_step_s
8,OCO,17,4705.105,5105.055,5105.055,MEDIUM>MEDIUM,MEDIUM,17,2,1.2800000000000011,-0.25533333333332564,1.5353333333333268,"ALO,STR,BEA,GAS,LEC",5,-0.7306666666666786,2.2660000000000053,0.3063333333333418,0.4039736666666667,0.39943466666666666,75.44066666666667,74.16066666666667,1,17.0,0.23943661971830985,71,8,0.17499999999999716,0.0,0.0,-0.16100000000000136,0.0608333333333318,0.0608333333333318,0.16236970131475914,0.10561145453807352,0.10561145453807352,-0.21399999999999864,0.045999999999999375,0,1,0,75.477,-0.2523951793684631,0.0,-0.03633333333333155,-0.15387499999999932,1.4609999999999985,0.9629999999999939,0.04477812120474172,7.0,13.0,51.3,34.6,0.0,0,0,28.6,1.8,0.794702,1.0,0.7378,0,0.384106,11.083999999999998,0.54039736,5.8289456176102075,18,0,MEDIUM,75.477,1.4336666666666673,1.1859999999999928,5.0,12.0,0.07064033333333336,0,1.478929824561404,1.3758859649122799,1.4402883771929824,1.674797120772281,1.5704620326380343,1.6356714627219384,1.639244329388188,1.4566670757890203,1.5707778592885002,0.7435484025274504,0.5723048297033638,0.6793320627184178,1.578711437244235,1.4427968018962187,1.527743448988729,1.9817303753616167,1.8007964585721825,1.913880156565579,1.3478328828919848,1.1798015150330214,1.2848211199448736,0.8264842567698965,0.6125285019100525,0.746250848697455,2.0016646459833964,1.8161339759599808,1.9320906447246156,1.5211754991802484,1.3507785697772898,1.4572766506541388,1.4402883771929824,raw_step_s
8,VER,17,4666.383,5105.055,5105.055,MEDIUM>HARD,HARD,17,2,0.9170000000000158,-0.07900000000000773,0.9960000000000235,"LEC,HAM,ANT,GAS,BEA",5,1.0223333333333215,-0.026333333333298015,0.37999999999999545,0.011446999999999999,0.5991479999999999,72.70800000000001,71.791,1,17.0,0.23943661971830985,71,8,0.12449999999999761,0.0,0.0,0.04399999999999693,-0.0606666666666662,-0.0606666666666662,0.183992482027179,0.031623061330410845,0.031623061330410845,0.10699999999999932,-0.018999999999991246,0,1,0,72.733,-0.28604767778728046,0.0,-0.024999999999991473,0.285499999999999,-1.231499999999997,0.8710000000000022,0.09228972799707705,7.0,2.0,51.3,34.6,-0.30000000000000426,0,0,28.6,1.8,0.013699,0.054795,4.799097,0,-9.400000000000033e-05,11.083999999999998,0.009315319999999998,5.796057750765372,18,0,MEDIUM,72.733,0.9000000000000057,0.6493333333333311,5.0,12.0,-0.07690433333333334,0,1.478929824561404,1.3758859649122799,1.4402883771929824,1.4593193894745506,1.354984301340304,1.4201937314242081,1.0053067468329933,0.8227294932338256,0.9368402767333054,1.0690449026923394,0.8978013298682529,1.004828562883307,0.6445906066644176,0.5086759713164013,0.5936226184089115,0.9333130528210034,0.7523791360315694,0.8654628340249656,1.4743992031714916,1.3063678353125283,1.4113874402243805,1.044568463622336,0.830612708762492,0.9643350555498945,1.4538994556073426,1.268368785583927,1.3843254543485617,1.5077097606855496,1.337312831282591,1.44381091215944,1.4402883771929824,raw_step_s
8,LAW,18,4760.302,5182.324,5182.324,MEDIUM>HARD,HARD,18,2,1.214333333333343,-0.08299999999999841,1.2973333333333414,"BEA,SAI,GAS,LEC,ANT",5,-0.8776666666666699,2.1750000000000114,0.45766666666668243,0.11564599999999998,0.674563,74.349,73.13466666666666,1,18.0,0.2535211267605634,71,8,0.13700000000000045,1.1099999999999994,-1.0060000000000002,-1.2575000000000074,0.08591666666666833,0.08591666666666833,-0.69178621052572,0.10577776998912167,0.10577776998912167,1.0060000000000002,-0.007000000000005002,0,1,0,75.098,1.0717321615307611,-1.1099999999999994,-0.7489999999999952,-1.0955000000000013,0.9549999999999983,0.9549999999999983,0.019861103322453333,7.0,8.0,51.1,34.5,-0.19999999999999574,0,0,29.6,0.6,0.326667,0.706667,1.546844,0,0.31315299999999996,11.592,0.23520024,5.872117789475416,19,0,MEDIUM,75.098,0.7823333333333409,0.4816666666666644,5.0,13.0,-0.1954233333333334,0,1.478929824561404,1.3554978070175472,1.4240711500974677,1.4547597551416191,1.3295623820894693,1.3991164782295527,1.5804208861695686,1.3197637723818443,1.464573280041691,1.3138203922435,1.1866803354103297,1.2573137003176464,1.2942244349052943,1.193307676763064,1.2493725423976363,1.9806714005747927,1.6745998367697192,1.8446395944392044,1.801918637511271,1.5296162146100065,1.6808953384440424,1.2636172324463968,1.100975760274233,1.1913321337032128,1.9500645996770622,1.6401544590804904,1.8123267594119192,1.8431639804141942,1.5806611772881631,1.726496067913736,1.4240711500974677,raw_step_s
8,PIA,18,4748.455,5182.324,5182.324,MEDIUM>HARD,HARD,18,2,1.7540000000000049,-0.38466666666667493,2.13866666666668,"GAS,LEC,ANT,HAM,SAI",5,0.14633333333333098,1.9923333333333488,0.18833333333331836,0.009085666666666667,0.011655,73.24366666666667,71.48966666666666,1,18.0,0.2535211267605634,71,8,0.10799999999999699,0.21599999999999397,-0.27199999999999136,-0.04999999999998295,-0.04598333333333381,-0.04598333333333381,-0.04129602274475985,0.034885210000943356,0.034885210000943356,0.3499999999999943,-0.024500000000003297,0,1,0,73.451,0.06397681110937015,-0.21599999999999397,-0.20733333333332382,-0.09237499999998988,-0.6030000000000086,0.9575000000000031,0.08086854333427718,7.0,4.0,51.1,34.5,-0.19999999999999574,0,0,29.6,0.6,0.013605,0.034014,6.667105,0,0.006756000000000001,11.592,0.009795600000000002,5.860786223465865,19,0,MEDIUM,73.451,0.9156666666666808,0.6386666666666608,5.0,13.0,-0.6381206666666666,0,1.478929824561404,1.3554978070175472,1.4240711500974677,1.4547597551416191,1.3295623820894693,1.3991164782295527,1.1160633126288273,0.855406198841103,1.0002157065009498,1.2083914860713354,1.0812514292381652,1.151884794145482,0.7969114131332844,0.6959946549910542,0.7520595206256265,1.1038240496998788,0.7977524858948053,0.9677922435642906,1.521605905643933,1.2493034827426686,1.4005826065767044,1.613859369198302,1.4512178970261382,1.541574270455118,1.5133721807053853,1.2034620401088134,1.3756343404402422,1.7147540536102241,1.4522512504841931,1.598086141109766,1.4240711500974677,raw_step_s
8,RUS,18,4734.252,5182.324,5182.324,MEDIUM>HARD,HARD,18,2,1.3269999999999982,-0.38466666666667493,1.711666666666673,"LEC,ANT,HAM,GAS,SAI",5,-0.2046666666666539,1.916333333333327,0.18833333333331836,0.0068650000000000004,0.11188800000000003,72.865,71.538,1,18.0,0.2535211267605634,71,8,0.08950000000000102,0.0,0.0,0.003500000000002501,-0.000766666666667959,-0.000766666666667959,0.1354219017486713,0.06698462803152921,0.06698462803152921,-0.007000000000005002,-0.07800000000000296,0,1,0,72.904,-0.20979893104463088,0.0,-0.03900000000000148,-0.019749999999987722,-1.112000000000009,1.041000000000011,0.06775129469819717,7.0,1.0,51.1,34.5,-0.19999999999999574,0,0,29.6,0.6,0.006849,0.020548,8.44998,0,-4.80000000000003e-05,11.592,0.00493128,5.8522024797744745,19,0,MEDIUM,72.904,1.0609999999999928,0.7966666666666575,5.0,13.0,-0.025558666666666664,0,1.478929824561404,1.3554978070175472,1.4240711500974677,1.4547597551416191,1.3295623820894693,1.3991164782295527,1.1203306262108337,0.8596735124231094,1.0044830200829562,1.1874927880663129,1.0603527312331427,1.1309860961404594,0.8702285150597794,0.7693117569175492,0.8253766225521215,1.710075682437249,1.4040041186321754,1.5740438763016606,1.6268871729650531,1.3545847500637886,1.5058638738978245,1.1453683805984065,0.9827269084262427,1.0730832818552225,1.7313269027807128,1.421416762184141,1.5935890625155698,1.6882924513755644,1.4257896482495334,1.5716245388751062,1.4240711500974677,raw_step_s
8,OCO,32,5873.977,6283.736,6283.736,MEDIUM>HARD,HARD,14,2,0.2750000000000057,-0.5506666666666717,0.8256666666666774,"GAS,BEA,BOR,COL,LAW",5,,,0.016000000000005343,0.020439333333333334,0.027397333333333333,73.345,73.07,1,14.0,0.4507042253521127,71,6,0.09849999999999426,0.19900000000001228,0.0,-0.14850000000001273,0.019599999999999795,0.019599999999999795,-0.07544853856900602,0.02430551506415537,0.02430551506415537,0.2050000000000125,0.027999999999991587,0,1,0,73.406,0.14220812501109492,-0.19900000000001228,-0.06100000000000705,-0.1281666666666723,0.936000000000007,0.7639999999999958,0.004705515064155574,5.0,15.0,50.5,34.5,-0.8999999999999986,0,0,32.0,2.3,0.027211,0.22449,3.177748,0,0.013512,8.68,0.01523816,6.453624998892692,33,4,MEDIUM,73.406,0.09633333333333383,0.01533333333333553,12.0,2.0,0.004535333333333332,0,1.478929824561404,1.3618323586744692,1.4036528822055172,1.4729982924733451,1.2787407116572453,1.3481184190915667,1.2267264820904265,1.106544628611977,1.1494667191399948,1.333337801553289,1.3512410277215203,1.3448470183757235,1.1780053014004614,1.2145278295146085,1.2014840694738416,1.2175677629047355,1.000698943562594,1.0781520933276445,1.4831320367395695,1.3197578427465992,1.37810576917266,1.1359780810114968,1.0656007594308041,1.0907355171381943,1.1302116701652687,0.7959067639464935,0.9153013733103418,1.2406215692492306,1.0167563015535082,1.096708182873409,1.4036528822055172,raw_step_s
8,ALB,36,6178.496,6585.783,6585.783,MEDIUM>HARD,HARD,18,2,0.9356666666666626,-0.6829999999999927,1.6186666666666554,"STR,BOR,BEA,ALO,COL",5,0.1039999999999992,1.5146666666666562,0.44000000000001194,0.08696599999999999,0.15451066666666666,74.38199999999999,73.44633333333333,1,18.0,0.5070422535211268,71,8,0.34949999999999903,-0.1629999999999967,0.0,0.15850000000000364,0.0712500000000027,0.0712500000000027,0.4447449943565971,0.08745719755978104,0.08745719755978104,-0.882000000000005,0.15450000000000585,0,1,0,74.131,-0.7447705827604381,0.1629999999999967,0.25099999999999056,0.19325000000000614,1.269999999999996,0.7129999999999939,0.01620719755977834,7.0,16.0,51.3,34.6,0.19999999999999574,0,0,32.3,2.2,0.047297,0.310811,3.131493,0,-0.12603599999999998,11.735999999999999,0.034053839999999995,6.5722825426940075,37,4,MEDIUM,74.131,0.25199999999999534,-0.05299999999999727,12.0,6.0,-0.23308266666666666,0,1.478929824561404,1.3618323586744692,1.4036528822055172,1.4547597551416191,1.2605021743255194,1.3298798817598407,1.4586797815083838,1.3384979280299345,1.3814200185579522,1.5676655905179047,1.585568816686136,1.579174807340339,1.5199342003198768,1.5564567284340238,1.543412968393257,1.880527827836503,1.6636590084943614,1.741112158259412,1.636427172826791,1.4730529788338207,1.5314009052598814,1.5193875654343756,1.449010243853683,1.474145001561073,1.9640814801055129,1.6297765738867378,1.749171183250586,1.422352528151738,1.1984872604560155,1.2784391417759164,1.4036528822055172,raw_step_s
8,LEC,36,6108.594,6585.783,6585.783,HARD>HARD,HARD,23,2,0.9089999999999918,-0.24533333333333474,1.1543333333333266,"PIA,RUS,HUL,LAW,LIN",5,-0.03299999999998704,1.1873333333333136,0.26866666666666106,0.020753666666666667,0.08585933333333333,72.36466666666666,71.45566666666667,1,23.0,0.5070422535211268,71,8,0.23349999999999937,0.27199999999999136,-0.27199999999999136,-0.33499999999999375,0.07259999999999897,0.07259999999999897,-0.15794289399599393,0.05822316972675129,0.05822316972675129,0.39799999999999613,0.15749999999999886,0,0,1,72.588,0.26449138876637335,-0.27199999999999136,-0.22333333333332916,-0.3356249999999932,-0.2510000000000048,0.7224999999999966,-0.014376830273247682,7.0,4.0,51.1,34.7,-0.29999999999999716,0,0,31.7,1.0,0.02069,0.075862,4.308043,0,0.006897,14.812000000000001,0.0190348,6.546785410760524,37,4,HARD,72.588,0.18599999999999284,-0.04616666666667868,17.0,6.0,-0.43850533333333336,0,1.478929824561404,1.3618323586744692,1.4036528822055172,2.1982838618381173,2.0040262810220177,2.073403988456339,1.7348649222998334,1.614683068821384,1.6576051593494017,1.7815214472998904,1.7994246734681216,1.7930306641223248,0.7748740662169042,0.8113965943310513,0.7983528342902845,1.3068238606507065,1.089955041308565,1.1674081910736156,2.1303943217495,1.9670201277565296,2.0253680541825902,2.049726303970475,1.9793489823897825,2.004483740097173,1.1766493448919468,0.8423444386731717,0.9617390480370199,2.0061327354672387,1.7822674677715162,1.8622193490914172,1.4036528822055172,raw_step_s
8,GAS,37,6226.396,6660.7,6660.7,HARD>MEDIUM,MEDIUM,24,2,1.4966666666666555,-0.48166666666666913,1.9783333333333246,"BOR,LAW,LIN,STR,OCO",5,-0.1733333333333178,2.1516666666666424,0.1250000000000142,0.018018,0.255866,73.87433333333333,72.37766666666667,1,24.0,0.5211267605633803,71,8,0.3575000000000017,0.1980000000000075,-0.01999999999999602,-0.4194999999999993,0.13716666666666555,0.13716666666666555,-0.019874214824923797,0.10918749762454211,0.10918749762454211,0.01999999999999602,0.18149999999999977,0,0,1,73.947,0.032549465656316556,-0.1980000000000075,-0.07266666666667732,-0.4265000000000043,0.7565000000000026,0.6424999999999983,-0.027979169042123442,7.0,12.0,51.1,34.5,0.0,0,0,32.1,1.8,0.013514,0.047297,9.913295,0,-0.006756,15.456000000000001,0.012973440000000001,6.588926477533519,38,4,HARD,73.947,0.7423333333333204,0.3096666666666673,17.0,7.0,0.0020826666666666667,0,1.478929824561404,1.3618323586744692,1.4036528822055172,2.4041398458288583,2.2098822650127588,2.27925997244708,2.1350858045021743,2.014903951023725,2.0578260415517424,2.144881384638137,2.1627846108063684,2.1563906014605716,1.7086611818287187,1.7451837099428658,1.7321399499020989,2.0882563460368413,1.8713875266946998,1.9488406764597503,2.2172699259813764,2.053895731988406,2.112243658414467,2.1927858584304993,2.122408536849807,2.147543294557197,2.0059064794784502,1.6716015732596752,1.7909961826235234,2.1597310452676344,1.935865777571912,2.015817658891813,1.4036528822055172,raw_step_s
8,HAD,39,6331.068,6809.817,6809.817,MEDIUM>HARD,HARD,21,2,0.9996666666666556,-0.12000000000000455,1.1196666666666601,"NOR,HUL,OCO,VER,ANT",5,0.38733333333333064,0.7323333333333295,0.031999999999982265,0.032169333333333335,0.4254006666666667,72.45666666666666,71.45700000000001,1,21.0,0.5492957746478874,71,8,0.12000000000001165,0.0,0.0,-0.1284999999999883,0.03895833333333283,0.03895833333333283,0.06924040473921877,0.040220070152107025,0.040220070152107025,0.2150000000000034,0.1490000000000009,0,1,0,72.443,-0.10998750507310717,0.0,0.013666666666665606,-0.07424999999999216,-0.5259999999999962,0.8344999999999914,0.0012617368187741937,7.0,6.0,50.8,34.5,-0.30000000000000426,0,0,32.1,1.9,0.02069,0.144828,3.995947,0,-0.014032000000000003,13.271999999999998,0.0173796,6.626717749249025,40,4,MEDIUM,72.443,0.21266666666666367,-0.22866666666666902,12.0,9.0,-0.6593773333333333,0,1.478929824561404,1.3046306555863394,1.364733817301879,1.4360187391687664,1.1889326998443908,1.2741347823700377,1.0628759265793626,0.8989285663318621,0.9554621388310002,1.1456257832006296,1.106884744751939,1.1202437235273495,0.7680373808317111,0.7551110758135106,0.7595684223715108,1.182851508995252,0.9277880084129743,1.0157409396482424,1.453144311929095,1.234782863054725,1.3100799143907147,1.5190343643800142,1.40704647651349,1.445662989570912,1.1994117089388232,0.8376906572491802,0.9624220543835399,1.4908600392065519,1.2279549661659082,1.3186118879040611,1.364733817301879,raw_step_s
8,HAM,41,6471.312,6959.489,6959.489,SOFT>HARD,HARD,18,2,1.0803333333333427,0.07766666666667277,1.00266666666667,"VER,NOR,ANT,LEC,ALB",5,-0.20299999999998875,1.2056666666666587,0.2816666666666663,0.5280333333333332,0.17513700000000001,72.28266666666667,71.20233333333333,1,18.0,0.5774647887323944,71,8,0.20549999999999358,-0.06399999999999295,0.0,-0.012000000000000455,0.09227142857142964,0.09227142857142964,0.19711598468087743,0.07160148178475709,0.07160148178475709,0.02400000000000091,-0.20600000000000307,1,0,0,72.183,-0.3079178567787437,0.06399999999999295,0.09966666666666413,-0.058000000000006935,-0.7424999999999926,0.8019999999999996,-0.020669946786672555,7.0,5.0,51.6,34.4,0.6000000000000014,0,0,32.2,1.4,0.291667,1.0,1.159202,0,-0.11111100000000002,11.952,0.21000024,6.674561391814426,42,4,SOFT,72.183,0.6323333333333352,0.19983333333334008,7.0,11.0,-0.024204000000000114,0,1.478929824561404,1.3046306555863394,1.364733817301879,1.6969375803279414,1.4498515410035657,1.5350536235292127,1.0566700008887047,0.8927226406412042,0.9492562131403423,0.8907884559031811,0.8520474174544905,0.865406396229901,1.1018984834823882,1.0889721784641877,1.093429525022188,1.8221392926221438,1.5670757920398661,1.6550287232751342,1.6078672260734002,1.3895057771990302,1.4648028285350199,0.7558337106304838,0.6438458227639596,0.6824623358213817,1.7968282442752854,1.4351071925856425,1.5598385897200022,1.6817985122693453,1.4188934392287016,1.5095503609668546,1.364733817301879,raw_step_s
8,PIA,41,6470.112,6959.489,6959.489,HARD>HARD,HARD,22,2,1.3216666666666583,0.07766666666667277,1.2439999999999856,"NOR,ANT,VER,LEC,ALB",5,0.3453333333333575,0.8986666666666281,0.2816666666666663,0.060184999999999995,0.21381466666666668,72.05233333333332,70.73066666666666,1,22.0,0.5774647887323944,71,8,0.10299999999999443,0.0,-0.09199999999999875,-0.034000000000006025,0.0024571428571426124,0.0024571428571426124,0.13598500120490087,0.040793103865729964,0.040793103865729964,0.09900000000000375,-0.23550000000000182,0,0,1,72.116,-0.21242422420918672,0.0,-0.06366666666667697,0.05812500000000398,-0.8094999999999999,0.8019999999999996,0.038335961008587355,7.0,4.0,51.6,34.4,0.6000000000000014,0,0,32.2,1.4,0.145833,0.833333,1.510599,0,0.13194399999999998,14.608000000000002,0.12833303999999998,6.673297967767654,42,4,HARD,72.116,0.4406666666666581,0.008166666666663103,11.0,11.0,-0.06038100000000001,0,1.478929824561404,1.3046306555863394,1.364733817301879,2.2079056091451075,1.9608195698207318,2.046021652346379,1.4242019267002697,1.2602545664527691,1.3167881389519074,1.3221852446933289,1.2834442062446383,1.2968031850200488,0.9998282589522369,0.9869019539340363,0.9913593004920366,1.0746546559403154,0.8195911553580376,0.9075440865933058,2.052877594481831,1.834516145607461,1.9098131969434506,1.198224478997552,1.0862365911310279,1.12485310418845,1.3899766516604768,1.0282555999708338,1.1529869971051936,1.9336656890064507,1.6707606159658073,1.76141753770396,1.364733817301879,raw_step_s
8,RUS,42,6525.961,7034.622,7034.622,HARD>HARD,HARD,23,2,1.1949999999999932,-0.3059999999999974,1.5009999999999906,"VER,GAS,ANT,LEC,ALB",5,0.4613333333333429,1.0396666666666476,0.08533333333332394,0.020801333333333335,0.09872500000000001,72.13133333333333,70.93633333333334,1,23.0,0.5915492957746479,71,8,0.1454999999999984,-0.009000000000000341,0.0,0.004500000000007276,-0.028083333333333606,-0.028083333333333606,0.13113588354848105,0.04732187098228214,0.04732187098228214,0.28999999999999204,0.05500000000000682,0,0,1,72.225,-0.20384384883298878,0.009000000000000341,-0.0936666666666639,0.06337500000000773,-0.8569999999999993,0.8954999999999984,0.07540520431561575,7.0,1.0,51.9,34.5,0.6000000000000014,0,0,31.6,1.3,0.013793,0.165517,3.479628,0,-0.007040000000000001,15.548,0.012689559999999999,6.6895992691789665,43,4,HARD,72.225,0.7710000000000008,0.15800000000000125,11.0,12.0,-0.046847,0,1.478929824561404,1.3046306555863394,1.364733817301879,2.1982838618381173,1.9511978225137416,2.0363999050393886,1.4584406438477813,1.2944932836002807,1.351026856099419,1.5455235634173259,1.5067825249686353,1.5201415037440458,0.797921119445604,0.7849948144274034,0.7894521609854036,0.9941476501675426,0.7390841495852648,0.827037080820533,2.049149701495188,1.8307882526208181,1.9060853039568078,1.548627275261319,1.436639387394795,1.475255900452217,1.4098165553993127,1.0480955037096698,1.1728269008440295,1.9884391051749861,1.7255340321343424,1.8161909538724954,1.364733817301879,raw_step_s
8,BOR,43,6658.511,7111.717,7111.717,MEDIUM>HARD,HARD,26,2,1.9156666666666666,-0.416333333333327,2.3319999999999936,"ALB,ALO,GAS,OCO,VER",5,-0.4853333333333296,2.8173333333333233,0.22333333333332916,0.2995043333333333,0.05314466666666667,74.109,72.19333333333333,1,26.0,0.6056338028169014,71,8,0.2354999999999947,0.561000000000007,-0.1770000000000067,-0.7535000000000025,0.15208333333333002,0.15208333333333002,-0.18691443187671553,0.12446535342706799,0.12446535342706799,0.1770000000000067,0.2740000000000009,0,1,0,74.387,0.2895724214339168,-0.561000000000007,-0.2780000000000058,-0.6580000000000155,0.8245000000000005,1.099499999999999,-0.027617979906262025,7.0,11.0,52.1,34.5,0.10000000000000142,0,0,30.7,1.6,0.020134,0.053691,6.02492,0,-0.209596,17.784000000000002,0.020939359999999997,6.731018100482083,44,4,MEDIUM,74.387,1.3933333333333309,0.7006666666666728,13.0,13.0,0.265069,0,1.478929824561404,1.2682213868003382,1.3361918505942305,1.3879100026338174,1.0782427789444737,1.1781354317474877,1.5095008390331848,1.2969352256120386,1.3655047783285372,1.6998167033202205,1.5931214603832555,1.6275392806855025,1.3892167863643932,1.356086243735063,1.366773515550976,2.082767507414254,1.7880583868007385,1.883125845063163,1.708496481525564,1.4194001788340085,1.5126570506699941,1.6450411526194002,1.4616022444192975,1.5207760857741695,2.06135994778159,1.6723711791894937,1.7978514271224282,1.789023191831414,1.4757367639873875,1.5767969020015897,1.3361918505942305,raw_step_s
8,BEA,44,6759.153,7191.931,7191.931,HARD>MEDIUM,MEDIUM,20,2,1.2950000000000017,-0.3849999999999909,1.6799999999999926,"ALB,GAS,OCO,ANT,LEC",5,0.548333333333332,1.1316666666666606,0.11033333333331541,0.15906366666666666,0.08644933333333334,74.13033333333334,72.83533333333334,1,20.0,0.6197183098591549,71,8,0.26850000000000307,0.0,0.0,0.16500000000000625,-0.09583333333333441,-0.09583333333333441,0.4678983808947521,0.06995354589658989,0.06995354589658989,-0.929000000000002,0.046999999999997044,0,0,1,73.877,-0.7235124774964419,0.0,0.2533333333333445,0.599250000000012,0.7719999999999914,0.9080000000000013,0.1657868792299243,7.0,14.0,51.9,34.5,-0.20000000000000284,0,0,30.7,2.6,0.067568,0.418919,2.682309,0,-0.30827099999999996,13.52,0.0540544,6.761572768804055,45,3,HARD,73.877,1.0520000000000067,0.27283333333332394,6.0,14.0,0.04947466666666665,0,1.478929824561404,1.2786052631578981,1.3412066885964937,2.442626835056817,2.1057866133914347,2.2110491826618666,1.813533141897308,1.5816105500936901,1.6540863600323208,1.9247640535872053,1.7934542890577623,1.8344885904732133,2.0620716314975986,2.0208109082985986,2.0337048842982863,1.785894224000566,1.4776905325344742,1.574004186117628,2.1234749140750506,1.8147646588097148,1.9112366135801322,1.8850701289960365,1.6783275715430366,1.742934620747099,1.9400168778091633,1.545562152661626,1.6688292542702317,2.0703154115921434,1.7411299859864375,1.8440004314882206,1.3412066885964937,raw_step_s
8,HUL,44,6741.573,7191.931,7191.931,MEDIUM>HARD,HARD,23,2,0.6063333333333389,-0.3849999999999909,0.9913333333333298,"ALB,GAS,ANT,LEC,HAD",5,0.031999999999982265,0.9593333333333476,0.11033333333331541,0.025114333333333332,0.029885,73.01800000000001,72.41166666666668,1,23.0,0.6197183098591549,71,8,0.10350000000000392,0.046999999999997044,-0.046999999999997044,-0.13150000000000261,0.037333333333331595,0.037333333333331595,-0.05032147645448504,0.031428879926761674,0.031428879926761674,0.046999999999997044,0.09900000000000375,0,1,0,73.105,0.07778477063519063,-0.046999999999997044,-0.08699999999998909,-0.15487499999998988,0.0,1.382000000000005,-0.005904453406569921,7.0,12.0,51.9,34.5,-0.20000000000000284,0,0,30.7,2.6,0.034247,0.082192,6.457045,0,0.020548,15.548,0.03150724,6.756932389247553,45,4,MEDIUM,73.105,0.33233333333333803,-0.4274999999999949,9.0,14.0,0.004472,0,1.478929824561404,1.2786052631578981,1.3412066885964937,1.4167752445547868,1.079935022889404,1.185197592159836,1.094867099944392,0.8629445081407742,0.9354203180794047,1.2097602469121385,1.0784504823826955,1.1194847837981465,1.10328922322682,1.06202850002782,1.0749224760275076,1.2212655114443787,0.913061819978287,1.0093754735614406,1.4562814823692964,1.1475712271039606,1.244043181874378,1.021730327302075,0.8149877698490751,0.8795948190531375,1.525965319825961,1.1315105946784239,1.2547776962870292,1.4387977423856986,1.1096123167799927,1.2124827622817758,1.3412066885964937,raw_step_s
8,LAW,44,6725.685,7191.931,7191.931,HARD>MEDIUM,MEDIUM,25,2,1.5086666666666702,-0.3849999999999909,1.893666666666661,"ALB,GAS,ANT,HAD,LEC",5,0.4473333333333187,1.4463333333333424,0.11033333333331541,0.5244836666666667,0.30470933333333333,73.63566666666667,72.127,1,25.0,0.6197183098591549,71,8,0.3639999999999972,0.7139999999999986,-0.3579999999999899,-0.5360000000000014,0.04213333333333367,0.04213333333333367,-0.20186325892544232,0.08090587840055395,0.08090587840055395,0.3579999999999899,0.1629999999999967,0,0,1,73.993,0.3120315301040222,-0.7139999999999986,-0.3573333333333295,-0.3822499999999991,0.8954999999999984,1.3320000000000007,0.03877254506722028,7.0,10.0,51.9,34.5,-0.20000000000000284,0,0,30.7,2.6,0.702703,1.0,0.826622,0,0.138077,16.9,0.702703,6.752270376141742,45,4,HARD,73.993,1.1906666666666723,0.4333333333333371,11.0,14.0,0.1616183333333333,0,1.478929824561404,1.2786052631578981,1.3412066885964937,2.394518098521868,2.0576778768564856,2.1629404461269175,2.076116468539822,1.8441938767362043,1.9166696866748347,1.4785165736270551,1.3472068090976121,1.3882411105130632,2.680162160146926,2.638901436947926,2.651795412947614,2.127124432338751,1.818920740872659,1.9152343944558128,2.230970244806751,1.9222599895414152,2.0187319443118326,1.5986808353736603,1.3919382779206604,1.4565453271247228,2.1074067105995677,1.7129519854520305,1.8362190870606359,2.1878309041704753,1.8586454785647695,1.9615159240665525,1.3412066885964937,raw_step_s
8,COL,45,6841.776,7300.416,7300.416,HARD>MEDIUM,MEDIUM,25,2,2.1000000000000085,-0.2806666666666615,2.38066666666667,"OCO,ALB,GAS,HAD,ANT",5,-0.2960000000000065,2.6766666666666765,0.17500000000001137,0.2792576666666667,0.33552033333333336,74.305,72.205,1,25.0,0.6338028169014085,71,8,0.25,0.0,0.0,-0.23900000000000432,0.015874999999999417,0.015874999999999417,0.19573299975243685,0.04410874865055714,0.04410874865055714,0.41500000000000625,-0.03499999999999659,0,0,1,74.111,-0.30432224640011896,0.0,0.19400000000000261,0.15824999999999534,1.6460000000000008,1.4200000000000017,0.028233748650557722,7.0,15.0,51.9,34.8,-0.10000000000000142,0,0,30.1,0.8,0.047297,0.317568,3.234141,0,-0.143179,16.9,0.047297000000000006,6.786716950605081,46,5,HARD,74.111,0.9203333333333461,0.49316666666667197,10.0,15.0,-0.16884899999999997,0,1.478929824561404,1.2664774980930615,1.3308569909622563,2.394518098521868,2.053351274646193,2.156735160669125,1.9858348900490828,1.7612476605015916,1.829304396728104,2.0641076788546915,1.9321609859772255,1.9721448323037303,2.1850663273086717,2.1556703871111473,2.164578247777064,1.2759852162659358,0.9732171269362568,1.0649650327937352,2.061398942073008,1.7463944524599722,1.8418503584033163,2.2362083534004205,2.0158733985447963,2.0826415666828644,1.690440380083015,1.3044512933213634,1.4214176832491368,2.0317600439552934,1.6955307945698401,1.7974184458987654,1.3308569909622563,raw_step_s
8,LIN,45,6798.667,7300.416,7300.416,HARD>MEDIUM,MEDIUM,27,2,1.9066666666666663,-0.31466666666666754,2.221333333333334,"ALB,GAS,ANT,OCO,LEC",5,-0.059666666666672086,2.281000000000006,0.14100000000000534,0.018018,0.42824100000000004,73.95433333333334,72.04766666666667,1,27.0,0.6338028169014085,71,8,0.31150000000000233,0.06100000000000705,0.0,-0.21099999999999852,0.11058333333333437,0.11058333333333437,0.032518544677643035,0.09597284544703909,0.09597284544703909,-0.0379999999999967,-0.07899999999999352,0,0,1,73.962,-0.050192918178822765,-0.06100000000000705,-0.007666666666665378,-0.23712500000000603,1.2240000000000038,1.1814999999999998,-0.014610487886295279,7.0,9.0,52.0,34.7,0.10000000000000142,0,0,30.2,0.9,0.013514,0.054054,9.114851,0,-0.006756,18.36,0.01459512,6.773080375655535,46,4,HARD,73.962,1.4323333333333323,0.9329999999999975,12.0,15.0,-0.002704333333333333,0,1.478929824561404,1.2786052631578981,1.3412066885964937,2.3752746039078887,2.038434382242506,2.143696951512938,2.0485563909886686,1.816633799185051,1.8891096091236814,2.0881635763546162,1.9568538118251733,1.9978881132406243,2.0916405362576405,2.0503798130586404,2.063273789058328,2.13123207935775,1.8230283878916582,1.919342041474812,2.2346114629805975,1.9259012077152617,2.022373162485679,2.25137134246213,2.04462878500913,2.1092358342131927,2.1153222676890584,1.7208675425415212,1.8441346441501265,2.2137164882672407,1.8845310626615348,1.9874015081633178,1.3412066885964937,raw_step_s
8,NOR,46,6837.604,7374.769,7374.769,HARD>HARD,HARD,25,2,1.3543333333333436,-0.10099999999999199,1.4553333333333356,"HAM,LEC,PIA,HAD",4,-0.2946666666666715,1.750000000000007,0.11733333333332752,0.19774899999999998,0.15962466666666666,72.364,71.00966666666666,1,25.0,0.647887323943662,71,8,0.10549999999999926,0.1910000000000025,-0.11200000000000898,-0.2535000000000025,0.03959999999999937,0.03959999999999937,-0.10691176486119502,0.0505683395300549,0.0505683395300549,0.1910000000000025,-0.0379999999999967,0,0,1,72.465,0.1648698236773356,-0.1910000000000025,-0.10099999999999909,-0.28087500000000887,0.0,1.2309999999999945,0.010968339530055528,7.0,4.0,51.9,34.8,-0.10000000000000142,0,0,30.1,0.8,0.048276,0.17931,3.642982,0,0.027443,16.9,0.048276000000000006,6.785587645007929,47,4,HARD,72.465,0.5953333333333433,0.23216666666666674,9.0,16.0,0.09583233333333331,0,1.478929824561404,1.2664774980930615,1.3308569909622563,2.179040367224138,1.8378735433484628,1.9412574293713944,1.6399069538913373,1.4153197243438462,1.4833764605703585,1.6883037929497315,1.5563571000722656,1.5963409463987703,1.1839870501058085,1.1545911099082844,1.1634989705742007,1.3352143387775084,1.0324462494478295,1.1241941553053079,2.124210036557389,1.8092055469443529,1.904661452887697,1.5025347830199471,1.282199828164323,1.3489679963023908,1.613103507026036,1.2271144202643844,1.3440808101921577,2.049014888675076,1.7127856392896226,1.8146732906185479,1.3308569909622563,raw_step_s
8,LEC,58,7724.289,8258.07,8258.07,HARD>SOFT,SOFT,21,5,1.9506666666666774,-0.4963333333333253,2.4470000000000027,"BOR,BEA,HAD,LAW,ALO",5,,,0.45666666666666345,0.3880666666666667,0.262911,72.91866666666668,70.968,1,21.0,0.8169014084507042,71,5,0.06400000000000716,0.5759999999999934,0.0,-0.5759999999999934,0.08950000000000102,0.08950000000000102,-0.00935840141696076,0.03372133511241736,0.03372133511241736,0.5759999999999934,0.13400000000000034,0,0,1,72.651,0.018040894525455542,-0.5759999999999934,0.2676666666666847,-0.08499999999999375,0.6340000000000003,0.9024999999999963,-0.055778664887583665,4.0,7.0,50.7,34.3,-0.09999999999999432,0,0,31.1,1.5,0.193103,0.903448,1.826166,0,-0.237453,13.188000000000002,0.16220652000000002,7.004881989712859,59,7,HARD,72.651,0.0,0.0,20.0,1.0,0.0,0,1.478929824561404,1.3155348219032457,1.3535336597307244,1.5251361885847612,1.0931070799724525,1.1935789656962452,1.0771286039506873,0.865326544292925,0.9145828372365906,1.1009847211886845,0.9596805648512747,0.9925419965576491,0.9509527675288589,0.8907248422359967,0.9047313364901507,1.4334639889767782,1.1749662830299579,1.2350820285989859,1.8624483743372156,1.480303687038088,1.5691745445495129,1.2308174284298035,1.0360489531850856,1.081343947428043,0.8021501458967194,0.43111018253305994,0.517398546106004,1.7903852990195634,1.4014771763975373,1.4919209258445203,1.3535336597307244,raw_step_s
9,ALB,13,4696.511,5212.775,5212.775,HARD>MEDIUM,MEDIUM,12,9,2.509999999999991,0.05700000000000216,2.4529999999999887,"ALO,BOT,PER,BEA,BOR",5,1.2396666666666647,1.213333333333324,0.09599999999998943,0.16141233333333335,0.020708,99.005,96.495,1,12.0,0.25,52,8,0.8400000000000034,2.1430000000000007,0.0,-1.3520000000000039,-0.07750000000000057,-0.07750000000000057,-0.6229094160417361,0.24515803052470256,0.24515803052470256,-1.2109999999999985,-0.3365000000000009,0,0,1,99.328,1.16063087155743,-2.1430000000000007,-0.3230000000000075,-0.2775000000000034,3.3400000000000034,1.0450000000000017,0.3226580305247031,7.0,22.0,43.8,25.0,1.3999999999999986,0,0,48.3,0.4,0.165829,0.78392,1.431165,0,-0.15257900000000002,4.223999999999998,0.07959792,5.6937321388027,14,2,HARD,99.328,-0.8273333333333426,-0.5781666666666707,5.0,7.0,-0.04232899999999998,0,1.4320698412698427,1.4320698412698427,1.4320698412698427,2.074228086582036,2.074228086582036,2.074228086582036,3.1801090257684006,3.1801090257684006,3.1801090257684006,3.320919832324588,3.320919832324588,3.320919832324588,4.134794188815603,4.134794188815603,4.134794188815603,1.8716086758286163,1.8716086758286163,1.8716086758286163,2.116862171701444,2.116862171701444,2.116862171701444,2.323293475931355,2.323293475931355,2.323293475931355,1.134423286143895,1.134423286143895,1.134423286143895,1.932356695963352,1.932356695963352,1.932356695963352,1.4320698412698427,raw_step_s
9,VER,16,4861.1,5515.228,5515.228,MEDIUM>HARD,HARD,16,2,0.8539999999999992,0.20000000000001705,0.6539999999999822,"RUS,LEC,ANT,NOR,HAM",5,0.0519999999999925,0.6019999999999897,0.23166666666669755,0.9207093333333334,0.06382966666666666,94.62599999999999,93.77199999999999,1,16.0,0.3076923076923077,52,8,0.11050000000000182,0.0,-0.1880000000000024,0.11400000000000432,-0.05699999999999979,-0.05699999999999979,-0.025882547418973445,-0.009474353322550241,-0.009474353322550241,0.1880000000000024,0.1880000000000024,0,1,0,94.758,0.04071588672599091,0.0,-0.132000000000005,0.07349999999999568,-1.0949999999999989,0.7129999999999939,0.047525646677449546,7.0,5.0,42.9,25.0,-0.8000000000000043,0,0,48.6,3.7,0.994709,1.0,0.536375,0,0.0368139999999999,5.055999999999999,0.6366137599999999,5.814130531825066,17,2,MEDIUM,94.758,-0.008333333333354176,0.36683333333333223,6.0,10.0,0.737288,0,1.4320698412698427,1.4320698412698427,1.4320698412698427,1.3712728375648515,1.3712728375648515,1.3712728375648515,1.1231568372599876,1.1231568372599876,1.1231568372599876,0.6237173384968202,0.6237173384968202,0.6237173384968202,0.6789539497616219,0.6789539497616219,0.6789539497616219,0.8405436065450058,0.8405436065450058,0.8405436065450058,1.0747192257300033,1.0747192257300033,1.0747192257300033,0.0038960170027371177,0.0038960170027371177,0.0038960170027371177,0.6333012327224983,0.6333012327224983,0.6333012327224983,0.902602731154763,0.902602731154763,0.902602731154763,1.4320698412698427,raw_step_s
9,BOR,25,5758.687,6412.729,6412.729,MEDIUM>HARD,HARD,25,2,1.8033333333333417,0.1670000000000158,1.6363333333333259,"HUL,OCO,PIA,HAD,VER",5,,,0.5799999999999841,0.013961666666666666,0.617808,95.63533333333334,93.832,1,25.0,0.4807692307692308,52,3,0.05500000000000682,-0.13799999999999102,0.13799999999999102,0.13799999999999102,-0.09649999999999892,-0.09649999999999892,0.07030287022362813,-0.015025591359981483,-0.015025591359981483,-0.13799999999999102,0.17150000000000176,0,1,0,95.525,-0.1468505747126443,0.13799999999999102,0.11033333333332962,0.11033333333332962,-0.007999999999995566,1.203000000000003,0.08147440864001744,2.0,10.0,39.3,25.4,-2.0,0,0,48.5,2.8,0.041885,0.455497,2.752739,0,0.041885,4.299999999999997,0.04188499999999999,6.2878585601617845,26,4,MEDIUM,95.525,0.0,0.0,25.0,0.0,0.0,0,1.4320698412698427,1.5034784580498863,1.461473389355743,1.31515054303501,1.3035075538711673,1.3103563710263688,1.2595251279562207,1.1253442903807354,1.2042741948369031,1.2062981943311493,1.1233500270709467,1.1721430666357717,1.0816498797608316,0.8745430028212267,0.9963705774915825,0.9898458337453253,1.0829669362633778,1.0281898171351116,1.0624856491375545,1.0871168780759177,1.0726279198768804,1.298999256281523,1.4471150430052226,1.3599881096383404,0.6599667848406207,0.8880061392882773,0.7538653425543617,0.8423441510094353,0.917921375706846,0.8734641847083691,1.461473389355743,raw_step_s
9,LIN,26,5851.666,6510.579,6510.579,MEDIUM>HARD,HARD,26,2,1.8526666666666642,-0.30800000000000693,2.160666666666671,"OCO,COL,PIA,HUL,HAD",5,,,0.3056666666666672,0.20572466666666667,0.25542366666666666,95.622,93.76933333333334,1,26.0,0.5,52,4,0.14849999999999852,-0.14849999999999852,0.0,0.14849999999999852,-0.32933333333333314,-0.32933333333333314,0.1132982188269267,-0.04895530186283528,-0.04895530186283528,-0.29699999999999704,0.049000000000006594,0,1,0,95.523,-0.2162636394318156,0.14849999999999852,0.09900000000000375,0.34550000000001546,0.27949999999998454,0.8150000000000119,0.2803780314704979,3.0,9.0,39.3,25.6,0.0,0,0,48.5,2.8,0.246073,0.874346,1.425496,0,-0.005236000000000018,4.471999999999997,0.25591591999999996,6.322565239927284,27,4,MEDIUM,95.523,0.0,0.0,25.5,0.5,0.0,0,1.4320698412698427,1.5034784580498863,1.461473389355743,1.3080372596054615,1.296394270441619,1.3032430875968204,1.0618270456754573,0.9276462080999719,1.0065761125561397,0.9678840355876634,0.8849358683274609,0.9337289078922859,1.1456794606202925,0.9385725836806875,1.0604001583510434,0.9345819887262387,1.0277030912442913,0.972925972116025,1.1091139176941094,1.1337451466324726,1.1192561884334353,1.0069373548496516,1.1550531415733514,1.067926208206469,0.6507509284145045,0.8787902828621612,0.7446494861282456,0.8352579300901258,0.9108351547875365,0.8663779637890596,1.461473389355743,raw_step_s
9,LAW,27,5943.73,6606.407,6606.407,MEDIUM>HARD,HARD,27,2,1.5286666666666662,-0.10933333333335327,1.6380000000000194,"SAI,OCO,HUL,GAS,ALB",5,,,0.27966666666668516,0.25567100000000004,0.11683366666666667,95.68933333333332,94.16066666666666,1,27.0,0.5192307692307693,52,5,0.340999999999994,-0.6049999999999898,0.2639999999999958,0.6049999999999898,-0.20933333333333098,-0.20933333333333098,0.3202427324425372,-0.12382171687004989,-0.12382171687004989,-0.2639999999999958,-0.06900000000000261,0,1,0,95.183,-0.6099426418952589,0.6049999999999898,0.5063333333333162,0.5983999999999838,0.11000000000001364,0.5880000000000081,0.08551161646328109,4.0,8.0,39.3,25.1,0.0,0,0,49.5,1.7,0.131579,0.931579,1.910222,0,-0.187793,4.643999999999997,0.14210532,6.359573868672378,28,3,MEDIUM,95.183,0.0,0.0,26.0,1.0,0.0,0,1.4320698412698427,1.5034784580498863,1.461473389355743,1.3009239761759128,1.2892809870120703,1.2961298041672717,1.094321788940523,0.9601409513650376,1.0390708558212054,1.0972015504646644,1.0142533832044618,1.0630464227692868,1.2598781512516153,1.0527712743120103,1.1745988489823662,1.092394429646656,1.1855155321647084,1.1307384130364422,1.1551874276722633,1.1798186566106266,1.1653296984115893,1.1062267730523536,1.2543425597760534,1.167215626409171,0.716891640362419,0.9449309948100757,0.81079019807616,0.8684800391489287,0.9440572638463394,0.8996000728478625,1.461473389355743,raw_step_s
9,NOR,27,5921.548,6606.407,6606.407,MEDIUM>HARD,HARD,27,2,1.4056666666666757,-0.25833333333333997,1.6640000000000157,"HAD,COL,PIA,HUL,GAS",5,,,0.4309999999999974,0.0,0.163251,94.58933333333334,93.18366666666667,1,27.0,0.5192307692307693,52,5,0.15800000000000125,-0.19899999999999807,0.0,0.19899999999999807,-0.0651250000000001,-0.0651250000000001,0.07629083643661261,-0.036188705232407685,-0.036188705232407685,-0.19899999999999807,-0.06900000000000261,0,1,0,94.525,-0.14530551239566591,0.19899999999999807,0.06433333333333735,0.15099999999999625,-0.7349999999999852,0.6894999999999882,0.028936294767592415,4.0,3.0,39.3,25.2,0.0,0,0,48.5,2.8,0.0,0.0,6.907087,0,0.0,4.643999999999997,0.0,6.349138991379798,28,3,MEDIUM,94.525,0.0,0.0,26.0,1.0,0.0,0,1.4320698412698427,1.5034784580498863,1.461473389355743,1.3009239761759128,1.2892809870120703,1.2961298041672717,1.0656088643840902,0.9314280268086048,1.0103579312647726,1.0580041296904217,0.9750559624302191,1.0238490019950441,1.0620264313290284,0.8549195543894235,0.9767471290597793,0.8232079591295982,0.9163290616476508,0.8615519425193846,0.9866831904103357,1.011314419348699,0.9968254611496618,1.0409312056850744,1.189046992408774,1.1019200590418918,0.5294093219366715,0.7574486763843281,0.6233078796504125,0.7964763749225942,0.8720535996200048,0.827596408621528,1.461473389355743,raw_step_s
9,BEA,28,6080.448,6702.144,6702.144,MEDIUM>HARD,HARD,28,2,2.2690000000000055,-0.2563333333333446,2.52533333333335,"ALO,PER,STR,OCO,SAI",5,,,0.5253333333333217,0.38382233333333327,0.37453833333333336,97.04066666666667,94.77166666666666,1,28.0,0.5384615384615384,52,7,0.23799999999999955,0.2289999999999992,0.0,-0.5280000000000058,0.12199999999999989,0.12199999999999989,-0.0866687653286391,0.08660394086715685,0.08660394086715685,-0.1349999999999909,0.0975000000000037,0,1,0,97.185,0.15908641869020812,-0.2289999999999992,-0.14433333333333564,-0.3780000000000143,2.5330000000000013,1.132000000000005,-0.035396059132843036,6.0,15.0,38.4,24.8,-0.8999999999999986,0,0,50.8,2.3,0.615385,0.979487,0.800164,0,0.07930300000000001,3.8079999999999985,0.6892311999999999,6.411818267709897,29,3,MEDIUM,97.185,0.35133333333331507,0.8813333333333306,25.0,3.0,0.29098533333333326,0,1.4320698412698427,1.5034784580498863,1.461473389355743,1.2938106927463644,1.2821677035825219,1.2890165207377233,1.825820641064099,1.6916398034886135,1.7705697079447813,1.6135246302776884,1.5305764630174858,1.579369502582311,2.0366822388390173,1.8295753618994124,1.9514029365697683,1.849127518901596,1.9422486214196486,1.8874715022913824,1.5184330316352381,1.5430642605736014,1.528575302374564,1.5589958921104077,1.7071116788341074,1.6199847454672252,1.9435365441199408,2.1715758985675975,2.037435101833682,1.4093895961214968,1.4849668208189075,1.4405096298204307,1.461473389355743,raw_step_s
9,BOT,28,6104.766,6702.144,6702.144,MEDIUM>HARD,HARD,28,2,1.9116666666666617,-0.2563333333333446,2.1680000000000064,"ALO,STR,PER,PIA,OCO",5,,,0.47633333333331507,0.12084666666666666,0.0,98.008,96.09633333333333,1,28.0,0.5384615384615384,52,7,0.671999999999997,0.0,-0.671999999999997,0.0,-0.11233333333333444,-0.11233333333333444,-0.1599832430029977,-0.07485325042882653,-0.07485325042882653,0.671999999999997,0.02400000000000091,0,1,0,98.598,0.30308004728158267,0.0,-0.5900000000000034,0.06842857142856928,3.945999999999998,1.2420000000000044,0.03748008290450791,6.0,19.0,38.4,24.8,-0.30000000000000426,0,0,50.8,2.3,0.152284,0.461929,2.587606,0,0.152284,3.8079999999999985,0.17055808,6.421622267806518,29,3,MEDIUM,98.598,-0.9510000000000076,-0.45933333333333337,25.0,3.0,-0.20563599999999999,0,1.4320698412698427,1.5034784580498863,1.461473389355743,1.2938106927463644,1.2821677035825219,1.2890165207377233,1.5489512835733836,1.4147704459978983,1.493700350454066,1.5545307660626753,1.4715825988024727,1.5203756383672977,1.4899373365463289,1.282830459606724,1.4046580342770798,1.0580402564690916,1.1511613589871441,1.096384239858878,1.1519946442805913,1.1766258732189545,1.1621369150199172,1.340947130157355,1.4890629168810547,1.4019359835141725,0.8400784556355129,1.0681178100831696,0.9339770133492539,0.9701327522321005,1.0457099769295113,1.0012527859310343,1.461473389355743,raw_step_s
10,NOR,29,6798.802,7527.908,7527.908,HARD>MEDIUM,MEDIUM,29,2,1.7723333333333215,0.21800000000000352,1.554333333333318,"BOR,PIA,LAW,LIN,GAS",5,0.41166666666669016,1.1426666666666279,0.3613333333333486,0.2654316666666667,0.09623933333333334,111.17099999999999,109.39866666666667,1,29.0,0.6590909090909091,44,8,0.20050000000000523,0.8220000000000027,-0.8220000000000027,-0.8575000000000017,0.06770833333333333,0.06770833333333333,-0.5338411567019534,0.0726560583854416,0.0726560583854416,1.0530000000000115,0.0030000000000001137,0,0,1,111.796,0.9483253137764933,-0.8220000000000027,-0.6250000000000142,-0.8061249999999944,-0.031999999999996476,0.9429999999999978,0.004947725052108276,7.0,4.0,33.3,18.9,0.7999999999999972,0,0,43.7,1.3,0.642857,0.816964,0.844467,0,0.579509,-1.9720000000000033,0.7457141199999999,6.354370040797351,30,8,HARD,111.796,0.3716666666666555,0.0681666666666747,25.0,4.0,0.06703633333333334,0,1.4557728613569334,1.4557728613569334,1.4557728613569334,2.024069308736495,2.024069308736495,2.024069308736495,2.1735835447608682,2.1735835447608682,2.1735835447608682,1.8650469588022982,1.8650469588022982,1.8650469588022982,2.582232490407188,2.582232490407188,2.582232490407188,1.7286414801093115,1.7286414801093115,1.7286414801093115,2.0670321663589752,2.0670321663589752,2.0670321663589752,2.031102439803184,2.031102439803184,2.031102439803184,1.7226900582138132,1.7226900582138132,1.7226900582138132,1.9992317083427813,1.9992317083427813,1.9992317083427813,1.4557728613569334,raw_step_s
10,ALO,30,7041.996,7645.811,7645.811,SOFT>HARD,HARD,11,2,3.6686666666666667,-0.12633333333332075,3.7949999999999875,"ALB,HUL,OCO,COL,SAI",5,-4.72766666666665,8.522666666666638,0.03300000000001546,0.09314499999999999,0.269304,119.21933333333332,115.55066666666666,1,11.0,0.6818181818181818,44,8,1.0429999999999993,0.0,1.875,-1.454499999999996,0.4,0.4,0.17861742825746774,0.37865714730988675,0.37865714730988675,-5.170000000000002,0.10649999999999693,1,0,0,116.871,-0.42569930914525855,0.0,2.348333333333329,-0.3966250000000002,4.885000000000005,1.707499999999996,-0.021342852690113268,7.0,19.0,32.5,19.0,-0.6000000000000014,0,0,40.6,2.3,0.038462,0.106838,6.105691,0,-0.088587,-1.1,0.01692328,6.423246963533519,31,9,SOFT,116.871,4.71866666666665,4.357000000000004,5.0,6.0,0.07424766666666666,0,1.4557728613569334,1.4557728613569334,1.4557728613569334,1.6141153156273351,1.6141153156273351,1.6141153156273351,4.280428283415329,4.280428283415329,4.280428283415329,4.2516330773875985,4.2516330773875985,4.2516330773875985,5.397688512607917,5.397688512607917,5.397688512607917,2.040524822480211,2.040524822480211,2.040524822480211,1.693292655692917,1.693292655692917,1.693292655692917,5.1071381087542145,5.1071381087542145,5.1071381087542145,2.0688101319567016,2.0688101319567016,2.0688101319567016,1.703779543873758,1.703779543873758,1.703779543873758,1.4557728613569334,raw_step_s
10,BOT,31,7117.066,7759.042,7759.042,HARD>SOFT,SOFT,30,2,2.063999999999993,0.23166666666665492,1.832333333333338,"SAI,ALB,OCO,HUL,GAS",5,0.1113333333333344,1.7210000000000036,0.16166666666666174,0.02902366666666667,0.09721766666666669,114.83666666666666,112.77266666666667,1,30.0,0.7045454545454546,44,8,0.14350000000001017,0.3020000000000067,-0.2120000000000033,-0.31450000000000955,0.02937499999999993,0.02937499999999993,-0.2503048907399119,0.025407977205455023,0.025407977205455023,0.2120000000000033,-0.05100000000000193,0,0,1,115.161,0.4099427583187918,-0.3020000000000067,-0.32433333333334247,-0.35437500000000455,3.4325000000000045,0.9920000000000044,-0.003967022794544906,7.0,18.0,33.5,19.0,1.0,0,0,37.8,3.7,0.034783,0.06087,20.0,0,0.008696000000000002,-1.8,0.0417396,6.4425401664681985,32,7,HARD,115.161,0.10499999999998977,-0.22333333333331984,23.0,7.0,0.010126333333333334,0,1.4557728613569334,1.4557728613569334,1.4557728613569334,1.3557471044692846,1.3557471044692846,1.3557471044692846,1.8085109587243624,1.8085109587243624,1.8085109587243624,1.8606954844139862,1.8606954844139862,1.8606954844139862,2.414043407248818,2.414043407248818,2.414043407248818,1.2682317323500085,1.2682317323500085,1.2682317323500085,1.8654876981499995,1.8654876981499995,1.8654876981499995,1.739919181341958,1.739919181341958,1.739919181341958,1.1199204889222538,1.1199204889222538,1.1199204889222538,1.7141707282884333,1.7141707282884333,1.7141707282884333,1.4557728613569334,raw_step_s
11,STR,7,3879.805,4336.362,4336.362,SOFT>MEDIUM,MEDIUM,7,2,0.9923333333333488,-0.521333333333331,1.5136666666666798,"OCO,BOR,BEA,PER,SAI",5,,,0.08800000000002228,0.7142749999999999,0.09165233333333334,88.13733333333334,87.145,1,7.0,0.1,70,6,0.31349999999999767,0.0,0.0,0.0014999999999929514,-0.0030000000000001137,-0.0030000000000001137,-0.19212958237297073,-0.038827961583268546,-0.038827961583268546,-0.0030000000000001137,0.04350000000000165,1,0,0,88.362,0.3621859946618855,0.0,-0.22466666666664992,0.18266666666667675,1.0454999999999899,0.9384999999999977,-0.03582796158326843,5.0,19.0,51.7,30.7,-0.5999999999999943,0,0,25.1,1.7,0.559322,0.853107,0.79247,0,-0.384181,4.676000000000001,0.15661016,5.0238805208462765,8,0,SOFT,88.362,-0.001333333333320752,0.05416666666666481,5.0,2.0,-0.1468926666666669,0,1.4828218390804608,1.4828218390804608,1.4828218390804608,1.7530607412257433,1.7530607412257433,1.7530607412257433,1.3863303198684591,1.3863303198684591,1.3863303198684591,1.4221181994579875,1.4221181994579875,1.4221181994579875,1.6203041255858546,1.6203041255858546,1.6203041255858546,1.1096439511775686,1.1096439511775686,1.1096439511775686,1.4976608326663405,1.4976608326663405,1.4976608326663405,1.4275523629735698,1.4275523629735698,1.4275523629735698,0.943238901591682,0.943238901591682,0.943238901591682,1.4743359466092858,1.4743359466092858,1.4743359466092858,1.4828218390804608,raw_step_s
11,HAM,12,4282.512,4782.066,4782.066,SOFT>HARD,HARD,12,2,0.2810000000000059,-0.33166666666666345,0.6126666666666694,"ANT,HAD,LAW,LIN,RUS",5,0.07366666666665367,0.5390000000000157,0.2463333333333111,0.25082733333333335,0.07444166666666667,85.64533333333333,85.36433333333332,1,12.0,0.17142857142857143,70,8,0.20250000000000057,0.07099999999999795,-0.07099999999999795,-0.19999999999998863,0.05387499999999967,0.05387499999999967,-0.1287615586059303,0.015388308378274037,0.015388308378274037,0.07099999999999795,0.08850000000000335,1,0,0,85.803,0.21088228977191648,-0.07099999999999795,-0.15766666666667106,-0.21262500000000273,-1.7315000000000111,0.6920000000000002,-0.03848669162172563,7.0,4.0,50.5,30.8,-0.6000000000000014,0,0,25.9,0.5,0.128655,0.438596,2.604529,0,-0.19692600000000002,7.44,0.0617544,5.5093883366279774,13,0,SOFT,85.803,0.09533333333332905,0.15466666666666606,5.0,7.0,-0.634163,0,1.4828218390804608,1.4828218390804608,1.4828218390804608,1.746582140032849,1.746582140032849,1.746582140032849,1.1813352502664014,1.1813352502664014,1.1813352502664014,1.2788700049169213,1.2788700049169213,1.2788700049169213,1.3969457950719149,1.3969457950719149,1.3969457950719149,0.9908777951145569,0.9908777951145569,0.9908777951145569,1.523441137990751,1.523441137990751,1.523441137990751,1.420032926484565,1.420032926484565,1.420032926484565,0.8233454271159459,0.8233454271159459,0.8233454271159459,1.4788666272343438,1.4788666272343438,1.4788666272343438,1.4828218390804608,raw_step_s
11,VER,13,4367.763,4871.622,4871.622,MEDIUM>HARD,HARD,13,2,0.4613333333333429,-0.24066666666666947,0.7020000000000124,"ANT,HAD,LAW,LIN,STR",5,0.00733333333333519,0.6946666666666772,0.5393333333333601,0.287445,0.015618,85.77233333333334,85.31099999999999,1,13.0,0.18571428571428572,70,8,0.12950000000000017,0.3219999999999885,-0.22399999999998954,-0.332499999999996,0.07149999999999893,0.07149999999999893,-0.18486050532385434,0.033618414421893006,0.033618414421893006,0.22399999999998954,0.22699999999998965,0,1,0,85.957,0.2975438394640406,-0.3219999999999885,-0.18466666666665787,-0.35299999999999443,-1.6570000000000107,1.0869999999999962,-0.03788158557810592,7.0,3.0,51.0,30.9,0.5,0,0,25.4,2.8,0.30814,0.552326,2.045853,0,0.07558200000000004,8.32,0.1602328,5.5909869805108565,14,0,MEDIUM,85.957,0.27300000000001035,0.16799999999999682,5.0,8.0,0.06327333333333335,0,1.4828218390804608,1.4010737547892755,1.4521663074712663,1.4110141451182814,1.2842262438028822,1.3634686821250068,1.2936357081261054,1.227969543703587,1.269010896467661,1.2021591860779257,1.1305283750571526,1.1752976319451358,1.2201528583332717,1.1154910596245207,1.1809046838174901,1.1045115317661893,1.084959762125486,1.0971796181509257,1.3825229010412257,1.2983016511523937,1.3509399323329137,1.0202284133323014,0.9476919083922646,0.9930272239797876,1.2889774931966913,1.297159898486969,1.2920458951805456,1.2449442239487043,1.1646104550693814,1.2148190606189582,1.4521663074712663,raw_step_s
11,COL,14,4492.313,4961.545,4961.545,MEDIUM>HARD,HARD,14,2,1.9783333333333246,0.7753333333333359,1.2029999999999887,"ALO,BEA,LIN,STR,BOR",5,-0.11233333333332496,1.3153333333333137,0.3956666666666706,0.27641299999999996,0.019213333333333332,88.58666666666666,86.60833333333333,1,14.0,0.2,70,8,0.1909999999999954,0.8689999999999998,-0.7879999999999967,-1.0694999999999908,0.1424999999999959,0.1424999999999959,-0.5850722169187321,0.07806412815491795,0.07806412815491795,0.7879999999999967,0.13100000000000733,0,1,0,89.139,0.9293797988161998,-0.8689999999999998,-0.5523333333333369,-0.9802499999999981,1.2069999999999936,0.9209999999999994,-0.06443587184507796,7.0,15.0,52.5,30.8,1.5,0,0,25.8,1.3,0.224719,0.44382,3.013269,0,-0.10296499999999997,9.8,0.12584264,5.71042701737487,15,0,MEDIUM,89.139,0.500333333333316,0.0671666666666606,5.0,9.0,-0.1064263333333334,0,1.4828218390804608,1.4010737547892755,1.4521663074712663,1.407114750617731,1.280326849302332,1.3595692876244565,1.7231391734249815,1.6574730090024632,1.698514361766537,1.7738940927636815,1.7022632817429084,1.7470325386308916,2.0364247968451057,1.9317629981363547,1.9971766223293241,1.8662879802851648,1.8467362106444616,1.8589560666699012,1.726995489070394,1.642774239181562,1.695412520362082,1.6016795679091396,1.5291430629691027,1.5744783785566256,1.878442082400855,1.8866244876911327,1.8815104843847092,1.630904102352107,1.550570333472784,1.6007789390223608,1.4521663074712663,raw_step_s
11,GAS,15,4573.468,5050.88,5050.88,MEDIUM>HARD,HARD,15,2,1.9383333333333326,0.8039999999999878,1.1343333333333447,"ALB,BOR,BEA,ALO,STR",5,-0.24333333333332519,1.37766666666667,0.3300000000000125,0.21601133333333333,0.011594333333333331,88.06700000000001,86.12866666666667,1,15.0,0.21428571428571427,70,8,0.44200000000000017,-0.16200000000000614,0.0,-0.2804999999999893,0.12949999999999864,0.12949999999999864,0.14921419661416735,0.07434347167579493,0.07434347167579493,0.5609999999999928,0.016999999999995907,0,1,0,88.083,-0.2347291489090253,0.16200000000000614,-0.015999999999991132,-0.1301249999999925,0.2715000000000032,1.0095000000000027,-0.055156528324203716,7.0,12.0,51.4,30.9,-1.1000000000000014,0,0,25.4,1.4,0.142045,0.301136,4.587892,0,-0.13795500000000002,9.839999999999998,0.085227,5.771441123130016,16,0,MEDIUM,88.083,0.6926666666666819,0.1831666666666744,5.0,10.0,-0.23824166666666668,0,1.4828218390804608,1.4010737547892755,1.4521663074712663,1.4032153561171807,1.2764274548017815,1.3556698931239062,1.6289467702649376,1.5632806058424191,1.6043219586064932,1.733411162331707,1.661780351310934,1.706549608198917,2.2764233691137674,2.1717615704050166,2.237175194597986,1.9203371671851013,1.900785397544398,1.9130052535698376,1.7030114181551437,1.6187901682663117,1.6714284494468317,1.6813774974266804,1.6088409924866436,1.6541763080741667,1.899153650630442,1.90733605592072,1.9022220526142963,1.7089476058789892,1.6286138369996663,1.678822442549243,1.4521663074712663,raw_step_s
11,LEC,15,4542.143,5050.88,5050.88,SOFT>HARD,HARD,18,2,1.245999999999981,0.42533333333334156,0.8206666666666393,"ANT,RUS,LAW,BEA,ALO",5,-0.003333333333316091,0.8239999999999554,0.2463333333333253,0.23211,0.009792666666666667,86.06133333333332,84.81533333333334,1,18.0,0.21428571428571427,70,8,0.13100000000000733,0.01099999999999568,0.0,-0.12950000000000728,0.09383333333333135,0.09383333333333135,-0.007850308212184132,0.04854303329707602,0.04854303329707602,0.016999999999995907,0.16400000000000858,1,0,0,86.066,0.01234933543275929,-0.01099999999999568,-0.004666666666679475,-0.21262500000000273,-2.055499999999995,1.0139999999999958,-0.04529030003625533,7.0,3.0,51.4,30.9,-0.20000000000000284,0,0,25.4,1.4,0.231214,0.49711,2.553137,0,-0.042041999999999996,11.808,0.16647408,5.739792912179234,16,0,SOFT,86.066,0.4126666666666523,-0.014499999999998181,8.0,10.0,-0.62576,0,1.4828218390804608,1.4010737547892755,1.4521663074712663,1.723185773029547,1.596397871714148,1.6756403100362725,1.2829300221919042,1.2172638577693857,1.2583052105334598,1.2452766772195893,1.1736458661988163,1.2184151230867994,1.230347780923985,1.1256859822152339,1.1910996064082033,1.1742261399365588,1.1546743702958555,1.1668942263212951,1.5568260102911613,1.4726047604023293,1.5252430415828493,1.4753253371691786,1.4027888322291417,1.4481241478166647,1.4824336277989796,1.4906160330892573,1.4855020297828339,1.5375333540427918,1.457199585163469,1.5074081907130457,1.4521663074712663,raw_step_s
11,PIA,15,4534.84,5050.88,5050.88,MEDIUM>HARD,HARD,15,2,0.47433333333333394,0.17900000000001626,0.2953333333333177,"ANT,RUS,LAW,ALB,BEA",5,0.18833333333331836,0.10699999999999932,0.30033333333334156,0.20584566666666668,0.0077410000000000005,85.74966666666667,85.27533333333334,1,15.0,0.21428571428571427,70,8,0.18999999999999773,-0.0379999999999967,0.0379999999999967,0.011499999999998067,0.05662499999999919,0.05662499999999919,0.12087538423858746,0.0539397660489223,0.0539397660489223,-0.0379999999999967,0.16400000000000858,0,1,0,85.643,-0.1901493069036917,0.0379999999999967,0.10666666666666913,-0.03562499999999602,-2.478499999999997,1.0139999999999958,-0.002685233951076893,7.0,1.0,51.4,30.9,-0.20000000000000284,0,0,25.4,1.4,0.216374,0.350877,4.076759,0,0.08846700000000002,9.839999999999998,0.1298244,5.733341276897746,16,0,MEDIUM,85.643,0.6566666666666663,0.2294999999999967,5.0,10.0,0.20584566666666668,0,1.4828218390804608,1.4010737547892755,1.4521663074712663,1.4032153561171807,1.2764274548017815,1.3556698931239062,1.235305081034281,1.1696389166117624,1.2106802693758365,1.1634273324742663,1.0917965214534933,1.1365657783414764,1.3290902263652404,1.2244284276564894,1.2898420518494589,1.225079029652123,1.2055272600114197,1.2177471160368594,1.4799323561388507,1.3957111062500187,1.4483493874305386,0.9437004809773823,0.8711639760373455,0.9164992916248685,1.4502953635973328,1.4584777688876107,1.453363765581187,1.5254666273969049,1.445132858517582,1.4953414640671587,1.4521663074712663,raw_step_s
11,NOR,16,4621.685,5143.218,5143.218,MEDIUM>HARD,HARD,16,2,0.998666666666665,0.3776666666666557,0.6210000000000093,"ANT,RUS,ALB,BOR,BEA",5,-0.022333333333321548,0.6433333333333309,0.16900000000001114,0.11056733333333334,0.017706,85.69,84.69133333333333,1,16.0,0.22857142857142856,70,8,0.25500000000000256,0.15900000000000603,-0.26500000000000057,-0.2819999999999965,0.0772499999999976,0.0772499999999976,-0.1205382728770985,0.047972865217582775,0.047972865217582775,0.26500000000000057,-0.0030000000000001137,0,1,0,85.878,0.1882946565912249,-0.15900000000000603,-0.1880000000000024,-0.32399999999999807,-1.6159999999999997,1.0060000000000002,-0.029277134782414824,7.0,1.0,52.9,30.9,1.5,0,0,25.8,0.6,0.023256,0.046512,19.167464,0,-0.029376,11.456,0.014883839999999999,5.802118375377063,17,0,MEDIUM,85.878,0.5240000000000009,0.13683333333333314,5.0,11.0,-0.5215163333333332,0,1.4828218390804608,1.4010737547892755,1.4521663074712663,1.3993159616166304,1.2725280603012314,1.3517704986233559,1.292130477432702,1.2264643130101835,1.2675056657742576,1.346687213288198,1.275056402267425,1.319825659155408,1.738639319103936,1.633977520395185,1.6993911445881544,1.221221465175851,1.2016696955351478,1.2138895515605874,1.4658715943559928,1.3816503444671608,1.4342886256476808,1.4451301421103697,1.372593637170333,1.417928952757856,1.4974650084643366,1.5056474137546143,1.5005334104481909,1.5584569910122412,1.4781232221329184,1.528331827682495,1.4521663074712663,raw_step_s
11,OCO,16,4667.693,5143.218,5143.218,MEDIUM>HARD,HARD,16,2,1.6373333333333164,0.3776666666666557,1.2596666666666607,"ALO,STR,BEA,BOR,ALB",5,-0.2596666666666607,1.5193333333333214,0.4316666666666862,0.11360433333333332,0.017208333333333332,88.74933333333333,87.11200000000001,1,16.0,0.22857142857142856,70,8,0.24600000000000222,-0.018000000000000682,0.0,0.009000000000000341,0.009774999999999779,0.009774999999999779,0.3843963501645504,0.0716896772648806,0.0716896772648806,0.10000000000000853,0.1290000000000049,0,1,0,88.293,-0.600471344258878,0.018000000000000682,0.45633333333331905,0.2023749999999893,0.6670000000000016,0.9080000000000013,0.06191467726488082,7.0,14.0,52.3,31.0,0.8999999999999986,0,0,24.8,2.2,0.016949,0.045198,4.385639,0,-0.056915,11.071999999999997,0.010847359999999999,5.840641657373398,17,0,MEDIUM,88.293,1.141999999999996,0.8058333333333345,5.0,11.0,-0.14734799999999998,0,1.4828218390804608,1.4010737547892755,1.4521663074712663,1.3993159616166304,1.2725280603012314,1.3517704986233559,1.6825256026740134,1.616859438251495,1.657900791015569,1.7298243969284177,1.6581935859076447,1.7029628427956278,1.8882787093648408,1.7836169106560897,1.8490305348490592,1.6608142863110076,1.6412625166703043,1.653482372695744,1.6078925895603213,1.5236713396714894,1.5763096208520093,1.6663142026760405,1.5937776977360036,1.6391130133235268,1.836915601423184,1.845098006713462,1.8399840034070383,1.6455627745024581,1.5652290056231353,1.615437611172712,1.4521663074712663,raw_step_s
11,SAI,17,4761.854,5251.969,5251.969,SOFT>MEDIUM,MEDIUM,17,2,1.2560000000000144,0.4440000000000026,0.8120000000000118,"ALB,ALO,STR,BOR,RUS",5,-0.3149999999999835,1.1269999999999953,0.28366666666667584,0.05652933333333334,0.0,88.298,87.04199999999999,1,17.0,0.24285714285714285,70,8,0.12349999999999284,-0.2920000000000016,0.07200000000000273,0.055499999999995,0.03213333333333281,0.03213333333333281,0.12853455432797034,-0.02014670949290364,-0.02014670949290364,-0.07200000000000273,-0.01999999999999602,1,0,0,88.082,-0.19980021908006051,0.2920000000000016,0.21600000000000819,0.16875000000001705,0.3219999999999885,0.5489999999999924,-0.05228004282623645,7.0,16.0,52.3,31.1,0.0,0,0,25.1,3.0,0.017045,0.051136,4.375158,0,-0.011203999999999999,11.764,0.0115906,5.905361848054571,18,0,SOFT,88.082,-0.13633333333332587,-0.5070000000000049,5.0,12.0,-0.2247153333333333,0,1.4828218390804608,1.4010737547892755,1.4521663074712663,1.7217935290449877,1.5950056277295888,1.6742480660517132,1.3349551355741365,1.2692889711516182,1.310330323915692,1.4017861081413778,1.3301552971206048,1.374924554008588,1.5869434105873377,1.4822816118785866,1.5476952360715561,1.1976549203793643,1.178103150738661,1.1903230067641006,1.4961959028216056,1.4119746529327737,1.4646129341132936,1.0884116381173037,1.0158751331772669,1.0612104487647898,0.9698045793181198,0.9779869846083976,0.972872981301974,1.459148639885319,1.3788148710059962,1.429023476555573,1.4521663074712663,raw_step_s
11,HAD,18,4814.36,5338.311,5338.311,MEDIUM>HARD,HARD,18,2,2.266999999999996,0.08533333333333815,2.1816666666666578,"BOR,STR,ALO,ALB,RUS",5,0.37999999999999545,1.8016666666666623,0.3333333333333286,0.0,0.0,87.045,84.778,1,18.0,0.2571428571428571,70,8,0.07899999999999352,0.0,0.0,-0.07749999999998636,0.02758333333333004,0.02758333333333004,0.17326328657004808,0.06545510375258659,0.06545510375258659,-0.3780000000000001,-0.21599999999999397,0,1,0,86.939,-0.2684237323674381,0.0,0.10600000000000875,-0.02637500000000159,-0.6060000000000088,0.7120000000000033,0.03787177041925655,7.0,2.0,52.3,31.1,0.0,0,0,25.1,3.0,0.0,0.0,12.055489,0,0.0,12.456,0.0,5.924255797414532,19,0,MEDIUM,86.939,0.8943333333333356,0.6418333333333236,5.0,13.0,-0.37382966666666667,0,1.4828218390804608,1.2410632183908084,1.3832741717376629,1.39151717261553,1.0734729514833532,1.2605577874434573,1.3275953559882843,1.1426907507309263,1.2514581655881958,1.3828538928855394,1.1789031970224602,1.2988741945889775,1.91095248570923,1.661821544662885,1.808369157043088,1.6204794894833838,1.5023097162035595,1.5718213475446325,1.4214037586899164,1.1717225247865255,1.3185938388473437,1.4037749610766326,1.1788818244873782,1.3111719048339985,1.7170186715866695,1.6465542436760592,1.6880039071528887,1.6452171852034905,1.405235865130594,1.5464013475264156,1.3832741717376629,raw_step_s
11,HUL,18,4829.793,5338.311,5338.311,MEDIUM>HARD,HARD,18,2,1.0423333333333176,0.08533333333333815,0.9569999999999794,"ALB,ALO,BOR,STR,RUS",5,-0.37999999999999545,1.3369999999999749,0.3333333333333286,0.018939,0.019204333333333334,87.92333333333333,86.88100000000001,1,18.0,0.2571428571428571,70,8,0.15149999999999864,0.0,0.0,-0.11549999999999727,0.06829166666666649,0.06829166666666649,0.2162654382100726,0.0766315733733888,0.0766315733733888,-0.7980000000000018,-0.2050000000000125,0,1,0,87.673,-0.3350437201995504,0.0,0.2503333333333302,-0.0589999999999975,0.508499999999998,1.0,0.008339906706722314,7.0,11.0,52.3,31.1,0.0,0,0,25.1,3.0,0.022727,0.073864,4.052423,0,0.0056819999999999996,12.456,0.01636344,5.948034989180646,19,0,MEDIUM,87.673,0.8776666666666699,0.6418333333333333,5.0,13.0,-0.7738849999999999,0,1.4828218390804608,1.2410632183908084,1.3832741717376629,1.39151717261553,1.0734729514833532,1.2605577874434573,1.5996887428294668,1.4147841375721089,1.5235515524293783,1.6529879566620513,1.449037260798972,1.5690082583654894,2.2038496572126585,1.9547187161663135,2.1012663285465165,1.8250972006050628,1.7069274273252384,1.7764390586663115,1.5620495690661609,1.31236833516277,1.4592396492235882,1.8654129159422872,1.6405197793530328,1.772809859699653,1.8516754315821022,1.7812110036714919,1.8226606671483214,1.7324704126362374,1.492489092563341,1.6336545749591624,1.3832741717376629,raw_step_s
11,LIN,19,4915.876,5425.67,5425.67,MEDIUM>HARD,HARD,19,2,0.9689999999999941,-0.050333333333313135,1.0193333333333072,"ALO,BOR,STR,RUS,ALB",5,-0.644999999999996,1.6643333333333032,0.25633333333335884,0.013268666666666665,0.024893666666666665,87.871,86.902,1,19.0,0.2714285714285714,70,8,0.18350000000000222,-0.14100000000000534,0.39500000000001023,0.13500000000000512,0.045000000000001227,0.045000000000001227,0.49163630937667335,0.06531309947896945,0.06531309947896945,-1.1230000000000047,-0.2364999999999995,0,1,0,87.365,-0.7599502291110696,0.14100000000000534,0.5060000000000002,0.3137500000000131,0.5884999999999962,0.839500000000001,0.02031309947896822,7.0,10.0,51.6,31.5,-0.6999999999999957,0,0,24.6,1.8,0.022857,0.051429,4.038187,0,0.005908,12.616000000000001,0.01737132,5.998936561946683,20,0,MEDIUM,87.365,0.9069999999999965,1.0393333333333317,5.0,14.0,-0.027050000000000005,0,1.4828218390804608,1.1435969827586252,1.332055236270756,1.3876177781149797,0.9906189831512077,1.211173869242192,1.574169959027173,1.3083406325778895,1.4560235917163802,1.612787621112355,1.341727530639088,1.492316469790903,2.0899168608571173,1.7770748468165745,1.950875965727987,1.5938461142427083,1.4100502878187562,1.5121590802765073,1.5054432962937088,1.1718235206647563,1.3571678404586187,1.4121028689208326,1.1454594894053653,1.2935947002472916,1.7243109567653891,1.5591990623606864,1.6509278925855213,1.5784455822296415,1.2705105658389368,1.441585574944884,1.332055236270756,raw_step_s
11,LAW,20,4999.179,5512.916,5512.916,MEDIUM>HARD,HARD,20,2,1.5786666666666633,-0.4956666666666507,2.074333333333314,"ALO,STR,BOR,COL,ALB",5,-0.9909999999999997,3.0653333333333137,0.48366666666665026,0.0019046666666666667,0.01351,87.64766666666667,86.069,1,20.0,0.2857142857142857,70,8,0.18299999999999983,-0.01799999999998647,0.0,-0.06199999999999761,0.10108333333333282,0.10108333333333282,0.20465871258858215,0.07785603299349084,0.07785603299349084,0.12400000000000944,0.13000000000000966,0,1,0,87.683,-0.3158941495497771,0.01799999999998647,-0.03533333333334099,-0.02512500000000273,0.7385000000000019,1.2224999999999966,-0.02322730033984198,7.0,7.0,52.4,31.1,0.7999999999999972,0,0,24.7,1.1,0.0,0.0,7.682335,0,0.0,13.92,0.0,6.042632833682381,21,0,MEDIUM,87.683,0.9263333333333321,1.2918333333333294,5.0,15.0,0.0019046666666666667,0,1.4828218390804608,1.236345466155814,1.3660698729582597,1.3837183836144293,1.0942992972816978,1.246625132193662,1.5931450830502116,1.385207255085109,1.494648217172005,1.638643238947722,1.4204164074792227,1.5352726345679064,1.6877410938069999,1.403204696491875,1.5529606950787829,1.8603302229749432,1.709405638714559,1.7888396304305507,1.5703729515360885,1.301748467006234,1.4431297746535259,1.4984438063711343,1.3032778874045172,1.4059967921237893,1.8849633527026608,1.7492962522243105,1.8206999893181792,1.6074278592286273,1.372311092545914,1.4960567592210263,1.3660698729582597,raw_step_s
11,ANT,21,5058.031,5600.773,5600.773,MEDIUM>HARD,HARD,21,2,1.26100000000001,-0.1213333333333253,1.3823333333333352,"LEC,VER,RUS,GAS,HAM",5,0.043000000000006366,1.3393333333333288,0.2226666666666688,0.0,0.0,85.61466666666666,84.35366666666665,1,21.0,0.3,70,8,0.20399999999998641,0.06999999999999318,-0.06999999999999318,0.033999999999991815,-0.08813333333333115,-0.08813333333333115,-0.046346928058355275,-0.025632058030553836,-0.025632058030553836,0.19199999999999307,0.006999999999990791,0,1,0,85.702,0.07147211410165255,-0.06999999999999318,-0.08733333333333348,0.08225000000000193,-1.2475000000000023,1.1024999999999991,0.06250127530277731,7.0,1.0,52.4,30.9,0.0,0,0,24.7,1.1,0.0,0.0,7.863515,0,0.0,14.616,0.0,6.077642243349034,22,0,MEDIUM,85.702,-0.0829999999999842,0.32366666666667254,5.0,16.0,-0.4435263333333333,0,1.4828218390804608,1.2321479885057478,1.34609064785789,1.380593267276659,1.0909498009773386,1.2226059220224843,1.1280133774828498,0.9313504059403165,1.020742665732377,1.173434891930695,0.9694773928827443,1.0621853469954492,1.4521033356561417,1.1406014785251026,1.282193231766484,0.8519024936576421,0.6836277496200928,0.7601162696371606,1.1853672521524112,0.8938069622618114,1.0263343667575386,1.1275352642797831,0.9443494376459375,1.0276157224795037,0.688451991744222,0.4889336684387837,0.5796238153958011,1.0803938259155255,0.8112828408491541,0.9336060158793229,1.34609064785789,raw_step_s
11,BEA,21,5114.156,5600.773,5600.773,MEDIUM>HARD,HARD,21,2,2.048333333333346,-0.6823333333333466,2.7306666666666928,"COL,STR,ALO,OCO,BOR",5,-0.6299999999999955,3.3606666666666882,0.6706666666666763,0.005607666666666667,0.0038313333333333337,88.54466666666667,86.49633333333333,1,21.0,0.3,70,8,0.12750000000001194,0.8389999999999986,-0.8389999999999986,-0.8220000000000027,-0.024499999999998558,-0.024499999999998558,-0.6331657680707536,0.03881062319033349,0.03881062319033349,0.8389999999999986,-0.01749999999999119,0,1,0,89.195,0.9764119849287596,-0.8389999999999986,-0.6503333333333217,-0.7851249999999936,3.2029999999999887,1.1210000000000093,0.06331062319033204,7.0,14.0,52.1,31.1,-0.29999999999999716,0,0,25.1,3.5,0.011173,0.050279,4.430443,0,0.005523000000000001,14.364,0.00938532,6.1070228877422545,22,0,MEDIUM,89.195,0.11233333333332496,0.7983333333333273,5.0,16.0,-0.7534196666666667,0,1.4828218390804608,1.2321479885057478,1.34609064785789,1.380593267276659,1.0909498009773386,1.2226059220224843,1.7306415165758904,1.533978545033357,1.6233708048254176,1.8479481319792714,1.6439906329313208,1.7366985870440257,2.140182550668643,1.8286806935376039,1.9702724467789852,1.4799169823888514,1.311642238351302,1.38813075836837,1.5317808027044961,1.2402205128138963,1.3727479173096235,1.9049564044983758,1.7217705778645302,1.8050368626980964,1.3161155517504155,1.1165972284449772,1.2072873754019946,1.5308910966685438,1.2617801116021725,1.3841032866323413,1.34609064785789,raw_step_s
11,ALB,25,5477.249,5953.165,5953.165,MEDIUM>HARD,HARD,25,2,2.187999999999988,0.6189999999999856,1.5690000000000026,"ALO,COL,OCO,SAI,HUL",5,0.2749999999999915,1.2940000000000111,0.2230000000000132,0.0037036666666666663,0.0038536666666666667,88.87033333333333,86.68233333333335,1,25.0,0.35714285714285715,70,8,0.19699999999999562,1.4819999999999993,-1.3399999999999892,-1.4110000000000014,0.016958333333333186,0.016958333333333186,-0.975543212350928,0.06062399008177029,0.06062399008177029,1.634999999999991,0.16499999999999204,0,1,0,89.862,1.5029709680483307,-1.4819999999999993,-0.99166666666666,-1.2018750000000011,3.352000000000004,1.2704999999999984,0.0436656567484371,7.0,16.0,50.7,31.0,0.9000000000000057,0,0,26.1,1.7,0.011111,0.044444,12.336821,0,0.011111,15.700000000000003,0.011111,6.282266746896006,26,0,MEDIUM,89.862,0.0660000000000025,0.7683333333333355,5.0,20.0,-0.593664,0,1.4828218390804608,1.275339399744571,1.3494402709359603,1.3680928019255776,1.1460669220431983,1.225361879144048,1.8391239722530814,1.6724191056584774,1.731956558013693,1.9170751645950208,1.7279593954694628,1.7955007415857334,1.7554041494579058,1.3672780719537787,1.5058945282052527,1.5345519814194892,1.3696588107908965,1.4285492288725368,1.638316244878192,1.394580308425881,1.4816288571588492,1.8689314752411081,1.7073179577346465,1.7650370711298113,1.2355052544861294,1.023223210293254,1.0990382260764238,1.5968925617037215,1.3369870020963581,1.429810416241845,1.3494402709359603,raw_step_s
11,RUS,26,5516.243,6040.764,6040.764,MEDIUM>HARD,HARD,26,2,2.2809999999999917,-0.4086666666666616,2.6896666666666533,"BEA,GAS,LAW,HAD,VER",5,0.8006666666666717,1.8889999999999816,0.30433333333333223,0.0038313333333333337,0.001984,86.42233333333333,84.14133333333334,1,26.0,0.37142857142857144,70,8,0.21100000000000563,0.5309999999999917,-0.4129999999999967,-0.5109999999999957,0.07707142857143014,0.07707142857143014,-0.4689946009963961,-0.007923327563818652,-0.007923327563818652,0.4129999999999967,0.4239999999999995,0,1,0,86.737,0.7223643772137365,-0.5309999999999917,-0.31466666666666754,-0.5051249999999925,0.02049999999999841,1.0714999999999932,-0.08499475613524879,7.0,7.0,50.7,30.9,0.9000000000000057,0,0,26.1,2.5,0.011494,0.034483,4.30835,0,0.011494,16.328000000000003,0.01195376,6.304448802421981,27,0,MEDIUM,86.737,-0.63066666666667,0.1180000000000092,5.0,21.0,-0.6850223333333334,0,1.4828218390804608,1.2913039927404706,1.3573446294094327,1.3649676855878072,1.1648878142809338,1.2338808733522695,1.4347252015095133,1.27603225334707,1.3307539596099816,1.4280648359552948,1.2457458666636576,1.3086144767642223,1.0054069034233342,0.6319677548857223,0.7607398750711057,1.191126913939685,1.0200879335384772,1.0790668922975144,1.3945133338444533,1.1640421158965046,1.2435149496716593,1.3203841936468033,1.1714989065509727,1.2228386607219488,0.9179776087976788,0.7007474255604286,0.7756543852974114,1.297460461049686,1.049720394444712,1.135148003618841,1.3573446294094327,raw_step_s
11,BOR,28,5710.018,6217.757,6217.757,SOFT>HARD,HARD,28,2,1.7806666666666473,0.15566666666668993,1.6249999999999574,"STR,GAS,BEA,COL,SAI",5,0.17866666666665765,1.4463333333332997,0.2183333333333053,0.0,0.015461,87.353,85.57233333333335,1,28.0,0.4,70,8,0.18849999999999767,0.4370000000000118,-0.4370000000000118,-0.5395000000000039,0.10475000000000242,0.10475000000000242,-0.4473773865732511,0.008054354622249245,0.008054354622249245,0.5440000000000111,-0.33899999999999864,1,0,0,87.68,0.6890448555301845,-0.4370000000000118,-0.3270000000000124,-0.5575000000000045,1.3445000000000107,0.8135000000000048,-0.09669564537775319,7.0,8.0,50.0,30.9,-1.2999999999999972,0,0,25.6,3.7,0.0,0.0,17.844183,0,0.0,16.8,0.0,6.380122536899765,29,0,SOFT,87.68,-0.28333333333333144,0.6516666666666708,5.0,23.0,-0.9790476666666666,0,1.4828218390804608,1.3259099616858236,1.376526696329255,1.6903860533262836,1.535463636371495,1.585438609582717,1.4746140303090376,1.3524955743179992,1.3918886246376891,1.5272668995338947,1.3760235610997178,1.424811734788162,1.7618369585764437,1.4104895121380603,1.5238273980859258,1.3780648123588146,1.2698635375809058,1.3047671746060376,1.6237539066169902,1.443431627448677,1.5016001045997458,1.5688414270684061,1.4473186275319498,1.486519530608226,0.9979406602145824,0.8635307701351045,0.9068887991930006,1.6058635328914115,1.4149581588559248,1.4765405375770495,1.376526696329255,raw_step_s
11,HAM,29,5756.635,6305.75,6305.75,HARD>HARD,HARD,16,2,1.659000000000006,-0.20266666666667277,1.8616666666666788,"HAD,LEC,VER,ANT,HUL",5,0.37566666666664617,1.4860000000000326,0.07066666666665355,0.009723999999999998,0.001996,85.68533333333335,84.02633333333334,1,16.0,0.4142857142857143,70,8,0.1844999999999999,0.07899999999999352,0.0,-0.09350000000000591,0.06033928571428555,0.06033928571428555,-0.05762978779912942,0.010693733182047614,0.010693733182047614,0.10800000000000409,0.28599999999999426,0,0,1,85.619,0.09002436192301388,-0.07899999999999352,0.0663333333333469,-0.14337499999999181,-1.211500000000001,0.9840000000000018,-0.04964555253223793,7.0,4.0,50.5,31.0,-0.7999999999999972,0,0,25.6,2.0,0.005848,0.040936,4.252818,0,-0.005848,9.92,0.0037427199999999997,6.405228458030842,30,1,HARD,85.619,-0.015333333333316546,0.7331666666666716,5.0,11.0,-0.013635000000000003,0,1.4828218390804608,1.3259099616858236,1.376526696329255,2.0536440486005816,1.898721631645793,1.9486966048570151,1.7625019212107984,1.64038346521976,1.67977651553945,1.8176368158420073,1.6663934774078304,1.7151816510962745,1.6713942342553918,1.3200467878170083,1.4333846737648739,1.056348436462247,0.9481471616843383,0.9830507987094701,1.658137612360532,1.4778153331922188,1.5359838103432877,1.5773811160156042,1.4558583164791479,1.495059219555424,0.7328006723439209,0.598390782264443,0.6417488113223391,1.59863945774702,1.4077340837115333,1.469316462432658,1.376526696329255,raw_step_s
11,PIA,32,6006.097,6569.051,6569.051,HARD>HARD,HARD,16,2,1.2906666666666666,0.039666666666661854,1.2510000000000048,"HUL,ANT,LAW,NOR,VER",5,-0.2836666666666616,1.5346666666666664,0.45266666666667277,0.011662,0.011719,85.803,84.51233333333333,1,16.0,0.45714285714285713,70,8,0.23150000000000404,0.0,0.0,-0.23100000000000875,0.09224999999999936,0.09224999999999936,0.04435097062088289,0.11080505241327938,0.11080505241327938,-0.012000000000000455,0.07100000000000506,0,0,1,85.831,-0.06928132105444718,0.0,-0.028000000000005798,-0.30725000000001046,-0.5720000000000027,0.9789999999999992,0.018555052413280024,7.0,1.0,51.1,31.0,0.8000000000000043,0,0,25.9,1.3,0.017544,0.05848,3.967282,0,0.0001020000000000014,10.304,0.011228160000000001,6.4967749901858625,33,1,HARD,85.831,1.3913333333333213,1.6886666666666628,5.0,11.0,0.011662,0,1.4828218390804608,1.3650958725182858,1.4018852370689654,2.0536440486005816,1.943032068692575,1.977598312413827,1.9149972625936655,1.8142876467725337,1.8457594017166374,1.95093007878348,1.818876202796537,1.8601430390424567,2.0716863625337645,1.755972702321766,1.8546332211380154,1.7469229211793365,1.67334206882681,1.6963360851869744,1.8197020075110004,1.6725618208104196,1.7185431291543511,1.967775048677917,1.8662791275185215,1.8979966028808326,1.8325650212218776,1.7475598873057332,1.7741239916545284,1.889110605312371,1.733751268201055,1.7823010610483412,1.4018852370689654,raw_step_s
11,BEA,41,6904.63,7377.768,7377.768,HARD>HARD,HARD,19,2,2.299666666666667,0.6276666666666841,1.6719999999999828,"STR,OCO,LIN,ALB,COL",5,,,0.42233333333332723,0.015045999999999999,0.01929033333333333,88.54,86.24033333333334,1,19.0,0.5857142857142857,70,3,1.0600000000000023,1.0600000000000023,-1.0600000000000023,-1.0600000000000023,0.4,0.4,-0.6108469801021386,0.15704055878382422,0.15704055878382422,1.0600000000000023,0.051499999999997215,0,0,1,89.694,1.2759540229885147,-1.0600000000000023,-1.1539999999999964,-1.1539999999999964,4.1625000000000085,0.880500000000005,-0.2429594412161758,2.0,19.0,49.9,31.0,0.29999999999999716,0,0,26.1,1.9,0.01676,0.061453,4.455229,0,-0.0001889999999999982,11.323999999999998,0.0127376,6.782192056006791,42,2,HARD,89.694,0.0,0.0,19.0,0.0,0.0,0,1.4828218390804608,1.4247477895667537,1.4408794699872278,2.041945865098931,1.9425315550697735,1.9701466411889839,2.6410127461240114,2.572123644956527,2.591259506391939,2.778629564669275,2.6779468504964243,2.705914271099994,2.759176810344637,2.5113040545708065,2.580157597841315,2.1715598341044,2.17233258401354,2.1721179312610013,2.1713864167498023,2.066699584657016,2.0957792602383454,2.6418374166915894,2.5781466967845845,2.5958385634254193,1.658760374253371,1.6841425444302969,1.6770919416033732,2.066620463377665,1.959018688757814,1.9889080705966615,1.4408794699872278,raw_step_s
11,LAW,41,6835.414,7377.768,7377.768,HARD>SOFT,SOFT,20,2,1.4193333333333413,-0.4796666666666738,1.8990000000000151,"LIN,OCO,BOR,ALO,COL",5,,,0.20766666666666822,0.0019266666666666668,0.005859333333333334,86.55433333333333,85.13499999999999,1,20.0,0.5857142857142857,70,3,0.06900000000000261,0.0,0.0,0.0,0.03450000000000131,0.03450000000000131,0.05293075365381128,-0.0034840714327639462,-0.0034840714327639462,-0.14500000000001023,-0.21699999999999875,0,0,1,86.529,-0.11056321839080852,0.0,0.025333333333335872,0.025333333333335872,0.9359999999999928,1.0489999999999924,-0.037984071432765255,2.0,9.0,49.6,31.0,0.30000000000000426,0,0,26.0,2.2,0.00578,0.046243,4.656187,0,0.00578,11.68,0.0046240000000000005,6.761572768804055,42,2,HARD,86.529,0.0,0.0,20.0,0.0,0.0,0,1.4828218390804608,1.4247477895667537,1.4408794699872278,1.4350951045322016,1.3356807945030442,1.3632958806222546,1.1469652577630067,1.0780761565955221,1.0972120180309344,1.2115313486121377,1.1108486344392874,1.1388160550428568,1.902061313362483,1.6541885575886526,1.723042100859161,1.2330654808161465,1.2338382307252866,1.2336235779727478,1.6330077995857042,1.528320967492918,1.5574006430742473,1.2765387487829019,1.2128480288758972,1.2305398955167317,1.0114415421219272,1.036823712298853,1.0297731094719293,1.5472244585602488,1.4396226839403978,1.4695120657792453,1.4408794699872278,raw_step_s
11,SAI,42,6982.468,7489.188,7489.188,MEDIUM>SOFT,SOFT,24,5,1.9456666666666678,0.6723333333333272,1.2733333333333405,"ALB,OCO,LIN,RUS,STR",5,,,0.26166666666667027,0.013247333333333333,0.017408666666666666,88.146,86.20033333333333,1,24.0,0.6,70,4,0.16799999999999926,-0.8495000000000061,0.7560000000000002,0.8495000000000061,-0.25066666666666515,-0.25066666666666515,0.5069189864627504,-0.09793031143034404,-0.09793031143034404,-1.0919999999999987,-0.04599999999999227,0,1,0,87.53,-0.9676069583846925,0.8495000000000061,0.6159999999999997,0.6977500000000134,2.2590000000000003,0.7905000000000015,0.15273635523632112,3.0,17.0,49.9,31.4,0.0,0,0,26.1,1.9,0.017143,0.04,4.34774,0,0.011493,14.303999999999998,0.016457279999999998,6.80128303447162,43,2,MEDIUM,87.53,0.0,0.0,23.5,0.5,0.0,0,1.4828218390804608,1.4247477895667537,1.4408794699872278,0.768266552197169,0.6688522421680118,0.6964673282872221,0.6463584393819893,0.5774693382145046,0.5966051996499171,0.6764774667389368,0.5757947525660864,0.603762173169656,1.5974671891966115,1.349594433422781,1.4184479766932894,1.2188960683516314,1.2196688182607716,1.2194541655082327,0.7068678959408377,0.6021810638480514,0.6312607394293809,0.7463501654896267,0.682659445582622,0.7003513122234567,1.1224119955708034,1.1477941657477293,1.1407435629208056,0.7731072806057295,0.6655055059858784,0.695394887824726,1.4408794699872278,raw_step_s
12,BOR,10,6061.59,6470.732,6470.732,SOFT>MEDIUM,MEDIUM,11,2,1.0156666666666467,-0.3426666666666591,1.3583333333333059,"OCO,ALB,ALO,LIN,GAS",5,,,0.13599999999998147,0.9978903333333333,0.234463,78.96333333333332,77.94766666666668,1,11.0,0.1388888888888889,72,5,0.22399999999998954,0.06300000000000239,-0.06300000000000239,-0.06300000000000239,-0.10624999999999218,-0.10624999999999218,-0.13768957854976804,-0.03375251983486479,-0.03375251983486479,0.28699999999999193,0.16199999999999193,1,0,0,79.08,0.26224715440548607,-0.06300000000000239,-0.11666666666667425,0.10660000000000025,0.41499999999999204,0.5299999999999869,0.07249748016512739,4.0,13.0,35.0,19.2,-0.8999999999999986,0,0,57.6,1.7,0.993671,1.0,0.447923,0,-0.006329000000000029,0.0,0.43721524,5.2832037287379885,11,4,SOFT,79.08,0.0,0.0,10.0,1.0,0.0,0,1.4807238095238102,1.4807238095238102,1.4807238095238102,1.5870711320927355,1.5870711320927355,1.5870711320927355,1.1131288866047413,1.1131288866047413,1.1131288866047413,0.5483722928003922,0.5483722928003922,0.5483722928003922,-0.310463139776578,-0.310463139776578,-0.310463139776578,1.0606775866175198,1.0606775866175198,1.0606775866175198,1.1934089844795155,1.1934089844795155,1.1934089844795155,0.5747838640510308,0.5747838640510308,0.5747838640510308,1.0272597516025344,1.0272597516025344,1.0272597516025344,1.1326888588040096,1.1326888588040096,1.1326888588040096,1.4807238095238102,raw_step_s
12,STR,14,6381.364,6794.609,6794.609,SOFT>HARD,HARD,12,2,0.5866666666666731,0.09600000000000364,0.49066666666666947,"ALB,SAI,ALO,LIN,COL",5,0.10566666666669278,0.3849999999999767,0.07099999999998374,0.117959,0.06544100000000001,79.36166666666666,78.77499999999999,1,12.0,0.19444444444444445,72,8,0.10799999999999699,0.0,0.0,-0.04949999999999477,-0.007333333333335191,-0.007333333333335191,-0.00038254771595802595,-0.022609367596497572,-0.022609367596497572,-0.40099999999999625,0.03999999999999204,1,0,0,79.291,0.0006583830622020059,0.0,0.07066666666666777,0.03700000000000614,0.23850000000000193,0.5859999999999914,-0.015276034263162382,7.0,14.0,33.7,19.1,-1.1999999999999957,0,0,59.5,0.8,0.0,0.632911,2.189453,0,-0.04375,-0.6239999999999987,0.0,5.627621113690637,15,4,SOFT,79.291,0.12699999999999534,-0.14783333333333343,7.0,5.0,-0.5208306666666667,0,1.4807238095238102,1.4807238095238102,1.4807238095238102,1.5827662459834422,1.5827662459834422,1.5827662459834422,1.1448352038640346,1.1448352038640346,1.1448352038640346,1.07805621370127,1.07805621370127,1.07805621370127,0.39251582555225073,0.39251582555225073,0.39251582555225073,1.1701295817777806,1.1701295817777806,1.1701295817777806,1.3110842236933806,1.3110842236933806,1.3110842236933806,1.031980908921181,1.031980908921181,1.031980908921181,1.195761508092128,1.195761508092128,1.195761508092128,1.3354708954855627,1.3354708954855627,1.3354708954855627,1.4807238095238102,raw_step_s
12,OCO,15,6457.424,6874.532,6874.532,SOFT>HARD,HARD,16,2,-0.2539999999999907,0.06666666666666288,-0.32066666666665355,"LIN,ALB,SAI,ALO,COL",5,-0.010000000000019327,-0.31066666666663423,0.05933333333332769,0.5503146666666666,0.552902,79.30300000000001,79.557,1,16.0,0.20833333333333334,72,8,0.13649999999999807,-0.01300000000000523,0.01300000000000523,-0.04949999999999477,0.06325000000000003,0.06325000000000003,0.03410614931314626,0.02351352582220718,0.02351352582220718,-0.01300000000000523,0.04099999999999682,1,0,0,79.244,-0.05711420481844698,0.01300000000000523,0.05900000000001171,-0.09262499999999818,0.24899999999999523,0.7944999999999993,-0.039736474177792844,7.0,12.0,35.2,19.3,1.5,0,0,58.5,1.5,0.522013,1.0,0.953811,0,0.02201299999999995,0.1280000000000018,0.33408832,5.69035945432406,16,4,SOFT,79.244,0.35266666666667845,4.718447854656915e-15,10.0,6.0,-0.21550800000000003,0,1.4807238095238102,1.4807238095238102,1.4807238095238102,1.588215392467443,1.588215392467443,1.588215392467443,1.2989150603376989,1.2989150603376989,1.2989150603376989,0.9388126186789941,0.9388126186789941,0.9388126186789941,0.27084066653187566,0.27084066653187566,0.27084066653187566,1.1663355656894818,1.1663355656894818,1.1663355656894818,1.2875216516594745,1.2875216516594745,1.2875216516594745,0.8928905057213968,0.8928905057213968,0.8928905057213968,1.2684434804625888,1.2684434804625888,1.2684434804625888,1.3123278798603835,1.3123278798603835,1.3123278798603835,1.4807238095238102,raw_step_s
12,RUS,16,6512.608,6957.451,6957.451,MEDIUM>HARD,HARD,16,2,1.2576666666666654,0.1043333333333436,1.1533333333333218,"HAM,ALB,LIN,SAI,ALO",5,-0.06200000000001182,1.2153333333333336,0.052333333333351106,0.021505333333333335,0.021929666666666667,77.68966666666667,76.432,1,16.0,0.2222222222222222,72,8,0.16049999999999187,0.0350000000000108,0.0,-0.17799999999999727,0.09408928571428708,0.09408928571428708,-0.014526729794582138,0.036638319600141134,0.036638319600141134,-0.13599999999999568,0.057999999999992724,0,1,0,77.656,0.023791495498699078,-0.0350000000000108,0.03366666666666163,-0.20050000000000523,-1.3419999999999987,1.031000000000006,-0.05745096611414595,7.0,4.0,36.1,19.2,1.3000000000000043,0,0,58.6,1.3,0.0,0.554839,2.364235,0,0.0,0.704000000000001,0.0,5.730099782973574,17,4,MEDIUM,77.656,0.4749999999999943,0.19066666666666277,9.0,7.0,-0.35873466666666665,0,1.4807238095238102,1.403214285714283,1.4516577380952376,1.4012867944707579,1.3060527168997431,1.3655740153816274,1.1894949835557926,1.1732512802327768,1.1834035948096617,1.1006789176202363,1.178561313264612,1.1298848159868773,0.5440378071508332,0.7650594415580373,0.6269209200535347,0.8364592366291737,0.8289574166373614,0.8336460541322441,1.111235521271397,1.0816118016359189,1.1001266264080927,1.12095898122695,1.1944394483295526,1.148514156390426,1.0730921489424494,1.0711599681198014,1.0723675811339564,1.2320481983337412,1.2125444996441808,1.224734311325156,1.4516577380952376,raw_step_s
12,GAS,17,6606.811,7054.249,7054.249,MEDIUM>HARD,HARD,18,2,0.24833333333334906,0.11966666666667436,0.1286666666666747,"LIN,ALB,ALO,SAI,BOR",5,-0.10133333333334349,0.2300000000000182,0.08166666666667766,0.0,0.7750406666666666,78.91933333333334,78.67099999999999,1,18.0,0.2361111111111111,72,8,0.19550000000000267,0.1280000000000001,0.0,-0.24200000000000443,0.05991666666666854,0.05991666666666854,-0.05838011623244199,0.039967251713153636,0.039967251713153636,0.1280000000000001,0.04099999999999682,0,1,0,78.944,0.09396622551544453,-0.1280000000000001,-0.024666666666661285,-0.20999999999999375,0.0,0.8220000000000027,-0.019949414953514905,7.0,8.0,36.3,19.2,0.19999999999999574,0,0,58.6,0.7,0.0,0.0,7.43392,0,0.0,0.935999999999998,0.0,5.805134968916488,18,4,MEDIUM,78.944,0.41533333333335065,0.12250000000000229,10.0,8.0,-0.061570999999999994,0,1.4807238095238102,1.403214285714283,1.4516577380952376,1.4040113677127581,1.3087772901417434,1.3682985886236276,1.3490199350875187,1.3327762317645029,1.3429285463413878,1.2847393646185732,1.362621760262949,1.3139452629852142,0.8206585414923069,1.041680175899511,0.9035416543950084,1.2031677037210773,1.195665883729265,1.2003545212241478,1.312284502697151,1.282660783061673,1.3011756078338468,1.091556792550088,1.1650372596526906,1.119111967713564,1.2908525299976594,1.2889203491750114,1.2901279621891664,1.3018888231173735,1.282385124427813,1.2945749361087884,1.4516577380952376,raw_step_s
12,PIA,17,6587.595,7054.249,7054.249,HARD>HARD,HARD,15,2,1.1583333333333314,0.11966666666667436,1.038666666666657,"HAM,LIN,ALB,ALO,SAI",5,0.11566666666665526,0.9230000000000018,0.06199999999999761,0.0,0.6697196666666666,77.47099999999999,76.31266666666666,1,15.0,0.2361111111111111,72,8,0.11049999999999471,0.023000000000010346,0.0,-0.15050000000000807,0.02850000000000108,0.02850000000000108,-0.01779544460352156,0.03174670857419846,0.03174670857419846,-0.04099999999999682,-0.09449999999999648,0,0,1,77.465,0.028642813147271795,-0.023000000000010346,0.0059999999999860165,-0.12999999999999545,-1.4089999999999918,1.0075000000000003,0.003246708574197378,7.0,3.0,36.3,19.2,0.19999999999999574,0,0,58.6,0.7,0.0,0.0,4.991074,0,0.0,0.7799999999999983,0.0,5.7899601708972535,18,4,HARD,77.465,0.2603333333333211,0.026166666666663785,7.0,8.0,0.0,0,1.4807238095238102,1.403214285714283,1.4516577380952376,1.987851861255103,1.8926177836840883,1.9521390821659725,1.52624315883131,1.509999455508294,1.520151770085179,1.4263927355490904,1.5042751311934661,1.4555986339157314,0.8608824546953512,1.0819040891025553,0.9437655675980527,0.7818524989611932,0.774350678969381,0.7790393164642637,1.5429304986425427,1.5133067790070647,1.5318216037792385,1.1691427990134653,1.2426232661160679,1.1966979741769412,0.7793403718134396,0.7774081909907917,0.7786158040049467,1.4866048945863066,1.4671011958967461,1.4792910075777215,1.4516577380952376,raw_step_s
12,TSU,17,6611.143,7054.249,7054.249,SOFT>HARD,HARD,15,2,0.6586666666666616,0.11966666666667436,0.5389999999999873,"ALB,LIN,ALO,SAI,HAM",5,-0.07699999999999818,0.6159999999999854,0.06199999999999761,0.0,0.006369333333333334,78.93733333333333,78.27866666666667,1,15.0,0.2361111111111111,72,8,0.16499999999999915,-0.31400000000000716,0.2670000000000101,0.19700000000000273,0.0537083333333328,0.0537083333333328,0.19208120253505,0.003023156420668884,0.003023156420668884,-0.37000000000000455,0.04099999999999682,1,0,0,78.725,-0.30916597566920245,0.31400000000000716,0.21233333333333348,0.15462500000001,-0.20700000000000784,0.8340000000000032,-0.050685176912663915,7.0,10.0,36.3,19.2,0.19999999999999574,0,0,58.6,0.7,0.0,0.356688,2.842693,0,0.0,0.7799999999999983,0.0,5.811140992976701,18,4,SOFT,78.725,0.16866666666665253,-0.16450000000000387,7.0,8.0,-0.26794566666666664,0,1.4807238095238102,1.403214285714283,1.4516577380952376,1.5868531058464428,1.491619028275428,1.5511403267573123,1.1883173912013791,1.1720736878783633,1.1822260024552482,1.0976164164427469,1.1754988120871226,1.1268223148093879,0.45536029117084453,0.6763819255780487,0.5382434040735461,1.0444194669275717,1.0369176469357595,1.0416062844306422,1.3112868026641133,1.2816630830286353,1.300177907800809,0.8927625874151601,0.9662430545177628,0.9203177625786361,1.0031618796261088,1.0012296988034608,1.0024373118176158,1.2373402642784987,1.2178365655889383,1.2300263772699136,1.4516577380952376,raw_step_s
12,HUL,18,6687.226,7132.495,7132.495,SOFT>SOFT,SOFT,19,2,-0.25133333333333496,-0.1729999999999876,-0.07833333333334735,"ALB,LIN,SAI,BOR,ALO",5,0.1353333333333353,-0.21366666666668266,0.08166666666669187,0.310933,0.9957806666666666,78.76466666666667,79.016,1,19.0,0.25,72,8,0.23050000000001347,0.33500000000000796,-0.3960000000000008,-0.36549999999999727,0.03575000000000135,0.03575000000000135,-0.17429123358505194,0.01970462426210846,0.01970462426210846,0.3960000000000008,-0.014500000000005286,1,0,0,79.061,0.2768594148219421,-0.33500000000000796,-0.29633333333333667,-0.23387500000001182,0.11700000000000443,0.38700000000000045,-0.01604537573789289,7.0,8.0,37.3,19.5,1.0,0,1,58.1,1.1,0.550633,1.0,0.895632,0,0.28311700000000006,1.7479999999999978,0.41848108000000006,5.863631175598097,19,4,SOFT,79.061,0.16466666666666185,-0.10616666666666673,10.0,9.0,-0.05556433333333327,0,1.4807238095238102,1.403214285714283,1.4516577380952376,1.0730960320447156,0.9778619544737008,1.037383252955585,0.615052545735985,0.5988088424129693,0.6089611569898541,0.2278300506932811,0.3057124463376569,0.257035949059922,0.017842135541391135,0.23886376994859526,0.10072524844409268,1.1507422819598214,1.1432404619680092,1.147929099462892,0.6910443557620181,0.6614206361265399,0.6799354608987138,0.1080029935192528,0.18148346062185544,0.1355581686827288,1.1307465860377142,1.1288144052150662,1.130022018229221,0.7014975687448911,0.6819938700553306,0.694183681736306,1.4516577380952376,raw_step_s
12,ANT,20,6812.883,7287.437,7287.437,MEDIUM>HARD,HARD,20,2,1.3910000000000053,-0.3506666666666547,1.74166666666666,"LIN,ALO,ALB,SAI,STR",5,-0.3823333333333352,2.1239999999999952,0.09199999999998454,0.0,0.0,77.46233333333333,76.07133333333333,1,20.0,0.2777777777777778,72,8,0.10949999999999704,0.23499999999999943,-0.15900000000000603,-0.27250000000000796,0.07658571428571373,0.07658571428571373,-0.06194653840968556,0.0744500094677138,0.0744500094677138,0.15900000000000603,0.15900000000000603,0,1,0,77.601,0.09676762324909305,-0.23499999999999943,-0.1386666666666656,-0.3100000000000023,-1.397500000000008,0.9074999999999989,-0.002135704817999934,7.0,1.0,38.0,19.5,0.7000000000000028,0,0,55.6,0.7,0.0,0.0,18.405993,0,0.0,2.4,0.0,5.953243334287785,21,4,MEDIUM,77.601,0.7710000000000008,0.6078333333333226,9.0,11.0,0.0,0,1.4807238095238102,1.2865646258503387,1.4007759103641455,1.4067359409547584,1.1828067917057787,1.3145298206757667,1.1871070413381855,1.0934455046045488,1.1485405262125703,1.12287109305271,1.1194289254572325,1.1214537299251603,0.6143395462868589,0.8315224959379514,0.7037678196726029,1.33645635411424,1.2466743776768143,1.299487304992947,1.2110224064614445,1.082142424341505,1.1579541785297047,0.9971377642929402,0.9965047014873842,0.9968770913730054,1.4401565867930821,1.351486883027176,1.4036455323012385,1.2819465068491103,1.1582570181410743,1.2310155409105072,1.4007759103641455,raw_step_s
12,COL,20,6873.082,7287.437,7287.437,MEDIUM>HARD,HARD,18,2,2.715666666666678,-0.25866666666667015,2.974333333333348,"PER,BOT,SAI,LIN,ALO",5,-0.9226666666666716,3.89700000000002,0.09199999999998454,0.890269,0.0,80.44500000000001,77.72933333333333,1,18.0,0.2777777777777778,72,8,0.30100000000000904,0.0,-0.13300000000000978,-0.26200000000001467,0.1939761904761901,0.1939761904761901,0.06788404663330994,0.13626177232854791,0.13626177232854791,0.13300000000000978,0.054999999999999716,0,1,0,80.641,-0.11117870386168249,0.0,-0.19599999999999795,-0.44137500000000784,1.9040000000000106,0.6749999999999972,-0.057714418147642194,7.0,18.0,38.2,19.5,0.4000000000000057,0,0,56.3,0.9,0.968944,1.0,0.456765,0,0.024845000000000006,2.304000000000002,0.6976396800000001,5.996452088619021,21,5,MEDIUM,80.641,1.0206666666666706,1.0940000000000036,11.0,7.0,0.598652,0,1.4807238095238102,1.2865646258503387,1.4007759103641455,1.4040113677127581,1.1800822184637785,1.3118052474337665,1.7167991727510028,1.6231376360173662,1.6782326576253876,1.2527059710109991,1.2492638034155217,1.2512886078834495,1.1958401922246742,1.4130231418757666,1.285268465610418,1.8814861772929548,1.791704200855529,1.8445171281716617,1.6774173047069052,1.5485373225869656,1.6243490767751654,1.0012239132283849,1.000590850422829,1.00096324030845,1.9751597833083836,1.8864900795424775,1.93864872881654,1.6814604651885214,1.5577709764804855,1.6305294992499184,1.4007759103641455,raw_step_s
12,LAW,20,6834.993,7287.437,7287.437,SOFT>MEDIUM,MEDIUM,18,2,1.403333333333336,-0.3506666666666547,1.7539999999999907,"ALO,LIN,ALB,SAI,STR",5,-0.7670000000000101,2.521000000000001,0.09199999999998454,0.004232666666666667,0.3018996666666666,78.829,77.42566666666666,1,18.0,0.2777777777777778,72,8,0.3819999999999908,0.0,0.01300000000000523,-0.3754999999999882,0.14374999999999857,0.14374999999999857,0.028953324177933837,0.09159196823517166,0.09159196823517166,-0.26300000000000523,0.15900000000000603,1,0,0,78.737,-0.045228424990099825,0.0,0.09199999999999875,-0.32450000000000045,-0.194500000000005,0.7974999999999994,-0.05215803176482692,7.0,5.0,38.0,19.5,0.20000000000000284,0,0,55.6,0.7,0.0,0.0,9.616457,0,-0.006329,2.16,0.0,5.963579343618446,21,5,SOFT,78.737,1.103999999999985,0.9394999999999906,7.0,11.0,-0.03232633333333333,0,1.4807238095238102,1.2865646258503387,1.4007759103641455,1.5966071384397365,1.3726779891907568,1.5044010181607448,1.4738228065554086,1.380161269821772,1.4352562914297935,1.4363297767898544,1.432887609194377,1.4349124136623048,0.9470959264434737,1.1642788760945662,1.0365241998292176,1.6118221093154457,1.52204013287802,1.5748530601941526,1.4924021017337952,1.3635221196138556,1.4393338738020554,1.329997041329563,1.329363978524007,1.3297363684096282,1.7090772088118782,1.620407505045972,1.6725661543200345,1.5385444433916673,1.4148549546836313,1.4876134774530643,1.4007759103641455,raw_step_s
12,LEC,20,6823.06,7287.437,7287.437,SOFT>MEDIUM,MEDIUM,18,2,1.5660000000000167,-0.3506666666666547,1.9166666666666714,"LIN,ALO,ALB,SAI,STR",5,0.6316666666666606,1.2850000000000108,0.09199999999998454,0.006451666666666667,0.0,77.39966666666668,75.83366666666666,1,18.0,0.2777777777777778,72,8,0.18200000000000216,0.0,0.0,0.039500000000003865,-0.004150000000000631,-0.004150000000000631,0.08818626446975486,0.0044985618187224664,0.0044985618187224664,-0.07899999999999352,0.15900000000000603,1,0,0,77.435,-0.13775709563489613,0.0,-0.03533333333332678,0.10174999999999557,-1.5635000000000048,0.7974999999999994,0.008648561818723097,7.0,3.0,38.0,19.5,0.20000000000000284,0,0,55.6,0.7,0.0,0.0,7.785254,0,-0.012903,2.16,0.0,5.958424693029782,21,4,SOFT,77.435,0.2220000000000084,0.0588333333333253,7.0,11.0,-0.980575,0,1.4807238095238102,1.2865646258503387,1.4007759103641455,1.5966071384397365,1.3726779891907568,1.5044010181607448,0.9571371204226369,0.8634755836890003,0.9185706052970218,0.9236843833901458,0.9202422157946684,0.9222670202625962,0.27069060409063583,0.48787355374172825,0.3601188774763798,0.6887243478235612,0.5989423713861354,0.6517552987022682,1.0233042743843406,0.8944242922644011,0.9702360464526008,1.2171382961637833,1.2165052333582274,1.2168776232438485,0.7651980501180724,0.6765283463521663,0.7286869956262287,1.1247237735072768,1.0010342847992408,1.0737928075686738,1.4007759103641455,raw_step_s
12,NOR,20,6815.18,7287.437,7287.437,SOFT>HARD,HARD,21,2,1.4639999999999986,-0.3506666666666547,1.8146666666666533,"LIN,ALO,ALB,SAI,STR",5,-0.43166666666667197,2.2463333333333253,0.09199999999998454,0.06897166666666667,0.18601666666666664,77.59033333333333,76.12633333333333,1,21.0,0.2777777777777778,72,8,0.1355000000000075,0.3790000000000049,-0.3130000000000024,-0.4934999999999974,0.08116666666666697,0.08116666666666697,-0.17793629890293516,0.07666613567048673,0.07666613567048673,0.3130000000000024,0.20400000000000773,1,0,0,77.821,0.27795697994780255,-0.3790000000000049,-0.23066666666666436,-0.46162499999999795,-1.177500000000009,0.7974999999999994,-0.004500530996180238,7.0,2.0,38.0,19.5,0.7000000000000028,0,0,55.6,0.7,0.025641,0.730769,2.066214,0,-0.058230000000000004,2.52,0.02153844,5.955837369464831,21,4,SOFT,77.821,0.820999999999998,0.6578333333333244,10.0,11.0,-0.5969453333333333,0,1.4807238095238102,1.2865646258503387,1.4007759103641455,1.5949999007619702,1.3710707515129905,1.5027937804829785,1.1940489068030642,1.1003873700694276,1.155482391677449,1.1261836744627935,1.122741506867316,1.124766311335244,0.5074196460755322,0.7246025957266247,0.5968479194612762,1.363673449081116,1.2738914726436903,1.326704399959823,1.2670133181406547,1.138133336020715,1.2139450902089148,1.3225025433650928,1.3218694805595368,1.322241870445158,1.456807679914332,1.3681379761484258,1.4202966254224882,1.4235995332106177,1.2999100445025817,1.3726685672720147,1.4007759103641455,raw_step_s
12,HAM,24,7135.403,7617.105,7617.105,SOFT>HARD,HARD,25,2,1.9906666666666553,-0.7649999999999864,2.7556666666666416,"PIA,BOR,TSU,RUS,LIN",5,0.12366666666666504,2.6319999999999766,0.35300000000002285,0.006451666666666667,0.0,77.678,75.68733333333334,1,25.0,0.3333333333333333,72,8,0.12049999999999272,-0.006000000000000227,0.0,0.0030000000000001137,0.01008333333333174,0.01008333333333174,0.007804642950105745,0.01732331029370511,0.01732331029370511,-0.1559999999999917,0.32500000000000284,1,0,0,77.715,-0.012046597069229392,0.006000000000000227,-0.03700000000000614,-0.06212500000000887,-1.399499999999989,0.8900000000000006,0.00723997696037337,7.0,1.0,36.1,19.3,0.3999999999999986,0,0,57.1,0.9,0.0,0.374194,2.916271,0,0.0,1.1000000000000014,0.0,6.142037405587356,25,4,SOFT,77.715,0.4129999999999967,0.15349999999999397,10.0,15.0,-0.48392666666666667,0,1.4807238095238102,0.909509157509158,1.1578633540372676,1.6003413480040767,1.0010219686292001,1.2615956118356682,1.0680334244904497,0.683032873319799,0.8504244173070384,0.9693918631702588,0.7168919700852909,0.8266745322961465,0.19638299033956752,0.30163879169662344,0.25587539980225127,0.7627376669863023,0.45552351911833167,0.5890948877565798,1.082912318479316,0.6720818153355013,0.8507037732241163,0.9812796092624083,0.7918888836917527,0.8742326774181247,1.015270947567115,0.6807587739844517,0.8261988494551749,1.239163530691028,0.8299429627517384,1.007864948812299,1.1578633540372676,raw_step_s
12,ALB,25,7248.96,7696.471,7696.471,HARD>HARD,HARD,23,2,0.9423333333333233,-0.8353333333333524,1.7776666666666756,"HUL,STR,GAS,LIN,BOR",5,0.009666666666674928,1.7680000000000007,0.21633333333332416,0.12083333333333333,0.137265,79.484,78.54166666666667,1,23.0,0.3472222222222222,72,8,0.11299999999999955,0.0,0.10699999999999932,0.028999999999996362,-0.0038333333333322155,-0.0038333333333322155,0.24142919777484906,0.024737812167247544,0.024737812167247544,-0.9339999999999975,-0.10999999999999943,0,0,1,79.137,-0.3723106556082172,0.0,0.3469999999999942,0.1349999999999909,0.012000000000000455,0.7789999999999964,0.028571145500579757,7.0,8.0,34.3,19.1,-0.30000000000000426,0,1,56.1,1.5,0.0,0.220126,3.698032,0,-0.3625,-0.6440000000000026,0.0,6.198478716492308,26,4,HARD,79.137,0.5249999999999915,0.1426666666666752,7.0,16.0,-0.4119543333333333,0,1.4807238095238102,0.909509157509158,1.1578633540372676,1.9986693797916837,1.3993500004168071,1.6599236436232752,1.761906523255717,1.3769059720850663,1.5442975160723058,1.7723587706460817,1.5198588775611137,1.6296414397719694,1.3872500933951184,1.4925058947521743,1.4467425028578023,1.357629258373464,1.0504151105054933,1.1839864791437413,1.6347797866703657,1.223949283526551,1.402571241415166,1.6558591984074262,1.4664684728367705,1.5488122665631425,1.3927572277642082,1.058245054181545,1.2036851296522681,1.6438117588981935,1.2345911909589038,1.4125131770194645,1.1578633540372676,raw_step_s
12,BOT,27,7434.852,7854.102,7854.102,HARD>HARD,HARD,25,4,1.7966666666666526,0.7706666666666706,1.025999999999982,"GAS,ALO,STR,HUL,LIN",5,-0.6210000000000093,1.6469999999999914,0.7233333333333434,0.2849733333333333,0.30473100000000003,80.79566666666666,78.99900000000001,1,25.0,0.375,72,8,0.16499999999999915,0.0,0.26200000000000045,-0.15399999999999636,0.09191666666666502,0.09191666666666502,0.150371178685603,0.03239443612719733,0.03239443612719733,-0.5110000000000099,-0.1944999999999979,0,0,1,80.538,-0.23168510680000054,0.0,0.2576666666666654,-0.07724999999999227,1.6769999999999925,1.5009999999999906,-0.059522230539467695,7.0,18.0,33.0,19.2,-0.6000000000000014,0,0,54.8,2.8,0.304348,0.857143,1.197477,0,-0.053676999999999975,-2.0,0.304348,6.295266001439646,28,4,HARD,80.538,0.9893333333333203,0.5843333333333383,7.0,18.0,-0.10750566666666672,0,1.4807238095238102,1.1313121693121717,1.2561020408163281,2.001340103412737,1.6207782468470524,1.7566931956205112,2.1190684352047775,1.9527394233665152,2.0121426418801804,1.9465609790773626,1.9129902285878597,1.9249797823341108,1.7043574903278969,2.058409684912374,1.931962472560775,1.576867937362993,1.4470931395901652,1.4934412816518894,1.7424993706237508,1.5496129291628233,1.6185009439702973,1.7743128606660945,1.7859751389550804,1.781810039566157,1.572355847315031,1.3970748714527903,1.459675219975019,1.7686924192192257,1.555906746699341,1.631901629742157,1.2561020408163281,raw_step_s
12,PER,28,7516.586,7932.734,7932.734,HARD>HARD,HARD,26,2,2.103666666666655,1.5626666666666722,0.5409999999999826,"GAS,TSU,LIN,HUL,ALO",5,0.42900000000001626,0.11199999999996635,0.28999999999999204,0.18669766666666665,0.0,80.27699999999999,78.17333333333333,1,26.0,0.3888888888888889,72,8,0.21600000000000819,-0.031999999999996476,0.0,0.07549999999999102,-0.03835714285714363,-0.03835714285714363,0.1062670570533868,-0.014551112848812579,-0.014551112848812579,0.1910000000000025,0.07099999999999795,0,0,1,80.33,-0.16370135521580664,0.031999999999996476,-0.05300000000001148,0.17524999999999125,1.880999999999986,1.5524999999999949,0.02380603000833105,7.0,18.0,32.3,19.1,-0.7000000000000028,0,0,54.0,1.1,0.360248,1.0,1.137509,0,0.18524800000000002,-2.808000000000003,0.37465792,6.331501849893691,29,4,HARD,80.33,0.32099999999998374,0.13433333333333053,7.0,19.0,-0.4445523333333333,0,1.4807238095238102,1.1313121693121717,1.2561020408163281,2.0026754652232635,1.622113608657579,1.7580285574310377,1.9381551805228474,1.771826168684585,1.8312293871982501,1.6820339687247472,1.6484632182352443,1.6604527719814954,1.1462615818537167,1.5003137764381937,1.3738665640865948,1.2510216587879206,1.1212468610150927,1.167595003076817,1.7048163140814818,1.5119298726205543,1.5808178874280283,1.595818725882436,1.6074810041714218,1.6033159047824983,1.3350269255837348,1.159745949721494,1.222346298243723,1.7549669199383957,1.542181247418511,1.618176130461327,1.2561020408163281,raw_step_s
12,SAI,29,7579.364,8011.771,8011.771,SOFT>HARD,HARD,27,2,0.7596666666666749,1.2710000000000008,-0.5113333333333259,"LIN,GAS,STR,COL,TSU",5,-0.9763333333333293,0.4650000000000034,0.37333333333332064,0.084912,0.14307666666666666,80.10933333333334,79.34966666666666,1,27.0,0.4027777777777778,72,8,0.15800000000000125,0.7630000000000052,-0.7630000000000052,-1.0045000000000073,0.10150000000000148,0.10150000000000148,-0.5351120821911479,0.08364067781378726,0.08364067781378726,0.7630000000000052,-0.036999999999999034,1,0,0,80.706,0.8242429826307784,-0.7630000000000052,-0.596666666666664,-0.8661250000000109,2.4039999999999964,1.703000000000003,-0.01785932218621422,7.0,11.0,32.0,19.0,-0.29999999999999716,0,1,55.3,1.2,0.248447,0.732919,1.428542,0,0.248447,-3.24,0.26832276,6.354370040797351,30,4,SOFT,80.706,0.798000000000016,0.7820000000000012,7.0,20.0,-0.15926966666666664,0,1.4807238095238102,1.1313121693121717,1.2561020408163281,1.60301207162513,1.2224502150594454,1.3583651638329042,1.7333165037825828,1.5669874919443205,1.6263907104579856,1.5407729196110123,1.5072021691215094,1.5191917228677605,1.1770871691204738,1.5311393637049509,1.404692151353352,1.9450222130669883,1.8152474152941604,1.8615955573558847,1.638650572919787,1.4457641314588594,1.5146521462663336,1.3079291572905802,1.3195914355795662,1.3154263361906426,1.9573732462159394,1.7820922703536985,1.8446926188759276,1.722675626208358,1.5098899536884733,1.5858848367312892,1.2561020408163281,raw_step_s
12,ALO,33,7881.98,8330.534,8330.534,SOFT>HARD,HARD,31,2,0.39100000000000534,-0.2193333333333385,0.6103333333333438,"GAS,ALB,BOT,COL,PER",5,-1.2346666666666835,1.8450000000000273,0.9903333333333251,0.0,0.50449,79.009,78.618,1,31.0,0.4583333333333333,72,8,0.04800000000000182,0.06499999999999773,-0.09000000000000341,-0.04800000000000182,-0.01191666666666909,-0.01191666666666909,-0.06303010782934848,-0.012285239808937254,-0.012285239808937254,0.09000000000000341,0.1599999999999966,1,0,0,79.071,0.09707777814065821,-0.06499999999999773,-0.06199999999999761,-0.035124999999993634,0.5819999999999936,1.0535000000000068,-0.00036857314226816304,7.0,8.0,30.7,18.9,-0.5,0,0,55.9,3.2,0.0,0.0,20.0,0,0.0,-5.332000000000001,0.0,6.480044561926653,34,4,SOFT,79.071,-0.0796666666666539,0.31433333333333263,7.0,24.0,-0.3833956666666667,0,1.4807238095238102,1.194918367346939,1.287113671274962,1.5794760489709203,1.2118190212221496,1.3304180624314303,1.21632968490701,1.0633171168416273,1.1126760097659443,1.1289812430677297,1.1021756023516287,1.1108225832277903,0.472526870117258,0.8446514222660502,0.7246112441535366,1.2350157301759181,1.1729436084632026,1.1929668735318204,1.2601172134151049,1.107618129824462,1.1568113825956372,0.7831417309967832,0.8082910646888046,0.8001783764010557,1.271156474390549,1.1565957638429272,1.1935508317615149,1.3242697308325662,1.1455962476182928,1.2032328551067681,1.287113671274962,raw_step_s
12,BOR,33,7897.34,8330.534,8330.534,MEDIUM>HARD,HARD,22,2,1.7376666666666694,0.14000000000001478,1.5976666666666546,"BOT,GAS,ALB,TSU,COL",5,-0.9473333333333471,2.5450000000000017,1.2643333333333544,0.48318900000000004,0.03440866666666667,79.01333333333334,77.27566666666667,1,22.0,0.4583333333333333,72,8,0.39700000000000557,-0.23999999999999488,0.08499999999999375,0.5219999999999914,-0.11983333333333235,-0.11983333333333235,0.4025712235056176,-0.00816377272256242,-0.00816377272256242,-0.08499999999999375,0.1150000000000091,0,1,0,78.905,-0.6204655468770994,0.23999999999999488,0.10833333333333428,0.5858749999999873,0.4159999999999968,1.0535000000000068,0.11166956061076994,7.0,13.0,30.7,18.9,-0.5,0,0,55.9,3.2,0.503185,1.0,0.949731,0,0.028501,-3.7840000000000007,0.4428028,6.48768401848461,34,5,MEDIUM,78.905,-0.4089999999999918,0.2836666666666616,5.0,17.0,-0.3567656666666667,0,1.4807238095238102,1.194918367346939,1.287113671274962,1.4094066645758119,1.0417496368270411,1.160348678036322,1.1902081398519422,1.0371955717865595,1.0865544647108765,0.9163473783792119,0.8895417376631108,0.8981887185392724,0.6180951465187791,0.9902196986675712,0.8701795205550575,1.2236062519801156,1.1615341302674,1.181557395336018,1.3548840745221384,1.2023849909314956,1.2515782437026708,0.6830544644777591,0.7082037981697805,0.7000911098820316,1.1956489005336963,1.0810881899860745,1.1180432579046622,1.36203863893719,1.1833651557229166,1.2410017632113919,1.287113671274962,raw_step_s
12,STR,34,7987.078,8409.963,8409.963,HARD>HARD,HARD,19,2,1.7000000000000028,0.4576666666666682,1.2423333333333346,"COL,ALB,GAS,SAI,BOT",5,-2.3046666666666766,3.5470000000000113,0.9333333333333229,0.10109466666666667,0.0,79.83866666666667,78.13866666666667,1,19.0,0.4722222222222222,72,8,0.14850000000000563,0.0,0.7700000000000102,-0.024499999999989086,0.050416666666664625,0.050416666666664625,0.29728211905609214,-0.010037166354325094,-0.010037166354325094,-0.7700000000000102,0.08400000000000318,0,0,1,78.91,-0.47458646091659773,0.0,0.9286666666666719,0.265625,0.5704999999999956,0.7974999999999994,-0.06045383302098972,7.0,16.0,31.1,18.8,0.40000000000000213,0,1,56.3,1.8,0.0,0.0,5.419396,0,-0.044025,-2.9639999999999986,0.0,6.525029657843462,35,5,HARD,78.91,-0.021000000000000796,0.6721666666666645,5.0,14.0,-0.23096299999999997,0,1.4807238095238102,1.236225108225108,1.3126309523809523,1.9933010077391038,1.6469461722263403,1.755182058324079,1.940635339635077,1.8021011376701122,1.8453930757841637,1.7904503820983302,1.7840283022303205,1.7860352021890735,0.8955355667017527,1.2942637794261878,1.1696612129498019,1.1835813857966282,1.1630873154289785,1.169491712418869,1.6364111129690972,1.508973367386446,1.5487976628810247,1.4177167802491109,1.4648069597180504,1.4500912786340068,1.1680815645083993,1.093666329034893,1.1169210901203637,1.6159739482332711,1.4612719754709311,1.5096163419591624,1.3126309523809523,raw_step_s
12,LIN,35,8054.973,8489.45,8489.45,MEDIUM>HARD,HARD,30,2,0.8196666666666488,-0.4936666666666696,1.3133333333333184,"ALB,BOT,PIA,PER,COL",5,1.3200000000000216,-0.006666666666703236,0.11866666666665537,0.13333333333333333,0.7961783333333333,79.31933333333332,78.49966666666667,1,30.0,0.4861111111111111,72,8,0.45599999999999596,0.9119999999999919,-0.8250000000000028,-0.44899999999999807,-0.09408333333333967,-0.09408333333333967,-0.49216904330825173,-0.02146614180859345,-0.02146614180859345,0.8250000000000028,-0.04650000000000176,0,1,0,79.919,0.7594423243267556,-0.9119999999999919,-0.5996666666666783,-0.3747499999999917,1.69850000000001,0.892000000000003,0.07261719152474622,7.0,11.0,30.5,18.8,-0.6000000000000014,0,1,56.8,1.0,0.4,0.80625,1.131689,0,0.4,-5.4,0.48,6.543911845564792,36,5,MEDIUM,79.919,0.23299999999997567,0.604833333333327,5.0,25.0,-0.27403866666666665,0,1.4807238095238102,1.215505175983437,1.295874458874459,1.4200895590600249,1.052126437919188,1.1636304140224718,1.3692904280884495,1.1944468506821393,1.2474297529264757,1.098918390208222,1.0588143897716762,1.0709671171766901,0.9110670549750453,1.2743105409526005,1.1642367573230383,1.4735613969564803,1.4024211754569755,1.4239788183356135,1.489890225649688,1.3297765600378864,1.3782958526475233,0.8045766407448439,0.8257819215140945,0.8193560788567459,1.4759903106521555,1.352736321088399,1.3900860148955978,1.5257907957590722,1.3359450409628475,1.3934740575677642,1.295874458874459,raw_step_s
12,OCO,35,8060.861,8489.45,8489.45,HARD>HARD,HARD,19,2,1.3559999999999945,-0.4936666666666696,1.8496666666666641,"ALB,BOT,PIA,PER,SAI",5,-0.7616666666666845,2.6113333333333486,0.32699999999998397,0.29675833333333335,0.223872,79.586,78.23,1,19.0,0.4861111111111111,72,8,0.2785000000000011,0.6709999999999923,0.0,-0.8319999999999936,0.17457142857142827,0.17457142857142827,-0.4734554068302259,0.019321280196859983,0.019321280196859983,-1.3140000000000072,-0.04650000000000176,0,0,1,79.499,0.793721986662618,-0.6709999999999923,0.0870000000000033,-0.5584999999999951,1.2254999999999967,0.866500000000002,-0.1552501483745683,7.0,14.0,30.5,18.8,-0.6000000000000014,0,1,56.8,1.0,0.628931,0.968553,0.844306,0,0.386695,-3.42,0.47798756000000003,6.551080335043404,36,5,HARD,79.499,-0.6226666666666745,-0.03683333333333394,5.0,14.0,-0.663684,0,1.4807238095238102,1.215505175983437,1.295874458874459,1.9933010077391038,1.6253378865982668,1.7368418627015507,2.004415186744456,1.829571609338146,1.8825545115824824,1.5011189023205918,1.461014901884046,1.4731676292890599,0.7278684205628552,1.0911119065404105,0.9810381229108482,1.3488315886027549,1.2776913671032502,1.2992490099818879,1.7248832653066573,1.5647695996948556,1.6132888923044926,1.3185208505253165,1.3397261312945672,1.3333002886372185,1.2839879422942229,1.1607339527304663,1.1980836465376652,1.6820189753482793,1.4921732205520546,1.5497022371569713,1.295874458874459,raw_step_s
12,ANT,39,8287.121,8809.268,8809.268,HARD>HARD,HARD,18,2,0.8123333333333278,-0.29000000000000625,1.102333333333334,"NOR,HUL,BOR,LAW,HAM",5,-0.34866666666667356,1.4510000000000076,0.22699999999998965,0.12297400000000001,0.09710133333333333,76.75466666666667,75.94233333333334,1,18.0,0.5416666666666666,72,8,0.23399999999998755,-0.12399999999999523,0.0,-0.05500000000000682,0.050285714285714225,0.050285714285714225,0.16985258413772897,0.04810012117242893,0.04810012117242893,0.3079999999999927,-0.16699999999998738,0,0,1,76.714,-0.2631397885210447,0.12399999999999523,0.04066666666666663,0.039500000000003865,-0.9509999999999934,0.603500000000011,-0.0021855931132852974,7.0,1.0,31.6,19.0,-1.3999999999999986,0,0,55.4,1.8,0.091503,0.895425,1.738088,0,0.091503,-2.447999999999999,0.06588216,6.626717749249025,40,5,HARD,76.714,0.5556666666666672,1.9005000000000083,5.0,13.0,0.11861666666666668,0,1.4807238095238102,1.215505175983437,1.295874458874459,1.9919387211181037,1.6239755999772667,1.7354795760805506,1.4299033313958955,1.2550597539895854,1.3080426562339218,1.2587294178276454,1.2186254173910995,1.2307781447961135,0.7686163765658482,1.1318598625434035,1.0217860789138413,0.9034096394435389,0.8322694179440342,0.853827060822672,1.5939271131593846,1.433813447547583,1.48233274015722,0.949626452115232,0.9708317328844825,0.964405890227134,1.0849480798596483,0.9616940902958916,0.9990437841030906,1.5607082539711417,1.3708624991749172,1.4283915157798337,1.295874458874459,raw_step_s
12,RUS,39,8297.192,8809.268,8809.268,HARD>HARD,HARD,22,2,1.0486666666666622,-0.29000000000000625,1.3386666666666684,"BOR,LAW,HAM,STR,HUL",5,-0.22000000000001307,1.5586666666666815,0.22699999999998965,0.10551666666666666,0.3210496666666667,77.02733333333333,75.97866666666667,1,22.0,0.5416666666666666,72,8,0.08200000000001495,0.4579999999999984,-0.48399999999999466,-0.4709999999999894,0.019791666666669393,0.019791666666669393,-0.27450227524116144,0.04785245066385529,0.04785245066385529,0.6400000000000006,-0.14799999999999613,0,0,1,77.402,0.4230784377565726,-0.4579999999999984,-0.3746666666666698,-0.4197500000000076,-0.262999999999991,0.40800000000000836,0.028060783997185895,7.0,3.0,31.6,19.0,-1.3999999999999986,0,0,55.4,1.8,0.277419,0.812903,1.534466,0,0.251275,-2.9919999999999987,0.24412872000000005,6.630683385642372,40,5,HARD,77.402,0.6083333333333343,1.814666666666663,5.0,17.0,0.09898066666666666,0,1.4807238095238102,1.215505175983437,1.295874458874459,1.997334017981157,1.62937089684032,1.7408748729436039,1.4609974738206746,1.2861538964143644,1.3391367986587008,1.193825455804425,1.1537214553678792,1.1658741827728931,0.7465401887328258,1.109783674710381,0.9997098910808189,0.9950277352739733,0.9238875137744685,0.9454451566531064,1.6208902520769066,1.460776586465105,1.509295879074742,0.8727720212127678,0.8939773019820183,0.8875514593246697,1.178509650507348,1.0552556609435915,1.0926053547507903,1.5900492199116616,1.4002034651154371,1.4577324817203536,1.295874458874459,raw_step_s
12,LEC,42,8528.528,9049.867,9049.867,MEDIUM>HARD,HARD,21,2,1.5546666666666624,-0.032333333333340875,1.5870000000000033,"HAM,HUL,LIN,SAI,OCO",5,-0.4236666666666622,2.0106666666666655,0.5949999999999989,0.3638343333333333,0.256718,76.846,75.29133333333334,1,21.0,0.5833333333333334,72,8,0.20949999999999136,0.02400000000000091,0.0,-0.22149999999999181,0.06610000000000156,0.06610000000000156,-0.028337174108344243,0.02950769933016326,0.02950769933016326,0.17399999999999238,0.12950000000000017,0,1,0,76.889,0.04369907189187927,-0.02400000000000091,-0.042999999999992156,-0.2238750000000067,-1.096500000000006,0.7424999999999997,-0.036592300669838304,7.0,2.0,33.4,19.0,0.3999999999999986,0,0,55.7,0.0,0.201299,0.902597,1.388198,0,0.109796,-1.3440000000000012,0.16909116000000002,6.705639094860003,43,5,MEDIUM,76.889,0.9126666666666807,2.2056666666666636,5.0,16.0,0.3419043333333333,0,1.4807238095238102,1.2128911564625846,1.2833734335839597,1.4080713027652851,1.0204144191584674,1.1224293885286825,1.0440506088126367,0.8391239043041099,0.8930519844379328,0.8591016547682847,0.810748977168952,0.8234733660108816,0.4608404213535182,0.8441918660657112,0.7433099069309235,0.7157957370738595,0.6409211615500314,0.6606249972141968,1.0636281616952146,0.8798972021380431,0.9282474546530882,0.5422677854435081,0.5953050827303749,0.581347899233831,1.0204706735406774,0.9052787585759594,0.93559242040878,1.1970408028106916,0.9873189772360407,1.0425089313346332,1.2833734335839597,raw_step_s
12,PIA,43,8616.581,9129.67,9129.67,HARD>SOFT,SOFT,25,5,1.8856666666666655,-0.14066666666667516,2.0263333333333406,"OCO,ALO,PER,SAI,HAM",5,0.3446666666666687,1.681666666666672,0.4863333333333344,0.23871,0.40684899999999996,77.528,75.64233333333334,1,25.0,0.5972222222222222,72,8,0.16599999999999682,0.2120000000000033,0.0,-0.10600000000000875,-0.029041666666667375,-0.029041666666667375,-0.018177854541690408,0.0011896978399850106,0.0011896978399850106,0.2120000000000033,-0.07150000000000745,0,0,1,77.58,0.028000068031758474,-0.2120000000000033,-0.0519999999999925,-0.07325000000000159,-0.2120000000000033,0.6260000000000048,0.030231364506652387,7.0,5.0,32.9,19.1,-0.5,0,0,56.8,1.2,0.270968,0.56129,1.592923,0,0.19999999999999998,-2.1000000000000014,0.270968,6.733401891837359,44,5,HARD,77.58,0.9083333333333456,2.042666666666657,5.0,20.0,-0.3793190000000001,0,1.4807238095238102,1.2128911564625846,1.2833734335839597,1.4821338831270092,1.0944769995201915,1.1964919688904065,0.9467996746234382,0.7418729701149114,0.7958010502487343,0.7212198133061811,0.6728671357068484,0.685591524548778,0.693309429616764,1.076660874328957,0.9757789151941694,1.059848861733934,0.9849742862101059,1.004678121874271,1.5422304901525776,1.3584995305954062,1.4068497831104514,0.8066723818255971,0.8597096791124639,0.84575249561592,1.260733229509713,1.1455413145449949,1.1758549763778154,1.5214731669876094,1.3117513414129585,1.366941295511551,1.2833734335839597,raw_step_s
12,TSU,43,8675.486,9129.67,9129.67,HARD>SOFT,SOFT,25,4,2.3556666666666644,0.4753333333333387,1.8803333333333256,"BOR,LIN,BOT,SAI,ALB",5,-2.0300000000000153,3.910333333333341,0.5243333333333453,0.003944666666666667,0.04675066666666666,79.95366666666666,77.598,1,25.0,0.5972222222222222,72,8,0.07799999999999585,6.210000000000008,-6.171999999999997,-6.1910000000000025,0.02037499999999426,0.02037499999999426,-6.225536483731844,-0.026393100000151253,-0.026393100000151253,6.210000000000008,0.09900000000000375,0,0,1,84.081,5.0,-6.210000000000008,-4.12733333333334,-5.444625000000002,6.189999999999998,0.4829999999999899,-0.046768100000145515,7.0,9.0,33.5,19.2,0.10000000000000142,0,0,56.3,2.2,0.011834,0.029586,7.560469,0,0.011834,-1.5,0.011834,6.74993119378857,44,5,HARD,84.081,1.112333333333325,2.323666666666668,5.0,20.0,-0.16698166666666664,0,1.4807238095238102,1.2128911564625846,1.2833734335839597,1.4821338831270092,1.0944769995201915,1.1964919688904065,1.7576337468506855,1.5527070423421587,1.6066351224759816,1.9867900033878887,1.9384373257885559,1.9511617146304856,1.80935480735405,2.192706252066243,2.0918242929314554,1.4810418351588956,1.4061672596350676,1.4258710952992328,1.8890701279759203,1.7053391684187489,1.753689420933794,2.056653008102902,2.109690305389769,2.095733121893225,1.5692569882710499,1.4540650733063318,1.4843787351391524,1.9045293411165531,1.6948075155419022,1.7499974696404945,1.2833734335839597,raw_step_s
12,COL,44,8787.387,9209.847,9209.847,HARD>SOFT,SOFT,23,2,1.8796666666666795,0.20266666666667277,1.6770000000000067,"BOR,PER,OCO,LIN,BOT",5,0.3743333333333396,1.302666666666667,0.48433333333332484,0.027601,0.1689463333333333,78.51766666666667,76.63799999999999,1,23.0,0.6111111111111112,72,8,0.3480000000000061,0.0,-0.02400000000000091,-0.012000000000000455,0.04400000000000119,0.04400000000000119,0.04506682152171493,-0.02344501132732723,-0.02344501132732723,0.02400000000000091,0.04899999999999238,0,0,1,78.659,-0.07018995906052794,0.0,-0.14133333333333553,0.32312500000000455,0.5760000000000076,0.9265000000000043,-0.06744501132732841,7.0,17.0,33.7,19.2,0.20000000000000284,0,0,56.3,0.8,0.012739,0.522293,2.450463,0,0.012739,-1.1959999999999973,0.01171988,6.786716950605081,45,6,HARD,78.659,1.0323333333333267,2.1153333333333344,5.0,18.0,0.027601,0,1.4807238095238102,1.2128911564625846,1.2833734335839597,1.479463159505956,1.0918062758991383,1.1938212452693535,0.9800087067977574,0.7750820022892306,0.8290100824230535,0.9146760776788911,0.8663234000795584,0.879047788921488,0.4523660571675432,0.8357175018797361,0.7348355427449484,1.0815872853045274,1.0067127097806994,1.0264165454448646,1.5536870294469483,1.3699560698897768,1.4183063224048218,0.849296842031617,0.9023341393184838,0.88837695582194,1.19477253568244,1.0795806207177219,1.1098942825505425,1.5623562273486864,1.3526344017740355,1.407824355872628,1.2833734335839597,raw_step_s
12,GAS,45,8833.558,9290.13,9290.13,HARD>MEDIUM,MEDIUM,27,4,1.63600000000001,0.0899999999999892,1.5460000000000207,"OCO,PER,ALO,ANT,BOT",5,0.7453333333333205,0.8006666666667002,0.06533333333334213,0.24203833333333333,0.7494553333333333,78.15133333333334,76.51533333333333,1,27.0,0.625,72,8,0.3205000000000098,0.17100000000000648,0.0,-0.08549999999999613,0.017433333333335098,0.017433333333335098,-0.1513326817379692,-0.041626559235364305,-0.041626559235364305,-0.5139999999999958,-0.0870000000000033,0,0,1,78.037,0.23339085127842907,-0.17100000000000648,0.11433333333333451,0.15312499999998863,0.030000000000001137,0.8830000000000027,-0.0590598925686994,7.0,9.0,33.7,19.2,-1.0999999999999943,0,0,56.3,0.8,0.0,0.0,8.343046,0,-0.726115,-1.403999999999997,0.0,6.795705775173514,46,5,HARD,78.037,-1.038666666666657,-0.1939999999999979,5.0,22.0,-0.7327116666666665,0,1.4807238095238102,1.1940650793650787,1.2657297619047614,2.0096779997640835,1.576922483761078,1.6851113627618295,1.5669044379352737,1.3413094868867628,1.3977082246488906,1.7912833503556131,1.7264356888085,1.7426476041952783,1.6175642754475879,1.986887071669012,1.8945563726136558,1.4261335384670324,1.3550026888208755,1.3727854012324148,1.7744964126722949,1.5578869382443914,1.6120393068513672,1.570770014939171,1.6215582099626464,1.6088611612067776,1.278008567336322,1.1570808556903516,1.1873127836018442,1.7282523595479151,1.4895200732154805,1.5492031447985892,1.2657297619047614,raw_step_s
12,LAW,46,8868.683,9376.799,9376.799,MEDIUM>MEDIUM,MEDIUM,25,2,2.0123333333333306,0.021000000000000796,1.9913333333333298,"BOR,OCO,ALO,PER,LIN",5,-0.3783333333333445,2.3696666666666744,0.4580000000000126,0.142346,0.08884466666666667,78.10966666666667,76.09733333333334,1,25.0,0.6388888888888888,72,8,0.177500000000002,1.0250000000000057,-0.7169999999999987,-1.0720000000000027,0.11732500000000137,0.11732500000000137,-0.5632991862853771,0.09778648892773024,0.09778648892773024,0.7169999999999987,-0.14100000000000534,0,1,0,78.694,0.8676600975185806,-1.0250000000000057,-0.5843333333333334,-0.9673750000000041,0.7809999999999917,0.8584999999999923,-0.019538511072271128,7.0,7.0,34.3,19.2,0.5999999999999943,0,0,55.4,1.7,0.382166,0.828025,1.448645,0,0.337294,-0.7000000000000028,0.382166,6.811244378601294,47,6,MEDIUM,78.694,1.2759999999999962,2.2973333333333272,5.0,20.0,0.142346,0,1.4807238095238102,1.1940650793650787,1.2657297619047614,1.4190799227376851,0.9863244067346797,1.094513285735431,1.382508697626994,1.1569137465784831,1.213312484340611,1.158969673719459,1.0941220121723458,1.1103339275591242,1.0947635996316918,1.4640863958531158,1.3717556967977598,1.5853929818839876,1.5142621322378307,1.53204484464937,1.3540739442343965,1.137464469806493,1.1916168384134689,0.9927745147375948,1.0435627097610702,1.0308656610052014,1.6357488046803155,1.514821093034345,1.5450530209458377,1.4350722026526708,1.1963399163202362,1.2560229879033449,1.2657297619047614,raw_step_s
12,NOR,46,8824.505,9376.799,9376.799,HARD>HARD,HARD,25,2,2.3923333333333403,0.11900000000001398,2.2733333333333263,"LIN,ANT,HAM,ALO,RUS",5,0.08566666666666833,2.187666666666658,0.09800000000001319,0.05844166666666667,0.2260416666666667,76.80966666666667,74.41733333333333,1,25.0,0.6388888888888888,72,8,0.2119999999999962,0.125,0.0,-0.12600000000000477,0.03237500000000004,0.03237500000000004,-0.006997740230971772,0.009548224686328148,0.009548224686328148,0.12699999999999534,0.02400000000000091,0,0,1,76.72,0.01077874798870937,-0.125,0.08966666666667322,-0.08637500000000387,-1.3675000000000068,0.8830000000000027,-0.022826775313671895,7.0,1.0,33.7,19.2,-1.0999999999999943,0,0,56.3,0.8,0.0,0.0,7.360292,0,0.0,-1.2999999999999972,0.0,6.794586580876499,47,5,HARD,76.72,0.7439999999999998,1.7829999999999917,5.0,20.0,-0.14511866666666667,0,1.4807238095238102,1.1940650793650787,1.2657297619047614,2.001340103412737,1.5685845874097315,1.676773466410483,1.4464482761291313,1.2208533250806204,1.2772520628427482,1.3630844300340517,1.2982367684869385,1.3144486838737168,0.8391496351366987,1.2084724313581228,1.1161417323027667,0.8457716849641514,0.7746408353179945,0.7924235477295338,1.5309231070864677,1.3143136326585643,1.36846600126554,1.2055263747162464,1.2563145697397218,1.243617520983853,1.09260041620238,0.9716727045564095,1.0019046324679022,1.539274727145709,1.3005424408132744,1.3602255123963831,1.2657297619047614,raw_step_s
12,HUL,47,8973.127,9482.251,9482.251,SOFT>HARD,HARD,28,2,0.05366666666667186,-0.03999999999997783,0.09366666666664969,"BOR,LIN,OCO,HAM,ALO",5,0.43599999999999284,-0.34233333333334315,0.20633333333336168,0.0021366666666666665,0.225503,77.91533333333334,77.86166666666666,1,28.0,0.6527777777777778,72,8,0.07100000000000506,0.23999999999999488,-0.3050000000000068,-0.23699999999999477,0.0005000000000012031,0.0005000000000012031,-0.19131533028172498,0.0253756805885374,0.0253756805885374,0.3050000000000068,0.08449999999999847,1,0,0,78.131,0.2946678935893772,-0.23999999999999488,-0.2156666666666638,-0.22425000000001205,0.7789999999999964,1.4120000000000061,0.024875680588536196,7.0,8.0,34.8,19.2,0.5,0,0,54.7,0.8,0.00641,0.121795,3.910584,0,0.00641,-0.2240000000000032,0.0071792,6.836259277277067,48,5,SOFT,78.131,-1.529999999999987,-0.18283333333333476,5.0,23.0,-0.9601276666666666,0,1.4807238095238102,1.1940650793650787,1.2657297619047614,1.6043474334356567,1.1715919174326512,1.2797807964334025,1.2375480739442846,1.0119531228957737,1.0683518606579014,1.1897319593286828,1.1248842977815696,1.141096213168348,0.7163666163414981,1.0856894125629222,0.9933587135075661,1.2486103927859804,1.1774795431398235,1.1952622555513628,1.335564323896967,1.1189548494690635,1.1731072180760393,0.8561427847318842,0.9069309797553595,0.8942339309994907,1.1924551746522316,1.0715274630062612,1.1017593909177539,1.3799827793033377,1.141250492970903,1.2009335645540118,1.2657297619047614,raw_step_s
4,RUS,19,5514.22,6048.452,6048.452,MEDIUM>HARD,HARD,19,2,0.39000000000000057,0.3226666666666631,0.06733333333333746,"HAM,VER,COL,PIA,NOR",5,,,0.0346666666666664,0.42198566666666665,0.7155956666666666,93.97366666666666,93.58366666666666,1,19.0,0.3333333333333333,57,3,0.06800000000001205,-0.11699999999999022,0.11699999999999022,0.11699999999999022,-0.05849999999999511,-0.05849999999999511,0.0833278306039773,-0.013726925221576973,-0.013726925221576973,-0.18500000000000227,0.04449999999999932,0,1,0,93.873,-0.17405747126437632,0.11699999999999022,0.10066666666665469,0.10066666666665469,-1.3094999999999999,1.3329999999999984,0.04477307477841814,2.0,5.0,38.7,27.9,0.10000000000000142,0,0,68.8,1.3,0.409574,1.0,1.133547,0,-0.106383,2.812000000000002,0.31127624,5.8664680569332965,20,8,MEDIUM,93.873,0.0,0.0,19.0,0.0,0.0,0,0.9383589743589794,0.9383589743589794,0.9383589743589794,0.802319920401176,0.802319920401176,0.802319920401176,0.6296875891797419,0.6296875891797419,0.6296875891797419,0.16415696126684232,0.16415696126684232,0.16415696126684232,-0.28095609377622943,-0.28095609377622943,-0.28095609377622943,0.9348730769230817,0.9348730769230817,0.9348730769230817,0.9383589743589773,0.9383589743589773,0.9383589743589773,0.20054044259121284,0.20054044259121284,0.20054044259121284,0.9348730769230817,0.9348730769230817,0.9348730769230817,0.9383589743589773,0.9383589743589773,0.9383589743589773,0.9383589743589773,relative_step_s
4,BOT,20,5640.184,6144.901,6144.901,SOFT>MEDIUM,MEDIUM,14,2,0.41766666666666197,0.1556666666666615,0.26200000000000045,"LIN,PER,ALO,BOR,ALB",5,,,0.3776666666666557,0.20010633333333336,0.4936756666666667,97.175,96.75733333333334,1,14.0,0.3508771929824561,57,5,0.13599999999999568,1.137999999999991,-1.0019999999999953,-1.137999999999991,0.34941666666666416,0.34941666666666416,-0.5511939930543122,0.18469294913754183,0.18469294913754183,1.0019999999999953,0.09300000000000352,1,0,0,97.904,1.0498184229073075,-1.137999999999991,-0.7289999999999992,-1.0297999999999945,2.7989999999999924,1.2430000000000092,-0.16472371752912232,4.0,17.0,37.4,27.8,-1.0,0,0,67.8,1.2,0.357143,0.704082,1.31969,0,0.290133,1.3439999999999992,0.20000008000000002,5.948034989180646,21,8,SOFT,97.904,0.0,0.0,13.0,1.0,0.0,0,0.9383589743589794,0.9383589743589794,0.9383589743589794,0.7981165673834822,0.7981165673834822,0.7981165673834822,0.9925044842225632,0.9925044842225632,0.9925044842225632,0.9004389163869283,0.9004389163869283,0.9004389163869283,-0.08243604301004082,-0.08243604301004082,-0.08243604301004082,0.9348730769230817,0.9348730769230817,0.9348730769230817,0.9383589743589773,0.9383589743589773,0.9383589743589773,0.7934033277916481,0.7934033277916481,0.7934033277916481,0.9348730769230817,0.9348730769230817,0.9348730769230817,0.9383589743589773,0.9383589743589773,0.9383589743589773,0.9383589743589773,relative_step_s
4,LEC,20,5605.776,6144.901,6144.901,MEDIUM>HARD,HARD,20,2,0.15333333333332178,0.10000000000000853,0.05333333333331325,"VER,HAM,PIA,ANT,NOR",5,,,0.21133333333334292,0.060502,0.7971303333333334,93.63999999999999,93.48666666666666,1,20.0,0.3508771929824561,57,4,0.0764999999999958,-0.0014999999999929514,0.0,0.0014999999999929514,-0.3711666666666626,-0.3711666666666626,-0.018115622383987784,-0.08951043397592581,-0.08951043397592581,0.14999999999999147,-0.15100000000000335,0,1,0,93.689,0.03457909990021335,0.0014999999999929514,-0.049000000000006594,0.4052499999999952,-1.180499999999995,1.1659999999999897,0.2816562326907368,3.0,3.0,37.4,27.8,-1.3000000000000043,0,0,67.8,1.2,0.058824,0.229947,3.999103,0,-0.0053470000000000045,1.9199999999999988,0.047059199999999995,5.910796644040527,21,8,MEDIUM,93.689,0.0,0.0,19.5,0.5,0.0,0,0.9383589743589794,0.9383589743589794,0.9383589743589794,0.818601077340066,0.818601077340066,0.818601077340066,0.7198663972630971,0.7198663972630971,0.7198663972630971,0.9237726450078322,0.9237726450078322,0.9237726450078322,1.6045989340305258,1.6045989340305258,1.6045989340305258,0.9348730769230817,0.9348730769230817,0.9348730769230817,0.9383589743589773,0.9383589743589773,0.9383589743589773,0.9793069287300765,0.9793069287300765,0.9793069287300765,0.9348730769230817,0.9348730769230817,0.9348730769230817,0.9383589743589773,0.9383589743589773,0.9383589743589773,0.9383589743589773,relative_step_s
4,STR,20,5643.321,6144.901,6144.901,MEDIUM>SOFT,SOFT,20,5,0.6533333333333502,0.1556666666666615,0.4976666666666887,"LIN,PER,ALO,BOR,ALB",5,,,0.3776666666666557,0.06710966666666666,0.3346186666666666,96.80400000000002,96.15066666666667,1,20.0,0.3508771929824561,57,5,0.17100000000000648,0.0,0.0,0.0,0.0859999999999997,0.0859999999999997,-0.027606396190037685,0.06031302069764143,0.06031302069764143,-0.17100000000000648,0.08599999999999852,0,1,0,96.851,0.05257986058552433,0.0,-0.04699999999998283,-0.09959999999999525,1.7459999999999951,1.2430000000000092,-0.02568697930235827,4.0,18.0,37.4,27.8,-1.0,0,0,67.8,1.2,0.056995,0.367876,3.263742,0,-0.0148,1.9199999999999988,0.045596,5.950642552587727,21,8,MEDIUM,96.851,0.0,0.0,19.0,1.0,0.0,0,0.9383589743589794,0.9383589743589794,0.9383589743589794,0.6880325882178066,0.6880325882178066,0.6880325882178066,0.6933279836492705,0.6933279836492705,0.6933279836492705,0.7425665597969053,0.7425665597969053,0.7425665597969053,1.0920993214266628,1.0920993214266628,1.0920993214266628,0.9348730769230817,0.9348730769230817,0.9348730769230817,0.9383589743589773,0.9383589743589773,0.9383589743589773,0.7280090377438394,0.7280090377438394,0.7280090377438394,0.9348730769230817,0.9348730769230817,0.9348730769230817,0.9383589743589773,0.9383589743589773,0.9383589743589773,0.9383589743589773,relative_step_s
4,ANT,25,6066.067,6633.448,6633.448,MEDIUM>HARD,HARD,25,2,0.46966666666665446,-0.12400000000000944,0.5936666666666639,"VER,COL,LEC,RUS,BOR",5,0.14533333333334042,0.4483333333333235,0.6546666666666425,0.11827966666666667,0.44989799999999996,92.95466666666665,92.485,1,25.0,0.43859649122807015,57,8,0.15699999999999648,0.07399999999999807,-0.07399999999999807,-0.028499999999993975,-0.05112499999999862,-0.05112499999999862,-0.15726387852964763,-0.036761018238614454,-0.036761018238614454,0.26599999999999113,0.20299999999999585,0,1,0,93.068,0.27065871681475073,-0.07399999999999807,-0.11333333333334394,-0.018999999999991246,-1.7420000000000044,1.1304999999999978,0.014363981761384169,7.0,2.0,37.0,27.5,0.0,0,0,68.8,0.6,0.155914,0.543011,2.299924,0,0.043010999999999994,2.0,0.155914,6.126869184114185,26,8,MEDIUM,93.068,-0.21366666666668266,0.1510000000000009,20.0,5.0,0.044927666666666685,0,0.9383589743589794,0.7931880341880391,0.8839198717948767,0.9246375467085477,0.8021397821972412,0.8787008850168078,0.628767887100933,0.535042177793199,0.5936207461105327,0.5848498974720265,0.5687126261497757,0.5787984207261825,0.5960773892043334,0.6541256270559279,0.6178454783986813,0.9348730769230817,0.7902831196581244,0.8806518429487227,0.9383589743589773,0.7931880341880373,0.8839198717948749,0.5876791396827625,0.5654779548064499,0.5793536953541453,0.9348730769230817,0.7902831196581244,0.8806518429487227,0.9383589743589773,0.7931880341880373,0.8839198717948749,0.8839198717948749,relative_step_s
4,BEA,25,6098.175,6633.448,6633.448,MEDIUM>HARD,HARD,25,2,1.6683333333333366,0.4106666666666712,1.2576666666666654,"OCO,BOR,ALO,STR,RUS",5,-0.5790000000000219,1.8366666666666873,0.15000000000000568,0.3112263333333333,0.4840423333333333,95.55033333333334,93.882,1,25.0,0.43859649122807015,57,8,0.08050000000000068,-0.09199999999999875,0.09199999999999875,0.09099999999999397,-0.01258333333333302,-0.01258333333333302,0.34048268390850467,0.019268076860537504,0.019268076860537504,-0.09199999999999875,0.2389999999999901,0,1,0,95.015,-0.5859871140526707,0.09199999999999875,0.535333333333341,0.2688749999999942,0.009500000000002728,1.116500000000002,0.03185141019387053,7.0,11.0,37.4,27.5,0.3999999999999986,0,0,68.7,1.7,0.2,0.752632,1.761029,0,0.0,2.3999999999999986,0.2,6.1463292576688975,26,8,MEDIUM,95.015,0.3926666666666705,0.7116666666666683,20.0,5.0,-0.407043,0,0.9383589743589794,0.7931880341880391,0.8839198717948767,0.9246375467085477,0.8021397821972412,0.8787008850168078,0.6171218552791762,0.5233961459714421,0.5819747142887759,0.42589123783174454,0.40975396650949375,0.4198397610859005,0.32390421429286353,0.381952452144458,0.34567230348721145,0.9348730769230817,0.7902831196581244,0.8806518429487227,0.9383589743589773,0.7931880341880373,0.8839198717948749,0.6551171606642006,0.6329159757878879,0.6467917163355833,0.9348730769230817,0.7902831196581244,0.8806518429487227,0.9383589743589773,0.7931880341880373,0.8839198717948749,0.8839198717948749,relative_step_s
4,ALB,26,6191.349,6742.227,6742.227,MEDIUM>HARD,HARD,26,2,1.4959999999999951,0.2503333333333444,1.2456666666666507,"BOR,STR,ALO,RUS,LEC",5,-0.19333333333334224,1.438999999999993,0.22500000000000853,0.287957,0.3636743333333334,95.32799999999999,93.832,1,26.0,0.45614035087719296,57,8,0.11999999999999744,-0.13299999999999557,0.15500000000000114,0.07399999999999807,0.014000000000000767,0.014000000000000767,0.19495167432378935,0.0007956030975121535,0.0007956030975121535,-0.15500000000000114,0.005000000000009663,0,1,0,94.964,-0.3264663434971453,0.13299999999999557,0.3639999999999901,0.1548750000000041,-0.03700000000000614,1.036999999999992,-0.013204396902488614,7.0,10.0,37.5,27.6,0.10000000000000142,0,0,68.5,0.9,0.063158,0.394737,3.040145,0,-0.305263,2.6,0.06568432,6.182084906716632,27,8,MEDIUM,94.964,0.3046666666666624,0.3671666666666624,20.0,6.0,0.16007966666666668,0,0.9383589743589794,0.6191253561253597,0.7871430499325279,0.9458448405822439,0.6984296383590005,0.8286481658449181,0.8819726833980727,0.642522336622369,0.768548834925371,0.5112107431901118,0.3055883266206487,0.41381065113089244,-0.11813831139801101,-0.2795797319910753,-0.19461056325788356,0.9348730769230817,0.6171887464387498,0.7843910256410298,0.9383589743589773,0.6191253561253585,0.7871430499325263,0.5503889118576077,0.34806375591055916,0.4545506800932163,0.9348730769230817,0.6171887464387498,0.7843910256410298,0.9383589743589773,0.6191253561253585,0.7871430499325263,0.7871430499325263,relative_step_s
4,HAM,26,6175.193,6742.227,6742.227,MEDIUM>HARD,HARD,26,2,1.6596666666666522,0.025333333333335872,1.6343333333333163,"VER,LEC,BOR,RUS,ALO",5,-0.1530000000000058,1.7873333333333221,0.22500000000000853,0.09692066666666665,0.06297566666666667,94.41033333333333,92.75066666666667,1,26.0,0.45614035087719296,57,8,0.0799999999999983,0.8169999999999931,-0.7939999999999969,-0.805499999999995,0.017666666666665755,0.017666666666665755,-0.5313108579954644,0.05665034052175901,0.05665034052175901,0.7939999999999969,-0.09199999999999875,0,1,0,94.984,0.8897338977557041,-0.8169999999999931,-0.5736666666666679,-0.7637500000000017,-0.03100000000000591,0.9440000000000026,0.03898367385509326,7.0,5.0,36.8,27.6,-0.6000000000000014,0,0,67.9,0.9,0.168421,0.342105,3.574256,0,0.10459099999999999,1.871999999999997,0.17515784,6.171700597410915,27,8,MEDIUM,94.984,0.264333333333326,0.4909999999999949,20.0,6.0,-0.2054826666666667,0,0.9383589743589794,0.6191253561253597,0.7871430499325279,0.9458448405822439,0.6984296383590005,0.8286481658449181,1.3143192289992822,1.0748688822235786,1.2008953805265805,1.2565590702562162,1.050936653686753,1.1591589781969969,1.8496073795181711,1.6881659589251068,1.7731351276582985,0.9348730769230817,0.6171887464387498,0.7843910256410298,0.9383589743589773,0.6191253561253585,0.7871430499325263,1.3746234044131032,1.1722982484660547,1.2787851726487118,0.9348730769230817,0.6171887464387498,0.7843910256410298,0.9383589743589773,0.6191253561253585,0.7871430499325263,0.7871430499325263,relative_step_s
4,NOR,26,6156.959,6742.227,6742.227,MEDIUM>HARD,HARD,26,2,0.5896666666666732,0.025333333333335872,0.5643333333333374,"LEC,VER,RUS,BOR,ALO",5,0.15333333333332178,0.4110000000000156,0.22500000000000853,0.066059,0.543914,93.17866666666667,92.589,1,26.0,0.45614035087719296,57,8,0.047999999999994714,-0.034000000000006025,0.034000000000006025,0.016999999999995907,0.01975000000000122,0.01975000000000122,0.10382990417960514,0.016798908699679975,0.016798908699679975,-0.32500000000000284,0.01950000000000074,0,1,0,93.059,-0.17387370116593104,0.034000000000006025,0.11966666666667436,0.03650000000000375,-1.9490000000000123,0.9714999999999918,-0.0029510913003212465,7.0,1.0,36.8,27.6,-0.20000000000000284,0,0,67.9,0.9,0.064171,0.128342,12.596092,0,0.005031000000000008,1.871999999999997,0.06673784,6.163314804034641,27,8,MEDIUM,93.059,0.15133333333334065,0.3803333333333303,20.0,6.0,-0.0038333333333333275,0,0.9383589743589794,0.6191253561253597,0.7871430499325279,0.9458448405822439,0.6984296383590005,0.8286481658449181,0.8843423727419473,0.6448920259662436,0.7709185242692456,0.8962753076303366,0.6906528910608735,0.7988752155711172,1.1769295506009048,1.0154881300078404,1.1004572987410322,0.9348730769230817,0.6171887464387498,0.7843910256410298,0.9383589743589773,0.6191253561253585,0.7871430499325263,0.9570441725553804,0.7547190166083318,0.861205940790989,0.9348730769230817,0.6171887464387498,0.7843910256410298,0.9383589743589773,0.6191253561253585,0.7871430499325263,0.7871430499325263,relative_step_s
4,LIN,27,6303.374,6841.97,6841.97,MEDIUM>HARD,HARD,27,2,1.7773333333333312,-0.03300000000000125,1.8103333333333325,"STR,ALO,VER,LEC,RUS",5,0.061666666666667425,1.748666666666665,0.18533333333333246,0.06251,0.12222766666666668,95.981,94.20366666666666,1,27.0,0.47368421052631576,57,8,0.08949999999999392,0.17899999999998784,-0.031999999999996476,-0.08749999999999147,-0.030250000000000554,-0.030250000000000554,-0.17291946910741274,-0.03453030160786201,-0.03453030160786201,0.23499999999999943,-0.1869999999999976,0,1,0,96.07,0.283202952700492,-0.17899999999998784,-0.08899999999999864,-0.08012499999999534,0.8179999999999978,1.0100000000000051,-0.004280301607861456,7.0,13.0,37.3,27.7,-0.20000000000000284,0,0,67.4,2.4,0.067708,0.125,6.676921,0,0.00488100000000001,2.483999999999997,0.07312464,6.22455842927536,28,9,MEDIUM,96.07,-0.4519999999999982,-0.5243333333333359,20.0,7.0,-0.40624,0,0.9383589743589794,0.6191253561253597,0.7871430499325279,0.9670521344559403,0.7196369322326969,0.8498554597186144,1.1966442464126876,0.957193899636984,1.083220397939986,1.186039807446809,0.9804173908773459,1.0886397153875897,1.7199825859976747,1.5585411654046104,1.6435103341378021,0.9348730769230817,0.6171887464387498,0.7843910256410298,0.9383589743589773,0.6191253561253585,0.7871430499325263,1.1942906410750382,0.9919654851279897,1.098452409310647,0.9348730769230817,0.6171887464387498,0.7843910256410298,0.9383589743589773,0.6191253561253585,0.7871430499325263,0.7871430499325263,relative_step_s
4,PIA,27,6264.02,6841.97,6841.97,MEDIUM>HARD,HARD,27,2,1.928666666666686,-0.03300000000000125,1.9616666666666873,"VER,LEC,RUS,STR,ALO",5,-0.7646666666666846,2.726333333333372,0.18533333333333246,0.065379,0.36810600000000004,94.19066666666667,92.26199999999999,1,27.0,0.47368421052631576,57,8,0.2154999999999987,0.0,0.12099999999999511,-0.09799999999999898,0.07425000000000044,0.07425000000000044,0.0921692801063756,0.03105832499024664,0.03105832499024664,-0.12099999999999511,-0.12099999999999511,0,1,0,93.95,-0.15095241969652307,0.0,0.24066666666666947,-0.08325000000000671,-1.0339999999999918,1.0400000000000063,-0.0431916750097538,7.0,2.0,37.3,27.7,0.5,0,0,67.4,2.4,0.069149,0.132979,11.872433,0,0.005319000000000004,2.483999999999997,0.07468092,6.202535517187923,28,8,MEDIUM,93.95,0.612000000000009,0.7279999999999991,20.0,7.0,-0.6873900000000002,0,0.9383589743589794,0.6191253561253597,0.7871430499325279,0.9670521344559403,0.7196369322326969,0.8498554597186144,1.0598643726722945,0.8204140258965908,0.9464405241995928,1.0121269016112318,0.8065044850417686,0.9147268095520124,1.3035766969304323,1.142135276337368,1.2271044450705597,0.9348730769230817,0.6171887464387498,0.7843910256410298,0.9383589743589773,0.6191253561253585,0.7871430499325263,1.3250506285129056,1.122725472565857,1.2292123967485142,0.9348730769230817,0.6171887464387498,0.7843910256410298,0.9383589743589773,0.6191253561253585,0.7871430499325263,0.7871430499325263,relative_step_s
4,SAI,27,6283.199,6841.97,6841.97,MEDIUM>HARD,HARD,27,2,2.0670000000000073,-0.03300000000000125,2.1000000000000085,"STR,ALO,VER,LEC,RUS",5,-0.7833333333333314,2.88333333333334,0.18533333333333246,0.2334423333333333,0.156543,95.425,93.35799999999999,1,27.0,0.47368421052631576,57,8,0.18350000000000222,0.0,0.4549999999999983,-0.021000000000000796,0.04909999999999855,0.04909999999999855,0.3629062757046597,0.03946902385350173,0.03946902385350173,-1.293999999999997,-0.20550000000000068,0,1,0,94.842,-0.5943583412765037,0.0,0.5829999999999984,0.1478749999999991,-0.09550000000000125,1.036999999999999,-0.009630976146496821,7.0,9.0,37.3,27.7,-0.20000000000000284,0,0,67.4,2.4,0.2,0.752632,1.331684,0,-0.2375,2.483999999999997,0.21600000000000003,6.2166061010848646,28,8,MEDIUM,94.842,0.578000000000003,0.6093333333333296,20.0,7.0,0.152555,0,0.9383589743589794,0.6191253561253597,0.7871430499325279,0.9670521344559403,0.7196369322326969,0.8498554597186144,1.1319655823189874,0.8925152355432837,1.0185417338462857,0.6801468365302954,0.4745244199608323,0.582746744471076,0.5197174174331451,0.3582759968400809,0.4432451655732726,0.9348730769230817,0.6171887464387498,0.7843910256410298,0.9383589743589773,0.6191253561253585,0.7871430499325263,0.7951313665722454,0.5928062106251968,0.6992931348078539,0.9348730769230817,0.6171887464387498,0.7843910256410298,0.9383589743589773,0.6191253561253585,0.7871430499325263,0.7871430499325263,relative_step_s
4,PER,28,6408.265,6939.657,6939.657,MEDIUM>HARD,HARD,28,2,1.4323333333333466,0.15466666666667095,1.2776666666666756,"STR,ALO,VER,RUS,LEC",5,-0.17666666666667652,1.4543333333333521,0.3613333333333344,0.07427633333333333,0.06305699999999999,96.52733333333333,95.09499999999998,1,28.0,0.49122807017543857,57,8,0.16949999999999932,0.5339999999999918,-0.5339999999999918,-0.46649999999999636,0.04875000000000185,0.04875000000000185,-0.31506440798739277,0.021740939706185517,0.021740939706185517,0.5339999999999918,-0.09949999999999903,0,1,0,96.919,0.5004758175863628,-0.5339999999999918,-0.3916666666666657,-0.4116250000000008,2.2369999999999948,1.2624999999999957,-0.02700906029381633,7.0,15.0,37.8,27.8,0.3999999999999986,0,0,66.9,2.1,0.07732,0.123711,5.742775,0,-0.0060130000000000045,3.135999999999997,0.08659839999999999,6.263398262591624,29,8,MEDIUM,96.919,0.04033333333332223,0.12333333333333485,19.0,9.0,0.003464333333333333,0,0.9383589743589794,0.6191253561253597,0.7871430499325279,0.9882594283296366,0.7408442261063932,0.8710627535923108,1.265419558266116,1.0259692114904124,1.1519957097934144,1.1303943573531197,0.9247719407836565,1.0329942652939004,1.230264057226944,1.0688226366338798,1.1537918053670715,0.9348730769230817,0.6171887464387498,0.7843910256410298,0.9383589743589773,0.6191253561253585,0.7871430499325263,1.1256962494726905,0.923371093525642,1.0298580177082992,0.9348730769230817,0.6171887464387498,0.7843910256410298,0.9383589743589773,0.6191253561253585,0.7871430499325263,0.7871430499325263,relative_step_s
4,COL,30,6556.866,7134.628,7134.628,MEDIUM>HARD,HARD,30,2,1.213000000000008,-0.24066666666665526,1.4536666666666633,"BEA,VER,STR,RUS,ALO",5,-0.028333333333350197,1.4820000000000135,0.5410000000000394,0.06903633333333335,0.07168433333333334,94.302,93.089,1,30.0,0.5263157894736842,57,8,0.07900000000000063,-0.08300000000001262,0.13100000000000023,0.028000000000005798,0.02507142857142851,0.02507142857142851,-0.0028084976690365693,-0.023961694361626644,-0.023961694361626644,-0.13100000000000023,-0.08599999999999852,0,1,0,94.192,0.0044180532585045285,0.08300000000001262,0.11000000000001364,0.010625000000004547,0.07549999999999102,1.3699999999999974,-0.04903312293305515,7.0,4.0,38.8,27.9,0.7999999999999972,0,0,66.4,0.0,0.069149,0.12234,5.845702,0,0.005656999999999995,4.559999999999997,0.0829788,6.309918278226516,31,8,MEDIUM,94.192,-0.3856666666666513,0.14350000000000307,20.0,10.0,-0.16090899999999997,0,0.9383589743589794,0.6191253561253597,0.7871430499325279,1.0306740160770294,0.7832588138537859,0.9134773413397035,1.0565034002863485,0.8170530535106448,0.9430795518136468,0.9575450489997581,0.751922632430295,0.8601449569405387,1.0984379948516492,0.9369965742585848,1.0219657429917766,0.9348730769230817,0.6171887464387498,0.7843910256410298,0.9383589743589773,0.6191253561253585,0.7871430499325263,0.995489798716551,0.7931646427695024,0.8996515669521595,0.9348730769230817,0.6171887464387498,0.7843910256410298,0.9383589743589773,0.6191253561253585,0.7871430499325263,0.7871430499325263,relative_step_s
4,OCO,30,6576.641,7134.628,7134.628,MEDIUM>HARD,HARD,30,2,1.5846666666666493,-0.24066666666665526,1.8253333333333046,"STR,ALO,BEA,VER,RUS",5,-0.13266666666665117,1.9579999999999558,0.5410000000000394,0.13088999999999998,0.06560300000000001,95.46233333333333,93.87766666666668,1,30.0,0.5263157894736842,57,8,0.09949999999999903,-0.07500000000000284,0.07500000000000284,0.0049999999999954525,0.05699999999999607,0.05699999999999607,0.056398123170239955,0.021874615535098358,0.021874615535098358,-0.13299999999999557,-0.12100000000000932,0,1,0,95.393,-0.08871999951887233,0.07500000000000284,0.0693333333333328,-0.08250000000001023,1.3319999999999936,1.3319999999999936,-0.03512538446489771,7.0,9.0,38.8,27.9,0.7999999999999972,0,0,66.4,0.0,0.068063,0.13089,6.857833,0,-0.0052350000000000035,4.559999999999997,0.0816756,6.318968113746434,31,8,MEDIUM,95.393,0.3646666666666647,0.784499999999999,20.0,10.0,-0.17203133333333334,0,0.9383589743589794,0.6191253561253597,0.7871430499325279,1.0306740160770294,0.7832588138537859,0.9134773413397035,1.1660071446365463,0.9265567978608427,1.0525832961638446,1.0317004084225014,0.8260779918530383,0.934300316363282,1.126553578246702,0.9651121576536377,1.0500813263868294,0.9348730769230817,0.6171887464387498,0.7843910256410298,0.9383589743589773,0.6191253561253585,0.7871430499325263,1.203644619938137,1.0013194639910885,1.1078063881737457,0.9348730769230817,0.6171887464387498,0.7843910256410298,0.9383589743589773,0.6191253561253585,0.7871430499325263,0.7871430499325263,relative_step_s
4,BOR,31,6676.028,7233.29,7233.29,MEDIUM>HARD,HARD,31,2,1.4006666666666518,-0.26233333333334485,1.6629999999999967,"STR,BEA,ALO,ALB,LEC",5,-0.3653333333333393,2.028333333333336,0.269999999999996,0.070056,0.06939533333333334,95.08433333333333,93.68366666666668,1,31.0,0.543859649122807,57,8,0.02750000000000341,0.17799999999999727,-0.17799999999999727,-0.19199999999999307,0.015999999999998238,0.015999999999998238,-0.20419716768363116,-0.02114497553486403,-0.02114497553486403,0.17799999999999727,-0.09099999999999397,0,1,0,95.204,0.3174137806913535,-0.17799999999999727,-0.11966666666666015,-0.1557499999999976,1.4199999999999875,0.9200000000000017,-0.03714497553486227,7.0,9.0,38.9,28.0,0.10000000000000142,0,0,66.6,1.7,0.068063,0.282723,3.742947,0,-0.0003579999999999972,4.835999999999998,0.08439812,6.35088571671474,32,8,MEDIUM,95.204,-0.7240000000000038,0.26783333333331905,19.0,12.0,-0.41789133333333334,0,0.9383589743589794,0.6748601398601424,0.800335775335779,1.0593185920796022,0.8570750847984243,0.9533815168370805,1.2544307960013075,1.113557202362388,1.1806398659999688,1.1419514467878342,1.0501323966882332,1.0938557538785194,1.3914234535149481,1.3440033575602712,1.3665843556339268,0.9348730769230817,0.6732756410256435,0.7978458485958522,0.9383589743589773,0.6748601398601414,0.8003357753357776,1.2175361332925494,1.1073189177891793,1.1598033061241175,0.9348730769230817,0.6732756410256435,0.7978458485958522,0.9383589743589773,0.6748601398601414,0.8003357753357776,0.8003357753357776,relative_step_s
4,STR,36,7199.423,7726.412,7726.412,SOFT>SOFT,SOFT,18,2,1.7220000000000084,-0.14400000000000546,1.8660000000000139,"BOT,LIN,BEA,OCO,ALB",5,-1.2309999999999945,3.0970000000000084,0.2463333333333253,0.09422900000000001,0.063158,96.79333333333334,95.07133333333333,1,18.0,0.631578947368421,57,8,0.2184999999999988,0.16899999999999693,0.0,-0.33100000000000307,0.08575000000000146,0.08575000000000146,-0.15405911461340338,0.005109976519886022,0.005109976519886022,-2.4950000000000045,-0.09350000000001302,1,0,0,96.018,0.2716071869875094,-0.16899999999999693,0.7753333333333359,-0.03125,2.2480000000000047,0.5024999999999977,-0.08064002348011544,7.0,17.0,39.2,27.9,0.10000000000000142,0,0,67.7,0.0,0.0625,0.302083,3.343526,0,-0.09486,3.0240000000000022,0.045,6.511745329644728,37,9,SOFT,96.018,0.8723333333333443,1.954666666666668,8.0,10.0,0.03172900000000001,0,0.9383589743589794,1.064823076923077,1.022668376068378,0.6375320429178299,0.7805331946332685,0.7328661440614557,0.8180188856556887,0.9363364796676678,0.8968972816636747,0.6608038026223397,0.8708534009955391,0.8008368682044726,0.7829122796511232,0.9551346794056691,0.8977272128208205,0.9348730769230817,1.0639516025641027,1.0209254273504291,0.9383589743589773,1.0648230769230767,1.0226683760683768,0.9104237692040841,1.0673863110215465,1.015065463749059,0.9348730769230817,1.0639516025641027,1.0209254273504291,0.9383589743589773,1.0648230769230767,1.0226683760683768,1.0226683760683768,relative_step_s
4,ALO,40,7567.875,8122.711,8122.711,MEDIUM>SOFT,SOFT,40,2,2.441666666666663,-0.19133333333331848,2.6329999999999814,"PER,LIN,ALB,OCO,BEA",5,-0.4410000000000025,3.073999999999984,0.08133333333333326,0.15074566666666667,0.460286,96.99366666666667,94.552,1,40.0,0.7017543859649122,57,8,0.15699999999999648,1.1589999999999918,-0.8469999999999942,-1.1664999999999992,0.12657142857142828,0.12657142857142828,-0.7445714076873458,0.08714186288966748,0.08714186288966748,1.3229999999999933,0.0799999999999983,0,1,0,97.717,1.1468188760862859,-1.1589999999999918,-0.7233333333333292,-1.1063749999999999,3.7055000000000007,0.7519999999999953,-0.0394295656817608,7.0,15.0,39.4,28.0,0.19999999999999574,0,0,67.7,0.8,0.328205,0.65641,1.262288,0,0.266029,7.039999999999997,0.525128,6.610696044717759,41,8,MEDIUM,97.717,0.32833333333334735,1.4145000000000039,19.0,21.0,-0.5434300000000001,0,0.9383589743589794,1.0933076923076923,1.0433242349048817,1.1865512869805,1.3514895937533173,1.2982836883427311,1.6991847324404488,1.83132383168989,1.7886983158029737,1.2798856533587801,1.5047447257719302,1.4322095411225269,1.948980294811514,2.1259338444103695,2.0688520542171904,0.9348730769230817,1.0924777167277167,1.0416375103391249,0.9383589743589773,1.0933076923076919,1.0433242349048808,1.6543074924171965,1.8250081925627535,1.7699434505803158,0.9348730769230817,1.0924777167277167,1.0416375103391249,0.9383589743589773,1.0933076923076919,1.0433242349048808,1.0433242349048808,relative_step_s
6,OCO,8,3976.972,4422.136,4422.136,MEDIUM>HARD,HARD,8,2,1.8826666666666512,0.48033333333333417,1.402333333333317,"COL,LIN,STR,ALO,SAI",5,,,0.31799999999999784,,,79.53699999999999,77.65433333333334,1,8.0,0.10256410256410256,78,7,0.3849999999999909,-0.2599999999999909,0.2599999999999909,0.3849999999999909,-0.33500000000000324,-0.33500000000000324,0.031047387676707672,-0.19672922315771085,-0.19672922315771085,-0.3849999999999909,-0.2049999999999983,0,1,0,79.322,-0.05698959361478728,0.2599999999999909,0.2149999999999892,0.7555714285714288,0.4609999999999985,0.9200000000000017,0.1382707768422924,6.0,15.0,43.8,24.1,0.0,0,0,58.7,1.2,0.0,0.0,20.0,1,0.0,2.815999999999999,0.0,5.099866427824199,9,1,MEDIUM,79.322,-0.21766666666667334,0.1508333333333383,5.0,3.0,-0.40471133333333337,1,1.1279139784946248,1.1279139784946248,1.1279139784946248,0.5271232191145864,0.5271232191145864,0.5271232191145864,-0.19486315821753397,-0.19486315821753397,-0.19486315821753397,0.3254187303320374,0.3254187303320374,0.3254187303320374,-0.7340259869638162,-0.7340259869638162,-0.7340259869638162,1.1348106854838713,1.1348106854838713,1.1348106854838713,0.9302341820254135,0.9302341820254135,0.9302341820254135,0.6072291771394184,0.6072291771394184,0.6072291771394184,1.1348106854838713,1.1348106854838713,1.1348106854838713,0.872061766078903,0.872061766078903,0.872061766078903,0.872061766078903,relative_step_s
6,HUL,11,4212.078,4668.054,4668.054,MEDIUM>HARD,HARD,11,2,2.879333333333335,0.1353333333333353,2.7439999999999998,"LIN,COL,SAI,STR,ALO",5,-0.3236666666666679,3.0676666666666677,0.529666666666671,,,79.279,76.39966666666666,1,11.0,0.14102564102564102,78,8,0.32150000000000034,-0.659000000000006,0.659000000000006,1.015500000000003,-0.13063333333333277,-0.13063333333333277,0.36007868339912363,-0.15815178757375717,-0.15815178757375717,-1.0360000000000014,0.3639999999999901,0,1,0,78.714,-0.6029882613130724,0.659000000000006,0.5649999999999977,0.8739999999999952,0.13599999999999568,1.0480000000000018,-0.0275184542404244,7.0,12.0,43.6,24.1,-0.29999999999999716,0,0,57.0,1.0,0.0,0.0,20.0,1,0.0,3.7840000000000007,0.0,5.4116460518550396,12,1,MEDIUM,78.714,-0.6890000000000072,0.2406666666666647,5.0,6.0,-0.6541666666666667,1,1.1279139784946248,1.1279139784946248,1.1279139784946248,0.5952220395983252,0.5952220395983252,0.5952220395983252,-0.695609008951698,-0.695609008951698,-0.695609008951698,-0.21594031500749034,-0.21594031500749034,-0.21594031500749034,-1.359987509390143,-1.359987509390143,-1.359987509390143,1.1348106854838713,1.1348106854838713,1.1348106854838713,0.7905087146077607,0.7905087146077607,0.7905087146077607,0.11969302424019346,0.11969302424019346,0.11969302424019346,1.1348106854838713,1.1348106854838713,1.1348106854838713,0.8177286914854754,0.8177286914854754,0.8177286914854754,0.8177286914854754,relative_step_s
6,HAM,27,5412.943,5920.031,5920.031,MEDIUM>HARD,HARD,27,2,1.061333333333323,0.12000000000000455,0.9413333333333185,"PIA,GAS,NOR,BOR,ANT",5,-0.4746666666666641,1.4159999999999826,0.14699999999999136,,,77.98233333333333,76.921,1,27.0,0.34615384615384615,78,8,0.36950000000000216,0.44199999999999307,-0.23699999999999477,-0.6680000000000064,0.1695000000000011,0.1695000000000011,-0.24297490284742196,0.0995307924757382,0.0995307924757382,0.23699999999999477,0.05649999999999977,0,1,0,78.225,0.3742307002939782,-0.44199999999999307,-0.2426666666666648,-0.6557499999999976,-0.6020000000000039,0.30049999999999955,-0.06996920752426289,7.0,2.0,43.7,24.2,0.0,0,0,59.5,1.5,0.0,0.0,20.0,1,0.0,9.396000000000004,0.0,6.282266746896006,28,1,MEDIUM,78.225,1.036999999999992,1.9788333333333314,5.0,22.0,-0.011178333333333334,1,1.1279139784946248,1.3979861751152058,1.2391201771030993,1.2386055668058447,1.6706038631801883,1.4164872182541037,1.13353469561804,1.790277051553876,1.4039580186504432,1.4944482508544987,2.071141810570037,1.7319103048550146,1.1331127541914239,1.8668783713767287,1.4352515377383142,1.1348106854838713,1.4029123943932391,1.2452055067994934,1.2785522485131309,1.6250651680417225,1.4212340389072569,2.074619491004266,2.5631067955690807,2.2757613222956605,1.1348106854838713,1.4029123943932391,1.2452055067994934,1.4166336416584573,1.767568338196877,1.5611361637625125,1.5611361637625125,relative_step_s
6,RUS,30,5680.957,6156.414,6156.414,MEDIUM>HARD,HARD,30,2,1.8996666666666613,-1.329666666666668,3.2293333333333294,"BOR,OCO,PER,PIA,LAW",5,0.6713333333333509,2.5579999999999785,0.2540000000000049,,,78.74433333333333,76.84466666666667,1,30.0,0.38461538461538464,78,8,0.11049999999999471,-0.012000000000000455,0.0,0.09149999999999636,-0.046214285714284084,-0.046214285714284084,0.17877386869416512,-0.0010341313039962125,-0.0010341313039962125,0.0379999999999967,0.0379999999999967,0,1,0,78.753,-0.27534381930873053,0.012000000000000455,-0.008666666666670153,0.20800000000001262,-0.11899999999999977,0.3790000000000049,0.04518015441028787,7.0,5.0,43.5,24.4,-0.20000000000000284,0,0,59.6,1.5,0.0,0.0,20.0,1,0.0,10.2,0.0,6.398594934535208,31,1,MEDIUM,78.753,1.093666666666664,2.1556666666666757,5.0,25.0,-0.020339333333333334,1,1.1279139784946248,1.3979861751152058,1.2391201771030993,1.3821434714972116,1.8141417678715552,1.5600251229454707,1.0145866880475365,1.6713290439833723,1.2850100110799394,1.377576649987817,1.9542702097033555,1.615038703988333,1.1759583854692173,1.9097240026545221,1.4780971690161075,1.1348106854838713,1.4029123943932391,1.2452055067994934,1.2104549530306112,1.5569678725592029,1.3531367434247372,2.1379863062450353,2.62647361080985,2.33912813753643,1.1348106854838713,1.4029123943932391,1.2452055067994934,1.3509880008111221,1.7019226973495418,1.4954905229151774,1.4954905229151774,relative_step_s
6,HAD,31,5759.168,6236.085,6236.085,MEDIUM>HARD,HARD,31,2,0.6216666666666697,-0.45400000000000773,1.0756666666666774,"LAW,OCO,STR,BOR,PIA",5,0.452666666666687,0.6229999999999905,0.4823333333333295,,,78.78366666666666,78.16199999999999,1,31.0,0.3974358974358974,78,8,0.09550000000000125,-0.10299999999999443,0.10299999999999443,0.12399999999999523,-0.04024999999999821,-0.04024999999999821,0.146512691750047,-0.013684442007421378,-0.013684442007421378,-0.10299999999999443,-0.021000000000000796,0,1,0,78.715,-0.2256557832431838,0.10299999999999443,0.06866666666665822,0.1980000000000075,0.0,0.33199999999999363,0.026565557992576833,7.0,4.0,43.7,24.3,0.20000000000000284,0,0,59.7,0.7,0.0,0.0,20.0,1,0.0,10.788000000000004,0.0,6.428105272684596,32,1,MEDIUM,78.715,1.2639999999999958,2.3410000000000033,5.0,26.0,-0.027925666666666668,1,1.1279139784946248,1.3979861751152058,1.2391201771030993,1.4338787472919037,1.8658770436662473,1.6117603987401627,1.1505556378654842,1.80729799380132,1.4209789608978873,1.5491046222571545,2.125798181972693,1.7865666762576704,1.3797576446816129,2.1135232618669177,1.6818964282285032,1.1348106854838713,1.4029123943932391,1.2452055067994934,1.2260498169514125,1.572562736480004,1.3687316073455384,2.3496866625765493,2.838173967141364,2.550828493867944,1.1348106854838713,1.4029123943932391,1.2452055067994934,1.3632970205359143,1.714231717074334,1.5077995426399695,1.5077995426399695,relative_step_s
6,COL,34,6032.634,6478.295,6478.295,MEDIUM>HARD,HARD,34,2,2.221333333333348,-1.046999999999997,3.268333333333345,"LIN,SAI,LAW,HUL,PER",5,-0.5980000000000132,3.8663333333333583,0.7763333333333406,,,80.33033333333334,78.109,1,34.0,0.4358974358974359,78,8,0.3509999999999991,1.9849999999999994,-1.9849999999999994,-2.094999999999999,0.20346666666666663,0.20346666666666663,-1.4307127858547801,0.14735129436085007,0.14735129436085007,1.9849999999999994,0.09250000000000114,0,1,0,81.727,1.9300119797644015,-1.9849999999999994,-1.3966666666666612,-1.9427500000000038,2.8400000000000034,0.980000000000004,-0.05611537230581656,7.0,12.0,43.6,24.3,-0.19999999999999574,0,0,60.7,0.8,0.0,0.0,20.0,1,0.0,11.696000000000002,0.0,6.530877627725885,35,1,MEDIUM,81.727,0.2860000000000156,0.8960000000000055,5.0,29.0,-0.38499733333333336,1,1.1279139784946248,1.34090456989247,1.2225764635603338,1.5890845746759799,1.9299240548194647,1.7405687880730842,1.8414562038910816,2.3920805950493476,2.086178155516978,2.083000665957204,2.5184681660181525,2.276541777095403,1.2793722879338914,1.8974447753637698,1.5540711712360595,1.1348106854838713,1.3452150117607489,1.2283237193847059,1.2896585071936868,1.550704947383728,1.4056791472781496,2.518815455568525,2.8045810773538697,2.645822398584234,1.1348106854838713,1.3452150117607489,1.2283237193847059,1.4111840240258462,1.6588393449563212,1.5212530555505017,1.5212530555505017,relative_step_s
6,LEC,34,5958.736,6478.295,6478.295,MEDIUM>HARD,HARD,34,2,0.7996666666666528,-0.18533333333334667,0.9849999999999994,"BOR,PIA,ALO,GAS,STR",5,-0.5346666666666806,1.51966666666668,0.29299999999999216,,,77.83066666666666,77.031,1,34.0,0.4358974358974359,78,8,0.3374999999999915,0.24099999999999966,0.0,-0.33149999999999125,0.10416071428571197,0.10416071428571197,-0.16060030855179264,0.06160030855895203,0.06160030855895203,0.24099999999999966,0.21999999999999886,0,1,0,77.907,0.24735314807121256,-0.24099999999999966,-0.0763333333333378,-0.3983750000000015,-1.0395000000000039,0.8445000000000036,-0.04256040572675994,7.0,2.0,43.8,24.4,0.09999999999999432,0,0,60.1,0.9,0.0,0.0,20.0,1,0.0,11.967999999999996,0.0,6.508769136971682,35,1,MEDIUM,77.907,0.20899999999998897,1.1821666666666697,5.0,29.0,-0.29665366666666665,1,1.1279139784946248,1.34090456989247,1.2225764635603338,1.5890845746759799,1.9299240548194647,1.7405687880730842,1.0149434521830822,1.5655678433413485,1.2596654038089783,1.3899870075887952,1.825454507649744,1.5835281187269947,1.1395837179917567,1.7576562054216351,1.414282601293925,1.1348106854838713,1.3452150117607489,1.2283237193847059,1.2785522485131309,1.539598688703172,1.3945728885975937,1.9533769229714766,2.239142544756821,2.0803838659871854,1.1348106854838713,1.3452150117607489,1.2283237193847059,1.3913956937882228,1.6390510147186979,1.5014647253128783,1.5014647253128783,relative_step_s
6,ANT,36,6091.995,6640.114,6640.114,MEDIUM>HARD,HARD,36,2,0.039666666666676065,-0.6720000000000113,0.7116666666666873,"RUS,HAM,HAD,GAS,PIA",5,0.6753333333333273,0.036333333333359974,0.4676666666666591,,,76.58266666666667,76.54299999999999,1,36.0,0.46153846153846156,78,8,0.1699999999999946,-0.43200000000000216,0.0,0.45699999999999363,-0.06833333333333276,-0.06833333333333276,0.21226519645125563,-0.03446782884970401,-0.03446782884970401,0.16499999999999204,0.15000000000000568,0,1,0,76.356,-0.32692630982413107,0.43200000000000216,0.22666666666667368,0.37024999999999864,-2.616500000000002,0.9924999999999997,0.03386550448362875,7.0,1.0,43.7,24.1,0.10000000000000142,0,0,60.6,0.5,0.0,0.0,20.0,1,0.0,12.528000000000004,0.0,6.551080335043404,37,1,MEDIUM,76.356,-0.22800000000000864,0.7081666666666706,5.0,31.0,-0.008686333333333332,1,1.1279139784946248,1.34090456989247,1.2225764635603338,1.692555126265364,2.033394606408849,1.8440393396624684,0.7692987407507877,1.319923131909054,1.014020692376684,1.1839982168280692,1.6194657168890179,1.3775393279662684,1.1248889928922166,1.7429614803220952,1.3995878761943847,1.1348106854838713,1.3452150117607489,1.2283237193847059,1.2000907166940311,1.4611371568840723,1.316111356778494,1.6628192587398591,1.9485848805252037,1.789826201755568,1.1348106854838713,1.3452150117607489,1.2283237193847059,1.284885398416705,1.53254071934718,1.3949544299413605,1.3949544299413605,relative_step_s
6,ALB,42,6665.4,7133.13,7133.13,MEDIUM>SOFT,SOFT,42,2,-3.1666666666666714,0.1563333333333503,-3.3230000000000217,"ALO,RUS,PIA,PER,LIN",5,0.5299999999999869,-3.8530000000000086,1.3796666666666795,,,79.66866666666667,82.83533333333334,1,42.0,0.5384615384615384,78,8,0.22749999999999915,0.0,-0.12000000000000455,-0.17449999999999477,0.046357142857143936,0.046357142857143936,0.0022463049967456072,0.023815583958580203,0.023815583958580203,0.4269999999999925,-0.1939999999999884,0,1,0,79.851,-0.003540198627277391,0.0,-0.18233333333333235,0.15562500000000057,-0.29300000000000637,1.2039999999999935,-0.022541558898563734,7.0,10.0,42.8,23.9,0.19999999999999574,0,0,59.5,0.6,0.0,0.0,20.0,1,0.0,13.103999999999996,0.0,6.728628613084702,43,1,MEDIUM,79.851,0.02733333333333121,-0.011000000000005158,5.0,37.0,-0.25358200000000003,1,1.1279139784946248,1.5382489660876768,1.3598424497428716,1.9163987388225066,2.247934842418005,2.103788710419962,1.562737203791871,2.1692106196786556,1.9055265258148362,1.9269621180750818,2.324660028680358,2.1517478936345857,2.051114553330129,2.675346774135542,2.4039414607418843,1.1348106854838713,1.5409015456989255,1.3643403021271627,1.3594631632286371,1.7558912616238291,1.5835312188433108,2.4147199805210557,2.486523085765775,2.4553043443550275,1.1348106854838713,1.5409015456989255,1.3643403021271627,1.2671654843496662,1.6094341328008992,1.460621676952537,1.460621676952537,relative_step_s
6,BOR,42,6722.271,7133.13,7133.13,HARD>MEDIUM,MEDIUM,41,2,4.298999999999992,2.503,1.7959999999999923,"RUS,PER,LIN,SAI,HUL",5,-0.7249999999999943,2.5209999999999866,0.8276666666666586,,,81.32533333333333,77.02633333333334,1,41.0,0.5384615384615384,78,8,0.6219999999999999,1.1310000000000002,-1.1310000000000002,-1.5759999999999934,0.2323333333333319,0.2323333333333319,-0.6818211933880605,0.2843776683386234,0.2843776683386234,1.36399999999999,0.2530000000000001,0,0,1,82.157,1.0587461274509309,-1.1310000000000002,-0.8316666666666634,-1.423249999999996,2.739999999999995,2.1569999999999965,0.05204433500529149,7.0,19.0,42.8,23.9,0.0,0,0,59.5,0.6,0.0,0.0,20.0,1,0.0,12.791999999999996,0.0,6.747586526829315,43,2,HARD,82.157,-0.07500000000000284,-0.25966666666667004,5.0,36.0,0.0,1,1.1279139784946248,1.5382489660876768,1.3598424497428716,2.084045212813057,2.4155813164085553,2.2714351844105125,1.3172632897218137,1.923736705608598,1.6600526117447787,1.6003942007721705,1.9980921113774466,1.8251799763316743,0.8377056410442917,1.461937861849705,1.190532548456047,1.1348106854838713,1.5409015456989255,1.3643403021271627,1.2896889916764618,1.6861170900716538,1.5137570472911355,1.9346946216789014,2.006497726923621,1.9752789855128732,1.1348106854838713,1.5409015456989255,1.3643403021271627,1.2348838672837321,1.577152515734965,1.428340059886603,1.428340059886603,relative_step_s
6,LAW,43,6731.984,7210.312,7210.312,MEDIUM>SOFT,SOFT,43,6,1.4820000000000135,-0.5433333333333223,2.025333333333336,"ALO,STR,PER,COL,RUS",5,-0.6829999999999927,2.7083333333333286,2.0093333333333163,,,79.74833333333333,78.26633333333332,1,43.0,0.5512820512820513,78,8,0.15050000000000097,0.6510000000000105,0.0,-0.7850000000000108,0.1184285714285695,0.1184285714285695,-0.24531606676913498,0.037034944127498824,0.037034944127498824,-1.6869999999999976,0.14800000000001035,0,1,0,79.403,0.40961781793606633,-0.6510000000000105,0.34533333333332905,-0.4083750000000208,-0.01099999999999568,2.1539999999999964,-0.08139362730107066,7.0,9.0,42.8,23.9,0.0,0,0,59.5,0.6,0.0,0.0,20.0,1,0.0,13.415999999999995,0.0,6.74993119378857,44,1,MEDIUM,79.403,0.2363333333333344,0.15816666666665924,5.0,38.0,-0.3058403333333333,1,1.1279139784946248,1.5382489660876768,1.3598424497428716,1.9681340146171986,2.299670118212697,2.155523986214654,1.3209374810908134,1.9274108969775978,1.6637268031137786,1.623029365494532,2.020727276099808,1.8478151410540358,2.131162447589521,2.755394668394934,2.483989355001276,1.1348106854838713,1.5409015456989255,1.3643403021271627,1.2798948873519662,1.6763229857471582,1.50396294296664,2.2802589071549937,2.352062012399713,2.3208432709889655,1.1348106854838713,1.5409015456989255,1.3643403021271627,1.307849980157983,1.650118628609216,1.5013061727608539,1.5013061727608539,relative_step_s
6,GAS,44,6791.199,7289.665,7289.665,MEDIUM>HARD,HARD,44,2,-0.4243333333333368,0.09133333333333837,-0.5156666666666752,"HAD,STR,ALO,HAM,RUS",5,0.9429999999999978,-1.458666666666673,1.8316666666666777,,,78.78066666666666,79.205,1,44.0,0.5641025641025641,78,8,0.1045000000000087,-0.132000000000005,0.0,0.16449999999998965,-0.04658333333333312,-0.04658333333333312,0.14001088620139512,0.025017165218225557,0.025017165218225557,-0.132000000000005,-0.2149999999999963,0,1,0,78.777,-0.21564130224997768,0.132000000000005,0.0036666666666604897,0.16600000000001103,-0.6329999999999956,1.8400000000000034,0.07160049855155867,7.0,5.0,43.0,23.9,0.20000000000000284,0,0,60.3,1.0,0.0,0.0,20.0,1,0.0,14.08,0.0,6.763884908562435,45,1,MEDIUM,78.777,-0.059666666666672086,0.1383333333333402,5.0,39.0,-0.13237,1,1.1279139784946248,1.5382489660876768,1.3598424497428716,2.1064373326229004,2.4379734362183987,2.293827304220356,1.5909905463023875,2.197463962189172,1.9337798683253524,1.942962298557164,2.34066020916244,2.167748074116668,2.610576356523275,3.234808577328688,2.9634032639350303,1.1348106854838713,1.5409015456989255,1.3643403021271627,1.3603828868267978,1.7568109852219898,1.5844509424414714,2.523407013156979,2.595210118401698,2.5639913769909506,1.1348106854838713,1.5409015456989255,1.3643403021271627,1.272098161863465,1.614366810314698,1.4655543544663359,1.4655543544663359,relative_step_s
6,PIA,47,7021.203,7529.514,7529.514,MEDIUM>HARD,HARD,47,2,2.0363333333333458,-0.2953333333333461,2.331666666666692,"PER,HAD,ALO,HAM,BOR",5,-0.8730000000000047,3.2046666666666965,0.25900000000000034,,,79.528,77.49166666666666,1,47.0,0.6025641025641025,78,8,0.24099999999999966,0.23000000000000398,0.0,-0.26300000000000523,0.14330000000000212,0.14330000000000212,-0.06092774484231711,0.10638582855908452,0.10638582855908452,0.23000000000000398,-0.1910000000000025,0,1,0,79.575,0.09383939947178987,-0.23000000000000398,-0.046999999999997044,-0.3815000000000026,0.33800000000000807,2.387999999999991,-0.036914171440917604,7.0,4.0,42.9,24.0,0.19999999999999574,0,0,59.8,0.6,0.0,0.0,20.0,1,0.0,14.851999999999999,0.0,6.823286122355687,48,1,MEDIUM,79.575,1.129333333333335,1.4356666666666769,5.0,42.0,-0.004219333333333334,1,1.1279139784946248,1.5382489660876768,1.3598424497428716,2.2616431600069764,2.5931792636024746,2.449033131604432,1.8587019420076452,2.4651753578944295,2.20149126403061,2.158711854751818,2.556409765357094,2.383497630311322,3.0898697706907283,3.7141019914961415,3.4426966781024837,1.1348106854838713,1.5409015456989255,1.3643403021271627,1.4187799179090252,1.8152080163042172,1.642847973523699,3.1580839028397385,3.2298870080844577,3.1986682666737103,1.1348106854838713,1.5409015456989255,1.3643403021271627,1.505961781837833,1.848230430289066,1.6994179744407039,1.6994179744407039,relative_step_s
6,SAI,51,7397.363,7857.165,7857.165,MEDIUM>SOFT,SOFT,51,2,-1.630999999999986,-0.21433333333334303,-1.416666666666643,"HAD,LAW,LIN,HAM,RUS",5,1.586666666666659,-3.003333333333302,0.21966666666664025,,,78.09500000000001,79.726,1,51.0,0.6538461538461539,78,8,0.20250000000000057,-0.07699999999999818,0.04999999999999716,0.25799999999999557,-0.15399999999999991,-0.15399999999999991,-0.13965674051101473,-0.31562622880302743,-0.31562622880302743,-0.04999999999999716,0.2594999999999956,0,1,0,78.022,0.21764265631125568,0.07699999999999818,0.0730000000000075,0.5927499999999952,-1.0249999999999915,1.6814999999999927,-0.16162622880302752,7.0,9.0,40.4,24.0,0.0,0,0,60.4,1.1,0.0,0.0,20.0,1,0.0,11.015999999999996,0.0,6.90975328164481,52,1,MEDIUM,78.022,-1.8209999999999837,-1.164333333333327,5.0,46.0,-0.08952700000000001,1,1.1279139784946248,1.2606363061353574,1.2114798884906417,2.382016220974735,2.2912526594073808,2.3248687933212158,0.9801993707416594,1.213177591687532,1.1268893617075793,1.323740319034043,1.3419375919582417,1.3351978612455755,0.7007703659713489,0.8753282550989894,0.8106771850517152,1.1348106854838713,1.263070438013915,1.2155668259657506,1.1959702068586244,1.2859269821497374,1.2526096579678438,1.6321333085965288,1.3109462599306925,1.4299044261032245,1.1348106854838713,1.263070438013915,1.2155668259657506,1.1737844599704315,1.2290978180426375,1.2086113891270056,1.2086113891270056,relative_step_s
7,HAM,10,4051.855,4576.409,4576.409,SOFT>HARD,HARD,12,2,1.656666666666652,-0.07783333333333076,1.7344999999999828,"LEC,BEA,LIN,ALO",4,0.1910000000000167,1.5434999999999661,0.14649999999999608,0.006000000000000001,0.12855566666666668,83.463,81.80633333333334,1,12.0,0.15151515151515152,66,8,0.4930000000000021,0.22499999999999432,-0.11399999999999011,-0.6624999999999943,0.21407142857142789,0.21407142857142789,0.00024683232580002823,0.1910474565555198,0.1910474565555198,0.11399999999999011,0.3059999999999974,1,0,0,83.576,-0.0004248103327597619,-0.22499999999999432,-0.11299999999999955,-0.6801249999999897,-2.338000000000008,0.8149999999999977,-0.023023972015908084,7.0,2.0,50.4,30.9,-1.1000000000000014,0,0,28.0,3.1,0.005988,0.233533,3.408801,0,0.0,7.3919999999999995,0.00287424,5.2832037287379885,11,0,SOFT,83.576,0.8726666666666603,-0.2813333333333359,7.0,5.0,0.006000000000000001,0,1.1160148148148161,1.1160148148148161,1.1160148148148161,1.2825268771887133,1.2825268771887133,1.2825268771887133,1.1967122837230608,1.1967122837230608,1.1967122837230608,1.267826616557635,1.267826616557635,1.267826616557635,0.9333923072715198,0.9333923072715198,0.9333923072715198,1.2952357369267404,1.2952357369267404,1.2952357369267404,1.2040476908496678,1.2040476908496678,1.2040476908496678,1.0791285132247175,1.0791285132247175,1.0791285132247175,0.7781958251571792,0.7781958251571792,0.7781958251571792,1.186786935303811,1.186786935303811,1.186786935303811,1.186786935303811,relative_step_s
7,LAW,10,4072.946,4576.409,4576.409,MEDIUM>HARD,HARD,10,2,0.7536666666666747,-0.07783333333333076,0.8315000000000055,"BEA,LIN,LEC,ALO",4,0.061666666666667425,0.769833333333338,0.14649999999999608,0.005859333333333334,0.033530666666666674,85.26100000000001,84.50733333333334,1,10.0,0.15151515151515152,66,8,0.3149999999999906,0.08599999999999852,0.0,-0.3049999999999926,0.22905952380952482,0.22905952380952482,0.1293376464088709,0.19505928434307399,0.19505928434307399,0.1039999999999992,0.32200000000000273,0,1,0,85.289,-0.22259632498040105,-0.08599999999999852,-0.027999999999991587,-0.5701250000000044,-0.625,0.8149999999999977,-0.03400023946645084,7.0,8.0,49.7,30.9,-1.7999999999999972,0,0,28.0,5.1,0.005848,0.017544,8.724281,0,-3.4000000000000176e-05,5.880000000000001,0.0023392,5.313205979041787,11,0,MEDIUM,85.289,0.7793333333333408,-0.3649999999999996,5.0,5.0,-2.2999999999999583e-05,0,1.1160148148148161,1.1160148148148161,1.1160148148148161,1.09843067553337,1.09843067553337,1.09843067553337,1.4352481011935296,1.4352481011935296,1.4352481011935296,1.5259469383440638,1.5259469383440638,1.5259469383440638,1.22355671088337,1.22355671088337,1.22355671088337,1.1006075649329605,1.1006075649329605,1.1006075649329605,1.1861186064476843,1.1861186064476843,1.1861186064476843,1.2359116602277345,1.2359116602277345,1.2359116602277345,0.7514265605096535,0.7514265605096535,0.7514265605096535,1.1152422014861645,1.1152422014861645,1.1152422014861645,1.1152422014861645,relative_step_s
7,COL,11,4165.659,4629.973,4629.973,SOFT>HARD,HARD,11,2,2.049666666666667,0.23600000000001842,1.8136666666666486,"LIN,BEA,ALO",3,-0.029666666666656738,1.8433333333333053,0.07166666666668675,0.24846,0.027743,85.99866666666667,83.949,1,11.0,0.16666666666666666,66,8,0.6180000000000021,-0.3920000000000101,0.3920000000000101,-0.07449999999998624,0.254549999999999,0.254549999999999,0.46313544504873505,0.1889037636314577,0.1889037636314577,-0.3920000000000101,0.02200000000000557,1,0,0,85.71,-0.7755672569288095,0.3920000000000101,0.2886666666666713,-0.17874999999999375,-0.17600000000000193,0.8419999999999987,-0.0656462363685413,7.0,12.0,49.0,30.9,-0.7000000000000028,0,0,28.3,3.9,0.263158,0.959064,1.387238,0,0.205355,6.16,0.11578952,5.429345628954441,12,0,SOFT,85.71,1.24733333333333,-0.014500000000002927,5.0,6.0,-0.3647433333333333,0,1.1160148148148161,1.1160148148148161,1.1160148148148161,1.2732150900670636,1.2732150900670636,1.2732150900670636,1.129360772962167,1.129360772962167,1.129360772962167,1.1153644323150826,1.1153644323150826,1.1153644323150826,1.2727573165603372,1.2727573165603372,1.2727573165603372,1.1674656612032164,1.1674656612032164,1.1674656612032164,1.1724825092949702,1.1724825092949702,1.1724825092949702,1.245577474370565,1.245577474370565,1.245577474370565,0.8011088569304515,0.8011088569304515,0.8011088569304515,1.1552939486884881,1.1552939486884881,1.1552939486884881,1.1552939486884881,relative_step_s
7,PER,11,4177.838,4629.973,4629.973,SOFT>HARD,HARD,11,2,2.100666666666669,0.23600000000001842,1.8646666666666505,"BEA,LIN,ALO",3,0.15066666666668027,1.7139999999999702,0.07166666666668675,0.04798133333333334,0.2695596666666667,86.87333333333333,84.77266666666667,1,11.0,0.16666666666666666,66,8,0.4799999999999969,0.26200000000000045,-0.08799999999999386,-0.7039999999999935,0.1950249999999997,0.1950249999999997,-0.022492884553699355,0.17800729220591585,0.17800729220591585,0.26200000000000045,0.02200000000000557,1,0,0,86.99,0.037666615587795604,-0.26200000000000045,-0.11666666666666003,-0.6553750000000065,1.1039999999999992,1.1039999999999992,-0.017017707794083847,7.0,19.0,49.0,30.9,-0.7000000000000028,0,0,28.3,3.9,0.017241,0.706897,2.083774,0,-0.029002,6.16,0.00758604,5.459585514144159,12,0,SOFT,86.99,1.0450000000000017,-0.07616666666667038,5.0,6.0,-0.5387066666666667,0,1.1160148148148161,1.1160148148148161,1.1160148148148161,1.2732150900670636,1.2732150900670636,1.2732150900670636,1.463209138138327,1.463209138138327,1.463209138138327,1.5225793683667972,1.5225793683667972,1.5225793683667972,1.9540892171761082,1.9540892171761082,1.9540892171761082,1.4834235122912396,1.4834235122912396,1.4834235122912396,1.3091901556160097,1.3091901556160097,1.3091901556160097,1.741556507137953,1.741556507137953,1.741556507137953,0.8673692437798621,0.8673692437798621,0.8673692437798621,1.2834530936677202,1.2834530936677202,1.2834530936677202,1.2834530936677202,relative_step_s
7,RUS,11,4132.042,4629.973,4629.973,MEDIUM>HARD,HARD,11,2,1.4953333333333347,0.23600000000001842,1.2593333333333163,"LIN,BEA,ALO",3,-0.1486666666666565,1.4079999999999728,0.07166666666668675,0.009992,0.04070033333333333,83.46966666666667,81.97433333333333,1,11.0,0.16666666666666666,66,8,0.4924999999999926,0.4479999999999933,-0.1909999999999883,-0.758499999999998,0.239190476190475,0.239190476190475,-0.0032223187231892325,0.23138489331838824,0.23138489331838824,0.1909999999999883,0.125,0,1,0,83.701,0.00539609939126251,-0.4479999999999933,-0.23133333333332473,-0.7893749999999926,-2.3540000000000134,0.7660000000000053,-0.007805582872086769,7.0,1.0,49.0,30.9,-1.3999999999999986,0,0,28.3,3.9,0.005952,0.017857,20.0,0,-0.006024000000000001,6.16,0.00261888,5.37989735354046,12,0,MEDIUM,83.701,1.1550000000000011,-0.2220000000000084,5.0,6.0,0.009992,0,1.1160148148148161,1.1160148148148161,1.1160148148148161,1.1077424626550199,1.1077424626550199,1.1077424626550199,1.2212808759770954,1.2212808759770954,1.2212808759770954,1.329428626788037,1.329428626788037,1.329428626788037,0.9040115582487371,0.9040115582487371,0.9040115582487371,1.2952357369267404,1.2952357369267404,1.2952357369267404,1.275351486305159,1.275351486305159,1.275351486305159,1.114075634383719,1.114075634383719,1.114075634383719,0.7781958251571792,0.7781958251571792,0.7781958251571792,1.212403232744796,1.212403232744796,1.212403232744796,1.212403232744796,relative_step_s
7,VER,11,4143.526,4629.973,4629.973,SOFT>MEDIUM,MEDIUM,14,2,2.1466666666666754,0.23600000000001842,1.910666666666657,"LIN,BEA,ALO",3,0.09933333333331973,1.8113333333333372,0.07166666666668675,0.009909000000000001,0.08131366666666667,84.153,82.00633333333333,1,14.0,0.16666666666666666,66,8,0.46999999999999886,0.20800000000001262,0.0,-0.63900000000001,0.20084999999999695,0.20084999999999695,0.06591626396286188,0.17674675147337918,0.17674675147337918,-0.13599999999999568,0.09299999999999642,1,0,0,84.177,-0.11038346681345956,-0.20800000000001262,-0.02400000000000091,-0.5638750000000101,-1.9014999999999986,0.7194999999999965,-0.02410324852661777,7.0,5.0,49.0,30.9,-1.3999999999999986,0,0,28.3,3.9,0.005917,0.236686,3.32432,0,0.005917,7.84,0.0033135200000000004,5.3981627015177525,12,0,SOFT,84.177,1.0063333333333446,-0.3785000000000025,8.0,6.0,-0.25048566666666666,0,1.1160148148148161,1.1160148148148161,1.1160148148148161,1.009455941801387,1.009455941801387,1.009455941801387,0.41217921877209696,0.41217921877209696,0.41217921877209696,0.48518891806250974,0.48518891806250974,0.48518891806250974,-1.1127568169068123,-1.1127568169068123,-1.1127568169068123,1.3029724660934068,1.3029724660934068,1.3029724660934068,1.1628830812116202,1.1628830812116202,1.1628830812116202,0.6382966073879469,0.6382966073879469,0.6382966073879469,0.7988996518155828,0.7988996518155828,0.7988996518155828,1.1534624015281167,1.1534624015281167,1.1534624015281167,1.1534624015281167,relative_step_s
7,ALB,12,4261.926,4715.092,4715.092,MEDIUM>HARD,HARD,12,2,1.5390000000000157,0.3433333333333195,1.1956666666666962,"BEA,LIN,ALO",3,0.24766666666663184,0.9480000000000643,0.08800000000000807,0.069364,0.17071433333333333,86.53666666666668,84.99766666666666,1,12.0,0.18181818181818182,66,8,0.120999999999988,0.005000000000009663,-0.005000000000009663,-0.11149999999999238,0.1382500000000005,0.1382500000000005,0.14944077285382207,0.13823221060100366,0.13823221060100366,0.09199999999999875,0.08449999999999847,0,1,0,86.569,-0.24475016228366542,-0.005000000000009663,-0.032333333333326664,-0.30262500000000614,0.494000000000014,0.8160000000000096,-1.778939899685361e-05,7.0,17.0,50.7,30.9,1.7000000000000028,0,0,28.3,1.4,0.144509,0.890173,1.68137,0,0.138729,7.536000000000001,0.06936432,5.537334267018537,13,0,MEDIUM,86.569,0.9676666666666733,-0.20716666666666106,5.0,7.0,-0.31117466666666665,0,1.1160148148148161,1.1160148148148161,1.1160148148148161,1.1170542497766696,1.1170542497766696,1.1170542497766696,1.3938710410847963,1.3938710410847963,1.3938710410847963,1.4727300429180863,1.4727300429180863,1.4727300429180863,0.7955063804768086,0.7955063804768086,0.7955063804768086,1.2996682794878844,1.2996682794878844,1.2996682794878844,1.1272314540177197,1.1272314540177197,1.1272314540177197,1.1764689539443927,1.1764689539443927,1.1764689539443927,0.8319054450140658,0.8319054450140658,0.8319054450140658,1.148046360827728,1.148046360827728,1.148046360827728,1.148046360827728,relative_step_s
7,HUL,12,4245.254,4715.092,4715.092,SOFT>HARD,HARD,12,2,1.0703333333333234,0.3433333333333195,0.7270000000000039,"BEA,LIN,ALO",3,0.42199999999998283,0.30500000000002103,0.08800000000000807,0.4074073333333333,0.22752966666666666,85.52766666666666,84.45733333333334,1,12.0,0.18181818181818182,66,8,0.17249999999999943,0.3580000000000041,-0.29400000000001114,-0.46299999999999386,0.11883333333333349,0.11883333333333349,-0.00532858922336743,0.17485631283119873,0.17485631283119873,0.3580000000000041,0.02200000000000557,1,0,0,85.745,0.008727023102579778,-0.3580000000000041,-0.21733333333334315,-0.5276250000000005,-0.20899999999998897,0.7000000000000028,0.05602297949786525,7.0,8.0,50.7,30.9,1.7000000000000028,0,0,28.3,1.4,0.192982,0.549708,2.387024,0,-0.339182,7.536000000000001,0.09263136,5.501258210544727,13,0,SOFT,85.745,1.0513333333333321,-0.41550000000000387,5.0,7.0,-0.4901143333333334,0,1.1160148148148161,1.1160148148148161,1.1160148148148161,1.2825268771887133,1.2825268771887133,1.2825268771887133,1.3570874754574893,1.3570874754574893,1.3570874754574893,0.9109979511005827,0.9109979511005827,0.9109979511005827,0.15252246557439597,0.15252246557439597,0.15252246557439597,1.3042993082011298,1.3042993082011298,1.3042993082011298,1.2705289048210302,1.2705289048210302,1.2705289048210302,0.8804132754559462,0.8804132754559462,0.8804132754559462,0.8081336712466726,0.8081336712466726,0.8081336712466726,1.2715548741677611,1.2715548741677611,1.2715548741677611,1.2715548741677611,relative_step_s
7,NOR,12,4223.084,4715.092,4715.092,MEDIUM>HARD,HARD,12,2,1.3769999999999953,0.3433333333333195,1.0336666666666758,"BEA,LIN,ALO",3,0.603333333333353,0.4303333333333228,0.08800000000000807,0.021956000000000003,0.3800813333333333,83.446,82.069,1,12.0,0.18181818181818182,66,8,0.07149999999999324,0.21699999999999875,-0.21699999999999875,-0.24349999999999739,0.03699999999999809,0.03699999999999809,0.00884391504297355,0.09028787338483649,0.09028787338483649,0.21699999999999875,-0.04049999999999443,0,1,0,83.618,-0.014484331154449137,-0.21699999999999875,-0.17199999999999704,-0.2303749999999951,-2.3019999999999925,0.9020000000000081,0.0532878733848384,7.0,3.0,49.4,30.9,0.3999999999999986,0,0,28.5,2.3,0.017964,0.808383,1.948865,0,-0.023952,6.911999999999999,0.00862272,5.480638923341991,13,0,MEDIUM,83.618,0.3506666666666689,-1.1640000000000017,5.0,7.0,-0.044309,0,1.1160148148148161,1.1160148148148161,1.1160148148148161,1.1170542497766696,1.1170542497766696,1.1170542497766696,0.9317985849903948,0.9317985849903948,0.9317985849903948,1.0065862494593245,1.0065862494593245,1.0065862494593245,0.152627542384014,0.152627542384014,0.152627542384014,1.2568016040275318,1.2568016040275318,1.2568016040275318,1.1161085073419268,1.1161085073419268,1.1161085073419268,0.36831721667540807,0.36831721667540807,0.36831721667540807,0.7988996518155828,0.7988996518155828,0.7988996518155828,1.010757149346679,1.010757149346679,1.010757149346679,1.010757149346679,relative_step_s
7,OCO,12,4258.367,4715.092,4715.092,SOFT>HARD,HARD,12,2,2.350999999999999,0.3433333333333195,2.0076666666666796,"BEA,LIN,ALO",3,-0.2773333333333312,2.285000000000011,0.08800000000000807,0.011549666666666666,0.193294,86.69266666666665,84.34166666666665,1,12.0,0.18181818181818182,66,8,0.5045000000000002,0.12899999999999068,-0.11199999999999477,-0.6765000000000043,0.23304761904761728,0.23304761904761728,0.07125450816870682,0.21306551151911446,0.21306551151911446,0.12899999999999068,0.09949999999999903,1,0,0,86.773,-0.11669875700383159,-0.12899999999999068,-0.0803333333333427,-0.6687499999999886,0.6980000000000075,0.8065000000000069,-0.019982107528502824,7.0,14.0,50.7,30.9,1.7000000000000028,0,0,28.3,1.4,0.017341,0.50289,2.47182,0,0.005779999999999999,7.536000000000001,0.00832368,5.5254529391317835,13,0,SOFT,86.773,1.47499999999998,0.2931666666666691,5.0,7.0,-0.6836686666666667,0,1.1160148148148161,1.1160148148148161,1.1160148148148161,1.2825268771887133,1.2825268771887133,1.2825268771887133,1.486183606346278,1.486183606346278,1.486183606346278,1.6099416804240505,1.6099416804240505,1.6099416804240505,1.406288867927863,1.406288867927863,1.406288867927863,1.534851476825935,1.534851476825935,1.534851476825935,1.2584283964508376,1.2584283964508376,1.2584283964508376,1.8564711557285107,1.8564711557285107,1.8564711557285107,1.8325873289367167,1.8325873289367167,1.8325873289367167,1.3463158169953036,1.3463158169953036,1.3463158169953036,1.3463158169953036,relative_step_s
7,LEC,15,4479.933,4974.286,4974.286,MEDIUM>HARD,HARD,15,2,1.8696666666666886,-0.18616666666666504,2.0558333333333536,"LAW,HAM,LIN,ALO",4,-0.29299999999999216,2.3488333333333458,0.32116666666666305,0.017892666666666668,0.020338333333333333,83.84833333333334,81.97866666666665,1,15.0,0.22727272727272727,66,8,0.3084999999999951,0.0,-0.043000000000006366,-0.14100000000000534,0.08899999999999883,0.08899999999999883,0.08519366865073152,0.08858077106010868,0.08858077106010868,0.043000000000006366,-0.006000000000000227,0,1,0,84.039,-0.13401832927822,0.0,-0.1906666666666581,-0.1907499999999942,-0.7339999999999947,1.093500000000006,-0.00041922893989014554,7.0,1.0,50.7,31.0,0.0,0,0,27.5,2.5,0.017857,0.02381,17.481625,0,0.0,9.420000000000002,0.0107142,5.707110264748875,16,0,MEDIUM,84.039,0.5776666666666728,-0.6029999999999944,5.0,10.0,-0.7869933333333334,0,1.1160148148148161,1.1160148148148161,1.1160148148148161,1.1449896111416191,1.1449896111416191,1.1449896111416191,1.0303880039762559,1.0303880039762559,1.0303880039762559,1.1315336186790692,1.1315336186790692,1.1315336186790692,0.44638113623890663,0.44638113623890663,0.44638113623890663,0.9888083765568325,0.9888083765568325,0.9888083765568325,1.0322015960452477,1.0322015960452477,1.0322015960452477,1.3061032722537615,1.3061032722537615,1.3061032722537615,0.7481348857878819,0.7481348857878819,0.7481348857878819,1.0195441978400557,1.0195441978400557,1.0195441978400557,1.0195441978400557,relative_step_s
7,BEA,17,4690.763,5173.288,5173.288,MEDIUM>HARD,HARD,17,2,1.7693333333333499,-0.3226666666666773,2.092000000000027,"ALB,PER,LAW,COL,OCO",5,,,0.23733333333333917,0.04050766666666667,0.509127,86.24533333333333,84.47599999999998,1,17.0,0.25757575757575757,66,8,0.12449999999999761,0.2219999999999942,-0.2219999999999942,-0.15099999999999625,-0.007416666666667145,-0.007416666666667145,-0.16866277016434594,0.06329367888933887,0.06329367888933887,0.2219999999999942,-0.09799999999999898,0,1,0,86.707,0.2621774246285753,-0.2219999999999942,-0.4616666666666589,-0.3084999999999951,2.594999999999999,1.3605000000000018,0.07071034555600601,7.0,10.0,50.2,31.1,-1.0,0,0,27.8,3.1,0.098266,0.144509,8.476384,0,0.086705,10.336000000000002,0.06682088,5.860786223465865,18,0,MEDIUM,86.707,0.9476666666666773,1.5779999999999983,5.0,12.0,-0.8600623333333334,0,1.1160148148148161,1.3631279461279402,1.245455026455024,1.1636131853849188,1.3790447486595228,1.2764582899573305,1.4145982130680113,1.646993026028646,1.5363288293807247,1.447248225960739,1.6443389925879333,1.5504862465749836,1.426727037059602,1.809986996743832,1.6274822540370557,1.4006477597853346,1.5615016375088762,1.4849045528786182,1.2361825274892162,1.4274788732717751,1.3363853752800805,2.337094215939167,2.5516203010846783,2.4494650224439587,1.8166659733921844,2.2384057342997616,2.037577276724725,1.483009092180926,1.6927992303549408,1.592899164557791,1.592899164557791,relative_step_s
7,ALO,20,4974.286,5430.444,5430.444,HARD>HARD,HARD,20,2,2.1820000000000164,-1.0470000000000113,3.2290000000000276,"PER,ALB,COL,OCO,SAI",5,-0.4383333333333326,3.66733333333336,0.40800000000000125,0.4568736666666667,0.015526666666666666,87.90066666666667,85.71866666666665,1,20.0,0.30303030303030304,66,8,0.2704999999999984,0.5510000000000019,-0.49200000000000443,-0.8004999999999995,0.07059999999999889,0.07059999999999889,-0.4208764956601243,0.08834452426804243,0.08834452426804243,0.49200000000000443,0.1869999999999976,0,0,1,88.393,0.649629917927399,-0.5510000000000019,-0.4923333333333346,-0.7791250000000076,4.324000000000012,1.2864999999999966,0.017744524268043543,7.0,20.0,49.3,30.9,-0.5,0,0,28.6,3.6,0.570621,0.932203,0.858398,0,0.07347800000000004,11.439999999999998,0.45649680000000004,6.042632833682381,21,0,HARD,88.393,1.538666666666657,2.4988333333333417,5.0,15.0,-0.13042533333333334,0,1.1160148148148161,1.3305604938271598,1.2447422222222224,1.9692535236021151,2.1382258530747773,2.0706369212857125,2.5942149551994356,2.7509751041786408,2.688271044586959,1.9455131114442397,2.087629278710716,2.0307828118041256,3.0246546834447345,3.469515636788968,3.2915712554512746,1.425462219922714,1.5146470190171495,1.4789730993793753,1.3965484159434136,1.5496125853418596,1.4883869175824813,2.5647182037805853,2.76752595943368,2.686402857172442,1.8166659733921844,2.1721067249235424,2.029930424310999,1.6315293545285332,1.7978638424336497,1.7313300472716031,1.7313300472716031,relative_step_s
7,LIN,21,5024.573,5516.135,5516.135,MEDIUM>HARD,HARD,21,2,2.4143333333333317,-1.1276666666666841,3.542000000000016,"ALB,PER,OCO,SAI,HUL",5,0.33466666666666356,3.2073333333333522,0.369000000000014,0.05346633333333333,0.4292126666666667,86.382,83.96766666666667,1,21.0,0.3181818181818182,66,8,0.26949999999999363,1.4039999999999964,-1.100999999999999,-1.4380000000000024,0.0822083333333321,0.0822083333333321,-0.791111529555593,0.08762400259821383,0.08762400259821383,1.100999999999999,0.14699999999999136,0,1,0,87.217,1.2199819033600647,-1.4039999999999964,-0.8349999999999937,-1.208999999999989,3.1480000000000103,1.2014999999999887,0.005415669264881726,7.0,9.0,50.1,30.9,0.5,0,0,29.0,1.7,0.137143,0.634286,2.089211,0,0.125515,12.684000000000001,0.11520011999999999,6.063785208687608,22,0,MEDIUM,87.217,1.6170000000000044,2.355333333333334,5.0,16.0,-0.11263999999999999,0,1.1160148148148161,1.3758900462962969,1.275938034188035,1.2014950423860307,1.416834333903635,1.334011529473787,2.1111683167145205,2.322221289467344,2.241047069177797,2.0947956319394003,2.285798270917615,2.2123357174644553,2.2227300864054573,2.7403779924840794,2.5412826439923015,1.3954323069019219,1.5457321158514876,1.4879244970247316,1.4488936777134096,1.6563683201049595,1.576570380723594,2.500998153936526,2.7379885536787767,2.6468383999317573,1.8166659733921844,2.2316228309244246,2.0720240395658704,1.6304204361032084,1.8511270894825862,1.7662399151059025,1.7662399151059025,relative_step_s
7,HAM,26,5395.331,5945.335,5945.335,HARD>MEDIUM,MEDIUM,15,2,2.4056666666666757,-0.5953333333333575,3.001000000000033,"HAD,RUS,LEC,PIA,NOR",5,-0.17600000000001614,3.1770000000000493,0.11433333333336293,0.1419446666666667,0.26175133333333334,83.16166666666668,80.756,1,15.0,0.3939393939393939,66,8,0.21700000000000585,0.40500000000000114,-0.0660000000000025,-0.4410000000000025,0.1222285714285726,0.1222285714285726,-0.03805950674373548,0.12073217581725314,0.12073217581725314,0.0660000000000025,0.042499999999996874,0,0,1,83.331,0.05987148561308686,-0.40500000000000114,-0.16933333333332712,-0.44199999999999307,-1.2194999999999965,1.2489999999999952,-0.0014963956113194649,7.0,2.0,49.0,30.8,-1.6000000000000014,0,0,27.6,3.6,0.024096,0.644578,2.265872,0,-0.287281,8.4,0.0144576,6.253828811575473,27,1,HARD,83.331,1.1406666666666752,1.3363333333333334,5.0,10.0,0.020164333333333354,0,1.1160148148148161,1.4180141612200456,1.306162551440331,1.6310000783632401,1.8882833418277563,1.7929932442483059,0.9389276669273687,1.1774129228672037,1.0890850502968945,0.67121111307742,0.8889048776474623,0.8082775574363356,-0.719303632685856,-0.1929718997330102,-0.38790957860443454,1.1483527334897963,1.330479156043193,1.263024925467861,1.1587457978206221,1.404358253748599,1.3133906774789779,1.1472267640423166,1.355859245215074,1.2785879558918305,1.7198420711385491,2.1265858209693542,1.9759399876986856,1.3951466762714761,1.6386935799120141,1.5484910230081113,1.5484910230081113,relative_step_s
7,ALB,28,5660.053,6122.707,6122.707,HARD>HARD,HARD,15,2,2.1173333333333204,-0.03699999999999193,2.1543333333333123,"OCO,ALO,GAS,LIN,LAW",5,-0.10333333333332462,2.257666666666637,0.1419999999999959,0.14926166666666665,0.27033433333333334,86.29233333333333,84.17500000000001,1,15.0,0.42424242424242425,66,8,0.4730000000000061,0.37300000000000466,-2.730000000000004,-2.5090000000000003,0.22450000000000614,0.22450000000000614,-1.0967235068197283,0.19664700339077668,0.19664700339077668,2.730000000000004,0.33200000000000784,0,0,1,88.197,1.7097937597204123,-0.37300000000000466,-1.904666666666671,-1.803625000000011,3.615000000000009,1.1420000000000101,-0.027852996609229463,7.0,18.0,48.7,30.6,-0.19999999999999574,0,0,28.3,4.9,0.40678,0.644068,1.313292,0,0.37754,8.220000000000002,0.24406799999999998,6.368187186350492,29,1,HARD,88.197,1.1159999999999997,0.42033333333333656,5.0,10.0,-0.16116933333333336,0,1.1160148148148161,1.625117933723201,1.44956513409962,1.9226945879938662,2.3423823202522174,2.197662412576924,2.4121271530459714,2.7342253677335124,2.623157017841257,2.269466120342077,2.607965344252978,2.4912414739388744,1.442075306950083,1.9931939748631478,1.8031530548931254,1.425462219922714,1.7963177281639324,1.6684365184255814,1.3586964386534173,1.7850632627123029,1.6380402199333768,2.259303751466799,2.535726689478368,2.44040843499162,1.8166659733921844,2.3457350155153085,2.1632974147831967,1.4384714597247514,1.8410687003172488,1.7022420656301807,1.7022420656301807,relative_step_s
7,VER,28,5573.71,6122.707,6122.707,MEDIUM>HARD,HARD,16,2,1.8389999999999844,-0.42433333333332257,2.263333333333307,"RUS,LEC,NOR,PIA,LIN",5,-0.26866666666667527,2.5319999999999823,0.037666666666666515,0.056104666666666664,0.065453,83.33466666666666,81.49566666666668,1,16.0,0.42424242424242425,66,8,0.15649999999998698,0.0969999999999942,0.0,-0.3435000000000059,0.0913749999999999,0.0913749999999999,0.08272883985802082,0.09657227272402669,0.09657227272402669,-0.1740000000000066,0.022999999999996135,0,1,0,83.309,-0.1292319702235858,-0.0969999999999942,0.02566666666666606,-0.26224999999999454,-1.2849999999999966,1.213000000000008,0.005197272724026786,7.0,4.0,48.9,30.8,-2.1000000000000014,0,0,27.9,3.2,0.023952,0.48503,2.534949,0,-0.011976,8.895999999999999,0.01532928,6.333279628139691,29,1,MEDIUM,83.309,0.9996666666666698,0.5676666666666772,5.0,11.0,0.033820666666666666,0,1.1160148148148161,1.625117933723201,1.44956513409962,1.1543013982632688,1.57398913052162,1.4292692228463264,1.007394170653666,1.329492385341207,1.2184240354489515,1.0566534899540123,1.3951527138649136,1.2784288435508095,0.9489538807441131,1.5000725486571778,1.3100316286871556,0.9484651042854881,1.3193206125267065,1.1914394027883555,1.027582595198305,1.4539494192571907,1.3069263764782646,1.1391474217841153,1.4155703597956841,1.3202521053089362,1.6930728064910234,2.2221418486141475,2.0397042478820357,1.1429013016370662,1.5454985422295635,1.4066719075424954,1.4066719075424954,relative_step_s
7,SAI,29,5723.583,6207.995,6207.995,HARD>HARD,HARD,15,2,1.3660000000000139,-0.10199999999998965,1.4680000000000035,"LAW,ALO,GAS,BEA,RUS",5,0.08866666666665424,1.3793333333333493,0.23133333333332473,0.021442666666666665,0.17055266666666669,85.39300000000001,84.027,1,15.0,0.4393939393939394,66,8,0.2530000000000001,0.0,0.0,-0.2804999999999893,0.10150000000000267,0.10150000000000267,0.17306791183804648,0.10839178586338356,0.10839178586338356,-0.3710000000000093,0.3790000000000049,0,0,1,85.353,-0.27225347568135305,0.0,0.040000000000020464,-0.19112499999998533,0.9204999999999899,1.0494999999999948,0.006891785863380892,7.0,13.0,50.3,30.5,1.5999999999999943,0,0,28.3,3.0,0.02924,0.05848,11.05168,0,0.005847999999999999,9.179999999999998,0.017544,6.386879319362645,30,1,HARD,85.353,1.103333333333353,0.28750000000000386,5.0,10.0,0.003656333333333331,0,1.1160148148148161,1.625117933723201,1.44956513409962,1.9226945879938662,2.3423823202522174,2.197662412576924,2.010509374187013,2.332607588874554,2.2215392389822983,2.052735182138526,2.391234406049427,2.274510535735323,1.7679331600001227,2.3190518279131873,2.129010907943165,1.2802597609544024,1.6511152691956208,1.5232340594572698,1.149166261303223,1.5755330853621086,1.4285100425831825,1.7464063268587253,2.0228292648702944,1.9275110103835462,1.7687692198815654,2.2978382620046895,2.1154006612725778,1.2211993001753343,1.6237965407678316,1.4849699060807635,1.4849699060807635,relative_step_s
7,PER,30,5842.063,7057.631,7057.631,HARD>HARD,HARD,18,2,2.441666666666677,-0.34499999999999886,2.786666666666676,"ALO,LIN,GAS,BEA,LEC",5,0.3720000000000141,2.414666666666662,0.200666666666649,0.08432466666666666,0.151236,86.83933333333334,84.39766666666667,1,18.0,0.45454545454545453,66,8,0.45349999999999824,-0.2849999999999966,0.0,0.1424999999999983,-0.09849999999999995,-0.09849999999999995,0.5089214930504227,0.08121130905436386,0.08121130905436386,0.242999999999995,-0.14750000000000085,0,0,1,86.699,-0.7884336569558172,0.2849999999999966,0.14033333333334497,0.40774999999999295,2.441999999999993,1.1210000000000022,0.1797113090543638,7.0,17.0,49.0,30.3,-0.20000000000000284,0,0,28.4,2.6,0.022989,0.074713,6.595253,0,0.005648,10.08,0.01655208,6.436150368369428,31,1,HARD,86.699,1.6530000000000058,1.3380000000000034,5.0,13.0,-0.2692703333333334,0,1.1160148148148161,1.625117933723201,1.44956513409962,1.9506299493588155,2.3703176816171667,2.2255977739418733,1.6926107367691845,2.0147089514567256,1.90364060156447,1.7714677096291918,2.109966933540093,1.993243063225989,2.2252646204628665,2.776383288375931,2.586342368405909,1.0001121791907788,1.3709676874319974,1.243086477693646,1.1096206654360432,1.5359874894949288,1.3889644467160027,2.1844230073869446,2.460845945398513,2.3655276909117657,1.738456471814219,2.2675255139373434,2.0850879132052316,1.370199918962057,1.7727971595545544,1.6339705248674863,1.6339705248674863,relative_step_s
7,HAD,31,5855.164,7140.782,7140.782,HARD>HARD,HARD,16,2,2.379666666666651,-0.27933333333332655,2.6589999999999776,"BEA,GAS,ANT,LEC,ALO",5,-0.3976666666666233,3.056666666666601,0.25,0.19022333333333333,0.185022,84.16799999999999,81.78833333333334,1,16.0,0.4696969696969697,66,8,0.2494999999999976,0.8100000000000023,-0.39000000000000057,-1.075499999999991,0.21900000000000003,0.21900000000000003,-0.31138918282091765,0.1626000562123759,0.1626000562123759,0.39000000000000057,-0.14750000000000085,0,0,1,84.568,0.4864257454996874,-0.8100000000000023,-0.4000000000000057,-0.9412499999999966,0.23199999999999932,1.3889999999999958,-0.05639994378762414,7.0,8.0,49.0,30.3,-0.20000000000000284,0,0,28.4,2.6,0.325444,0.372781,6.734273,0,0.301775,8.96,0.20828416,6.439350371100098,32,1,HARD,84.568,1.2609999999999957,0.7006666666666632,5.0,11.0,0.0013819999999999943,0,1.1160148148148161,1.625117933723201,1.44956513409962,1.9320063751155159,2.3516941073738673,2.2069741996985734,1.9831861403521027,2.305284355039644,2.1942160051473882,1.874721308507397,2.213220532418298,2.0964966621041943,2.808820015245355,3.3599386831584197,3.1698977631883976,1.4315662042494188,1.8024217124906374,1.6745405027522862,1.4432581436508691,1.8696249677097547,1.7226019249308286,1.7990067605057587,2.0754296985173273,1.9801114440305796,1.7959621467337807,2.325031188856905,2.142593588124793,1.5705210850713478,1.9731183256638452,1.834291690976777,1.834291690976777,relative_step_s
7,BOR,32,5985.048,7223.977,7223.977,HARD>HARD,HARD,17,2,3.168999999999997,-0.28899999999998727,3.457999999999984,"ALO,GAS,BEA,LEC,HAM",5,-2.00266666666667,5.460666666666654,0.31133333333333724,0.414892,0.037841,86.832,83.663,1,17.0,0.48484848484848486,66,8,0.7109999999999985,0.0,1.0889999999999986,-0.5105000000000075,0.4,0.4,0.6776588932496139,0.26056688694772706,0.26056688694772706,-1.475999999999999,0.24500000000000455,0,0,1,85.977,-1.0551413211883016,0.0,0.8549999999999898,-0.3346250000000026,1.6274999999999977,0.8485000000000014,-0.13943311305227296,7.0,13.0,49.2,29.8,0.7000000000000028,0,0,27.9,3.6,0.069767,0.790698,1.725534,0,-0.495947,9.656,0.047441559999999994,6.484635235635252,33,1,HARD,85.977,3.0136666666666656,2.5450000000000017,5.0,12.0,0.3950033333333333,0,1.1160148148148161,1.6939120370370426,1.5012796296296338,1.9413181622371658,2.408521503964439,2.2527870567220147,2.3445571653468593,2.7536540859536567,2.6172884457513907,1.9112500631066516,2.3493137701681386,2.203292534480976,2.728914544398534,3.4024772789159456,3.1779563674101414,1.3167458447490061,1.7616909409036756,1.6133759088521191,1.1962421722135097,1.6934033651784217,1.5276829675234511,2.248378487218149,2.6036689401270254,2.4852387891574,1.7687692198815654,2.3354427063416074,2.1465515441882603,1.4419502371187947,1.904710281868095,1.7504569336183282,1.7504569336183282,relative_step_s
7,COL,33,6049.924,7307.171,7307.171,HARD>HARD,HARD,21,2,0.7893333333333317,-0.394999999999996,1.1843333333333277,"GAS,BEA,LEC,VER,HAM",5,-0.1876666666666864,1.372000000000014,0.09199999999998454,0.5568873333333334,0.6272596666666667,85.00533333333334,84.21600000000001,1,21.0,0.5,66,8,0.1844999999999999,0.9909999999999997,-0.88900000000001,-1.0204999999999984,0.045224999999999224,0.045224999999999224,-0.640644185043115,0.05979550011388913,0.05979550011388913,0.88900000000001,0.17899999999999494,0,0,1,85.632,0.9879445350575367,-0.9909999999999997,-0.6266666666666652,-0.9118750000000091,1.8290000000000077,1.4669999999999987,0.014570500113889905,7.0,11.0,49.9,30.2,0.6999999999999957,0,0,28.4,3.5,0.561404,1.0,0.942463,0,-0.012560000000000016,12.515999999999998,0.47157936,6.505784060128229,34,1,HARD,85.632,0.7610000000000099,0.5753333333333378,5.0,16.0,0.47202766666666673,0,1.1160148148148161,1.6939120370370426,1.5012796296296338,1.9792000192382777,2.446403360965551,2.2906689137231266,2.293353746089445,2.7024506666962425,2.5660850264939765,1.603567979990816,2.041631687052303,1.8956104513651406,2.279626095476157,2.953188829993569,2.7286679184877647,1.381289437194503,1.8262345333491725,1.677919501297616,1.408463670135691,1.905624863100603,1.7399044654456324,1.12773656792755,1.4830270208364262,1.3645968698668007,1.7959621467337807,2.3626356331938227,2.1737444710404756,1.5177693261669556,1.980529370916256,1.8262760226664891,1.8262760226664891,relative_step_s
7,BOR,52,7722.235,8810.457,8810.457,HARD>SOFT,SOFT,19,2,2.1573333333333267,0.14733333333333576,2.009999999999991,"LAW,COL,LIN,GAS,PIA",5,0.40166666666667084,1.60833333333332,0.1636666666666713,0.154762,0.23745433333333332,84.07633333333332,81.919,1,19.0,0.7878787878787878,66,8,0.30400000000000205,-0.06300000000000239,0.0,0.03149999999999409,0.09774999999999898,0.09774999999999898,0.259020887815808,0.07966824758815302,0.07966824758815302,0.11599999999999966,0.19900000000001228,0,0,1,84.094,-0.41790680902748534,0.06300000000000239,-0.017666666666670494,0.07637500000001296,1.0300000000000011,1.188999999999993,-0.018081752411845953,7.0,15.0,50.3,30.2,-0.20000000000000284,0,0,27.9,0.0,0.166667,0.940476,1.469969,0,0.023809999999999998,11.627999999999997,0.12666692000000002,6.926577033222725,53,4,HARD,84.094,1.211999999999989,0.2469999999999999,11.0,8.0,0.07465533333333334,0,1.1160148148148161,1.8463669410150905,1.6489744744744759,1.3721721617249603,1.8356865476883408,1.7104123893198597,0.9756819696548228,1.3613066582606854,1.2570837694482901,0.8992961884497072,1.3509657793470276,1.2288929169423464,0.4218988183714194,0.9864667344357745,0.8338808111751379,0.9347907714908603,1.5306673581284034,1.3696196320101486,0.682552474983902,1.3204732371829304,1.1480622203723823,0.966589580008412,1.3582589652564145,1.2524023746488462,1.7001882220788924,2.2531318669284968,2.103687638590766,0.8961228590390776,1.4711545232167178,1.3157405599254637,1.3157405599254637,relative_step_s
7,SAI,54,7888.375,8810.457,8810.457,HARD>MEDIUM,MEDIUM,24,2,2.3346666666666778,-0.007000000000005002,2.3416666666666828,"COL,LAW,GAS,LIN,PIA",5,-0.03900000000001569,2.3806666666666985,0.5843333333333476,0.031558333333333334,0.23521766666666669,84.53333333333335,82.19866666666667,1,24.0,0.8181818181818182,66,8,0.2914999999999921,0.08800000000000807,-0.05500000000000682,-0.36299999999999955,0.12071428571428555,0.12071428571428555,-0.21750786764367547,0.011947036854648107,0.011947036854648107,0.08800000000000807,0.08049999999999358,0,0,1,84.581,0.3422736046916981,-0.08800000000000807,-0.04766666666665742,-0.3876249999999999,1.5085000000000122,1.0829999999999913,-0.10876724885963744,7.0,13.0,48.7,29.9,-1.5999999999999943,0,0,27.2,1.6,0.029586,0.08284,11.554065,0,-0.005916999999999999,13.152000000000003,0.02840256,6.959398512133975,55,4,HARD,84.581,0.14333333333334508,-0.766166666666668,14.0,10.0,-0.1929026666666667,0,1.1160148148148161,1.8463669410150905,1.6489744744744759,1.7173449965161391,2.18085938247952,2.0555852241110384,1.1773024928584406,1.562927181464303,1.4587042926519078,1.1305788618249968,1.5822484527223173,1.460175590317636,0.14663549948963728,0.7112034155539924,0.5586174922933558,1.217215923316329,1.8130925099538722,1.6520447838356174,1.1313432639134715,1.7692640261124999,1.5968530093019517,1.0946047883133652,1.4862741735613678,1.3804175829537995,0.5816422137626965,1.1345858586123008,0.9851416302745699,0.9726793327419875,1.5477109969196277,1.3922970336283735,1.3922970336283735,relative_step_s
8,HAM,11,4228.986,4651.902,4651.902,MEDIUM>HARD,HARD,11,2,0.8606666666666598,-0.19033333333334213,1.051000000000002,"VER,HAD,ANT,PIA,NOR",5,-0.3329999999999984,1.3840000000000003,0.15366666666665196,0.08547333333333333,0.305747,73.33366666666666,72.473,1,11.0,0.15492957746478872,71,8,0.2469999999999999,1.875,-1.6839999999999975,-2.0264999999999986,0.1776666666666677,0.1776666666666677,-1.0017200332051601,0.22629830060092404,0.22629830060092404,1.6839999999999975,0.19350000000000023,0,1,0,74.52,1.6506644180164045,-1.875,-1.1863333333333372,-1.8655000000000115,0.2819999999999965,1.036999999999999,0.048631633934256346,7.0,2.0,50.6,34.8,-0.29999999999999716,0,0,29.2,1.2,0.201342,0.33557,3.954419,0,0.187643,6.864000000000001,0.08859048,5.342334251964811,12,0,MEDIUM,74.52,1.245666666666665,0.9943333333333252,5.0,6.0,-0.33536,0,1.4325241545893732,1.4325241545893732,1.4325241545893732,1.3608824903502679,1.3608824903502679,1.3608824903502679,2.16301576540155,2.16301576540155,2.16301576540155,2.103931167431976,2.103931167431976,2.103931167431976,1.9751337590649505,1.9751337590649505,1.9751337590649505,1.9965138044571433,1.9965138044571433,1.9965138044571433,1.7100688262339723,1.7100688262339723,1.7100688262339723,2.4565546144578034,2.4565546144578034,2.4565546144578034,2.0810137116589162,2.0810137116589162,2.0810137116589162,1.9579446737771053,1.9579446737771053,1.9579446737771053,1.9579446737771053,relative_step_s
8,GAS,12,4328.712,4726.045,4726.045,MEDIUM>HARD,HARD,12,2,2.0363333333333458,0.49833333333333485,1.538000000000011,"OCO,HUL,BEA,ALB,COL",5,0.10233333333333405,1.4356666666666769,0.1076666666666597,0.9668873333333333,0.29219066666666665,75.22833333333334,73.192,1,12.0,0.16901408450704225,71,8,0.32049999999999557,0.0,0.21099999999999852,-0.15849999999998943,0.22237500000000132,0.22237500000000132,0.3374198564654023,0.151064036870934,0.151064036870934,-0.644999999999996,-0.05999999999998806,0,1,0,74.943,-0.552617355026797,0.0,0.285333333333341,-0.21112499999999557,1.179000000000002,0.8519999999999897,-0.07131096312906732,7.0,13.0,51.6,34.8,0.5,0,0,29.5,0.6,1.0,1.0,0.418617,0,0.09933800000000004,7.968000000000001,0.48,5.480638923341991,13,0,MEDIUM,74.943,1.1940000000000026,0.8843333333333305,5.0,7.0,-0.012857666666666656,0,1.4325241545893732,1.4325241545893732,1.4325241545893732,1.3672702557623782,1.3672702557623782,1.3672702557623782,1.7774357729842358,1.7774357729842358,1.7774357729842358,0.548165380380171,0.548165380380171,0.548165380380171,0.2587035593518272,0.2587035593518272,0.2587035593518272,2.0126613030961367,2.0126613030961367,2.0126613030961367,1.6712640556236131,1.6712640556236131,1.6712640556236131,0.6385851106492489,0.6385851106492489,0.6385851106492489,2.0923092863900488,2.0923092863900488,2.0923092863900488,1.892507639855064,1.892507639855064,1.892507639855064,1.892507639855064,relative_step_s
8,LEC,12,4307.049,4726.045,4726.045,MEDIUM>HARD,HARD,12,2,0.5523333333333511,0.17166666666665265,0.38066666666669846,"PIA,HAD,VER,NOR,ANT",5,0.31799999999998363,0.06266666666671483,0.21066666666665412,0.065977,0.230688,73.32900000000001,72.77666666666666,1,12.0,0.16901408450704225,71,8,0.4849999999999923,0.3719999999999999,0.0,-0.4549999999999983,0.17849999999999966,0.17849999999999966,-0.04563490319262087,0.11026803679871343,0.11026803679871343,-0.05999999999998806,0.16400000000000148,0,1,0,73.433,0.0747923135957933,-0.3719999999999999,-0.1039999999999992,-0.4307500000000033,-0.5659999999999883,1.086999999999989,-0.06823196320128623,7.0,5.0,51.6,34.8,1.0,0,0,29.5,0.6,0.047619,0.442177,2.563643,0,-0.0068029999999999965,7.968000000000001,0.02285712,5.44673737166631,13,0,MEDIUM,73.433,1.1826666666666625,0.8573333333333343,5.0,7.0,-0.08427833333333333,0,1.4325241545893732,1.4325241545893732,1.4325241545893732,1.3672702557623782,1.3672702557623782,1.3672702557623782,1.617225216441549,1.617225216441549,1.617225216441549,1.5050190605770857,1.5050190605770857,1.5050190605770857,1.3012134153052515,1.3012134153052515,1.3012134153052515,1.7600913248641206,1.7600913248641206,1.7600913248641206,1.657918537812377,1.657918537812377,1.657918537812377,1.7039353238528472,1.7039353238528472,1.7039353238528472,1.9627388940431736,1.9627388940431736,1.9627388940431736,1.8449089836073038,1.8449089836073038,1.8449089836073038,1.8449089836073038,relative_step_s
8,SAI,13,4407.115,4799.91,4799.91,SOFT>MEDIUM,MEDIUM,13,2,1.1836666666666815,0.24899999999999523,0.9346666666666863,"HUL,COL,BEA,STR,ALO",5,0.027999999999991587,0.9066666666666947,0.347999999999999,0.7608536666666667,0.022507333333333334,75.28733333333334,74.10366666666665,1,13.0,0.18309859154929578,71,8,0.36350000000000904,-0.26899999999999125,0.26899999999999125,-0.08499999999999375,0.16279166666666534,0.16279166666666534,0.32663010683076266,0.1169444197748093,0.1169444197748093,-0.26899999999999125,-0.04450000000000642,1,0,0,75.069,-0.5257303386719485,0.26899999999999125,0.2183333333333337,-0.08462500000000261,0.5745000000000005,0.8030000000000044,-0.04584724689185604,7.0,15.0,51.2,34.7,-0.3999999999999986,0,0,29.6,1.0,0.666667,1.0,0.786227,0,-0.03532000000000002,8.424000000000001,0.34666684000000003,5.568344503761097,14,0,SOFT,75.069,1.0706666666666678,0.5364999999999942,5.0,8.0,0.11512233333333333,0,1.4325241545893732,1.4325241545893732,1.4325241545893732,1.4715163990509417,1.4715163990509417,1.4715163990509417,1.2580185362925396,1.2580185362925396,1.2580185362925396,0.41426113711747026,0.41426113711747026,0.41426113711747026,-0.14878220087210736,-0.14878220087210736,-0.14878220087210736,2.0063787721799407,2.0063787721799407,2.0063787721799407,1.0761464713215128,1.0761464713215128,1.0761464713215128,0.49072835890695155,0.49072835890695155,0.49072835890695155,2.0196809644758598,2.0196809644758598,2.0196809644758598,1.5519353123386224,1.5519353123386224,1.5519353123386224,1.5519353123386224,relative_step_s
8,BOR,16,4618.349,5030.997,5030.997,SOFT>MEDIUM,MEDIUM,16,2,1.4193333333333413,-0.11299999999999955,1.5323333333333409,"BEA,ALO,ANT,HAM,STR",5,-0.061333333333323026,1.593666666666664,0.07066666666666777,0.16113433333333335,0.5330656666666667,74.29233333333333,72.87299999999999,1,16.0,0.22535211267605634,71,8,0.0694999999999979,0.0,0.018999999999991246,-0.060000000000002274,0.03200000000000358,0.03200000000000358,0.11183654463067683,0.030332664025765038,0.030332664025765038,-0.018999999999991246,-0.10999999999999943,1,0,0,74.072,-0.17470155547238164,0.0,0.22033333333332905,-0.018375000000006025,0.2150000000000034,1.0690000000000026,-0.001667335974238543,7.0,10.0,51.3,34.6,-0.30000000000000426,0,0,28.5,2.2,0.006757,0.277027,3.077282,0,-0.013513,10.431999999999999,0.00432448,5.75890177387728,17,0,SOFT,74.072,0.32433333333332826,-0.07466666666666794,5.0,11.0,-0.832063,0,1.4325241545893732,1.4325241545893732,1.4325241545893732,1.4906796952872725,1.4906796952872725,1.4906796952872725,1.1083480501910759,1.1083480501910759,1.1083480501910759,1.1403340965839668,1.1403340965839668,1.1403340965839668,0.8427369823136852,0.8427369823136852,0.8427369823136852,1.482346761660071,1.482346761660071,1.482346761660071,1.0266619112270976,1.0266619112270976,1.0266619112270976,1.4572434160292185,1.4572434160292185,1.4572434160292185,1.6117777290338602,1.6117777290338602,1.6117777290338602,1.104426253201128,1.104426253201128,1.104426253201128,1.104426253201128,relative_step_s
8,ALB,17,4708.807,5105.055,5105.055,MEDIUM>MEDIUM,MEDIUM,17,2,1.0806666666666729,-0.25533333333332564,1.3359999999999985,"BEA,ALO,STR,GAS,LEC",5,0.041333333333327005,1.2946666666666715,0.3063333333333418,0.04008933333333333,0.315392,74.96966666666667,73.889,1,17.0,0.23943661971830985,71,8,0.1419999999999959,0.09300000000000352,-0.09300000000000352,0.01999999999999602,-0.05579999999999998,-0.05579999999999998,0.06554322300297599,0.022621366388170246,0.022621366388170246,0.09300000000000352,0.03900000000000148,0,1,0,75.072,-0.10188350038382055,-0.09300000000000352,-0.10233333333333405,0.09624999999999773,1.0559999999999974,1.041000000000011,0.07842136638817022,7.0,15.0,51.3,34.6,0.0,0,0,28.6,1.8,0.026667,0.42,2.620862,0,-0.026666,11.083999999999998,0.01813356,5.834810737062605,18,0,MEDIUM,75.072,0.5556666666666672,0.2923333333333318,5.0,12.0,-0.43712366666666663,0,1.4325241545893732,1.3689367954911447,1.4086788949275375,1.2734458018535415,1.2217987201284972,1.25407814620665,1.1090205293284685,0.9236845684282106,1.0395195439908718,1.1348365233873328,0.9593479954820038,1.0690283254228343,0.6076766825751597,0.45365438939766833,0.5499183226336004,1.3270085750465621,1.1694229409703718,1.2679139622679907,0.9799858485620654,0.870141044189737,0.9387940469224423,1.373381531777472,1.1391224293678384,1.2855343683738594,1.9488489663640258,1.7771800144208734,1.8844731093853437,1.2447327148294929,1.0935752691999756,1.1880486727184238,1.1880486727184238,relative_step_s
8,HAD,17,4679.225,5105.055,5105.055,MEDIUM>MEDIUM,MEDIUM,17,2,1.9453333333333234,-0.07900000000000773,2.024333333333331,"GAS,LEC,ANT,HAM,BEA",5,-0.1486666666666565,2.1729999999999876,0.37999999999999545,0.05442199999999999,0.7468273333333334,73.58033333333333,71.635,1,17.0,0.23943661971830985,71,8,0.05349999999999966,-0.07800000000000296,0.04000000000000625,0.01999999999999602,0.052349999999999855,0.052349999999999855,0.21178935416453726,0.06135688143202481,0.06135688143202481,-0.2670000000000101,-0.07800000000000296,0,1,0,73.478,-0.3292154361303261,0.07800000000000296,0.10233333333333405,0.06700000000002149,-0.4865000000000066,0.9095000000000013,0.009006881432024952,7.0,6.0,51.3,34.6,0.0,0,0,28.6,1.8,0.034014,0.503401,2.462605,0,-0.020407999999999996,11.083999999999998,0.02312952,5.808142489980444,18,0,MEDIUM,73.478,0.9206666666666621,0.669999999999997,5.0,12.0,-0.137595,0,1.4325241545893732,1.3689367954911447,1.4086788949275375,1.2734458018535415,1.2217987201284972,1.25407814620665,1.0128742460160192,0.8275382851157612,0.9433732606784224,0.9649334704595214,0.7894449425541924,0.8991252724950229,0.5269255831923498,0.37290329001485845,0.4691672232507905,1.2029962597449946,1.0454106256688043,1.1439016469664232,0.9716421983618042,0.8617973939894759,0.9304503967221811,1.181339766683587,0.9470806642739534,1.0934926032799743,1.9226053864249786,1.7509364344818261,1.8582295294462965,1.4149991345828419,1.2638416889533246,1.3583150924717728,1.3583150924717728,relative_step_s
8,LIN,17,4689.386,5105.055,5105.055,MEDIUM>HARD,HARD,17,2,1.5476666666666858,-0.3293333333333237,1.8770000000000095,"BEA,ANT,STR,GAS,HAM",5,-0.6100000000000136,2.487000000000023,0.250333333333316,0.11561566666666667,0.5105636666666666,74.44333333333334,72.89566666666666,1,17.0,0.23943661971830985,71,8,0.2184999999999988,0.0,0.3780000000000001,-0.029000000000010573,0.11737499999999912,0.11737499999999912,0.33203019970746084,0.07215485129026153,0.07215485129026153,-0.9039999999999964,-0.018999999999991246,0,1,0,74.016,-0.5161235201662322,0.0,0.4273333333333369,0.049875000000000114,-0.028000000000005798,0.9110000000000014,-0.04522014870973759,7.0,9.0,51.3,34.6,0.0,0,0,28.6,1.8,0.006757,0.243243,3.307515,0,-0.31990999999999997,11.083999999999998,0.00459476,5.817111159963204,18,0,MEDIUM,74.016,0.9066666666666663,0.43633333333333724,5.0,12.0,-0.7664046666666666,0,1.4325241545893732,1.3689367954911447,1.4086788949275375,1.3992090828229296,1.3475620010978853,1.379841427176038,1.5425030809534648,1.3571671200532067,1.473002095615868,1.5019628220068073,1.3264742941014782,1.4361546240423089,1.5797596105296585,1.425737317352167,1.5220012505880993,1.7464945836591486,1.5889089495829583,1.6873999708805771,1.6367514136193946,1.5269066092470662,1.5955596119797715,1.846338510318187,1.6120794079085534,1.7584913469145744,1.9805069874167258,1.8088380354735734,1.9161311304380437,1.6827924106986347,1.5316349650691174,1.6261083685875657,1.6261083685875657,relative_step_s
8,OCO,17,4705.105,5105.055,5105.055,MEDIUM>MEDIUM,MEDIUM,17,2,1.2800000000000011,-0.25533333333332564,1.5353333333333268,"ALO,STR,BEA,GAS,LEC",5,-0.7306666666666786,2.2660000000000053,0.3063333333333418,0.4039736666666667,0.39943466666666666,75.44066666666667,74.16066666666667,1,17.0,0.23943661971830985,71,8,0.17499999999999716,0.0,0.0,-0.16100000000000136,0.0608333333333318,0.0608333333333318,0.16236970131475914,0.10561145453807352,0.10561145453807352,-0.21399999999999864,0.045999999999999375,0,1,0,75.477,-0.2523951793684631,0.0,-0.03633333333333155,-0.15387499999999932,1.4609999999999985,0.9629999999999939,0.04477812120474172,7.0,13.0,51.3,34.6,0.0,0,0,28.6,1.8,0.794702,1.0,0.7378,0,0.384106,11.083999999999998,0.54039736,5.8289456176102075,18,0,MEDIUM,75.477,1.4336666666666673,1.1859999999999928,5.0,12.0,0.07064033333333336,0,1.4325241545893732,1.3689367954911447,1.4086788949275375,1.2734458018535415,1.2217987201284972,1.25407814620665,1.310543530166085,1.125207569265827,1.2410425448284883,0.5238706578315245,0.34838212992619555,0.45806245986702615,0.2975162166560785,0.1434939234785871,0.23975785671451924,1.9945150996489083,1.836929465572718,1.9354204868703369,1.1319098711197149,1.0220650667473865,1.0907180694800918,0.8618049888783771,0.6275458864687435,0.7739578254747645,2.267243197841673,2.0955742458985207,2.2028673408629906,1.7850705837942908,1.6339131381647736,1.7283865416832218,1.7283865416832218,relative_step_s
8,VER,17,4666.383,5105.055,5105.055,MEDIUM>HARD,HARD,17,2,0.9170000000000158,-0.07900000000000773,0.9960000000000235,"LEC,HAM,ANT,GAS,BEA",5,1.0223333333333215,-0.026333333333298015,0.37999999999999545,0.011446999999999999,0.5991479999999999,72.70800000000001,71.791,1,17.0,0.23943661971830985,71,8,0.12449999999999761,0.0,0.0,0.04399999999999693,-0.0606666666666662,-0.0606666666666662,0.183992482027179,0.031623061330410845,0.031623061330410845,0.10699999999999932,-0.018999999999991246,0,1,0,72.733,-0.28604767778728046,0.0,-0.024999999999991473,0.285499999999999,-1.231499999999997,0.8710000000000022,0.09228972799707705,7.0,2.0,51.3,34.6,-0.30000000000000426,0,0,28.6,1.8,0.013699,0.054795,4.799097,0,-9.400000000000033e-05,11.083999999999998,0.009315319999999998,5.796057750765372,18,0,MEDIUM,72.733,0.9000000000000057,0.6493333333333311,5.0,12.0,-0.07690433333333334,0,1.4325241545893732,1.3689367954911447,1.4086788949275375,1.3992090828229296,1.3475620010978853,1.379841427176038,1.095166886893127,0.9098309259928691,1.0256659015555303,1.2247340343269437,1.0492455064216146,1.1589258363624453,0.9558270881662696,0.8018047949887782,0.8980687282247103,1.03180253957543,0.8742169054992398,0.9727079267968587,1.359875391778187,1.2500305874058586,1.3186835901385638,1.326414423221764,1.0921553208121304,1.2385672598181514,1.896522213129921,1.7248532611867686,1.832146356151239,1.5128183057701552,1.361660860140638,1.4561342636590862,1.4561342636590862,relative_step_s
8,LAW,18,4760.302,5182.324,5182.324,MEDIUM>HARD,HARD,18,2,1.214333333333343,-0.08299999999999841,1.2973333333333414,"BEA,SAI,GAS,LEC,ANT",5,-0.8776666666666699,2.1750000000000114,0.45766666666668243,0.11564599999999998,0.674563,74.349,73.13466666666666,1,18.0,0.2535211267605634,71,8,0.13700000000000045,1.1099999999999994,-1.0060000000000002,-1.2575000000000074,0.08591666666666833,0.08591666666666833,-0.69178621052572,0.10577776998912167,0.10577776998912167,1.0060000000000002,-0.007000000000005002,0,1,0,75.098,1.0717321615307611,-1.1099999999999994,-0.7489999999999952,-1.0955000000000013,0.9549999999999983,0.9549999999999983,0.019861103322453333,7.0,8.0,51.1,34.5,-0.19999999999999574,0,0,29.6,0.6,0.326667,0.706667,1.546844,0,0.31315299999999996,11.592,0.23520024,5.872117789475416,19,0,MEDIUM,75.098,0.7823333333333409,0.4816666666666644,5.0,13.0,-0.1954233333333334,0,1.4325241545893732,1.2665359299516972,1.3587516103059616,1.4055968482350398,1.2648773063340006,1.3430548296123557,1.8679752719117872,1.5444740108917094,1.7241969336806415,1.76928294441395,1.6208518266986347,1.7033135587626989,1.998379255291423,1.9277062469095083,1.9669690293439053,2.0413711820260017,1.6914212113071656,1.885837861706519,1.7893194857069354,1.530621391581529,1.6743425549845325,1.7079713486978962,1.4792953009112477,1.606337549681608,2.10905197610725,1.7132525729290717,1.933141130250282,1.8397219287252256,1.4990100999036304,1.688294449248961,1.688294449248961,relative_step_s
8,PIA,18,4748.455,5182.324,5182.324,MEDIUM>HARD,HARD,18,2,1.7540000000000049,-0.38466666666667493,2.13866666666668,"GAS,LEC,ANT,HAM,SAI",5,0.14633333333333098,1.9923333333333488,0.18833333333331836,0.009085666666666667,0.011655,73.24366666666667,71.48966666666666,1,18.0,0.2535211267605634,71,8,0.10799999999999699,0.21599999999999397,-0.27199999999999136,-0.04999999999998295,-0.04598333333333381,-0.04598333333333381,-0.04129602274475985,0.034885210000943356,0.034885210000943356,0.3499999999999943,-0.024500000000003297,0,1,0,73.451,0.06397681110937015,-0.21599999999999397,-0.20733333333332382,-0.09237499999998988,-0.6030000000000086,0.9575000000000031,0.08086854333427718,7.0,4.0,51.1,34.5,-0.19999999999999574,0,0,29.6,0.6,0.013605,0.034014,6.667105,0,0.006756000000000001,11.592,0.009795600000000002,5.860786223465865,19,0,MEDIUM,73.451,0.9156666666666808,0.6386666666666608,5.0,13.0,-0.6381206666666666,0,1.4325241545893732,1.2665359299516972,1.3587516103059616,1.4055968482350398,1.2648773063340006,1.3430548296123557,1.2627470242501146,0.9392457632300367,1.118968686018969,1.4004099833680663,1.251978865652751,1.3344405977168152,1.2065422704985351,1.1358692621166204,1.1751320445510174,1.4080427771900186,1.0580928064711825,1.252509456870536,1.5022714869538865,1.24357339282848,1.3872945562314836,1.828876384969119,1.6002003371824705,1.7272425859528306,1.9389286843160154,1.543129281137837,1.7630178384590471,1.675516711389277,1.3348048825676817,1.5240892319130124,1.5240892319130124,relative_step_s
8,RUS,18,4734.252,5182.324,5182.324,MEDIUM>HARD,HARD,18,2,1.3269999999999982,-0.38466666666667493,1.711666666666673,"LEC,ANT,HAM,GAS,SAI",5,-0.2046666666666539,1.916333333333327,0.18833333333331836,0.0068650000000000004,0.11188800000000003,72.865,71.538,1,18.0,0.2535211267605634,71,8,0.08950000000000102,0.0,0.0,0.003500000000002501,-0.000766666666667959,-0.000766666666667959,0.1354219017486713,0.06698462803152921,0.06698462803152921,-0.007000000000005002,-0.07800000000000296,0,1,0,72.904,-0.20979893104463088,0.0,-0.03900000000000148,-0.019749999999987722,-1.112000000000009,1.041000000000011,0.06775129469819717,7.0,1.0,51.1,34.5,-0.19999999999999574,0,0,29.6,0.6,0.006849,0.020548,8.44998,0,-4.80000000000003e-05,11.592,0.00493128,5.8522024797744745,19,0,MEDIUM,72.904,1.0609999999999928,0.7966666666666575,5.0,13.0,-0.025558666666666664,0,1.4325241545893732,1.2665359299516972,1.3587516103059616,1.4055968482350398,1.2648773063340006,1.3430548296123557,1.1933461027303771,0.8698448417102992,1.0495677644992314,1.3024821282152719,1.1540510104999566,1.2365127425640208,1.1372030797830053,1.0665300714010906,1.1057928538354875,1.4122703941796633,1.062320423460827,1.2567370738601804,1.5030848679763842,1.2443867738509777,1.3881079372539813,1.4071925169099588,1.1785164691233103,1.3055587178936705,2.049457336262601,1.6536579330844228,1.873546490405633,1.7266984369795857,1.3859866081579906,1.5752709575033212,1.5752709575033212,relative_step_s
8,OCO,32,5873.977,6283.736,6283.736,MEDIUM>HARD,HARD,14,2,0.2750000000000057,-0.5506666666666717,0.8256666666666774,"GAS,BEA,BOR,COL,LAW",5,,,0.016000000000005343,0.020439333333333334,0.027397333333333333,73.345,73.07,1,14.0,0.4507042253521127,71,6,0.09849999999999426,0.19900000000001228,0.0,-0.14850000000001273,0.019599999999999795,0.019599999999999795,-0.07544853856900602,0.02430551506415537,0.02430551506415537,0.2050000000000125,0.027999999999991587,0,1,0,73.406,0.14220812501109492,-0.19900000000001228,-0.06100000000000705,-0.1281666666666723,0.936000000000007,0.7639999999999958,0.004705515064155574,5.0,15.0,50.5,34.5,-0.8999999999999986,0,0,32.0,2.3,0.027211,0.22449,3.177748,0,0.013512,8.68,0.01523816,6.453624998892692,33,4,MEDIUM,73.406,0.09633333333333383,0.01533333333333553,12.0,2.0,0.004535333333333332,0,1.4325241545893732,1.417534487385944,1.4228879399585972,1.3800457865865987,1.4055921636907809,1.3964684575821444,1.462399712350592,1.4643319338194658,1.4636418547234396,1.6974389147098892,1.8540376143710022,1.7981095073491762,1.8587929970947312,2.1818021469916222,2.066441736314161,1.619652777361242,1.4491253675096853,1.5100280138852413,1.5532205890996047,1.5718927909720035,1.5652241474461468,1.411640021636815,1.4156752274505757,1.4142340825170898,1.0882846325170887,0.6700798917690373,0.8194387277504842,1.0573611265470721,0.8973015104610386,0.9544656590631934,0.9544656590631934,relative_step_s
8,ALB,36,6178.496,6585.783,6585.783,MEDIUM>HARD,HARD,18,2,0.9356666666666626,-0.6829999999999927,1.6186666666666554,"STR,BOR,BEA,ALO,COL",5,0.1039999999999992,1.5146666666666562,0.44000000000001194,0.08696599999999999,0.15451066666666666,74.38199999999999,73.44633333333333,1,18.0,0.5070422535211268,71,8,0.34949999999999903,-0.1629999999999967,0.0,0.15850000000000364,0.0712500000000027,0.0712500000000027,0.4447449943565971,0.08745719755978104,0.08745719755978104,-0.882000000000005,0.15450000000000585,0,1,0,74.131,-0.7447705827604381,0.1629999999999967,0.25099999999999056,0.19325000000000614,1.269999999999996,0.7129999999999939,0.01620719755977834,7.0,16.0,51.3,34.6,0.19999999999999574,0,0,32.3,2.2,0.047297,0.310811,3.131493,0,-0.12603599999999998,11.735999999999999,0.034053839999999995,6.5722825426940075,37,4,MEDIUM,74.131,0.25199999999999534,-0.05299999999999727,12.0,6.0,-0.23308266666666666,0,1.4325241545893732,1.417534487385944,1.4228879399585972,1.4055968482350398,1.431143225339222,1.4220195192305856,1.536119522900359,1.5380517443692328,1.5373616652732065,1.5942667370205013,1.7508654366816143,1.6949373296597883,1.6369094718720278,1.9599186217689186,1.8445582110914576,1.675751186603041,1.5052237767514844,1.5661264231270404,1.678573412152651,1.6972456140250498,1.690576970499193,1.399125063250255,1.4031602690640157,1.4017191241305298,1.5251446884670798,1.1069399477190283,1.2562987837004753,1.2492449259929956,1.089185309906962,1.146349458509117,1.146349458509117,relative_step_s
8,LEC,36,6108.594,6585.783,6585.783,HARD>HARD,HARD,23,2,0.9089999999999918,-0.24533333333333474,1.1543333333333266,"PIA,RUS,HUL,LAW,LIN",5,-0.03299999999998704,1.1873333333333136,0.26866666666666106,0.020753666666666667,0.08585933333333333,72.36466666666666,71.45566666666667,1,23.0,0.5070422535211268,71,8,0.23349999999999937,0.27199999999999136,-0.27199999999999136,-0.33499999999999375,0.07259999999999897,0.07259999999999897,-0.15794289399599393,0.05822316972675129,0.05822316972675129,0.39799999999999613,0.15749999999999886,0,0,1,72.588,0.26449138876637335,-0.27199999999999136,-0.22333333333332916,-0.3356249999999932,-0.2510000000000048,0.7224999999999966,-0.014376830273247682,7.0,4.0,51.1,34.7,-0.29999999999999716,0,0,31.7,1.0,0.02069,0.075862,4.308043,0,0.006897,14.812000000000001,0.0190348,6.546785410760524,37,4,HARD,72.588,0.18599999999999284,-0.04616666666667868,17.0,6.0,-0.43850533333333336,0,1.4325241545893732,1.417534487385944,1.4228879399585972,2.291188482989215,2.3167348600933972,2.3076111539847606,2.0840747102594097,2.0860069317282837,2.085316852632257,2.2696019129522518,2.426200612613365,2.370272505591539,2.165616113391178,2.488625263288069,2.373264852610608,1.5916777989301152,1.4211503890785586,1.4820530354541146,2.1357546182320415,2.1544268201044403,2.1477581765785834,2.2846772687639465,2.288712474577707,2.2872713296442213,1.0205412093363257,0.6023364685882743,0.7516953045697212,1.7836787968794172,1.6236191807933835,1.6807833293955385,1.6807833293955385,relative_step_s
8,GAS,37,6226.396,6660.7,6660.7,HARD>MEDIUM,MEDIUM,24,2,1.4966666666666555,-0.48166666666666913,1.9783333333333246,"BOR,LAW,LIN,STR,OCO",5,-0.1733333333333178,2.1516666666666424,0.1250000000000142,0.018018,0.255866,73.87433333333333,72.37766666666667,1,24.0,0.5211267605633803,71,8,0.3575000000000017,0.1980000000000075,-0.01999999999999602,-0.4194999999999993,0.13716666666666555,0.13716666666666555,-0.019874214824923797,0.10918749762454211,0.10918749762454211,0.01999999999999602,0.18149999999999977,0,0,1,73.947,0.032549465656316556,-0.1980000000000075,-0.07266666666667732,-0.4265000000000043,0.7565000000000026,0.6424999999999983,-0.027979169042123442,7.0,12.0,51.1,34.5,0.0,0,0,32.1,1.8,0.013514,0.047297,9.913295,0,-0.006756,15.456000000000001,0.012973440000000001,6.588926477533519,38,4,HARD,73.947,0.7423333333333204,0.3096666666666673,17.0,7.0,0.0020826666666666667,0,1.4325241545893732,1.417534487385944,1.4228879399585972,2.1667952564668043,2.1923416335709867,2.18321792746235,2.0470111104063116,2.0489433318751855,2.048253252779159,2.112225354171295,2.2688240538324083,2.212895946810582,1.8230029221321327,2.1460120720290234,2.0306516613515626,2.1158361086420183,1.9453086987904618,2.006211345166018,2.2154925943456796,2.2341647962180784,2.2274961526922215,2.1095133942818465,2.113548600095607,2.1121074551621213,1.900933058407513,1.4827283176594617,1.6320871536409085,1.9711822336102063,1.8111226175241728,1.8682867661263276,1.8682867661263276,relative_step_s
8,HAD,39,6331.068,6809.817,6809.817,MEDIUM>HARD,HARD,21,2,0.9996666666666556,-0.12000000000000455,1.1196666666666601,"NOR,HUL,OCO,VER,ANT",5,0.38733333333333064,0.7323333333333295,0.031999999999982265,0.032169333333333335,0.4254006666666667,72.45666666666666,71.45700000000001,1,21.0,0.5492957746478874,71,8,0.12000000000001165,0.0,0.0,-0.1284999999999883,0.03895833333333283,0.03895833333333283,0.06924040473921877,0.040220070152107025,0.040220070152107025,0.2150000000000034,0.1490000000000009,0,1,0,72.443,-0.10998750507310717,0.0,0.013666666666665606,-0.07424999999999216,-0.5259999999999962,0.8344999999999914,0.0012617368187741937,7.0,6.0,50.8,34.5,-0.30000000000000426,0,0,32.1,1.9,0.02069,0.144828,3.995947,0,-0.014032000000000003,13.271999999999998,0.0173796,6.626717749249025,40,4,MEDIUM,72.443,0.21266666666666367,-0.22866666666666902,12.0,9.0,-0.6593773333333333,0,1.4325241545893732,1.3863835494533507,1.402294102948531,1.4197424335062376,1.414766416030204,1.416482284125388,1.2974910359460525,1.2658092959858323,1.2767340339031497,1.4697151692934336,1.5721890822332665,1.5368532501850483,1.3478885515570562,1.5995221498578973,1.5127519435472625,1.4138057537111954,1.2104647280257965,1.280582323089727,1.486616225672306,1.4660133683707401,1.4731178019230042,1.6225863378681324,1.5955684615353722,1.6048849706156343,1.1376491535273148,0.7276331904054549,0.8690180052750618,1.1674445956051192,1.0036147245825402,1.0601077835558432,1.0601077835558432,relative_step_s
8,HAM,41,6471.312,6959.489,6959.489,SOFT>HARD,HARD,18,2,1.0803333333333427,0.07766666666667277,1.00266666666667,"VER,NOR,ANT,LEC,ALB",5,-0.20299999999998875,1.2056666666666587,0.2816666666666663,0.5280333333333332,0.17513700000000001,72.28266666666667,71.20233333333333,1,18.0,0.5774647887323944,71,8,0.20549999999999358,-0.06399999999999295,0.0,-0.012000000000000455,0.09227142857142964,0.09227142857142964,0.19711598468087743,0.07160148178475709,0.07160148178475709,0.02400000000000091,-0.20600000000000307,1,0,0,72.183,-0.3079178567787437,0.06399999999999295,0.09966666666666413,-0.058000000000006935,-0.7424999999999926,0.8019999999999996,-0.020669946786672555,7.0,5.0,51.6,34.4,0.6000000000000014,0,0,32.2,1.4,0.291667,1.0,1.159202,0,-0.11111100000000002,11.952,0.21000024,6.674561391814426,42,4,SOFT,72.183,0.6323333333333352,0.19983333333334008,7.0,11.0,-0.024204000000000114,0,1.4325241545893732,1.3863835494533507,1.402294102948531,1.6292185070808811,1.6242424896048475,1.6259583577000314,1.247934591911568,1.2162528519513478,1.2271775898686652,0.9504959689555621,1.052969881895395,1.0176340498471768,1.1306557982275844,1.3822893965284255,1.2955191902177907,1.6869310600560734,1.4835900343706745,1.553707629434605,1.6072376418116225,1.5866347845100568,1.5937392180623209,0.7642501231168811,0.7372322467841208,0.746548755864383,1.8760262537421926,1.4660102906203327,1.6073951054899396,1.5149267472018189,1.35109687617924,1.407589935152543,1.407589935152543,relative_step_s
8,PIA,41,6470.112,6959.489,6959.489,HARD>HARD,HARD,22,2,1.3216666666666583,0.07766666666667277,1.2439999999999856,"NOR,ANT,VER,LEC,ALB",5,0.3453333333333575,0.8986666666666281,0.2816666666666663,0.060184999999999995,0.21381466666666668,72.05233333333332,70.73066666666666,1,22.0,0.5774647887323944,71,8,0.10299999999999443,0.0,-0.09199999999999875,-0.034000000000006025,0.0024571428571426124,0.0024571428571426124,0.13598500120490087,0.040793103865729964,0.040793103865729964,0.09900000000000375,-0.23550000000000182,0,0,1,72.116,-0.21242422420918672,0.0,-0.06366666666667697,0.05812500000000398,-0.8094999999999999,0.8019999999999996,0.038335961008587355,7.0,4.0,51.6,34.4,0.6000000000000014,0,0,32.2,1.4,0.145833,0.833333,1.510599,0,0.13194399999999998,14.608000000000002,0.12833303999999998,6.673297967767654,42,4,HARD,72.116,0.4406666666666581,0.008166666666663103,11.0,11.0,-0.06038100000000001,0,1.4325241545893732,1.3863835494533507,1.402294102948531,2.2898184285422376,2.284842411066204,2.286558279161388,1.7582496839440909,1.7265679439838706,1.737492681901188,1.7669204064506467,1.8693943193904796,1.8340584873422614,1.9843379734486717,2.2359715717495128,2.149201365438878,1.192114380382501,0.9887733546971019,1.0588909497610326,2.010586847171397,1.9899839898698313,1.9970884234220954,1.4889089526170445,1.4618910762842843,1.4712075853645463,1.4737400619456944,1.0637240988238346,1.2051089136934414,1.596979336573668,1.433149465551089,1.489642524524392,1.489642524524392,relative_step_s
8,RUS,42,6525.961,7034.622,7034.622,HARD>HARD,HARD,23,2,1.1949999999999932,-0.3059999999999974,1.5009999999999906,"VER,GAS,ANT,LEC,ALB",5,0.4613333333333429,1.0396666666666476,0.08533333333332394,0.020801333333333335,0.09872500000000001,72.13133333333333,70.93633333333334,1,23.0,0.5915492957746479,71,8,0.1454999999999984,-0.009000000000000341,0.0,0.004500000000007276,-0.028083333333333606,-0.028083333333333606,0.13113588354848105,0.04732187098228214,0.04732187098228214,0.28999999999999204,0.05500000000000682,0,0,1,72.225,-0.20384384883298878,0.009000000000000341,-0.0936666666666639,0.06337500000000773,-0.8569999999999993,0.8954999999999984,0.07540520431561575,7.0,1.0,51.9,34.5,0.6000000000000014,0,0,31.6,1.3,0.013793,0.165517,3.479628,0,-0.007040000000000001,15.548,0.012689559999999999,6.6895992691789665,43,4,HARD,72.225,0.7710000000000008,0.15800000000000125,11.0,12.0,-0.046847,0,1.4325241545893732,1.3863835494533507,1.402294102948531,2.291188482989215,2.2862124655131812,2.2879283336083653,1.7565005531321987,1.7248188131719784,1.7357435510892958,1.8873713043605014,1.9898452173003343,1.954509385252116,1.6543892179691342,1.9060228162699753,1.8192526099593405,1.1393034940248294,0.9359624683394304,1.006080063403361,2.0053198845017137,1.984717027200148,1.991821460752412,1.7904751375261168,1.7634572611933566,1.7727737702736186,1.7258297419439874,1.3158137788221276,1.4571985936917344,1.7419854215142994,1.5781555504917204,1.6346486094650234,1.6346486094650234,relative_step_s
8,BOR,43,6658.511,7111.717,7111.717,MEDIUM>HARD,HARD,26,2,1.9156666666666666,-0.416333333333327,2.3319999999999936,"ALB,ALO,GAS,OCO,VER",5,-0.4853333333333296,2.8173333333333233,0.22333333333332916,0.2995043333333333,0.05314466666666667,74.109,72.19333333333333,1,26.0,0.6056338028169014,71,8,0.2354999999999947,0.561000000000007,-0.1770000000000067,-0.7535000000000025,0.15208333333333002,0.15208333333333002,-0.18691443187671553,0.12446535342706799,0.12446535342706799,0.1770000000000067,0.2740000000000009,0,1,0,74.387,0.2895724214339168,-0.561000000000007,-0.2780000000000058,-0.6580000000000155,0.8245000000000005,1.099499999999999,-0.027617979906262025,7.0,11.0,52.1,34.5,0.10000000000000142,0,0,30.7,1.6,0.020134,0.053691,6.02492,0,-0.209596,17.784000000000002,0.020939359999999997,6.731018100482083,44,4,MEDIUM,74.387,1.3933333333333309,0.7006666666666728,13.0,13.0,0.265069,0,1.4325241545893732,1.3863946399816023,1.4012751285647542,1.4265927057411245,1.3781008170140334,1.393743361764708,1.751466022174487,1.6824590082504884,1.704719335322746,1.8680829013672682,1.9088512678379372,1.895700181879657,1.7407268556126005,1.9193703214436844,1.8617433969820443,2.093254576843072,1.8857351257213693,1.952676884147725,1.8744845724532184,1.8062568429715775,1.8282657879656552,1.8496618595824401,1.7818455747092656,1.803721795636096,2.2041808418675357,1.8440384991475947,1.9602134484120919,1.9187072181778777,1.7581028718778096,1.809910725522993,1.809910725522993,relative_step_s
8,BEA,44,6759.153,7191.931,7191.931,HARD>MEDIUM,MEDIUM,20,2,1.2950000000000017,-0.3849999999999909,1.6799999999999926,"ALB,GAS,OCO,ANT,LEC",5,0.548333333333332,1.1316666666666606,0.11033333333331541,0.15906366666666666,0.08644933333333334,74.13033333333334,72.83533333333334,1,20.0,0.6197183098591549,71,8,0.26850000000000307,0.0,0.0,0.16500000000000625,-0.09583333333333441,-0.09583333333333441,0.4678983808947521,0.06995354589658989,0.06995354589658989,-0.929000000000002,0.046999999999997044,0,0,1,73.877,-0.7235124774964419,0.0,0.2533333333333445,0.599250000000012,0.7719999999999914,0.9080000000000013,0.1657868792299243,7.0,14.0,51.9,34.5,-0.20000000000000284,0,0,30.7,2.6,0.067568,0.418919,2.682309,0,-0.30827099999999996,13.52,0.0540544,6.761572768804055,45,3,HARD,73.877,1.0520000000000067,0.27283333333332394,6.0,14.0,0.04947466666666665,0,1.4325241545893732,1.4133009442248623,1.419308197463772,2.161315038678895,2.1064608756606042,2.12360280160382,1.611309120456443,1.542317071843854,1.5638770870352878,1.6069942649308895,1.6398235228875295,1.6295643797760795,1.3258771388258457,1.5034609203555707,1.4479659886275316,1.6586566184582765,1.4543197435098925,1.5181750169312624,2.0998535891513805,2.0239471536910707,2.0476679147724175,1.5779763410890957,1.5072798845761326,1.5293725272364336,2.029046283777914,1.6887922418600527,1.7951216299593844,1.9465498403595682,1.7935707416060085,1.841376709966496,1.841376709966496,relative_step_s
8,HUL,44,6741.573,7191.931,7191.931,MEDIUM>HARD,HARD,23,2,0.6063333333333389,-0.3849999999999909,0.9913333333333298,"ALB,GAS,ANT,LEC,HAD",5,0.031999999999982265,0.9593333333333476,0.11033333333331541,0.025114333333333332,0.029885,73.01800000000001,72.41166666666668,1,23.0,0.6197183098591549,71,8,0.10350000000000392,0.046999999999997044,-0.046999999999997044,-0.13150000000000261,0.037333333333331595,0.037333333333331595,-0.05032147645448504,0.031428879926761674,0.031428879926761674,0.046999999999997044,0.09900000000000375,0,1,0,73.105,0.07778477063519063,-0.046999999999997044,-0.08699999999998909,-0.15487499999998988,0.0,1.382000000000005,-0.005904453406569921,7.0,12.0,51.9,34.5,-0.20000000000000284,0,0,30.7,2.6,0.034247,0.082192,6.457045,0,0.020548,15.548,0.03150724,6.756932389247553,45,4,MEDIUM,73.105,0.33233333333333803,-0.4274999999999949,9.0,14.0,0.004472,0,1.4325241545893732,1.4133009442248623,1.419308197463772,1.4224825424001923,1.3676283793819017,1.3847703053251175,1.272760162613002,1.203768114000413,1.225328129191847,1.4812032829794342,1.5140325409360742,1.5037733978246242,1.4186619708453343,1.5962457523750593,1.5407508206470202,1.67499959845795,1.470662723509566,1.534517996930936,1.5530015213807749,1.477095085920465,1.5008158470018118,1.1628511825243655,1.0921547260114024,1.1142473686717034,1.6148014991058726,1.274547457188011,1.3808768452873428,1.179890786426064,1.0269116876725042,1.0747176560329916,1.0747176560329916,relative_step_s
8,LAW,44,6725.685,7191.931,7191.931,HARD>MEDIUM,MEDIUM,25,2,1.5086666666666702,-0.3849999999999909,1.893666666666661,"ALB,GAS,ANT,HAD,LEC",5,0.4473333333333187,1.4463333333333424,0.11033333333331541,0.5244836666666667,0.30470933333333333,73.63566666666667,72.127,1,25.0,0.6197183098591549,71,8,0.3639999999999972,0.7139999999999986,-0.3579999999999899,-0.5360000000000014,0.04213333333333367,0.04213333333333367,-0.20186325892544232,0.08090587840055395,0.08090587840055395,0.3579999999999899,0.1629999999999967,0,0,1,73.993,0.3120315301040222,-0.7139999999999986,-0.3573333333333295,-0.3822499999999991,0.8954999999999984,1.3320000000000007,0.03877254506722028,7.0,10.0,51.9,34.5,-0.20000000000000284,0,0,30.7,2.6,0.702703,1.0,0.826622,0,0.138077,16.9,0.702703,6.752270376141742,45,4,HARD,73.993,1.1906666666666723,0.4333333333333371,11.0,14.0,0.1616183333333333,0,1.4325241545893732,1.4133009442248623,1.419308197463772,2.1681653109137815,2.113311147895491,2.130453073838707,1.9537857570012753,1.8847937083886863,1.9063537235801202,1.3952653632363292,1.4280946211929693,1.4178354780815192,1.8821924868223379,2.0597762683520626,2.004281336624024,2.1425860393319813,1.9382491643835973,2.0021044378049675,2.2568622984763116,2.1809558630160018,2.2046766240973485,1.5210963659311603,1.4503999094181972,1.4724925520784982,2.115035231016697,1.7747811890988356,1.8811105771981673,2.094295647066111,1.9413165483125514,1.9891225166730389,1.9891225166730389,relative_step_s
8,COL,45,6841.776,7300.416,7300.416,HARD>MEDIUM,MEDIUM,25,2,2.1000000000000085,-0.2806666666666615,2.38066666666667,"OCO,ALB,GAS,HAD,ANT",5,-0.2960000000000065,2.6766666666666765,0.17500000000001137,0.2792576666666667,0.33552033333333336,74.305,72.205,1,25.0,0.6338028169014085,71,8,0.25,0.0,0.0,-0.23900000000000432,0.015874999999999417,0.015874999999999417,0.19573299975243685,0.04410874865055714,0.04410874865055714,0.41500000000000625,-0.03499999999999659,0,0,1,74.111,-0.30432224640011896,0.0,0.19400000000000261,0.15824999999999534,1.6460000000000008,1.4200000000000017,0.028233748650557722,7.0,15.0,51.9,34.8,-0.10000000000000142,0,0,30.1,0.8,0.047297,0.317568,3.234141,0,-0.143179,16.9,0.047297000000000006,6.786716950605081,46,5,HARD,74.111,0.9203333333333461,0.49316666666667197,10.0,15.0,-0.16884899999999997,0,1.4325241545893732,1.4005342365049405,1.4102281510759807,2.1681653109137815,2.1026493390336958,2.122502663845843,1.7894388263442846,1.7157149377027041,1.7380555100183346,1.846844011731933,1.8630264105327723,1.8581226533203967,1.7409798414741444,1.9009198983769076,1.8524532144669794,1.4006047391285341,1.1923634201759696,1.255466850161595,2.0284817086660665,1.9399212243559594,1.9667577347529617,2.0152107317929384,1.9257219615978662,1.9528397707478882,1.9839422692758135,1.6577000340995698,1.7565613174863104,1.896833960940257,1.7484288260917016,1.7934000790761124,1.7934000790761124,relative_step_s
8,LIN,45,6798.667,7300.416,7300.416,HARD>MEDIUM,MEDIUM,27,2,1.9066666666666663,-0.31466666666666754,2.221333333333334,"ALB,GAS,ANT,OCO,LEC",5,-0.059666666666672086,2.281000000000006,0.14100000000000534,0.018018,0.42824100000000004,73.95433333333334,72.04766666666667,1,27.0,0.6338028169014085,71,8,0.31150000000000233,0.06100000000000705,0.0,-0.21099999999999852,0.11058333333333437,0.11058333333333437,0.032518544677643035,0.09597284544703909,0.09597284544703909,-0.0379999999999967,-0.07899999999999352,0,0,1,73.962,-0.050192918178822765,-0.06100000000000705,-0.007666666666665378,-0.23712500000000603,1.2240000000000038,1.1814999999999998,-0.014610487886295279,7.0,9.0,52.0,34.7,0.10000000000000142,0,0,30.2,0.9,0.013514,0.054054,9.114851,0,-0.006756,18.36,0.01459512,6.773080375655535,46,4,HARD,73.962,1.4323333333333323,0.9329999999999975,12.0,15.0,-0.002704333333333333,0,1.4325241545893732,1.4133009442248623,1.419308197463772,2.1709054198077364,2.116051256789446,2.133193182732662,1.898473562561301,1.829481513948712,1.8510415291401459,1.9979787379304308,2.030807995887071,2.020548852775621,1.914923190389703,2.092506971919428,2.037012040191389,2.056492051129424,1.8521551761810398,1.9160104496024097,2.2222324161491525,2.1463259806888426,2.1700467417701894,2.243577829347758,2.1728813728347953,2.194974015495096,2.257462710626398,1.9172086687085366,2.0235380568078685,2.1718459864335804,2.0188668876800206,2.0666728560405083,2.0666728560405083,relative_step_s
8,NOR,46,6837.604,7374.769,7374.769,HARD>HARD,HARD,25,2,1.3543333333333436,-0.10099999999999199,1.4553333333333356,"HAM,LEC,PIA,HAD",4,-0.2946666666666715,1.750000000000007,0.11733333333332752,0.19774899999999998,0.15962466666666666,72.364,71.00966666666666,1,25.0,0.647887323943662,71,8,0.10549999999999926,0.1910000000000025,-0.11200000000000898,-0.2535000000000025,0.03959999999999937,0.03959999999999937,-0.10691176486119502,0.0505683395300549,0.0505683395300549,0.1910000000000025,-0.0379999999999967,0,0,1,72.465,0.1648698236773356,-0.1910000000000025,-0.10099999999999909,-0.28087500000000887,0.0,1.2309999999999945,0.010968339530055528,7.0,4.0,51.9,34.8,-0.10000000000000142,0,0,30.1,0.8,0.048276,0.17931,3.642982,0,0.027443,16.9,0.048276000000000006,6.785587645007929,47,4,HARD,72.465,0.5953333333333433,0.23216666666666674,9.0,16.0,0.09583233333333331,0,1.4325241545893732,1.4005342365049405,1.4102281510759807,2.2939285918831698,2.228412620003084,2.2482659448152313,1.9647073980483079,1.8909835094067273,1.9133240817223578,2.153179313117252,2.1693617119180915,2.164457954705716,2.2994958294697696,2.4594358863725327,2.4109692024626046,1.749299687582727,1.5410583686301624,1.604161798615788,2.1612436318153296,2.0726831475052228,2.0995196579022246,1.8654107963495101,1.775922026154438,1.8030398353044599,1.9013838924759519,1.5751416572997081,1.6740029406864487,1.868631847047152,1.7202267121985966,1.7651979651830074,1.7651979651830074,relative_step_s
8,LEC,58,7724.289,8258.07,8258.07,HARD>SOFT,SOFT,21,5,1.9506666666666774,-0.4963333333333253,2.4470000000000027,"BOR,BEA,HAD,LAW,ALO",5,,,0.45666666666666345,0.3880666666666667,0.262911,72.91866666666668,70.968,1,21.0,0.8169014084507042,71,5,0.06400000000000716,0.5759999999999934,0.0,-0.5759999999999934,0.08950000000000102,0.08950000000000102,-0.00935840141696076,0.03372133511241736,0.03372133511241736,0.5759999999999934,0.13400000000000034,0,0,1,72.651,0.018040894525455542,-0.5759999999999934,0.2676666666666847,-0.08499999999999375,0.6340000000000003,0.9024999999999963,-0.055778664887583665,4.0,7.0,50.7,34.3,-0.09999999999999432,0,0,31.1,1.5,0.193103,0.903448,1.826166,0,-0.237453,13.188000000000002,0.16220652000000002,7.004881989712859,59,7,HARD,72.651,0.0,0.0,20.0,1.0,0.0,0,1.4325241545893732,1.4822511345337452,1.4706867205931937,1.5950847887079265,1.44882273742935,1.4828371679592516,1.4698887422045988,1.409334950782073,1.4234172278570791,1.4252187340764348,1.428850843693375,1.4280061670382727,1.6530117587194273,1.752659667982409,1.729485735595669,1.733883562395836,1.5859504538714606,1.6203535023655014,1.9352189143765783,1.7790311795065945,1.8153539085461257,1.327115759782662,1.2775502738928435,1.2890771310765223,0.6099527974119334,0.30743703393218497,0.3777895370670102,1.5304741732469194,1.3898085704209435,1.4225215013107053,1.4225215013107053,relative_step_s
9,ALB,13,4696.511,5212.775,5212.775,HARD>MEDIUM,MEDIUM,12,9,2.509999999999991,0.05700000000000216,2.4529999999999887,"ALO,BOT,PER,BEA,BOR",5,1.2396666666666647,1.213333333333324,0.09599999999998943,0.16141233333333335,0.020708,99.005,96.495,1,12.0,0.25,52,8,0.8400000000000034,2.1430000000000007,0.0,-1.3520000000000039,-0.07750000000000057,-0.07750000000000057,-0.6229094160417361,0.24515803052470256,0.24515803052470256,-1.2109999999999985,-0.3365000000000009,0,0,1,99.328,1.16063087155743,-2.1430000000000007,-0.3230000000000075,-0.2775000000000034,3.3400000000000034,1.0450000000000017,0.3226580305247031,7.0,22.0,43.8,25.0,1.3999999999999986,0,0,48.3,0.4,0.165829,0.78392,1.431165,0,-0.15257900000000002,4.223999999999998,0.07959792,5.6937321388027,14,2,HARD,99.328,-0.8273333333333426,-0.5781666666666707,5.0,7.0,-0.04232899999999998,0,1.459620748299321,1.459620748299321,1.459620748299321,2.0232432961018434,2.0232432961018434,2.0232432961018434,2.679063842603408,2.679063842603408,2.679063842603408,2.620344262173248,2.620344262173248,2.620344262173248,3.2719515929115106,3.2719515929115106,3.2719515929115106,1.9454050674583914,1.9454050674583914,1.9454050674583914,2.186890088648561,2.186890088648561,2.186890088648561,1.3546853876567824,1.3546853876567824,1.3546853876567824,0.7486109172981021,0.7486109172981021,0.7486109172981021,1.8388243338251224,1.8388243338251224,1.8388243338251224,1.8388243338251224,relative_step_s
9,VER,16,4861.1,5515.228,5515.228,MEDIUM>HARD,HARD,16,2,0.8539999999999992,0.20000000000001705,0.6539999999999822,"RUS,LEC,ANT,NOR,HAM",5,0.0519999999999925,0.6019999999999897,0.23166666666669755,0.9207093333333334,0.06382966666666666,94.62599999999999,93.77199999999999,1,16.0,0.3076923076923077,52,8,0.11050000000000182,0.0,-0.1880000000000024,0.11400000000000432,-0.05699999999999979,-0.05699999999999979,-0.025882547418973445,-0.009474353322550241,-0.009474353322550241,0.1880000000000024,0.1880000000000024,0,1,0,94.758,0.04071588672599091,0.0,-0.132000000000005,0.07349999999999568,-1.0949999999999989,0.7129999999999939,0.047525646677449546,7.0,5.0,42.9,25.0,-0.8000000000000043,0,0,48.6,3.7,0.994709,1.0,0.536375,0,0.0368139999999999,5.055999999999999,0.6366137599999999,5.814130531825066,17,2,MEDIUM,94.758,-0.008333333333354176,0.36683333333333223,6.0,10.0,0.737288,0,1.459620748299321,1.459620748299321,1.459620748299321,1.3741579019607209,1.3741579019607209,1.3741579019607209,1.0763388415604043,1.0763388415604043,1.0763388415604043,0.6250215268850723,0.6250215268850723,0.6250215268850723,0.46394962718411303,0.46394962718411303,0.46394962718411303,0.8848871271040529,0.8848871271040529,0.8848871271040529,1.0666662197220134,1.0666662197220134,1.0666662197220134,0.07701851034712326,0.07701851034712326,0.07701851034712326,0.8506220195001315,0.8506220195001315,0.8506220195001315,0.9210027609887523,0.9210027609887523,0.9210027609887523,0.9210027609887523,relative_step_s
9,BOR,25,5758.687,6412.729,6412.729,MEDIUM>HARD,HARD,25,2,1.8033333333333417,0.1670000000000158,1.6363333333333259,"HUL,OCO,PIA,HAD,VER",5,,,0.5799999999999841,0.013961666666666666,0.617808,95.63533333333334,93.832,1,25.0,0.4807692307692308,52,3,0.05500000000000682,-0.13799999999999102,0.13799999999999102,0.13799999999999102,-0.09649999999999892,-0.09649999999999892,0.07030287022362813,-0.015025591359981483,-0.015025591359981483,-0.13799999999999102,0.17150000000000176,0,1,0,95.525,-0.1468505747126443,0.13799999999999102,0.11033333333332962,0.11033333333332962,-0.007999999999995566,1.203000000000003,0.08147440864001744,2.0,10.0,39.3,25.4,-2.0,0,0,48.5,2.8,0.041885,0.455497,2.752739,0,0.041885,4.299999999999997,0.04188499999999999,6.2878585601617845,26,4,MEDIUM,95.525,0.0,0.0,25.0,0.0,0.0,0,1.459620748299321,1.486443391642368,1.4706653661464582,1.4205118451001817,1.3790259596626684,1.403429421684735,1.2474141579869074,1.1547852031063586,1.2092728236243284,1.5098997077957943,1.4901331665017443,1.5017605437335384,1.5229431805169398,1.4331001490747037,1.4859489910995485,1.0440888062439644,1.0836184927350396,1.0603657359755836,1.1978091886257827,1.176872573144268,1.1891882293098648,1.5848162570690174,1.824144271639884,1.6833630865981977,0.5768198105559736,0.7922151052990789,0.6655119907443111,0.8222735814104679,0.8718697107227673,0.8426955170096501,0.8426955170096501,relative_step_s
9,LIN,26,5851.666,6510.579,6510.579,MEDIUM>HARD,HARD,26,2,1.8526666666666642,-0.30800000000000693,2.160666666666671,"OCO,COL,PIA,HUL,HAD",5,,,0.3056666666666672,0.20572466666666667,0.25542366666666666,95.622,93.76933333333334,1,26.0,0.5,52,4,0.14849999999999852,-0.14849999999999852,0.0,0.14849999999999852,-0.32933333333333314,-0.32933333333333314,0.1132982188269267,-0.04895530186283528,-0.04895530186283528,-0.29699999999999704,0.049000000000006594,0,1,0,95.523,-0.2162636394318156,0.14849999999999852,0.09900000000000375,0.34550000000001546,0.27949999999998454,0.8150000000000119,0.2803780314704979,3.0,9.0,39.3,25.6,0.0,0,0,48.5,2.8,0.246073,0.874346,1.425496,0,-0.005236000000000018,4.471999999999997,0.25591591999999996,6.322565239927284,27,4,MEDIUM,95.523,0.0,0.0,25.5,0.5,0.0,0,1.459620748299321,1.486443391642368,1.4706653661464582,1.4230714613084778,1.3815855758709645,1.405989037893031,1.1293626694235968,1.036733714543048,1.0912213350610178,1.0881514387864881,1.0683848974924381,1.0800122747242322,1.2009695114948373,1.1111264800526013,1.163975322077446,1.0168815942611127,1.056411280752188,1.033158523992732,1.2019270869628556,1.1809904714813408,1.1933061276469377,1.0906303789920808,1.3299583935629473,1.189177208521261,0.605966672045333,0.8213619667884384,0.6946588522336705,0.8049032211872399,0.8544993504995393,0.825325156786422,0.825325156786422,relative_step_s
9,LAW,27,5943.73,6606.407,6606.407,MEDIUM>HARD,HARD,27,2,1.5286666666666662,-0.10933333333335327,1.6380000000000194,"SAI,OCO,HUL,GAS,ALB",5,,,0.27966666666668516,0.25567100000000004,0.11683366666666667,95.68933333333332,94.16066666666666,1,27.0,0.5192307692307693,52,5,0.340999999999994,-0.6049999999999898,0.2639999999999958,0.6049999999999898,-0.20933333333333098,-0.20933333333333098,0.3202427324425372,-0.12382171687004989,-0.12382171687004989,-0.2639999999999958,-0.06900000000000261,0,1,0,95.183,-0.6099426418952589,0.6049999999999898,0.5063333333333162,0.5983999999999838,0.11000000000001364,0.5880000000000081,0.08551161646328109,4.0,8.0,39.3,25.1,0.0,0,0,49.5,1.7,0.131579,0.931579,1.910222,0,-0.187793,4.643999999999997,0.14210532,6.359573868672378,28,3,MEDIUM,95.183,0.0,0.0,26.0,1.0,0.0,0,1.459620748299321,1.486443391642368,1.4706653661464582,1.425631077516774,1.3841451920792607,1.4085486541013272,1.1313744666369678,1.038745511756419,1.093233132274389,1.1444616055800454,1.1246950642859954,1.1363224415177895,1.3307140357018412,1.2408710042596052,1.29371984628445,1.0795423179765922,1.1190720044676674,1.0958192477082114,1.2651269461613537,1.244190330679839,1.2565059868454358,1.111063949309331,1.3503919638801976,1.2096107788385113,0.6230897240102682,0.8384850187533734,0.7117819041986057,0.8542370340559471,0.9038331633682465,0.8746589696551292,0.8746589696551292,relative_step_s
9,NOR,27,5921.548,6606.407,6606.407,MEDIUM>HARD,HARD,27,2,1.4056666666666757,-0.25833333333333997,1.6640000000000157,"HAD,COL,PIA,HUL,GAS",5,,,0.4309999999999974,0.0,0.163251,94.58933333333334,93.18366666666667,1,27.0,0.5192307692307693,52,5,0.15800000000000125,-0.19899999999999807,0.0,0.19899999999999807,-0.0651250000000001,-0.0651250000000001,0.07629083643661261,-0.036188705232407685,-0.036188705232407685,-0.19899999999999807,-0.06900000000000261,0,1,0,94.525,-0.14530551239566591,0.19899999999999807,0.06433333333333735,0.15099999999999625,-0.7349999999999852,0.6894999999999882,0.028936294767592415,4.0,3.0,39.3,25.2,0.0,0,0,48.5,2.8,0.0,0.0,6.907087,0,0.0,4.643999999999997,0.0,6.349138991379798,28,3,MEDIUM,94.525,0.0,0.0,26.0,1.0,0.0,0,1.459620748299321,1.486443391642368,1.4706653661464582,1.425631077516774,1.3841451920792607,1.4085486541013272,1.130382151666188,1.0377531967856393,1.0922408173036091,1.1929617948467084,1.1731952535526584,1.1848226307844525,1.1165071095768386,1.0266640781346026,1.0795129201594473,0.7897394868407546,0.8292691733318298,0.8060164165723738,1.0496875122641307,1.028750896782616,1.0410665529482128,1.1497172382689822,1.3890452528398487,1.2482640677981625,0.5161851832716011,0.7315804780147064,0.6048773634599386,0.7329120490558106,0.78250817836811,0.7533339846549928,0.7533339846549928,relative_step_s
9,BEA,28,6080.448,6702.144,6702.144,MEDIUM>HARD,HARD,28,2,2.2690000000000055,-0.2563333333333446,2.52533333333335,"ALO,PER,STR,OCO,SAI",5,,,0.5253333333333217,0.38382233333333327,0.37453833333333336,97.04066666666667,94.77166666666666,1,28.0,0.5384615384615384,52,7,0.23799999999999955,0.2289999999999992,0.0,-0.5280000000000058,0.12199999999999989,0.12199999999999989,-0.0866687653286391,0.08660394086715685,0.08660394086715685,-0.1349999999999909,0.0975000000000037,0,1,0,97.185,0.15908641869020812,-0.2289999999999992,-0.14433333333333564,-0.3780000000000143,2.5330000000000013,1.132000000000005,-0.035396059132843036,6.0,15.0,38.4,24.8,-0.8999999999999986,0,0,50.8,2.3,0.615385,0.979487,0.800164,0,0.07930300000000001,3.8079999999999985,0.6892311999999999,6.411818267709897,29,3,MEDIUM,97.185,0.35133333333331507,0.8813333333333306,25.0,3.0,0.29098533333333326,0,1.459620748299321,1.486443391642368,1.4706653661464582,1.4281906937250701,1.3867048082875568,1.4111082703096234,1.8394841852343857,1.746855230353837,1.8013428508718068,1.727133302577286,1.707366761283236,1.71899413851503,2.527535814340551,2.437692782898315,2.4905416249231593,1.8487505983424852,1.8882802848335605,1.8650275280741044,1.6568814813203225,1.6359448658388078,1.6482605220044046,1.659805964637248,1.8991339792081146,1.7583527941664283,2.0828154775009784,2.298210772244084,2.171507657689316,1.67641924461955,1.7260153739318496,1.6968411802187322,1.6968411802187322,relative_step_s
9,BOT,28,6104.766,6702.144,6702.144,MEDIUM>HARD,HARD,28,2,1.9116666666666617,-0.2563333333333446,2.1680000000000064,"ALO,STR,PER,PIA,OCO",5,,,0.47633333333331507,0.12084666666666666,0.0,98.008,96.09633333333333,1,28.0,0.5384615384615384,52,7,0.671999999999997,0.0,-0.671999999999997,0.0,-0.11233333333333444,-0.11233333333333444,-0.1599832430029977,-0.07485325042882653,-0.07485325042882653,0.671999999999997,0.02400000000000091,0,1,0,98.598,0.30308004728158267,0.0,-0.5900000000000034,0.06842857142856928,3.945999999999998,1.2420000000000044,0.03748008290450791,6.0,19.0,38.4,24.8,-0.30000000000000426,0,0,50.8,2.3,0.152284,0.461929,2.587606,0,0.152284,3.8079999999999985,0.17055808,6.421622267806518,29,3,MEDIUM,98.598,-0.9510000000000076,-0.45933333333333337,25.0,3.0,-0.20563599999999999,0,1.459620748299321,1.486443391642368,1.4706653661464582,1.4281906937250701,1.3867048082875568,1.4111082703096234,1.4934451468787828,1.400816191998234,1.4553038125162039,1.6155273641961154,1.5957608229020654,1.6073882001338595,1.6890368597824303,1.5991938283401943,1.652042670365039,1.2238843259890841,1.2634140124801594,1.2401612557207033,1.34665030334357,1.3257136878620552,1.338029344027652,1.2371170410328602,1.4764450556037267,1.3356638705620405,0.6289518836007179,0.8443471783438232,0.7176440637890553,0.9313669893387836,0.980963118651083,0.9517889249379657,0.9517889249379657,relative_step_s
10,NOR,29,6798.802,7527.908,7527.908,HARD>MEDIUM,MEDIUM,29,2,1.7723333333333215,0.21800000000000352,1.554333333333318,"BOR,PIA,LAW,LIN,GAS",5,0.41166666666669016,1.1426666666666279,0.3613333333333486,0.2654316666666667,0.09623933333333334,111.17099999999999,109.39866666666667,1,29.0,0.6590909090909091,44,8,0.20050000000000523,0.8220000000000027,-0.8220000000000027,-0.8575000000000017,0.06770833333333333,0.06770833333333333,-0.5338411567019534,0.0726560583854416,0.0726560583854416,1.0530000000000115,0.0030000000000001137,0,0,1,111.796,0.9483253137764933,-0.8220000000000027,-0.6250000000000142,-0.8061249999999944,-0.031999999999996476,0.9429999999999978,0.004947725052108276,7.0,4.0,33.3,18.9,0.7999999999999972,0,0,43.7,1.3,0.642857,0.816964,0.844467,0,0.579509,-1.9720000000000033,0.7457141199999999,6.354370040797351,30,8,HARD,111.796,0.3716666666666555,0.0681666666666747,25.0,4.0,0.06703633333333334,0,1.490020440251574,1.490020440251574,1.490020440251574,2.1753890503003874,2.1753890503003874,2.1753890503003874,2.042788986704574,2.042788986704574,2.042788986704574,1.7724299147684464,1.7724299147684464,1.7724299147684464,2.3034810271052732,2.3034810271052732,2.3034810271052732,1.706841114074421,1.706841114074421,1.706841114074421,2.000853426966626,2.000853426966626,2.000853426966626,1.8563437500447044,1.8563437500447044,1.8563437500447044,1.5239685476748683,1.5239685476748683,1.5239685476748683,1.8753622492874578,1.8753622492874578,1.8753622492874578,1.8753622492874578,relative_step_s
10,ALO,30,7041.996,7645.811,7645.811,SOFT>HARD,HARD,11,2,3.6686666666666667,-0.12633333333332075,3.7949999999999875,"ALB,HUL,OCO,COL,SAI",5,-4.72766666666665,8.522666666666638,0.03300000000001546,0.09314499999999999,0.269304,119.21933333333332,115.55066666666666,1,11.0,0.6818181818181818,44,8,1.0429999999999993,0.0,1.875,-1.454499999999996,0.4,0.4,0.17861742825746774,0.37865714730988675,0.37865714730988675,-5.170000000000002,0.10649999999999693,1,0,0,116.871,-0.42569930914525855,0.0,2.348333333333329,-0.3966250000000002,4.885000000000005,1.707499999999996,-0.021342852690113268,7.0,19.0,32.5,19.0,-0.6000000000000014,0,0,40.6,2.3,0.038462,0.106838,6.105691,0,-0.088587,-1.1,0.01692328,6.423246963533519,31,9,SOFT,116.871,4.71866666666665,4.357000000000004,5.0,6.0,0.07424766666666666,0,1.490020440251574,1.490020440251574,1.490020440251574,1.431611870949475,1.431611870949475,1.431611870949475,3.2821194918672747,3.2821194918672747,3.2821194918672747,3.4342691673814834,3.4342691673814834,3.4342691673814834,5.0212703890776575,5.0212703890776575,5.0212703890776575,1.7116438998687276,1.7116438998687276,1.7116438998687276,1.601994625916166,1.601994625916166,1.601994625916166,4.852187638295857,4.852187638295857,4.852187638295857,2.1325537343690475,2.1325537343690475,2.1325537343690475,1.8321072803752974,1.8321072803752974,1.8321072803752974,1.8321072803752974,relative_step_s
10,BOT,31,7117.066,7759.042,7759.042,HARD>SOFT,SOFT,30,2,2.063999999999993,0.23166666666665492,1.832333333333338,"SAI,ALB,OCO,HUL,GAS",5,0.1113333333333344,1.7210000000000036,0.16166666666666174,0.02902366666666667,0.09721766666666669,114.83666666666666,112.77266666666667,1,30.0,0.7045454545454546,44,8,0.14350000000001017,0.3020000000000067,-0.2120000000000033,-0.31450000000000955,0.02937499999999993,0.02937499999999993,-0.2503048907399119,0.025407977205455023,0.025407977205455023,0.2120000000000033,-0.05100000000000193,0,0,1,115.161,0.4099427583187918,-0.3020000000000067,-0.32433333333334247,-0.35437500000000455,3.4325000000000045,0.9920000000000044,-0.003967022794544906,7.0,18.0,33.5,19.0,1.0,0,0,37.8,3.7,0.034783,0.06087,20.0,0,0.008696000000000002,-1.8,0.0417396,6.4425401664681985,32,7,HARD,115.161,0.10499999999998977,-0.22333333333331984,23.0,7.0,0.010126333333333334,0,1.490020440251574,1.490020440251574,1.490020440251574,1.6002101840026945,1.6002101840026945,1.6002101840026945,1.7944639820473918,1.7944639820473918,1.7944639820473918,1.777393835816365,1.777393835816365,1.777393835816365,2.2895742062316953,2.2895742062316953,2.2895742062316953,1.474836623799328,1.474836623799328,1.474836623799328,1.7990380953947,1.7990380953947,1.7990380953947,1.5447758496864021,1.5447758496864021,1.5447758496864021,1.2353048424660575,1.2353048424660575,1.2353048424660575,1.5593304518709648,1.5593304518709648,1.5593304518709648,1.5593304518709648,relative_step_s
11,STR,7,3879.805,4336.362,4336.362,SOFT>MEDIUM,MEDIUM,7,2,0.9923333333333488,-0.521333333333331,1.5136666666666798,"OCO,BOR,BEA,PER,SAI",5,,,0.08800000000002228,0.7142749999999999,0.09165233333333334,88.13733333333334,87.145,1,7.0,0.1,70,6,0.31349999999999767,0.0,0.0,0.0014999999999929514,-0.0030000000000001137,-0.0030000000000001137,-0.19212958237297073,-0.038827961583268546,-0.038827961583268546,-0.0030000000000001137,0.04350000000000165,1,0,0,88.362,0.3621859946618855,0.0,-0.22466666666664992,0.18266666666667675,1.0454999999999899,0.9384999999999977,-0.03582796158326843,5.0,19.0,51.7,30.7,-0.5999999999999943,0,0,25.1,1.7,0.559322,0.853107,0.79247,0,-0.384181,4.676000000000001,0.15661016,5.0238805208462765,8,0,SOFT,88.362,-0.001333333333320752,0.05416666666666481,5.0,2.0,-0.1468926666666669,0,1.514897553516821,1.514897553516821,1.514897553516821,1.5087695189562007,1.5087695189562007,1.5087695189562007,1.1213849005676908,1.1213849005676908,1.1213849005676908,0.9747033133072046,0.9747033133072046,0.9747033133072046,0.8322416537890703,0.8322416537890703,0.8322416537890703,1.2566768827446926,1.2566768827446926,1.2566768827446926,0.970286978356525,0.970286978356525,0.970286978356525,1.0539544218338621,1.0539544218338621,1.0539544218338621,0.9702513217222316,0.9702513217222316,0.9702513217222316,0.9197653919750598,0.9197653919750598,0.9197653919750598,0.9197653919750598,relative_step_s
11,HAM,12,4282.512,4782.066,4782.066,SOFT>HARD,HARD,12,2,0.2810000000000059,-0.33166666666666345,0.6126666666666694,"ANT,HAD,LAW,LIN,RUS",5,0.07366666666665367,0.5390000000000157,0.2463333333333111,0.25082733333333335,0.07444166666666667,85.64533333333333,85.36433333333332,1,12.0,0.17142857142857143,70,8,0.20250000000000057,0.07099999999999795,-0.07099999999999795,-0.19999999999998863,0.05387499999999967,0.05387499999999967,-0.1287615586059303,0.015388308378274037,0.015388308378274037,0.07099999999999795,0.08850000000000335,1,0,0,85.803,0.21088228977191648,-0.07099999999999795,-0.15766666666667106,-0.21262500000000273,-1.7315000000000111,0.6920000000000002,-0.03848669162172563,7.0,4.0,50.5,30.8,-0.6000000000000014,0,0,25.9,0.5,0.128655,0.438596,2.604529,0,-0.19692600000000002,7.44,0.0617544,5.5093883366279774,13,0,SOFT,85.803,0.09533333333332905,0.15466666666666606,5.0,7.0,-0.634163,0,1.514897553516821,1.514897553516821,1.514897553516821,1.6178758558134403,1.6178758558134403,1.6178758558134403,1.04608155864726,1.04608155864726,1.04608155864726,1.1593801406506263,1.1593801406506263,1.1593801406506263,1.077208237552253,1.077208237552253,1.077208237552253,1.0726752987958865,1.0726752987958865,1.0726752987958865,1.2883307955187902,1.2883307955187902,1.2883307955187902,1.3218837058756634,1.3218837058756634,1.3218837058756634,0.930527533232835,0.930527533232835,0.930527533232835,1.2449151191052756,1.2449151191052756,1.2449151191052756,1.2449151191052756,relative_step_s
11,VER,13,4367.763,4871.622,4871.622,MEDIUM>HARD,HARD,13,2,0.4613333333333429,-0.24066666666666947,0.7020000000000124,"ANT,HAD,LAW,LIN,STR",5,0.00733333333333519,0.6946666666666772,0.5393333333333601,0.287445,0.015618,85.77233333333334,85.31099999999999,1,13.0,0.18571428571428572,70,8,0.12950000000000017,0.3219999999999885,-0.22399999999998954,-0.332499999999996,0.07149999999999893,0.07149999999999893,-0.18486050532385434,0.033618414421893006,0.033618414421893006,0.22399999999998954,0.22699999999998965,0,1,0,85.957,0.2975438394640406,-0.3219999999999885,-0.18466666666665787,-0.35299999999999443,-1.6570000000000107,1.0869999999999962,-0.03788158557810592,7.0,3.0,51.0,30.9,0.5,0,0,25.4,2.8,0.30814,0.552326,2.045853,0,0.07558200000000004,8.32,0.1602328,5.5909869805108565,14,0,MEDIUM,85.957,0.27300000000001035,0.16799999999999682,5.0,8.0,0.06327333333333335,0,1.514897553516821,1.514692405708464,1.5148206230886871,1.3839550542576242,1.3847712455427041,1.3842611259895292,1.1706795955717728,1.2360598899216044,1.1951972059529596,1.0388919341856058,1.1287191597455184,1.072577143770573,0.8051186569574504,0.918689492437052,0.847707720262301,1.1841371389958664,1.2269687696495308,1.2001990004909906,1.2815379975661507,1.3721012789511766,1.3154992280855353,0.925400541299606,1.0020192487717423,0.9541325566016572,1.3583746471153808,1.448943871272789,1.392338106174409,1.2029638599665968,1.3019474057485334,1.2400826896348232,1.2400826896348232,relative_step_s
11,COL,14,4492.313,4961.545,4961.545,MEDIUM>HARD,HARD,14,2,1.9783333333333246,0.7753333333333359,1.2029999999999887,"ALO,BEA,LIN,STR,BOR",5,-0.11233333333332496,1.3153333333333137,0.3956666666666706,0.27641299999999996,0.019213333333333332,88.58666666666666,86.60833333333333,1,14.0,0.2,70,8,0.1909999999999954,0.8689999999999998,-0.7879999999999967,-1.0694999999999908,0.1424999999999959,0.1424999999999959,-0.5850722169187321,0.07806412815491795,0.07806412815491795,0.7879999999999967,0.13100000000000733,0,1,0,89.139,0.9293797988161998,-0.8689999999999998,-0.5523333333333369,-0.9802499999999981,1.2069999999999936,0.9209999999999994,-0.06443587184507796,7.0,15.0,52.5,30.8,1.5,0,0,25.8,1.3,0.224719,0.44382,3.013269,0,-0.10296499999999997,9.8,0.12584264,5.71042701737487,15,0,MEDIUM,89.139,0.500333333333316,0.0671666666666606,5.0,9.0,-0.1064263333333334,0,1.514897553516821,1.514692405708464,1.5148206230886871,1.393362277069128,1.394178468354208,1.393668348801033,1.7682126802746105,1.833592974624442,1.7927302906557974,1.6518052731853454,1.741632498745258,1.6854904827703125,1.662569661610448,1.7761404970900496,1.7051587249152986,1.7342443488025618,1.7770759794562263,1.750306210297686,1.6232829800205537,1.7138462614055796,1.6572442105399383,1.4473867428679852,1.5240054503401215,1.4761187581700363,1.5528049858642545,1.6433742100216626,1.5867684449232826,1.5205164860841214,1.619500031866058,1.5576353157523477,1.5576353157523477,relative_step_s
11,GAS,15,4573.468,5050.88,5050.88,MEDIUM>HARD,HARD,15,2,1.9383333333333326,0.8039999999999878,1.1343333333333447,"ALB,BOR,BEA,ALO,STR",5,-0.24333333333332519,1.37766666666667,0.3300000000000125,0.21601133333333333,0.011594333333333331,88.06700000000001,86.12866666666667,1,15.0,0.21428571428571427,70,8,0.44200000000000017,-0.16200000000000614,0.0,-0.2804999999999893,0.12949999999999864,0.12949999999999864,0.14921419661416735,0.07434347167579493,0.07434347167579493,0.5609999999999928,0.016999999999995907,0,1,0,88.083,-0.2347291489090253,0.16200000000000614,-0.015999999999991132,-0.1301249999999925,0.2715000000000032,1.0095000000000027,-0.055156528324203716,7.0,12.0,51.4,30.9,-1.1000000000000014,0,0,25.4,1.4,0.142045,0.301136,4.587892,0,-0.13795500000000002,9.839999999999998,0.085227,5.771441123130016,16,0,MEDIUM,88.083,0.6926666666666819,0.1831666666666744,5.0,10.0,-0.23824166666666668,0,1.514897553516821,1.514692405708464,1.5148206230886871,1.402769499880632,1.4035856911657119,1.403075571612537,1.4606072397376917,1.5259875340875233,1.4851248501188785,1.6946438691083174,1.78447109466823,1.7283290786932846,2.193938627015499,2.3075094624951005,2.2365276903203495,1.7182493085687747,1.7610809392224391,1.734311170063899,1.5953546297186203,1.6859179111036462,1.629315860238005,1.605153673071067,1.6817723805432032,1.633885688373118,1.6044445535198772,1.6950137776772853,1.6384080125789053,1.5298545736366056,1.6288381194185422,1.566973403304832,1.566973403304832,relative_step_s
11,LEC,15,4542.143,5050.88,5050.88,SOFT>HARD,HARD,18,2,1.245999999999981,0.42533333333334156,0.8206666666666393,"ANT,RUS,LAW,BEA,ALO",5,-0.003333333333316091,0.8239999999999554,0.2463333333333253,0.23211,0.009792666666666667,86.06133333333332,84.81533333333334,1,18.0,0.21428571428571427,70,8,0.13100000000000733,0.01099999999999568,0.0,-0.12950000000000728,0.09383333333333135,0.09383333333333135,-0.007850308212184132,0.04854303329707602,0.04854303329707602,0.016999999999995907,0.16400000000000858,1,0,0,86.066,0.01234933543275929,-0.01099999999999568,-0.004666666666679475,-0.21262500000000273,-2.055499999999995,1.0139999999999958,-0.04529030003625533,7.0,3.0,51.4,30.9,-0.20000000000000284,0,0,25.4,1.4,0.231214,0.49711,2.553137,0,-0.042041999999999996,11.808,0.16647408,5.739792912179234,16,0,SOFT,86.066,0.4126666666666523,-0.014499999999998181,8.0,10.0,-0.62576,0,1.514897553516821,1.514692405708464,1.5148206230886871,1.6743191926824634,1.6751353839675434,1.6746252644143684,1.1363700178512248,1.2017503122010562,1.1608876282324117,1.1497739948003185,1.2396012203602311,1.1834592043852856,1.0026364674814356,1.1162073029610373,1.0452255307862863,1.2736423432259938,1.3164739738796583,1.289704204721118,1.370819029611563,1.4613823109965889,1.4047802601309476,1.3308199464999457,1.407438653972082,1.3595519618019969,1.3498722988113232,1.4404415229687313,1.3838357578703513,1.3719888896093941,1.4709724353913307,1.4091077192776205,1.4091077192776205,relative_step_s
11,PIA,15,4534.84,5050.88,5050.88,MEDIUM>HARD,HARD,15,2,0.47433333333333394,0.17900000000001626,0.2953333333333177,"ANT,RUS,LAW,ALB,BEA",5,0.18833333333331836,0.10699999999999932,0.30033333333334156,0.20584566666666668,0.0077410000000000005,85.74966666666667,85.27533333333334,1,15.0,0.21428571428571427,70,8,0.18999999999999773,-0.0379999999999967,0.0379999999999967,0.011499999999998067,0.05662499999999919,0.05662499999999919,0.12087538423858746,0.0539397660489223,0.0539397660489223,-0.0379999999999967,0.16400000000000858,0,1,0,85.643,-0.1901493069036917,0.0379999999999967,0.10666666666666913,-0.03562499999999602,-2.478499999999997,1.0139999999999958,-0.002685233951076893,7.0,1.0,51.4,30.9,-0.20000000000000284,0,0,25.4,1.4,0.216374,0.350877,4.076759,0,0.08846700000000002,9.839999999999998,0.1298244,5.733341276897746,16,0,MEDIUM,85.643,0.6566666666666663,0.2294999999999967,5.0,10.0,0.20584566666666668,0,1.514897553516821,1.514692405708464,1.5148206230886871,1.402769499880632,1.4035856911657119,1.403075571612537,1.0546034935746593,1.119983787924491,1.0791211039558462,1.078643789234908,1.1684710147948205,1.112328998819875,1.0781522422765675,1.1917230777561691,1.1207413055814182,1.2730424550764616,1.315874085730126,1.2891043165715859,1.3471214255177668,1.4376847069027927,1.3810826560371514,0.9387213233640815,1.0153400308362177,0.9674533386661326,1.401265648104038,1.491834872261446,1.435229107163066,1.3522227528917994,1.451206298673736,1.3893415825600257,1.3893415825600257,relative_step_s
11,NOR,16,4621.685,5143.218,5143.218,MEDIUM>HARD,HARD,16,2,0.998666666666665,0.3776666666666557,0.6210000000000093,"ANT,RUS,ALB,BOR,BEA",5,-0.022333333333321548,0.6433333333333309,0.16900000000001114,0.11056733333333334,0.017706,85.69,84.69133333333333,1,16.0,0.22857142857142856,70,8,0.25500000000000256,0.15900000000000603,-0.26500000000000057,-0.2819999999999965,0.0772499999999976,0.0772499999999976,-0.1205382728770985,0.047972865217582775,0.047972865217582775,0.26500000000000057,-0.0030000000000001137,0,1,0,85.878,0.1882946565912249,-0.15900000000000603,-0.1880000000000024,-0.32399999999999807,-1.6159999999999997,1.0060000000000002,-0.029277134782414824,7.0,1.0,52.9,30.9,1.5,0,0,25.8,0.6,0.023256,0.046512,19.167464,0,-0.029376,11.456,0.014883839999999999,5.802118375377063,17,0,MEDIUM,85.878,0.5240000000000009,0.13683333333333314,5.0,11.0,-0.5215163333333332,0,1.514897553516821,1.514692405708464,1.5148206230886871,1.4121767226921358,1.4129929139772157,1.4124827944240408,1.1608770943252533,1.226257388675085,1.1853947047064401,1.120838438740014,1.2106656642999267,1.1545236483249812,1.1820985912156305,1.2956694266952322,1.2246876545204812,1.347915248840089,1.3907468794937534,1.3639771103352132,1.4023525235774124,1.4929158049624383,1.436313754096797,1.2487322349076408,1.3253509423797771,1.277464250209692,1.3801444602761908,1.4707136844335988,1.4141079193352188,1.428490645829458,1.5274741916113945,1.4656094754976843,1.4656094754976843,relative_step_s
11,OCO,16,4667.693,5143.218,5143.218,MEDIUM>HARD,HARD,16,2,1.6373333333333164,0.3776666666666557,1.2596666666666607,"ALO,STR,BEA,BOR,ALB",5,-0.2596666666666607,1.5193333333333214,0.4316666666666862,0.11360433333333332,0.017208333333333332,88.74933333333333,87.11200000000001,1,16.0,0.22857142857142856,70,8,0.24600000000000222,-0.018000000000000682,0.0,0.009000000000000341,0.009774999999999779,0.009774999999999779,0.3843963501645504,0.0716896772648806,0.0716896772648806,0.10000000000000853,0.1290000000000049,0,1,0,88.293,-0.600471344258878,0.018000000000000682,0.45633333333331905,0.2023749999999893,0.6670000000000016,0.9080000000000013,0.06191467726488082,7.0,14.0,52.3,31.0,0.8999999999999986,0,0,24.8,2.2,0.016949,0.045198,4.385639,0,-0.056915,11.071999999999997,0.010847359999999999,5.840641657373398,17,0,MEDIUM,88.293,1.141999999999996,0.8058333333333345,5.0,11.0,-0.14734799999999998,0,1.514897553516821,1.514692405708464,1.5148206230886871,1.4121767226921358,1.4129929139772157,1.4124827944240408,1.6473696521029417,1.7127499464527731,1.6718872624841286,1.7078787801049706,1.7977060056648833,1.7415639896899378,1.87688184782815,1.9904526833077516,1.9194709111330006,1.5949394224753883,1.6377710531290528,1.6110012839705126,1.584587535845663,1.6751508172306888,1.6185487663650475,1.7148749264380125,1.7914936339101488,1.7436069417400637,1.7796517269307057,1.8702209510881138,1.8136151859897338,1.6906897251303588,1.7896732709122953,1.727808554798585,1.727808554798585,relative_step_s
11,SAI,17,4761.854,5251.969,5251.969,SOFT>MEDIUM,MEDIUM,17,2,1.2560000000000144,0.4440000000000026,0.8120000000000118,"ALB,ALO,STR,BOR,RUS",5,-0.3149999999999835,1.1269999999999953,0.28366666666667584,0.05652933333333334,0.0,88.298,87.04199999999999,1,17.0,0.24285714285714285,70,8,0.12349999999999284,-0.2920000000000016,0.07200000000000273,0.055499999999995,0.03213333333333281,0.03213333333333281,0.12853455432797034,-0.02014670949290364,-0.02014670949290364,-0.07200000000000273,-0.01999999999999602,1,0,0,88.082,-0.19980021908006051,0.2920000000000016,0.21600000000000819,0.16875000000001705,0.3219999999999885,0.5489999999999924,-0.05228004282623645,7.0,16.0,52.3,31.1,0.0,0,0,25.1,3.0,0.017045,0.051136,4.375158,0,-0.011203999999999999,11.764,0.0115906,5.905361848054571,18,0,SOFT,88.082,-0.13633333333332587,-0.5070000000000049,5.0,12.0,-0.2247153333333333,0,1.514897553516821,1.514692405708464,1.5148206230886871,1.5911283329564587,1.5919445242415386,1.5914344046883637,1.2537668668518283,1.3191471612016596,1.278284477233015,1.4521682736341393,1.5419954991940519,1.4858534832191064,1.5772600205721126,1.6908308560517142,1.6198490838769632,1.2675880094742087,1.3104196401278732,1.283649870969333,0.9988237918561256,1.0893870732411515,1.0327850223755102,1.0591761133431992,1.1357948208153354,1.0879081286452503,0.9584405191862467,1.0490097433436547,0.9924039782452747,0.9263599632847057,1.0253435090666423,0.9634787929529319,0.9634787929529319,relative_step_s
11,HAD,18,4814.36,5338.311,5338.311,MEDIUM>HARD,HARD,18,2,2.266999999999996,0.08533333333333815,2.1816666666666578,"BOR,STR,ALO,ALB,RUS",5,0.37999999999999545,1.8016666666666623,0.3333333333333286,0.0,0.0,87.045,84.778,1,18.0,0.2571428571428571,70,8,0.07899999999999352,0.0,0.0,-0.07749999999998636,0.02758333333333004,0.02758333333333004,0.17326328657004808,0.06545510375258659,0.06545510375258659,-0.3780000000000001,-0.21599999999999397,0,1,0,86.939,-0.2684237323674381,0.0,0.10600000000000875,-0.02637500000000159,-0.6060000000000088,0.7120000000000033,0.03787177041925655,7.0,2.0,52.3,31.1,0.0,0,0,25.1,3.0,0.0,0.0,12.055489,0,0.0,12.456,0.0,5.924255797414532,19,0,MEDIUM,86.939,0.8943333333333356,0.6418333333333236,5.0,13.0,-0.37382966666666667,0,1.514897553516821,1.3858315858453505,1.4617527432991566,1.4309911683151435,1.288089448109959,1.3721492835247735,1.3154394429673513,1.3095632821271224,1.313019847327257,1.5434736485877085,1.542366488498497,1.5430177591392096,2.00004983774535,2.031033186601354,2.012807687274293,1.387408312180038,1.358405619579005,1.3754660269913774,1.3976862567295156,1.3787884795092347,1.3899048190505765,1.6027316832257799,1.5670881411720403,1.5880549306154166,1.564414275437956,1.5966363437777107,1.5776821859307961,1.5744621535746706,1.568983985325101,1.5722064372366125,1.5722064372366125,relative_step_s
11,HUL,18,4829.793,5338.311,5338.311,MEDIUM>HARD,HARD,18,2,1.0423333333333176,0.08533333333333815,0.9569999999999794,"ALB,ALO,BOR,STR,RUS",5,-0.37999999999999545,1.3369999999999749,0.3333333333333286,0.018939,0.019204333333333334,87.92333333333333,86.88100000000001,1,18.0,0.2571428571428571,70,8,0.15149999999999864,0.0,0.0,-0.11549999999999727,0.06829166666666649,0.06829166666666649,0.2162654382100726,0.0766315733733888,0.0766315733733888,-0.7980000000000018,-0.2050000000000125,0,1,0,87.673,-0.3350437201995504,0.0,0.2503333333333302,-0.0589999999999975,0.508499999999998,1.0,0.008339906706722314,7.0,11.0,52.3,31.1,0.0,0,0,25.1,3.0,0.022727,0.073864,4.052423,0,0.0056819999999999996,12.456,0.01636344,5.948034989180646,19,0,MEDIUM,87.673,0.8776666666666699,0.6418333333333333,5.0,13.0,-0.7738849999999999,0,1.514897553516821,1.3858315858453505,1.4617527432991566,1.4309911683151435,1.288089448109959,1.3721492835247735,1.560076935297297,1.554200774457068,1.5576573396572027,1.772175877371829,1.7710687172826174,1.77171998792333,2.3100191402710473,2.341002489127051,2.32277698979999,1.7152829178493807,1.6862802252483478,1.70334063266072,1.6162365622494836,1.5973387850292027,1.6084551245705445,1.9476709200237599,1.9120273779700203,1.9329941674133966,1.8067158258584974,1.8389378941982522,1.8199837363513376,1.7368364561587302,1.7313582879091607,1.734580739820672,1.734580739820672,relative_step_s
11,LIN,19,4915.876,5425.67,5425.67,MEDIUM>HARD,HARD,19,2,0.9689999999999941,-0.050333333333313135,1.0193333333333072,"ALO,BOR,STR,RUS,ALB",5,-0.644999999999996,1.6643333333333032,0.25633333333335884,0.013268666666666665,0.024893666666666665,87.871,86.902,1,19.0,0.2714285714285714,70,8,0.18350000000000222,-0.14100000000000534,0.39500000000001023,0.13500000000000512,0.045000000000001227,0.045000000000001227,0.49163630937667335,0.06531309947896945,0.06531309947896945,-1.1230000000000047,-0.2364999999999995,0,1,0,87.365,-0.7599502291110696,0.14100000000000534,0.5060000000000002,0.3137500000000131,0.5884999999999962,0.839500000000001,0.02031309947896822,7.0,10.0,51.6,31.5,-0.6999999999999957,0,0,24.6,1.8,0.022857,0.051429,4.038187,0,0.005908,12.616000000000001,0.01737132,5.998936561946683,20,0,MEDIUM,87.365,0.9069999999999965,1.0393333333333317,5.0,14.0,-0.027050000000000005,0,1.514897553516821,1.3003526376146832,1.4195442575603154,1.4403983911266474,1.2301150041649094,1.3469391080325417,1.5709682538415708,1.5072416636599004,1.5426453248719396,1.8790652627748394,1.83598500592358,1.8599184819520576,2.506087129800518,2.520307727929841,2.5124073956357726,1.5612678779971065,1.475623379596721,1.523203656485824,1.5834202192823579,1.4944424145188449,1.5438745282763522,1.7510438587670314,1.69193069180756,1.7247713401183775,1.8797444255817957,1.82589190448966,1.8558099717630687,1.7690444008917559,1.7016305211775595,1.7390826765743352,1.7390826765743352,relative_step_s
11,LAW,20,4999.179,5512.916,5512.916,MEDIUM>HARD,HARD,20,2,1.5786666666666633,-0.4956666666666507,2.074333333333314,"ALO,STR,BOR,COL,ALB",5,-0.9909999999999997,3.0653333333333137,0.48366666666665026,0.0019046666666666667,0.01351,87.64766666666667,86.069,1,20.0,0.2857142857142857,70,8,0.18299999999999983,-0.01799999999998647,0.0,-0.06199999999999761,0.10108333333333282,0.10108333333333282,0.20465871258858215,0.07785603299349084,0.07785603299349084,0.12400000000000944,0.13000000000000966,0,1,0,87.683,-0.3158941495497771,0.01799999999998647,-0.03533333333334099,-0.02512500000000273,0.7385000000000019,1.2224999999999966,-0.02322730033984198,7.0,7.0,52.4,31.1,0.7999999999999972,0,0,24.7,1.1,0.0,0.0,7.682335,0,0.0,13.92,0.0,6.042632833682381,21,0,MEDIUM,87.683,0.9263333333333321,1.2918333333333294,5.0,15.0,0.0019046666666666667,0,1.514897553516821,1.2895356778797171,1.4081471913729298,1.4498056139381512,1.2417356836311464,1.351246173266412,1.5509491777334292,1.4315019108747644,1.4943688934319563,1.629495106807197,1.5413342925854823,1.5877347211232269,1.632795518226823,1.5943727541628374,1.614595261564935,1.7499307314571126,1.6147751385675952,1.6859096611410254,1.622195814722358,1.4964063238191727,1.5626113190313755,1.6809009168849325,1.6012017970467363,1.6431487022247342,2.0470027442274206,1.9602666159383815,2.0059172097747178,1.8618026582632865,1.7665996000635418,1.8167064728002495,1.8167064728002495,relative_step_s
11,ANT,21,5058.031,5600.773,5600.773,MEDIUM>HARD,HARD,21,2,1.26100000000001,-0.1213333333333253,1.3823333333333352,"LEC,VER,RUS,GAS,HAM",5,0.043000000000006366,1.3393333333333288,0.2226666666666688,0.0,0.0,85.61466666666666,84.35366666666665,1,21.0,0.3,70,8,0.20399999999998641,0.06999999999999318,-0.06999999999999318,0.033999999999991815,-0.08813333333333115,-0.08813333333333115,-0.046346928058355275,-0.025632058030553836,-0.025632058030553836,0.19199999999999307,0.006999999999990791,0,1,0,85.702,0.07147211410165255,-0.06999999999999318,-0.08733333333333348,0.08225000000000193,-1.2475000000000023,1.1024999999999991,0.06250127530277731,7.0,1.0,52.4,30.9,0.0,0,0,24.7,1.1,0.0,0.0,7.863515,0,0.0,14.616,0.0,6.077642243349034,22,0,MEDIUM,85.702,-0.0829999999999842,0.32366666666667254,5.0,16.0,-0.4435263333333333,0,1.514897553516821,1.154679536187563,1.318414998609953,1.4555035038425923,1.1136573178531366,1.2690419478483437,1.1081335170271034,0.9017774487305819,0.9955756615926371,1.3033673579146658,1.0978527205975264,1.1912684648325897,1.4227693326746236,1.225252759339951,1.3150330199466203,0.9292639798344368,0.6600138873724712,0.7824002930370011,1.2229457548087737,0.9566901573384972,1.0777154289158957,1.3278948006780242,1.132756993332561,1.221455996671408,0.8629014561016713,0.622411929293064,0.7317253505697037,1.1236517157474553,0.8852716818639386,0.9936262427200825,0.9936262427200825,relative_step_s
11,BEA,21,5114.156,5600.773,5600.773,MEDIUM>HARD,HARD,21,2,2.048333333333346,-0.6823333333333466,2.7306666666666928,"COL,STR,ALO,OCO,BOR",5,-0.6299999999999955,3.3606666666666882,0.6706666666666763,0.005607666666666667,0.0038313333333333337,88.54466666666667,86.49633333333333,1,21.0,0.3,70,8,0.12750000000001194,0.8389999999999986,-0.8389999999999986,-0.8220000000000027,-0.024499999999998558,-0.024499999999998558,-0.6331657680707536,0.03881062319033349,0.03881062319033349,0.8389999999999986,-0.01749999999999119,0,1,0,89.195,0.9764119849287596,-0.8389999999999986,-0.6503333333333217,-0.7851249999999936,3.2029999999999887,1.1210000000000093,0.06331062319033204,7.0,14.0,52.1,31.1,-0.29999999999999716,0,0,25.1,3.5,0.011173,0.050279,4.430443,0,0.005523000000000001,14.364,0.00938532,6.1070228877422545,22,0,MEDIUM,89.195,0.11233333333332496,0.7983333333333273,5.0,16.0,-0.7534196666666667,0,1.514897553516821,1.154679536187563,1.318414998609953,1.4555035038425923,1.1136573178531366,1.2690419478483437,1.9440609932256177,1.7377049249290961,1.8315031377911515,2.257396791425406,2.0518821541082666,2.14529789834333,2.5575569704761305,2.360040397141458,2.4498206577481274,1.8034382538437186,1.5341881613817532,1.6565745670462828,1.848831304348625,1.5825757068783486,1.703600978455747,2.316529767205321,2.121391959859858,2.210090963198705,1.716412118285885,1.4759225914772776,1.5852360127539173,1.8258337447218054,1.5874537108382887,1.6958082716944327,1.6958082716944327,relative_step_s
11,ALB,25,5477.249,5953.165,5953.165,MEDIUM>HARD,HARD,25,2,2.187999999999988,0.6189999999999856,1.5690000000000026,"ALO,COL,OCO,SAI,HUL",5,0.2749999999999915,1.2940000000000111,0.2230000000000132,0.0037036666666666663,0.0038536666666666667,88.87033333333333,86.68233333333335,1,25.0,0.35714285714285715,70,8,0.19699999999999562,1.4819999999999993,-1.3399999999999892,-1.4110000000000014,0.016958333333333186,0.016958333333333186,-0.975543212350928,0.06062399008177029,0.06062399008177029,1.634999999999991,0.16499999999999204,0,1,0,89.862,1.5029709680483307,-1.4819999999999993,-0.99166666666666,-1.2018750000000011,3.352000000000004,1.2704999999999984,0.0436656567484371,7.0,16.0,50.7,31.0,0.9000000000000057,0,0,26.1,1.7,0.011111,0.044444,12.336821,0,0.011111,15.700000000000003,0.011111,6.282266746896006,26,0,MEDIUM,89.862,0.0660000000000025,0.7683333333333355,5.0,20.0,-0.593664,0,1.514897553516821,1.1503789500509658,1.2805641655744855,1.4782950634603567,1.1466645039434396,1.2651039894851956,2.1287668563395536,1.8990943897685606,1.9811202706867725,2.258213103121838,1.9753736996578077,2.076387772323533,2.0585790300932514,1.6712496533831263,1.8095815736367424,1.845629013548929,1.5536992228993085,1.6579598624170302,1.9093080724874494,1.6355576617920466,1.7333256656118334,2.2474628004619586,1.9799507583406055,2.075490773383946,1.553211525577837,1.2529715873385006,1.360200136709692,1.7937062824376035,1.508385333281756,1.6102856722659873,1.6102856722659873,relative_step_s
11,RUS,26,5516.243,6040.764,6040.764,MEDIUM>HARD,HARD,26,2,2.2809999999999917,-0.4086666666666616,2.6896666666666533,"BEA,GAS,LAW,HAD,VER",5,0.8006666666666717,1.8889999999999816,0.30433333333333223,0.0038313333333333337,0.001984,86.42233333333333,84.14133333333334,1,26.0,0.37142857142857144,70,8,0.21100000000000563,0.5309999999999917,-0.4129999999999967,-0.5109999999999957,0.07707142857143014,0.07707142857143014,-0.4689946009963961,-0.007923327563818652,-0.007923327563818652,0.4129999999999967,0.4239999999999995,0,1,0,86.737,0.7223643772137365,-0.5309999999999917,-0.31466666666666754,-0.5051249999999925,0.02049999999999841,1.0714999999999932,-0.08499475613524879,7.0,7.0,50.7,30.9,0.9000000000000057,0,0,26.1,2.5,0.011494,0.034483,4.30835,0,0.011494,16.328000000000003,0.01195376,6.304448802421981,27,0,MEDIUM,86.737,-0.63066666666667,0.1180000000000092,5.0,21.0,-0.6850223333333334,0,1.514897553516821,1.1990081281184577,1.3079355161868589,1.4839929533647975,1.2026865137906215,1.299688734333441,1.604121957154818,1.41408404964545,1.479614362579715,1.634943960201049,1.3904033793680788,1.4747277175863445,1.170545609601033,0.8268408219338876,0.9453597142329032,1.4181743418762103,1.158683098201633,1.248162837399763,1.5767964697406112,1.3412506869034377,1.422473370640394,1.5043391183684636,1.271613626698149,1.351863796239637,1.0106351352968252,0.7276357511282905,0.8252217456691645,1.3359486816240476,1.0768304495327197,1.1661815640469708,1.1661815640469708,relative_step_s
11,BOR,28,5710.018,6217.757,6217.757,SOFT>HARD,HARD,28,2,1.7806666666666473,0.15566666666668993,1.6249999999999574,"STR,GAS,BEA,COL,SAI",5,0.17866666666665765,1.4463333333332997,0.2183333333333053,0.0,0.015461,87.353,85.57233333333335,1,28.0,0.4,70,8,0.18849999999999767,0.4370000000000118,-0.4370000000000118,-0.5395000000000039,0.10475000000000242,0.10475000000000242,-0.4473773865732511,0.008054354622249245,0.008054354622249245,0.5440000000000111,-0.33899999999999864,1,0,0,87.68,0.6890448555301845,-0.4370000000000118,-0.3270000000000124,-0.5575000000000045,1.3445000000000107,0.8135000000000048,-0.09669564537775319,7.0,8.0,50.0,30.9,-1.2999999999999972,0,0,25.6,3.7,0.0,0.0,17.844183,0,0.0,16.8,0.0,6.380122536899765,29,0,SOFT,87.68,-0.28333333333333144,0.6516666666666708,5.0,23.0,-0.9790476666666666,0,1.514897553516821,1.280674020678606,1.356229999013514,1.7387167575409996,1.5414391689888807,1.6050771007798867,1.6644115383341638,1.5429870262898455,1.5821562237234965,2.087491613930011,1.892537557493512,1.9554259627956083,2.4267467201945516,2.1220935169171,2.220368743780794,1.5670300091516258,1.3979806823185261,1.452512723232429,1.64398334061933,1.480452534282965,1.5332044072946958,2.0793343701324822,1.891086326817278,1.951811502080247,1.262619739356433,1.0796053644235906,1.138642259563217,1.62526153925109,1.446226688288973,1.5039798660186883,1.5039798660186883,relative_step_s
11,HAM,29,5756.635,6305.75,6305.75,HARD>HARD,HARD,16,2,1.659000000000006,-0.20266666666667277,1.8616666666666788,"HAD,LEC,VER,ANT,HUL",5,0.37566666666664617,1.4860000000000326,0.07066666666665355,0.009723999999999998,0.001996,85.68533333333335,84.02633333333334,1,16.0,0.4142857142857143,70,8,0.1844999999999999,0.07899999999999352,0.0,-0.09350000000000591,0.06033928571428555,0.06033928571428555,-0.05762978779912942,0.010693733182047614,0.010693733182047614,0.10800000000000409,0.28599999999999426,0,0,1,85.619,0.09002436192301388,-0.07899999999999352,0.0663333333333469,-0.14337499999999181,-1.211500000000001,0.9840000000000018,-0.04964555253223793,7.0,4.0,50.5,31.0,-0.7999999999999972,0,0,25.6,2.0,0.005848,0.040936,4.252818,0,-0.005848,9.92,0.0037427199999999997,6.405228458030842,30,1,HARD,85.619,-0.015333333333316546,0.7331666666666716,5.0,11.0,-0.013635000000000003,0,1.514897553516821,1.280674020678606,1.356229999013514,2.0979718120725708,1.9006942235204516,1.9643321553114579,1.7462728156155618,1.6248483035712435,1.6640175010048945,1.954703880936188,1.7597498244996892,1.8226382298017856,1.8244523495101612,1.5197991462327094,1.6180743730964036,1.2216419569645616,1.0525926301314619,1.1071246710453648,1.9578923534496877,1.7943615471133227,1.8471134201250534,1.831081369849524,1.6428333265343198,1.7035585017972887,1.022788410729282,0.8397740357964396,0.8988109309360661,1.8253060401438983,1.6462711891817812,1.7040243669114965,1.7040243669114965,relative_step_s
11,PIA,32,6006.097,6569.051,6569.051,HARD>HARD,HARD,16,2,1.2906666666666666,0.039666666666661854,1.2510000000000048,"HUL,ANT,LAW,NOR,VER",5,-0.2836666666666616,1.5346666666666664,0.45266666666667277,0.011662,0.011719,85.803,84.51233333333333,1,16.0,0.45714285714285713,70,8,0.23150000000000404,0.0,0.0,-0.23100000000000875,0.09224999999999936,0.09224999999999936,0.04435097062088289,0.11080505241327938,0.11080505241327938,-0.012000000000000455,0.07100000000000506,0,0,1,85.831,-0.06928132105444718,0.0,-0.028000000000005798,-0.30725000000001046,-0.5720000000000027,0.9789999999999992,0.018555052413280024,7.0,1.0,51.1,31.0,0.8000000000000043,0,0,25.9,1.3,0.017544,0.05848,3.967282,0,0.0001020000000000014,10.304,0.011228160000000001,6.4967749901858625,33,1,HARD,85.831,1.3913333333333213,1.6886666666666628,5.0,11.0,0.011662,0,1.514897553516821,1.2937797470113968,1.3628790615443418,2.0979718120725708,1.91378433829735,1.9713429238521065,1.8485743995954227,1.7072252355376847,1.751396849305728,1.864015629007357,1.6465952522669793,1.7145391199983473,1.8509285368391033,1.5378696141609334,1.6357005274978615,1.5825566569904295,1.4086173443975194,1.4629733795828037,2.087306273372223,1.9157401367562634,1.9693545544487507,2.137845205006143,1.9273146727297228,1.9931054640661041,1.8881511780108835,1.7141732962305416,1.7685413842868984,2.1144442561145427,1.933333430994449,1.9899305638444784,1.9899305638444784,relative_step_s
11,BEA,41,6904.63,7377.768,7377.768,HARD>HARD,HARD,19,2,2.299666666666667,0.6276666666666841,1.6719999999999828,"STR,OCO,LIN,ALB,COL",5,,,0.42233333333332723,0.015045999999999999,0.01929033333333333,88.54,86.24033333333334,1,19.0,0.5857142857142857,70,3,1.0600000000000023,1.0600000000000023,-1.0600000000000023,-1.0600000000000023,0.4,0.4,-0.6108469801021386,0.15704055878382422,0.15704055878382422,1.0600000000000023,0.051499999999997215,0,0,1,89.694,1.2759540229885147,-1.0600000000000023,-1.1539999999999964,-1.1539999999999964,4.1625000000000085,0.880500000000005,-0.2429594412161758,2.0,19.0,49.9,31.0,0.29999999999999716,0,0,26.1,1.9,0.01676,0.061453,4.455229,0,-0.0001889999999999982,11.323999999999998,0.0127376,6.782192056006791,42,2,HARD,89.694,0.0,0.0,19.0,0.0,0.0,0,1.514897553516821,1.3804033756763086,1.4177628695208953,2.1261934805070823,1.9706763872466015,2.0138755798189574,2.746472625142811,2.6485599718106223,2.6757579310695636,2.93220405350651,2.7438552058515246,2.7961743302001314,3.0135978549648392,2.754650309513636,2.826580183250081,2.292633944488606,2.2084518480003923,2.2318357636915627,2.23739701768142,2.0984316288583558,2.1370331257536512,2.640210264020085,2.4572510932468323,2.5080730851282915,1.4145235039405217,1.3535860220471505,1.3705131003508648,2.0555426459689357,1.9225401330288454,1.9594852755122039,1.9594852755122039,relative_step_s
11,LAW,41,6835.414,7377.768,7377.768,HARD>SOFT,SOFT,20,2,1.4193333333333413,-0.4796666666666738,1.8990000000000151,"LIN,OCO,BOR,ALO,COL",5,,,0.20766666666666822,0.0019266666666666668,0.005859333333333334,86.55433333333333,85.13499999999999,1,20.0,0.5857142857142857,70,3,0.06900000000000261,0.0,0.0,0.0,0.03450000000000131,0.03450000000000131,0.05293075365381128,-0.0034840714327639462,-0.0034840714327639462,-0.14500000000001023,-0.21699999999999875,0,0,1,86.529,-0.11056321839080852,0.0,0.025333333333335872,0.025333333333335872,0.9359999999999928,1.0489999999999924,-0.037984071432765255,2.0,9.0,49.6,31.0,0.30000000000000426,0,0,26.0,2.2,0.00578,0.046243,4.656187,0,0.00578,11.68,0.0046240000000000005,6.761572768804055,42,2,HARD,86.529,0.0,0.0,20.0,0.0,0.0,0,1.514897553516821,1.3804033756763086,1.4177628695208953,1.5344885198625076,1.3789714266020268,1.4221706191743826,1.170472713548756,1.0725600602165675,1.0997580194755088,1.344283434681462,1.1559345870264766,1.2082537113750837,1.9427270754553736,1.68377953000417,1.7557094037406156,1.4233002254513383,1.3391181289631247,1.362502044654295,1.7879035241076138,1.6489381352845496,1.6875396321798453,1.3703919327483658,1.1874327619751133,1.2382547538565722,1.1427086052941855,1.0817711234008143,1.0986982017045284,1.6443615539988765,1.5113590410587863,1.5483041835421447,1.5483041835421447,relative_step_s
11,SAI,42,6982.468,7489.188,7489.188,MEDIUM>SOFT,SOFT,24,5,1.9456666666666678,0.6723333333333272,1.2733333333333405,"ALB,OCO,LIN,RUS,STR",5,,,0.26166666666667027,0.013247333333333333,0.017408666666666666,88.146,86.20033333333333,1,24.0,0.6,70,4,0.16799999999999926,-0.8495000000000061,0.7560000000000002,0.8495000000000061,-0.25066666666666515,-0.25066666666666515,0.5069189864627504,-0.09793031143034404,-0.09793031143034404,-1.0919999999999987,-0.04599999999999227,0,1,0,87.53,-0.9676069583846925,0.8495000000000061,0.6159999999999997,0.6977500000000134,2.2590000000000003,0.7905000000000015,0.15273635523632112,3.0,17.0,49.9,31.4,0.0,0,0,26.1,1.9,0.017143,0.04,4.34774,0,0.011493,14.303999999999998,0.016457279999999998,6.80128303447162,43,2,MEDIUM,87.53,0.0,0.0,23.5,0.5,0.0,0,1.514897553516821,1.3804033756763086,1.4177628695208953,0.871484990099837,0.7159678968393564,0.7591670894117121,0.8025091190349916,0.7045964657028029,0.7317944249617442,1.0586211031997221,0.8702722555447366,0.9225913798933437,1.9098878933110153,1.6509403478598117,1.7228702215962572,1.3948863312883695,1.3107042348001559,1.3340881504913262,0.881859926681552,0.7428945378584878,0.7814960347537834,1.0839913236862786,0.9010321529130261,0.951854144794485,1.1203190752387253,1.059381593345354,1.0763086716490684,0.8261428481833301,0.6931403352432399,0.7300854777265983,0.7300854777265983,relative_step_s
12,BOR,10,6061.59,6470.732,6470.732,SOFT>MEDIUM,MEDIUM,11,2,1.0156666666666467,-0.3426666666666591,1.3583333333333059,"OCO,ALB,ALO,LIN,GAS",5,,,0.13599999999998147,0.9978903333333333,0.234463,78.96333333333332,77.94766666666668,1,11.0,0.1388888888888889,72,5,0.22399999999998954,0.06300000000000239,-0.06300000000000239,-0.06300000000000239,-0.10624999999999218,-0.10624999999999218,-0.13768957854976804,-0.03375251983486479,-0.03375251983486479,0.28699999999999193,0.16199999999999193,1,0,0,79.08,0.26224715440548607,-0.06300000000000239,-0.11666666666667425,0.10660000000000025,0.41499999999999204,0.5299999999999869,0.07249748016512739,4.0,13.0,35.0,19.2,-0.8999999999999986,0,0,57.6,1.7,0.993671,1.0,0.447923,0,-0.006329000000000029,0.0,0.43721524,5.2832037287379885,11,4,SOFT,79.08,0.0,0.0,10.0,1.0,0.0,0,1.4908583959899755,1.4908583959899755,1.4908583959899755,1.4037744702460573,1.4037744702460573,1.4037744702460573,1.1370169267047505,1.1370169267047505,1.1370169267047505,0.5498452440769059,0.5498452440769059,0.5498452440769059,0.024946049349942934,0.024946049349942934,0.024946049349942934,1.145879689575978,1.145879689575978,1.145879689575978,1.1209644970853934,1.1209644970853934,1.1209644970853934,0.6118038020522042,0.6118038020522042,0.6118038020522042,1.0798202450619223,1.0798202450619223,1.0798202450619223,0.9369338794633377,0.9369338794633377,0.9369338794633377,0.9369338794633377,relative_step_s
12,STR,14,6381.364,6794.609,6794.609,SOFT>HARD,HARD,12,2,0.5866666666666731,0.09600000000000364,0.49066666666666947,"ALB,SAI,ALO,LIN,COL",5,0.10566666666669278,0.3849999999999767,0.07099999999998374,0.117959,0.06544100000000001,79.36166666666666,78.77499999999999,1,12.0,0.19444444444444445,72,8,0.10799999999999699,0.0,0.0,-0.04949999999999477,-0.007333333333335191,-0.007333333333335191,-0.00038254771595802595,-0.022609367596497572,-0.022609367596497572,-0.40099999999999625,0.03999999999999204,1,0,0,79.291,0.0006583830622020059,0.0,0.07066666666666777,0.03700000000000614,0.23850000000000193,0.5859999999999914,-0.015276034263162382,7.0,14.0,33.7,19.1,-1.1999999999999957,0,0,59.5,0.8,0.0,0.632911,2.189453,0,-0.04375,-0.6239999999999987,0.0,5.627621113690637,15,4,SOFT,79.291,0.12699999999999534,-0.14783333333333343,7.0,5.0,-0.5208306666666667,0,1.4908583959899755,1.4908583959899755,1.4908583959899755,1.4477526902598437,1.4477526902598437,1.4477526902598437,1.267194114830609,1.267194114830609,1.267194114830609,1.2724367808254904,1.2724367808254904,1.2724367808254904,0.8805920498073845,0.8805920498073845,0.8805920498073845,1.2401825182846875,1.2401825182846875,1.2401825182846875,1.366019098369666,1.366019098369666,1.366019098369666,1.1546751651017826,1.1546751651017826,1.1546751651017826,1.1940079720693182,1.1940079720693182,1.1940079720693182,1.2878552700012753,1.2878552700012753,1.2878552700012753,1.2878552700012753,relative_step_s
12,OCO,15,6457.424,6874.532,6874.532,SOFT>HARD,HARD,16,2,-0.2539999999999907,0.06666666666666288,-0.32066666666665355,"LIN,ALB,SAI,ALO,COL",5,-0.010000000000019327,-0.31066666666663423,0.05933333333332769,0.5503146666666666,0.552902,79.30300000000001,79.557,1,16.0,0.20833333333333334,72,8,0.13649999999999807,-0.01300000000000523,0.01300000000000523,-0.04949999999999477,0.06325000000000003,0.06325000000000003,0.03410614931314626,0.02351352582220718,0.02351352582220718,-0.01300000000000523,0.04099999999999682,1,0,0,79.244,-0.05711420481844698,0.01300000000000523,0.05900000000001171,-0.09262499999999818,0.24899999999999523,0.7944999999999993,-0.039736474177792844,7.0,12.0,35.2,19.3,1.5,0,0,58.5,1.5,0.522013,1.0,0.953811,0,0.02201299999999995,0.1280000000000018,0.33408832,5.69035945432406,16,4,SOFT,79.244,0.35266666666667845,4.718447854656915e-15,10.0,6.0,-0.21550800000000003,0,1.4908583959899755,1.4908583959899755,1.4908583959899755,1.5070226441025825,1.5070226441025825,1.5070226441025825,1.3832028234057463,1.3832028234057463,1.3832028234057463,0.7494239804700416,0.7494239804700416,0.7494239804700416,0.3180127946108011,0.3180127946108011,0.3180127946108011,1.1750372625090084,1.1750372625090084,1.1750372625090084,1.2752105319348392,1.2752105319348392,1.2752105319348392,0.6467390597277658,0.6467390597277658,0.6467390597277658,1.1611930929475154,1.1611930929475154,1.1611930929475154,1.2408998719537523,1.2408998719537523,1.2408998719537523,1.2408998719537523,relative_step_s
12,RUS,16,6512.608,6957.451,6957.451,MEDIUM>HARD,HARD,16,2,1.2576666666666654,0.1043333333333436,1.1533333333333218,"HAM,ALB,LIN,SAI,ALO",5,-0.06200000000001182,1.2153333333333336,0.052333333333351106,0.021505333333333335,0.021929666666666667,77.68966666666667,76.432,1,16.0,0.2222222222222222,72,8,0.16049999999999187,0.0350000000000108,0.0,-0.17799999999999727,0.09408928571428708,0.09408928571428708,-0.014526729794582138,0.036638319600141134,0.036638319600141134,-0.13599999999999568,0.057999999999992724,0,1,0,77.656,0.023791495498699078,-0.0350000000000108,0.03366666666666163,-0.20050000000000523,-1.3419999999999987,1.031000000000006,-0.05745096611414595,7.0,4.0,36.1,19.2,1.3000000000000043,0,0,58.6,1.3,0.0,0.554839,2.364235,0,0.0,0.704000000000001,0.0,5.730099782973574,17,4,MEDIUM,77.656,0.4749999999999943,0.19066666666666277,9.0,7.0,-0.35873466666666665,0,1.4908583959899755,1.4687708855471973,1.4825755795739337,1.3767941145221572,1.3692205917033653,1.3739540434651103,1.1713742082653422,1.2082602760367682,1.185206483679627,0.8485784750037357,0.9833264898798024,0.8991089805822607,0.39928980403751635,0.6215210180347435,0.48262650928647655,0.8932435452200596,0.9286524858462809,0.9065218979548926,1.1067821669496825,1.1463436396576678,1.121617719215177,0.9081764407382273,1.0325980292850776,0.9548345364432962,0.9589088749816504,1.0053277230268811,0.9763159429986119,1.1273330992673471,1.1975663415790085,1.15367056513422,1.15367056513422,relative_step_s
12,GAS,17,6606.811,7054.249,7054.249,MEDIUM>HARD,HARD,18,2,0.24833333333334906,0.11966666666667436,0.1286666666666747,"LIN,ALB,ALO,SAI,BOR",5,-0.10133333333334349,0.2300000000000182,0.08166666666667766,0.0,0.7750406666666666,78.91933333333334,78.67099999999999,1,18.0,0.2361111111111111,72,8,0.19550000000000267,0.1280000000000001,0.0,-0.24200000000000443,0.05991666666666854,0.05991666666666854,-0.05838011623244199,0.039967251713153636,0.039967251713153636,0.1280000000000001,0.04099999999999682,0,1,0,78.944,0.09396622551544453,-0.1280000000000001,-0.024666666666661285,-0.20999999999999375,0.0,0.8220000000000027,-0.019949414953514905,7.0,8.0,36.3,19.2,0.19999999999999574,0,0,58.6,0.7,0.0,0.0,7.43392,0,0.0,0.935999999999998,0.0,5.805134968916488,18,4,MEDIUM,78.944,0.41533333333335065,0.12250000000000229,10.0,8.0,-0.061570999999999994,0,1.4908583959899755,1.4687708855471973,1.4825755795739337,1.4064290914435267,1.3988555686247348,1.4035890203864798,1.4183931299940529,1.4552791977654786,1.4322254054083376,1.2678870152553883,1.402635030131455,1.3184175208339133,1.0024545452153864,1.2246857592126135,1.0857912504643465,1.333218993869774,1.3686279344959953,1.346497346604607,1.351470588234236,1.3910320609422213,1.3663061404997305,1.0744063978642409,1.1988279864110911,1.1210644935693097,1.2782199561625367,1.3246388042077673,1.2956270241794983,1.3000345505624469,1.3702677928741083,1.3263720164293198,1.3263720164293198,relative_step_s
12,PIA,17,6587.595,7054.249,7054.249,HARD>HARD,HARD,15,2,1.1583333333333314,0.11966666666667436,1.038666666666657,"HAM,LIN,ALB,ALO,SAI",5,0.11566666666665526,0.9230000000000018,0.06199999999999761,0.0,0.6697196666666666,77.47099999999999,76.31266666666666,1,15.0,0.2361111111111111,72,8,0.11049999999999471,0.023000000000010346,0.0,-0.15050000000000807,0.02850000000000108,0.02850000000000108,-0.01779544460352156,0.03174670857419846,0.03174670857419846,-0.04099999999999682,-0.09449999999999648,0,0,1,77.465,0.028642813147271795,-0.023000000000010346,0.0059999999999860165,-0.12999999999999545,-1.4089999999999918,1.0075000000000003,0.003246708574197378,7.0,3.0,36.3,19.2,0.19999999999999574,0,0,58.6,0.7,0.0,0.0,4.991074,0,0.0,0.7799999999999983,0.0,5.7899601708972535,18,4,HARD,77.465,0.2603333333333211,0.026166666666663785,7.0,8.0,0.0,0,1.4908583959899755,1.4687708855471973,1.4825755795739337,1.9938177885951318,1.98624426577634,1.990977717538085,1.5278072163593006,1.5646932841307266,1.5416394917735854,1.3447205273490044,1.479468542225071,1.3952510329275294,1.053701348709825,1.2759325627070521,1.1370380539587852,0.9176987767925681,0.9531077174187894,0.9309771295274011,1.908512523277985,1.9480739959859703,1.9233480755434795,1.102071993648396,1.2264935821952463,1.1487300893534649,0.9276857235119363,0.9741045715571669,0.9450927915288978,1.7868581687216654,1.8570914110333268,1.8131956345885383,1.8131956345885383,relative_step_s
12,TSU,17,6611.143,7054.249,7054.249,SOFT>HARD,HARD,15,2,0.6586666666666616,0.11966666666667436,0.5389999999999873,"ALB,LIN,ALO,SAI,HAM",5,-0.07699999999999818,0.6159999999999854,0.06199999999999761,0.0,0.006369333333333334,78.93733333333333,78.27866666666667,1,15.0,0.2361111111111111,72,8,0.16499999999999915,-0.31400000000000716,0.2670000000000101,0.19700000000000273,0.0537083333333328,0.0537083333333328,0.19208120253505,0.003023156420668884,0.003023156420668884,-0.37000000000000455,0.04099999999999682,1,0,0,78.725,-0.30916597566920245,0.31400000000000716,0.21233333333333348,0.15462500000001,-0.20700000000000784,0.8340000000000032,-0.050685176912663915,7.0,10.0,36.3,19.2,0.19999999999999574,0,0,58.6,0.7,0.0,0.356688,2.842693,0,0.0,0.7799999999999983,0.0,5.811140992976701,18,4,SOFT,78.725,0.16866666666665253,-0.16450000000000387,7.0,8.0,-0.26794566666666664,0,1.4908583959899755,1.4687708855471973,1.4825755795739337,1.4922051556418976,1.4846316328231057,1.4893650845848507,1.2270309509199377,1.2639170186913637,1.2408632263342225,1.0467397591737453,1.181487774049812,1.0972702647522703,0.6203449441815816,0.8425761581788087,0.7036816494305418,0.9673476383468769,1.0027565789730981,0.9806259910817099,1.3429468663896178,1.3825083390976032,1.3577824186551124,0.8000844183170178,0.9245060068638681,0.8467425140220867,0.880061784260797,0.9264806323060275,0.8974688522777584,1.2100997923263437,1.280333034638005,1.2364372581932166,1.2364372581932166,relative_step_s
12,HUL,18,6687.226,7132.495,7132.495,SOFT>SOFT,SOFT,19,2,-0.25133333333333496,-0.1729999999999876,-0.07833333333334735,"ALB,LIN,SAI,BOR,ALO",5,0.1353333333333353,-0.21366666666668266,0.08166666666669187,0.310933,0.9957806666666666,78.76466666666667,79.016,1,19.0,0.25,72,8,0.23050000000001347,0.33500000000000796,-0.3960000000000008,-0.36549999999999727,0.03575000000000135,0.03575000000000135,-0.17429123358505194,0.01970462426210846,0.01970462426210846,0.3960000000000008,-0.014500000000005286,1,0,0,79.061,0.2768594148219421,-0.33500000000000796,-0.29633333333333667,-0.23387500000001182,0.11700000000000443,0.38700000000000045,-0.01604537573789289,7.0,8.0,37.3,19.5,1.0,0,1,58.1,1.1,0.550633,1.0,0.895632,0,0.28311700000000006,1.7479999999999978,0.41848108000000006,5.863631175598097,19,4,SOFT,79.061,0.16466666666666185,-0.10616666666666673,10.0,9.0,-0.05556433333333327,0,1.4908583959899755,1.4687708855471973,1.4825755795739337,1.0336187115860311,1.0260451887672393,1.0307786405289843,0.6920538419943926,0.7289399097658185,0.7058861174086772,0.215185787284482,0.3499338021605487,0.265716292863007,0.1453837805233842,0.3676149945206113,0.22872048577234438,1.2855823874971772,1.3209913281233985,1.2988607402320103,0.6304322609521738,0.6699937336601591,0.6452678132176682,0.10322106283627108,0.22764265138312134,0.14987915854133993,1.2788053223497637,1.3252241703949943,1.2962123903667253,0.6129885319390438,0.6832217742507052,0.6393259978059168,0.6393259978059168,relative_step_s
12,ANT,20,6812.883,7287.437,7287.437,MEDIUM>HARD,HARD,20,2,1.3910000000000053,-0.3506666666666547,1.74166666666666,"LIN,ALO,ALB,SAI,STR",5,-0.3823333333333352,2.1239999999999952,0.09199999999998454,0.0,0.0,77.46233333333333,76.07133333333333,1,20.0,0.2777777777777778,72,8,0.10949999999999704,0.23499999999999943,-0.15900000000000603,-0.27250000000000796,0.07658571428571373,0.07658571428571373,-0.06194653840968556,0.0744500094677138,0.0744500094677138,0.15900000000000603,0.15900000000000603,0,1,0,77.601,0.09676762324909305,-0.23499999999999943,-0.1386666666666656,-0.3100000000000023,-1.397500000000008,0.9074999999999989,-0.002135704817999934,7.0,1.0,38.0,19.5,0.7000000000000028,0,0,55.6,0.7,0.0,0.0,18.405993,0,0.0,2.4,0.0,5.953243334287785,21,4,MEDIUM,77.601,0.7710000000000008,0.6078333333333226,9.0,11.0,0.0,0,1.4908583959899755,1.3290417114214075,1.4242279964617417,1.436064068364896,1.2928459025783352,1.3770918824527827,1.2647649254327764,1.185449062356293,1.2321054524012833,1.0508260032021208,1.0546428567874893,1.052397648796096,0.6404472810692937,0.7752275526182434,0.6959450399423907,1.1024362788016697,1.0257131062501426,1.070844384221629,1.1697783002811355,1.078637786644695,1.13224985348966,1.0600534260037664,1.0718421449817648,1.0649076044064716,1.3094675038124313,1.248777758507965,1.2844776086870626,1.3948632313642693,1.3411790671550352,1.3727579872781142,1.3727579872781142,relative_step_s
12,COL,20,6873.082,7287.437,7287.437,MEDIUM>HARD,HARD,18,2,2.715666666666678,-0.25866666666667015,2.974333333333348,"PER,BOT,SAI,LIN,ALO",5,-0.9226666666666716,3.89700000000002,0.09199999999998454,0.890269,0.0,80.44500000000001,77.72933333333333,1,18.0,0.2777777777777778,72,8,0.30100000000000904,0.0,-0.13300000000000978,-0.26200000000001467,0.1939761904761901,0.1939761904761901,0.06788404663330994,0.13626177232854791,0.13626177232854791,0.13300000000000978,0.054999999999999716,0,1,0,80.641,-0.11117870386168249,0.0,-0.19599999999999795,-0.44137500000000784,1.9040000000000106,0.6749999999999972,-0.057714418147642194,7.0,18.0,38.2,19.5,0.4000000000000057,0,0,56.3,0.9,0.968944,1.0,0.456765,0,0.024845000000000006,2.304000000000002,0.6976396800000001,5.996452088619021,21,5,MEDIUM,80.641,1.0206666666666706,1.0940000000000036,11.0,7.0,0.598652,0,1.4908583959899755,1.3290417114214075,1.4242279964617417,1.4064290914435267,1.263210925656966,1.3474569055314134,1.7513294740070342,1.6720136109305508,1.7186700009755411,1.137643770851331,1.1414606244366994,1.139215416445306,1.3113696399274102,1.4461499114763599,1.3668673988005071,1.7198412202992723,1.6431180477477452,1.6882493257192317,1.5428780478408892,1.4517375342044487,1.5053496010494136,0.9597576282024243,0.9715463471804227,0.9646118066051295,2.0247793138961936,1.9640895685917272,1.999789418770825,1.7459246220252347,1.6922404578160006,1.7238193779390796,1.7238193779390796,relative_step_s
12,LAW,20,6834.993,7287.437,7287.437,SOFT>MEDIUM,MEDIUM,18,2,1.403333333333336,-0.3506666666666547,1.7539999999999907,"ALO,LIN,ALB,SAI,STR",5,-0.7670000000000101,2.521000000000001,0.09199999999998454,0.004232666666666667,0.3018996666666666,78.829,77.42566666666666,1,18.0,0.2777777777777778,72,8,0.3819999999999908,0.0,0.01300000000000523,-0.3754999999999882,0.14374999999999857,0.14374999999999857,0.028953324177933837,0.09159196823517166,0.09159196823517166,-0.26300000000000523,0.15900000000000603,1,0,0,78.737,-0.045228424990099825,0.0,0.09199999999999875,-0.32450000000000045,-0.194500000000005,0.7974999999999994,-0.05215803176482692,7.0,5.0,38.0,19.5,0.20000000000000284,0,0,55.6,0.7,0.0,0.0,9.616457,0,-0.006329,2.16,0.0,5.963579343618446,21,5,SOFT,78.737,1.103999999999985,0.9394999999999906,7.0,11.0,-0.03232633333333333,0,1.4908583959899755,1.3290417114214075,1.4242279964617417,1.5074968894708503,1.3642787236842895,1.448524703558737,1.401244154683413,1.3219282916069295,1.3685846816519198,1.2488796501229582,1.2526965037083266,1.2504512957169334,0.8487163070780148,0.9834965786269645,0.9042140659511118,1.4807500033888632,1.404026830837336,1.4491581088088226,1.2406964154799467,1.1495559018435062,1.203167968688471,1.3724778706894776,1.384266589667476,1.3773320490921828,1.7605721473601341,1.6998824020556678,1.7355822522347655,1.5228505798322192,1.4691664156229851,1.500745335746064,1.500745335746064,relative_step_s
12,LEC,20,6823.06,7287.437,7287.437,SOFT>MEDIUM,MEDIUM,18,2,1.5660000000000167,-0.3506666666666547,1.9166666666666714,"LIN,ALO,ALB,SAI,STR",5,0.6316666666666606,1.2850000000000108,0.09199999999998454,0.006451666666666667,0.0,77.39966666666668,75.83366666666666,1,18.0,0.2777777777777778,72,8,0.18200000000000216,0.0,0.0,0.039500000000003865,-0.004150000000000631,-0.004150000000000631,0.08818626446975486,0.0044985618187224664,0.0044985618187224664,-0.07899999999999352,0.15900000000000603,1,0,0,77.435,-0.13775709563489613,0.0,-0.03533333333332678,0.10174999999999557,-1.5635000000000048,0.7974999999999994,0.008648561818723097,7.0,3.0,38.0,19.5,0.20000000000000284,0,0,55.6,0.7,0.0,0.0,7.785254,0,-0.012903,2.16,0.0,5.958424693029782,21,4,SOFT,77.435,0.2220000000000084,0.0588333333333253,7.0,11.0,-0.980575,0,1.4908583959899755,1.3290417114214075,1.4242279964617417,1.5074968894708503,1.3642787236842895,1.448524703558737,0.9627013985211643,0.8833855354446809,0.9300419254896711,0.8123272636080481,0.8161441171934165,0.8138989092020233,0.23215308012375924,0.3669333516727089,0.2876508389968562,0.7636774070239316,0.6869542344724044,0.732085512443891,0.9989721790104529,0.9078316653740123,0.9614437322189774,1.1736973943147226,1.185486113292721,1.1785515727174278,0.8363151125696702,0.7756253672652037,0.8113252174443016,0.9444175861679378,0.8907334219587039,0.9223123420817827,0.9223123420817827,relative_step_s
12,NOR,20,6815.18,7287.437,7287.437,SOFT>HARD,HARD,21,2,1.4639999999999986,-0.3506666666666547,1.8146666666666533,"LIN,ALO,ALB,SAI,STR",5,-0.43166666666667197,2.2463333333333253,0.09199999999998454,0.06897166666666667,0.18601666666666664,77.59033333333333,76.12633333333333,1,21.0,0.2777777777777778,72,8,0.1355000000000075,0.3790000000000049,-0.3130000000000024,-0.4934999999999974,0.08116666666666697,0.08116666666666697,-0.17793629890293516,0.07666613567048673,0.07666613567048673,0.3130000000000024,0.20400000000000773,1,0,0,77.821,0.27795697994780255,-0.3790000000000049,-0.23066666666666436,-0.46162499999999795,-1.177500000000009,0.7974999999999994,-0.004500530996180238,7.0,2.0,38.0,19.5,0.7000000000000028,0,0,55.6,0.7,0.025641,0.730769,2.066214,0,-0.058230000000000004,2.52,0.02153844,5.955837369464831,21,4,SOFT,77.821,0.820999999999998,0.6578333333333244,10.0,11.0,-0.5969453333333333,0,1.4908583959899755,1.3290417114214075,1.4242279964617417,1.577500548199534,1.4342823824129731,1.5185283622874206,1.3304100047071707,1.2510941416306873,1.2977505316756777,1.0838239345502458,1.0876407881356143,1.085395580144221,0.554254701179181,0.6890349727281306,0.6097524600522779,1.1183240452988519,1.0416008727473247,1.0867321507188112,1.2495016997846213,1.1583611861481808,1.2119732529931457,1.3864217811120945,1.3982105000900928,1.3912759595147997,1.3361049340861615,1.2754151887816951,1.3111150389607928,1.4578394740047886,1.4041553097955546,1.4357342299186335,1.4357342299186335,relative_step_s
12,HAM,24,7135.403,7617.105,7617.105,SOFT>HARD,HARD,25,2,1.9906666666666553,-0.7649999999999864,2.7556666666666416,"PIA,BOR,TSU,RUS,LIN",5,0.12366666666666504,2.6319999999999766,0.35300000000002285,0.006451666666666667,0.0,77.678,75.68733333333334,1,25.0,0.3333333333333333,72,8,0.12049999999999272,-0.006000000000000227,0.0,0.0030000000000001137,0.01008333333333174,0.01008333333333174,0.007804642950105745,0.01732331029370511,0.01732331029370511,-0.1559999999999917,0.32500000000000284,1,0,0,77.715,-0.012046597069229392,0.006000000000000227,-0.03700000000000614,-0.06212500000000887,-1.399499999999989,0.8900000000000006,0.00723997696037337,7.0,1.0,36.1,19.3,0.3999999999999986,0,0,57.1,0.9,0.0,0.374194,2.916271,0,0.0,1.1000000000000014,0.0,6.142037405587356,25,4,SOFT,77.715,0.4129999999999967,0.15349999999999397,10.0,15.0,-0.48392666666666667,0,1.4908583959899755,0.9049198958935764,1.1596757655007064,1.6223323492163852,1.0568132723140304,1.3026911318367933,1.2457637443073835,0.821578625399113,1.0060069379679262,1.0133273774566856,0.7837003849357488,0.8835382077709386,0.43048156965248197,0.42009244274715835,0.42460945444512516,0.8125897218775489,0.45501094145989385,0.6104799764240917,1.118649836283083,0.6730596927040846,0.8667945377384318,1.0756024579735122,0.9147169446181822,0.9846671678161517,0.9875620875254288,0.6453285256270578,0.7941257264524364,1.176167751086402,0.7766803281965099,0.9503705120616803,0.9503705120616803,relative_step_s
12,ALB,25,7248.96,7696.471,7696.471,HARD>HARD,HARD,23,2,0.9423333333333233,-0.8353333333333524,1.7776666666666756,"HUL,STR,GAS,LIN,BOR",5,0.009666666666674928,1.7680000000000007,0.21633333333332416,0.12083333333333333,0.137265,79.484,78.54166666666667,1,23.0,0.3472222222222222,72,8,0.11299999999999955,0.0,0.10699999999999932,0.028999999999996362,-0.0038333333333322155,-0.0038333333333322155,0.24142919777484906,0.024737812167247544,0.024737812167247544,-0.9339999999999975,-0.10999999999999943,0,0,1,79.137,-0.3723106556082172,0.0,0.3469999999999942,0.1349999999999909,0.012000000000000455,0.7789999999999964,0.028571145500579757,7.0,8.0,34.3,19.1,-0.30000000000000426,0,1,56.1,1.5,0.0,0.220126,3.698032,0,-0.3625,-0.6440000000000026,0.0,6.198478716492308,26,4,HARD,79.137,0.5249999999999915,0.1426666666666752,7.0,16.0,-0.4119543333333333,0,1.4908583959899755,0.9049198958935764,1.1596757655007064,2.1015290816611936,1.5360100047588388,1.7818878642816016,1.950053274906969,1.5258681559986984,1.7102964685675117,1.80790449037864,1.5782774978577032,1.6781153206928932,1.8321609284528177,1.8217718015474942,1.8262888132454609,1.3861904136744183,1.0286116332567632,1.184080668220961,1.8825129803182914,1.436922836739293,1.6306576817736402,1.6261796547293301,1.4652941413740002,1.5352443645719698,1.2912480452379194,0.9490144833395482,1.097811684164927,1.8334815024505595,1.4339940795606676,1.607684263425838,1.607684263425838,relative_step_s
12,BOT,27,7434.852,7854.102,7854.102,HARD>HARD,HARD,25,4,1.7966666666666526,0.7706666666666706,1.025999999999982,"GAS,ALO,STR,HUL,LIN",5,-0.6210000000000093,1.6469999999999914,0.7233333333333434,0.2849733333333333,0.30473100000000003,80.79566666666666,78.99900000000001,1,25.0,0.375,72,8,0.16499999999999915,0.0,0.26200000000000045,-0.15399999999999636,0.09191666666666502,0.09191666666666502,0.150371178685603,0.03239443612719733,0.03239443612719733,-0.5110000000000099,-0.1944999999999979,0,0,1,80.538,-0.23168510680000054,0.0,0.2576666666666654,-0.07724999999999227,1.6769999999999925,1.5009999999999906,-0.059522230539467695,7.0,18.0,33.0,19.2,-0.6000000000000014,0,0,54.8,2.8,0.304348,0.857143,1.197477,0,-0.053676999999999975,-2.0,0.304348,6.295266001439646,28,4,HARD,80.538,0.9893333333333203,0.5843333333333383,7.0,18.0,-0.10750566666666672,0,1.4908583959899755,1.220293998886101,1.3169241407089134,2.1239449821696192,1.869200418094789,1.9601806195500855,2.210635739661495,2.098217785782287,2.1383670550248612,1.9666071337037634,2.071200567494121,2.0338457697118506,2.3001358743407105,2.660098856239958,2.5315406484187983,1.4982203880449967,1.4630970676611756,1.4756411106553975,1.9396658063137024,1.8400455187808857,1.8756241928997488,1.770899852986425,1.890756161841511,1.847950337250409,1.8484018441077588,1.7642384006038647,1.7942967732838269,2.0050870739449063,1.890759370743255,1.9315906933152733,1.9315906933152733,relative_step_s
12,PER,28,7516.586,7932.734,7932.734,HARD>HARD,HARD,26,2,2.103666666666655,1.5626666666666722,0.5409999999999826,"GAS,TSU,LIN,HUL,ALO",5,0.42900000000001626,0.11199999999996635,0.28999999999999204,0.18669766666666665,0.0,80.27699999999999,78.17333333333333,1,26.0,0.3888888888888889,72,8,0.21600000000000819,-0.031999999999996476,0.0,0.07549999999999102,-0.03835714285714363,-0.03835714285714363,0.1062670570533868,-0.014551112848812579,-0.014551112848812579,0.1910000000000025,0.07099999999999795,0,0,1,80.33,-0.16370135521580664,0.031999999999996476,-0.05300000000001148,0.17524999999999125,1.880999999999986,1.5524999999999949,0.02380603000833105,7.0,18.0,32.3,19.1,-0.7000000000000028,0,0,54.0,1.1,0.360248,1.0,1.137509,0,0.18524800000000002,-2.808000000000003,0.37465792,6.331501849893691,29,4,HARD,80.33,0.32099999999998374,0.13433333333333053,7.0,19.0,-0.4445523333333333,0,1.4908583959899755,1.220293998886101,1.3169241407089134,2.135152932423832,1.8804083683490018,1.9713885698042983,2.076310796877025,1.9638928429978166,2.0040421122403913,1.8357183090411535,1.9403117428315113,1.9029569450492407,1.9471332937287178,2.3070962756279654,2.1785380678068056,1.3913570389778955,1.3562337185940745,1.3687777615882963,1.9546689927275263,1.8550487051947095,1.8906273793135726,1.6704905058037454,1.7903468146588313,1.7475409900677292,1.3340483179540592,1.2498848744501652,1.2799432471301273,1.8945094878792808,1.7801817846776296,1.8210131072496478,1.8210131072496478,relative_step_s
12,SAI,29,7579.364,8011.771,8011.771,SOFT>HARD,HARD,27,2,0.7596666666666749,1.2710000000000008,-0.5113333333333259,"LIN,GAS,STR,COL,TSU",5,-0.9763333333333293,0.4650000000000034,0.37333333333332064,0.084912,0.14307666666666666,80.10933333333334,79.34966666666666,1,27.0,0.4027777777777778,72,8,0.15800000000000125,0.7630000000000052,-0.7630000000000052,-1.0045000000000073,0.10150000000000148,0.10150000000000148,-0.5351120821911479,0.08364067781378726,0.08364067781378726,0.7630000000000052,-0.036999999999999034,1,0,0,80.706,0.8242429826307784,-0.7630000000000052,-0.596666666666664,-0.8661250000000109,2.4039999999999964,1.703000000000003,-0.01785932218621422,7.0,11.0,32.0,19.0,-0.29999999999999716,0,1,55.3,1.2,0.248447,0.732919,1.428542,0,0.248447,-3.24,0.26832276,6.354370040797351,30,4,SOFT,80.706,0.798000000000016,0.7820000000000012,7.0,20.0,-0.15926966666666664,0,1.4908583959899755,1.220293998886101,1.3169241407089134,1.6447482497248107,1.3900036856499804,1.480983887105277,1.8823407334916966,1.7699227796124881,1.8100720488550626,1.6329950304938445,1.7375884642842023,1.7002336665019318,1.6246006345941952,1.984563616493443,1.856005408672283,1.9263904040148652,1.8912670836310441,1.903811126625266,1.842350608285469,1.7427303207526523,1.7783089948715154,1.4998856935017166,1.6197420023568025,1.5769361777657005,2.0841120856698736,1.9999486421659796,2.0300070148459417,1.9750184541928177,1.8606907509911665,1.9015220735631848,1.9015220735631848,relative_step_s
12,ALO,33,7881.98,8330.534,8330.534,SOFT>HARD,HARD,31,2,0.39100000000000534,-0.2193333333333385,0.6103333333333438,"GAS,ALB,BOT,COL,PER",5,-1.2346666666666835,1.8450000000000273,0.9903333333333251,0.0,0.50449,79.009,78.618,1,31.0,0.4583333333333333,72,8,0.04800000000000182,0.06499999999999773,-0.09000000000000341,-0.04800000000000182,-0.01191666666666909,-0.01191666666666909,-0.06303010782934848,-0.012285239808937254,-0.012285239808937254,0.09000000000000341,0.1599999999999966,1,0,0,79.071,0.09707777814065821,-0.06499999999999773,-0.06199999999999761,-0.035124999999993634,0.5819999999999936,1.0535000000000068,-0.00036857314226816304,7.0,8.0,30.7,18.9,-0.5,0,0,55.9,3.2,0.0,0.0,20.0,0,0.0,-5.332000000000001,0.0,6.480044561926653,34,4,SOFT,79.071,-0.0796666666666539,0.31433333333333263,7.0,24.0,-0.3833956666666667,0,1.4908583959899755,1.3106964434896722,1.3688132023607378,1.6426873713576549,1.4105980745452338,1.4854655896460147,1.5153707623764157,1.4262925435493536,1.455027452848406,1.340560644122148,1.4669499841231315,1.4261792292841045,1.0498750366297975,1.4058697335380712,1.2910327345354022,1.4327735193669109,1.491350330930128,1.472454585264574,1.489425878820819,1.433489666193558,1.451533605750739,1.0722330333283945,1.226712315568184,1.1768802890392196,1.4996496241062645,1.4957057847439834,1.4969779909898806,1.4085272031950922,1.3364652197770783,1.3597110208796634,1.3597110208796634,relative_step_s
12,BOR,33,7897.34,8330.534,8330.534,MEDIUM>HARD,HARD,22,2,1.7376666666666694,0.14000000000001478,1.5976666666666546,"BOT,GAS,ALB,TSU,COL",5,-0.9473333333333471,2.5450000000000017,1.2643333333333544,0.48318900000000004,0.03440866666666667,79.01333333333334,77.27566666666667,1,22.0,0.4583333333333333,72,8,0.39700000000000557,-0.23999999999999488,0.08499999999999375,0.5219999999999914,-0.11983333333333235,-0.11983333333333235,0.4025712235056176,-0.00816377272256242,-0.00816377272256242,-0.08499999999999375,0.1150000000000091,0,1,0,78.905,-0.6204655468770994,0.23999999999999488,0.10833333333333428,0.5858749999999873,0.4159999999999968,1.0535000000000068,0.11166956061076994,7.0,13.0,30.7,18.9,-0.5,0,0,55.9,3.2,0.503185,1.0,0.949731,0,0.028501,-3.7840000000000007,0.4428028,6.48768401848461,34,5,MEDIUM,78.905,-0.4089999999999918,0.2836666666666616,5.0,17.0,-0.3567656666666667,0,1.4908583959899755,1.3106964434896722,1.3688132023607378,1.4584799688733217,1.2263906720609006,1.3012581871616815,1.2800151157023503,1.1909368968752885,1.2196718061743406,0.9375102639640233,1.0638996039650066,1.0231288491259798,1.012962547961167,1.3689572448694407,1.2541202458667717,1.266758370051455,1.3253351816146721,1.3064394359491183,1.4137034926789513,1.3577672800516905,1.3758112196088714,0.7286058665296835,0.8830851487694731,0.8332531222405086,1.3975215453062069,1.3935777059439258,1.394849912189823,1.3585834950787268,1.286521511660713,1.309767312763298,1.309767312763298,relative_step_s
12,STR,34,7987.078,8409.963,8409.963,HARD>HARD,HARD,19,2,1.7000000000000028,0.4576666666666682,1.2423333333333346,"COL,ALB,GAS,SAI,BOT",5,-2.3046666666666766,3.5470000000000113,0.9333333333333229,0.10109466666666667,0.0,79.83866666666667,78.13866666666667,1,19.0,0.4722222222222222,72,8,0.14850000000000563,0.0,0.7700000000000102,-0.024499999999989086,0.050416666666664625,0.050416666666664625,0.29728211905609214,-0.010037166354325094,-0.010037166354325094,-0.7700000000000102,0.08400000000000318,0,0,1,78.91,-0.47458646091659773,0.0,0.9286666666666719,0.265625,0.5704999999999956,0.7974999999999994,-0.06045383302098972,7.0,16.0,31.1,18.8,0.40000000000000213,0,1,56.3,1.8,0.0,0.0,5.419396,0,-0.044025,-2.9639999999999986,0.0,6.525029657843462,35,5,HARD,78.91,-0.021000000000000796,0.6721666666666645,5.0,14.0,-0.23096299999999997,0,1.4908583959899755,1.275710241512868,1.342944039786964,2.053087742437871,1.7590864621885665,1.850961862266474,2.2206983396402715,2.065882276356392,2.1142622961326047,1.9614411069356854,2.02323464470748,2.003924164153794,1.6495776595531326,1.9254756296142694,1.8392575139701641,1.2396194279334374,1.2568810644720576,1.2514868030537387,1.9345226368070096,1.8168712978115542,1.853637341247634,1.5775963105262758,1.6737133296731765,1.64367676118977,1.4008042849322024,1.3609920601793852,1.3734333804146406,1.8726580868303966,1.7423484895732335,1.7830702387160968,1.7830702387160968,relative_step_s
12,LIN,35,8054.973,8489.45,8489.45,MEDIUM>HARD,HARD,30,2,0.8196666666666488,-0.4936666666666696,1.3133333333333184,"ALB,BOT,PIA,PER,COL",5,1.3200000000000216,-0.006666666666703236,0.11866666666665537,0.13333333333333333,0.7961783333333333,79.31933333333332,78.49966666666667,1,30.0,0.4861111111111111,72,8,0.45599999999999596,0.9119999999999919,-0.8250000000000028,-0.44899999999999807,-0.09408333333333967,-0.09408333333333967,-0.49216904330825173,-0.02146614180859345,-0.02146614180859345,0.8250000000000028,-0.04650000000000176,0,1,0,79.919,0.7594423243267556,-0.9119999999999919,-0.5996666666666783,-0.3747499999999917,1.69850000000001,0.892000000000003,0.07261719152474622,7.0,11.0,30.5,18.8,-0.6000000000000014,0,1,56.8,1.0,0.4,0.80625,1.131689,0,0.4,-5.4,0.48,6.543911845564792,36,5,MEDIUM,79.919,0.23299999999997567,0.604833333333327,5.0,25.0,-0.27403866666666665,0,1.4908583959899755,1.1980126947804248,1.2867538163590766,1.548143570907024,1.1731822774921183,1.2868069118602716,1.664757943014503,1.412600227402748,1.489011656376007,1.4650705590859843,1.4309457533099978,1.4412866035451453,1.6611769546290422,1.8322126665167593,1.7803836629144207,1.6606842128721155,1.5712073548939178,1.5983215542812506,1.6760482193023543,1.4611780714971885,1.5262902374987537,1.2657779438319703,1.27027165663183,1.2689099254803573,1.887922918840546,1.7369962073811904,1.782731574490086,1.7327723185717516,1.5000261043463718,1.5705552601722446,1.5705552601722446,relative_step_s
12,OCO,35,8060.861,8489.45,8489.45,HARD>HARD,HARD,19,2,1.3559999999999945,-0.4936666666666696,1.8496666666666641,"ALB,BOT,PIA,PER,SAI",5,-0.7616666666666845,2.6113333333333486,0.32699999999998397,0.29675833333333335,0.223872,79.586,78.23,1,19.0,0.4861111111111111,72,8,0.2785000000000011,0.6709999999999923,0.0,-0.8319999999999936,0.17457142857142827,0.17457142857142827,-0.4734554068302259,0.019321280196859983,0.019321280196859983,-1.3140000000000072,-0.04650000000000176,0,0,1,79.499,0.793721986662618,-0.6709999999999923,0.0870000000000033,-0.5584999999999951,1.2254999999999967,0.866500000000002,-0.1552501483745683,7.0,14.0,30.5,18.8,-0.6000000000000014,0,1,56.8,1.0,0.628931,0.968553,0.844306,0,0.386695,-3.42,0.47798756000000003,6.551080335043404,36,5,HARD,79.499,-0.6226666666666745,-0.03683333333333394,5.0,14.0,-0.663684,0,1.4908583959899755,1.1980126947804248,1.2867538163590766,2.053087742437871,1.6781264490229653,1.7917510833911185,2.253852281945562,2.001694566333807,2.0781059953070664,1.8522634728113783,1.8181386670353918,1.8284795172705393,1.6857140212542046,1.8567497331419216,1.804920729539583,1.6267050850360358,1.5372282270578381,1.5643424264451706,2.0225497693725334,1.8076796215673676,1.8727917875689328,1.424894944966833,1.4293886577666928,1.4280269266152201,1.411154058148355,1.2602273466889995,1.305962713797895,1.9247317411780938,1.691985526952714,1.7625146827785867,1.7625146827785867,relative_step_s
12,ANT,39,8287.121,8809.268,8809.268,HARD>HARD,HARD,18,2,0.8123333333333278,-0.29000000000000625,1.102333333333334,"NOR,HUL,BOR,LAW,HAM",5,-0.34866666666667356,1.4510000000000076,0.22699999999998965,0.12297400000000001,0.09710133333333333,76.75466666666667,75.94233333333334,1,18.0,0.5416666666666666,72,8,0.23399999999998755,-0.12399999999999523,0.0,-0.05500000000000682,0.050285714285714225,0.050285714285714225,0.16985258413772897,0.04810012117242893,0.04810012117242893,0.3079999999999927,-0.16699999999998738,0,0,1,76.714,-0.2631397885210447,0.12399999999999523,0.04066666666666663,0.039500000000003865,-0.9509999999999934,0.603500000000011,-0.0021855931132852974,7.0,1.0,31.6,19.0,-1.3999999999999986,0,0,55.4,1.8,0.091503,0.895425,1.738088,0,0.091503,-2.447999999999999,0.06588216,6.626717749249025,40,5,HARD,76.714,0.5556666666666672,1.9005000000000083,5.0,13.0,0.11861666666666668,0,1.4908583959899755,1.1980126947804248,1.2867538163590766,2.0382702539771858,1.6633089605622802,1.7769335949304335,1.5643154948889386,1.3121577792771837,1.3885692082504426,1.5144147818864904,1.480289976110504,1.4906308263456514,1.3552252742548232,1.5262609861425402,1.4744319825402017,1.0089967560022985,0.9195198980241008,0.9466340974114335,1.932364202611436,1.71749405480627,1.7826062208078355,1.5560209516730759,1.5605146644729355,1.5591529333214629,1.479864982258643,1.3289382707992874,1.374673637908183,1.8651915879724725,1.6324453737470928,1.7029745295729655,1.7029745295729655,relative_step_s
12,RUS,39,8297.192,8809.268,8809.268,HARD>HARD,HARD,22,2,1.0486666666666622,-0.29000000000000625,1.3386666666666684,"BOR,LAW,HAM,STR,HUL",5,-0.22000000000001307,1.5586666666666815,0.22699999999998965,0.10551666666666666,0.3210496666666667,77.02733333333333,75.97866666666667,1,22.0,0.5416666666666666,72,8,0.08200000000001495,0.4579999999999984,-0.48399999999999466,-0.4709999999999894,0.019791666666669393,0.019791666666669393,-0.27450227524116144,0.04785245066385529,0.04785245066385529,0.6400000000000006,-0.14799999999999613,0,0,1,77.402,0.4230784377565726,-0.4579999999999984,-0.3746666666666698,-0.4197500000000076,-0.262999999999991,0.40800000000000836,0.028060783997185895,7.0,3.0,31.6,19.0,-1.3999999999999986,0,0,55.4,1.8,0.277419,0.812903,1.534466,0,0.251275,-2.9919999999999987,0.24412872000000005,6.630683385642372,40,5,HARD,77.402,0.6083333333333343,1.814666666666663,5.0,17.0,0.09898066666666666,0,1.4908583959899755,1.1980126947804248,1.2867538163590766,2.0903211314069807,1.7153598379920751,1.8289844723602284,1.7827198778989068,1.530562162287152,1.6069735912604108,1.6813071228205405,1.647182317044554,1.6575231672797015,1.5888423754946506,1.7598780873823676,1.708049083780029,1.1324533457066306,1.0429764877284329,1.0700906871157656,1.8630256334844824,1.6481554856793164,1.7132676516808818,1.6611622270327016,1.6656559398325612,1.6642942086810886,1.5759629772944534,1.425036265835098,1.4707716329439935,1.8778880724127174,1.6451418581873376,1.7156710140132103,1.7156710140132103,relative_step_s
12,LEC,42,8528.528,9049.867,9049.867,MEDIUM>HARD,HARD,21,2,1.5546666666666624,-0.032333333333340875,1.5870000000000033,"HAM,HUL,LIN,SAI,OCO",5,-0.4236666666666622,2.0106666666666655,0.5949999999999989,0.3638343333333333,0.256718,76.846,75.29133333333334,1,21.0,0.5833333333333334,72,8,0.20949999999999136,0.02400000000000091,0.0,-0.22149999999999181,0.06610000000000156,0.06610000000000156,-0.028337174108344243,0.02950769933016326,0.02950769933016326,0.17399999999999238,0.12950000000000017,0,1,0,76.889,0.04369907189187927,-0.02400000000000091,-0.042999999999992156,-0.2238750000000067,-1.096500000000006,0.7424999999999997,-0.036592300669838304,7.0,2.0,33.4,19.0,0.3999999999999986,0,0,55.7,0.0,0.201299,0.902597,1.388198,0,0.109796,-1.3440000000000012,0.16909116000000002,6.705639094860003,43,5,MEDIUM,76.889,0.9126666666666807,2.2056666666666636,5.0,16.0,0.3419043333333333,0,1.4908583959899755,1.2202723326172533,1.2914791913995485,1.4472720186191088,1.0627626325039925,1.163949313060602,1.2373067157836268,0.9472714097687642,1.0235964902989911,0.9333628423118535,0.8716348692249395,0.8878790726688642,0.603447370232612,0.7280133876155928,0.6952328567253346,0.8696936271786176,0.7742945194848609,0.7993995478253232,1.1112168670156053,0.8660407933310635,0.9305608127217324,1.0888978514274075,1.1120257310183694,1.1059394469154846,1.479883451285541,1.3207751133724897,1.3626457286127664,1.5123832630470253,1.2610581759504367,1.3271963567653284,1.3271963567653284,relative_step_s
12,PIA,43,8616.581,9129.67,9129.67,HARD>SOFT,SOFT,25,5,1.8856666666666655,-0.14066666666667516,2.0263333333333406,"OCO,ALO,PER,SAI,HAM",5,0.3446666666666687,1.681666666666672,0.4863333333333344,0.23871,0.40684899999999996,77.528,75.64233333333334,1,25.0,0.5972222222222222,72,8,0.16599999999999682,0.2120000000000033,0.0,-0.10600000000000875,-0.029041666666667375,-0.029041666666667375,-0.018177854541690408,0.0011896978399850106,0.0011896978399850106,0.2120000000000033,-0.07150000000000745,0,0,1,77.58,0.028000068031758474,-0.2120000000000033,-0.0519999999999925,-0.07325000000000159,-0.2120000000000033,0.6260000000000048,0.030231364506652387,7.0,5.0,32.9,19.1,-0.5,0,0,56.8,1.2,0.270968,0.56129,1.592923,0,0.19999999999999998,-2.1000000000000014,0.270968,6.733401891837359,44,5,HARD,77.58,0.9083333333333456,2.042666666666657,5.0,20.0,-0.3793190000000001,0,1.4908583959899755,1.2202723326172533,1.2914791913995485,1.6060885842710142,1.2215791981558979,1.3227658787125074,1.164950088284153,0.8749147822692904,0.9512398627995174,0.9853305445364929,0.9236025714495789,0.9398467748935037,1.2599518022627716,1.3845178196457524,1.3517372887554944,1.1056338840315203,1.0102347763377635,1.0353398046782258,1.8252808497684037,1.580104776083862,1.6446247954745308,1.4635489653961282,1.4866768449870902,1.4805905608842054,1.6058893523443967,1.4467810144313453,1.4886516296716221,1.8721762328981146,1.620851145801526,1.6869893266164178,1.6869893266164178,relative_step_s
12,TSU,43,8675.486,9129.67,9129.67,HARD>SOFT,SOFT,25,4,2.3556666666666644,0.4753333333333387,1.8803333333333256,"BOR,LIN,BOT,SAI,ALB",5,-2.0300000000000153,3.910333333333341,0.5243333333333453,0.003944666666666667,0.04675066666666666,79.95366666666666,77.598,1,25.0,0.5972222222222222,72,8,0.07799999999999585,6.210000000000008,-6.171999999999997,-6.1910000000000025,0.02037499999999426,0.02037499999999426,-6.225536483731844,-0.026393100000151253,-0.026393100000151253,6.210000000000008,0.09900000000000375,0,0,1,84.081,5.0,-6.210000000000008,-4.12733333333334,-5.444625000000002,6.189999999999998,0.4829999999999899,-0.046768100000145515,7.0,9.0,33.5,19.2,0.10000000000000142,0,0,56.3,2.2,0.011834,0.029586,7.560469,0,0.011834,-1.5,0.011834,6.74993119378857,44,5,HARD,84.081,1.112333333333325,2.323666666666668,5.0,20.0,-0.16698166666666664,0,1.4908583959899755,1.2202723326172533,1.2914791913995485,1.6060885842710142,1.2215791981558979,1.3227658787125074,2.8049026586986603,2.514867352683798,2.5911924332140246,2.8797538082391148,2.8180258351522007,2.8342700385961255,2.4178764310271186,2.5424424484100996,2.5096619175198414,1.8104362333494557,1.7150371256556989,1.7401421539961612,1.9270640626769016,1.68188798899236,1.7464080083830287,3.5054723328038992,3.528600212394861,3.5225139282919766,2.1929523822292567,2.0338440443162056,2.075714659556482,2.036012425161637,1.7846873380650483,1.85082551887994,1.85082551887994,relative_step_s
12,COL,44,8787.387,9209.847,9209.847,HARD>SOFT,SOFT,23,2,1.8796666666666795,0.20266666666667277,1.6770000000000067,"BOR,PER,OCO,LIN,BOT",5,0.3743333333333396,1.302666666666667,0.48433333333332484,0.027601,0.1689463333333333,78.51766666666667,76.63799999999999,1,23.0,0.6111111111111112,72,8,0.3480000000000061,0.0,-0.02400000000000091,-0.012000000000000455,0.04400000000000119,0.04400000000000119,0.04506682152171493,-0.02344501132732723,-0.02344501132732723,0.02400000000000091,0.04899999999999238,0,0,1,78.659,-0.07018995906052794,0.0,-0.14133333333333553,0.32312500000000455,0.5760000000000076,0.9265000000000043,-0.06744501132732841,7.0,17.0,33.7,19.2,0.20000000000000284,0,0,56.3,0.8,0.012739,0.522293,2.450463,0,0.012739,-1.1959999999999973,0.01171988,6.786716950605081,45,6,HARD,78.659,1.0323333333333267,2.1153333333333344,5.0,18.0,0.027601,0,1.4908583959899755,1.2202723326172533,1.2914791913995485,1.5836726837625885,1.1991632976474722,1.3003499782040817,1.0880015608206475,0.7979662548057849,0.8742913353360119,0.9264787893748687,0.8647508162879547,0.8809950197318794,0.7743999821563147,0.8989659995392955,0.8661854686490373,1.209687405413332,1.1142882977195754,1.1393933260600375,1.8388144268086237,1.593638353124082,1.6581583725147508,1.3698712800192228,1.3929991596101847,1.3869128755073,1.778461161898738,1.6193528239856867,1.6612234392259635,1.9021331530905763,1.6508080659939877,1.7169462468088794,1.7169462468088794,relative_step_s
12,GAS,45,8833.558,9290.13,9290.13,HARD>MEDIUM,MEDIUM,27,4,1.63600000000001,0.0899999999999892,1.5460000000000207,"OCO,PER,ALO,ANT,BOT",5,0.7453333333333205,0.8006666666667002,0.06533333333334213,0.24203833333333333,0.7494553333333333,78.15133333333334,76.51533333333333,1,27.0,0.625,72,8,0.3205000000000098,0.17100000000000648,0.0,-0.08549999999999613,0.017433333333335098,0.017433333333335098,-0.1513326817379692,-0.041626559235364305,-0.041626559235364305,-0.5139999999999958,-0.0870000000000033,0,0,1,78.037,0.23339085127842907,-0.17100000000000648,0.11433333333333451,0.15312499999998863,0.030000000000001137,0.8830000000000027,-0.0590598925686994,7.0,9.0,33.7,19.2,-1.0999999999999943,0,0,56.3,0.8,0.0,0.0,8.343046,0,-0.726115,-1.403999999999997,0.0,6.795705775173514,46,5,HARD,78.037,-1.038666666666657,-0.1939999999999979,5.0,22.0,-0.7327116666666665,0,1.4908583959899755,1.2202875104427697,1.2879302318295711,2.117200151124943,1.7020716779046958,1.8058537962097576,1.762077809472971,1.461177011432838,1.5364022109428712,1.7336932370077296,1.6509230653030422,1.671615608229214,1.7987504134408665,1.8982431080066662,1.8733699343652164,1.4388433644784306,1.3597891939072935,1.3795527365500777,1.9256254249010625,1.6516480949256263,1.7201424274194854,1.4950292690742135,1.4907425174022522,1.4918142053202426,1.2503033262068823,1.0813079455029313,1.123556790678919,1.8382813990388982,1.560308662402576,1.6298018465616566,1.6298018465616566,relative_step_s
12,LAW,46,8868.683,9376.799,9376.799,MEDIUM>MEDIUM,MEDIUM,25,2,2.0123333333333306,0.021000000000000796,1.9913333333333298,"BOR,OCO,ALO,PER,LIN",5,-0.3783333333333445,2.3696666666666744,0.4580000000000126,0.142346,0.08884466666666667,78.10966666666667,76.09733333333334,1,25.0,0.6388888888888888,72,8,0.177500000000002,1.0250000000000057,-0.7169999999999987,-1.0720000000000027,0.11732500000000137,0.11732500000000137,-0.5632991862853771,0.09778648892773024,0.09778648892773024,0.7169999999999987,-0.14100000000000534,0,1,0,78.694,0.8676600975185806,-1.0250000000000057,-0.5843333333333334,-0.9673750000000041,0.7809999999999917,0.8584999999999923,-0.019538511072271128,7.0,7.0,34.3,19.2,0.5999999999999943,0,0,55.4,1.7,0.382166,0.828025,1.448645,0,0.337294,-0.7000000000000028,0.382166,6.811244378601294,47,6,MEDIUM,78.694,1.2759999999999962,2.2973333333333272,5.0,20.0,0.142346,0,1.4908583959899755,1.2202875104427697,1.2879302318295711,1.4629430880828584,1.047814614862611,1.1515967331676729,1.5977860408330427,1.2968852427929094,1.3721104423029429,1.2803274985750759,1.1975573268703885,1.2182498697965602,1.2205570934602124,1.320049788026012,1.2951766143845622,1.6437554794041194,1.5647013088329822,1.5844648514757664,1.2936379056637097,1.0196605756882735,1.0881549081821327,1.5731271573943526,1.5688404057223913,1.5699120936403816,1.9860106889412656,1.8170153082373146,1.8592641534133023,1.6535235102773946,1.3755507736410726,1.445043957800153,1.445043957800153,relative_step_s
12,NOR,46,8824.505,9376.799,9376.799,HARD>HARD,HARD,25,2,2.3923333333333403,0.11900000000001398,2.2733333333333263,"LIN,ANT,HAM,ALO,RUS",5,0.08566666666666833,2.187666666666658,0.09800000000001319,0.05844166666666667,0.2260416666666667,76.80966666666667,74.41733333333333,1,25.0,0.6388888888888888,72,8,0.2119999999999962,0.125,0.0,-0.12600000000000477,0.03237500000000004,0.03237500000000004,-0.006997740230971772,0.009548224686328148,0.009548224686328148,0.12699999999999534,0.02400000000000091,0,0,1,76.72,0.01077874798870937,-0.125,0.08966666666667322,-0.08637500000000387,-1.3675000000000068,0.8830000000000027,-0.022826775313671895,7.0,1.0,33.7,19.2,-1.0999999999999943,0,0,56.3,0.8,0.0,0.0,7.360292,0,0.0,-1.2999999999999972,0.0,6.794586580876499,47,5,HARD,76.72,0.7439999999999998,1.7829999999999917,5.0,20.0,-0.14511866666666667,0,1.4908583959899755,1.2202875104427697,1.2879302318295711,2.1239449821696192,1.7088165089493719,1.8125986272544337,1.6919465206306419,1.3910457225905088,1.466270922100542,1.6557423937369153,1.572972222032228,1.5936647649583997,1.447532282305626,1.5470249768714257,1.522151803229976,0.9702609530847113,0.8912067825135741,0.9109703251563585,1.8015491194232987,1.5275717894478626,1.5960661219417216,1.8354661081042403,1.831179356432279,1.8322510443502693,1.5104019279446994,1.3414065472407484,1.383655392416736,1.8569784304075505,1.5790056937712285,1.648498877930309,1.648498877930309,relative_step_s
12,HUL,47,8973.127,9482.251,9482.251,SOFT>HARD,HARD,28,2,0.05366666666667186,-0.03999999999997783,0.09366666666664969,"BOR,LIN,OCO,HAM,ALO",5,0.43599999999999284,-0.34233333333334315,0.20633333333336168,0.0021366666666666665,0.225503,77.91533333333334,77.86166666666666,1,28.0,0.6527777777777778,72,8,0.07100000000000506,0.23999999999999488,-0.3050000000000068,-0.23699999999999477,0.0005000000000012031,0.0005000000000012031,-0.19131533028172498,0.0253756805885374,0.0253756805885374,0.3050000000000068,0.08449999999999847,1,0,0,78.131,0.2946678935893772,-0.23999999999999488,-0.2156666666666638,-0.22425000000001205,0.7789999999999964,1.4120000000000061,0.024875680588536196,7.0,8.0,34.8,19.2,0.5,0,0,54.7,0.8,0.00641,0.121795,3.910584,0,0.00641,-0.2240000000000032,0.0071792,6.836259277277067,48,5,SOFT,78.131,-1.529999999999987,-0.18283333333333476,5.0,23.0,-0.9601276666666666,0,1.4908583959899755,1.2202875104427697,1.2879302318295711,1.6559561999790235,1.2408277267587762,1.3446098450638382,1.5215113412861043,1.220610543245971,1.2958357427560045,1.2849366171235572,1.2021664454188699,1.2228589883450416,0.9521849472796532,1.051677641845453,1.026804468204003,1.4647177234657744,1.3856635528946373,1.4054270955374215,1.5111675360661818,1.2371902060907458,1.3056845385846048,0.8774120351032195,0.8731252834312582,0.8741969713492485,1.2963315191848073,1.1273361384808562,1.169584983656844,1.376794067879899,1.098821331243577,1.1683145154026575,1.1683145154026575,relative_step_s
