round,driver,lap,issued_s,label_s,control_selection_s,pair,new_compound,old_age,new_age,raw_step_s,control_step_s,relative_step_s,controls,control_n,placebo_relative_s,pretrend_corrected_s,control_mad_s,pre_traffic,post_traffic,pre_mean_s,post_mean_s,horizon,age,progress,race_laps,n_recent,spread,last_minus_median,median3_minus_last,median8_minus_last,slope,slope_h,kalman_minus_last,kalman_trend,kalman_h,last_delta,field_delta,soft,medium,hard,pace_scale,innovation,median5_minus_last,mean3_minus_last,mean8_minus_last,field_relative,field_spread,trend_change,history_span,position,track_temp_c,air_temp_c,track_temp_change_c,weather_missing,rainfall,humidity_pct,wind_speed_ms,traffic_close,traffic_near,traffic_gap_s,traffic_missing,traffic_change,thermal_age,traffic_age,field_laps_log,target_lap,segment,compound,current_s,stint_pace_loss,stint_relative_loss,anchor_age,anchor_span,anchor_traffic_change,anchor_traffic_missing
1,LEC,24,5881.522,6747.116,6747.116,MEDIUM>HARD,HARD,24,2,0.45666666666666345,-0.14499999999999602,0.6016666666666595,"VER,NOR,ANT,RUS,LIN",5,,,0.1453333333333262,0.12974033333333332,0.086045,83.51733333333333,83.06066666666666,1,24.0,0.41379310344827586,58,4,0.07699999999999818,0.21399999999999864,-0.1839999999999975,-0.21399999999999864,0.10333333333332936,0.10333333333332936,-0.11015307996557056,0.03577869753701361,0.03577869753701361,0.1839999999999975,-0.03900000000000148,0,1,0,83.66,0.2102601983917367,-0.21399999999999864,-0.1426666666666705,-0.19149999999999068,-0.9900000000000091,0.9499999999999886,-0.06755463579631575,3.0,1.0,37.0,24.6,0.3999999999999986,0,0,53.4,2.1,0.047904,0.143713,6.712556,0,0.0,1.92,0.04598784,6.063785208687608,25,6,MEDIUM,83.66,0.0,0.0,23.5,0.5,0.0,0
1,STR,25,6078.684,6554.618,6554.618,HARD>SOFT,SOFT,14,2,1.3706666666666791,-0.8036666666666719,2.174333333333351,"PER,SAI,LAW,ALB,COL",5,,,0.7010000000000076,0.08069366666666666,0.09023833333333332,87.88866666666667,86.51799999999999,1,14.0,0.43103448275862066,58,6,0.3084999999999951,1.5220000000000056,-1.5220000000000056,-1.3200000000000074,-0.18199999999998795,-0.18199999999998795,-1.0169782773677127,0.0838952398137168,0.0838952398137168,1.9110000000000014,-0.16049999999999898,0,0,1,89.033,1.8184275917059978,-1.5220000000000056,-1.1443333333333356,-1.173333333333332,4.635999999999996,0.8504999999999967,0.2658952398137048,5.0,17.0,37.1,24.9,-0.5,0,0,52.1,3.3,0.167598,0.268156,5.153644,0,0.13311499999999998,1.1760000000000008,0.09385488,6.156978985585555,26,6,HARD,89.033,0.5176666666666705,0.5279999999999965,12.0,2.0,-0.008896000000000001,0
1,HAM,27,6135.392,6743.473,6743.473,MEDIUM>HARD,HARD,27,2,0.5723333333333187,-0.3333333333333286,0.9056666666666473,"VER,LIN,BEA,NOR,BOR",5,,,0.2150000000000034,0.04975733333333333,0.03999233333333333,83.835,83.26266666666668,1,27.0,0.46551724137931033,58,7,0.15099999999999625,0.0,0.0,-0.10000000000000853,0.05020000000000095,0.05020000000000095,0.15984689712101385,0.05155149609387401,0.05155149609387401,-0.32499999999998863,-0.015999999999991132,0,1,0,83.76,-0.29340986115698797,0.0,0.07499999999998863,0.003142857142847788,-0.9359999999999928,1.016999999999996,0.0013514960938730558,6.0,1.0,36.5,24.8,-0.8999999999999986,0,0,52.0,2.5,0.035714,0.136905,4.848418,0,0.0,1.62,0.03857112,6.182084906716632,28,6,MEDIUM,83.76,0.044666666666657306,0.011333333333335305,24.0,3.0,-0.09169933333333335,0
1,STR,38,8351.984,8807.915,8807.915,SOFT>SOFT,SOFT,4,2,0.3433333333333479,0.3583333333333485,-0.015000000000000568,"GAS,OCO,SAI,BEA,ALB",5,,,0.32833333333334735,0.046513,0.04280599999999999,86.03333333333335,85.69,1,4.0,0.6551724137931034,58,3,0.05000000000001137,0.05000000000001137,-0.05000000000001137,-0.05000000000001137,0.4,0.4,-0.09404164465576059,0.04573685214533178,0.04573685214533178,0.05000000000001137,0.05000000000001137,1,0,0,86.37,0.19643678160920786,-0.05000000000001137,-0.3366666666666589,-0.3366666666666589,2.01100000000001,1.274000000000001,-0.3542631478546682,2.0,17.0,35.3,25.3,-0.30000000000000426,0,0,51.1,3.0,0.046243,0.127168,10.196993,0,-0.0002689999999999984,0.04799999999999954,0.00739888,6.822197390620491,39,9,SOFT,86.37,0.0,0.0,4.0,0.0,0.0,0
1,VER,40,7268.7,8807.915,8807.915,MEDIUM>HARD,HARD,22,2,1.7193333333333385,0.0036666666666604897,1.715666666666678,"LAW,NOR,LEC,RUS,BOR",5,,,0.25933333333333053,0.19860166666666665,0.18600633333333336,84.074,82.35466666666666,1,22.0,0.6896551724137931,58,6,0.24450000000000927,0.6829999999999927,-0.6829999999999927,-0.6554999999999893,-0.027499999999996305,-0.027499999999996305,-0.46676717337511775,0.0501507509527426,0.0501507509527426,0.8799999999999955,-0.09299999999999642,0,1,0,84.595,0.8797795928372665,-0.6829999999999927,-0.5210000000000008,-0.5249999999999915,-0.1980000000000075,1.1409999999999911,0.0776507509527389,5.0,5.0,35.5,25.0,-0.20000000000000284,0,0,52.7,3.1,0.488235,0.976471,1.042378,0,0.41637899999999994,0.44,0.4296468,6.5638555265321274,41,7,MEDIUM,84.595,0.30666666666667197,0.20450000000000068,20.0,2.0,0.146777,0
1,PER,42,7579.576,8807.915,8807.915,HARD>SOFT,SOFT,24,2,1.9646666666666732,0.7040000000000077,1.2606666666666655,"GAS,ALB,LIN,BEA,OCO",5,0.45100000000002183,0.8096666666666437,0.9463333333333281,0.07322533333333332,0.08959733333333335,88.791,86.82633333333332,1,24.0,0.7241379310344828,58,8,0.7989999999999924,0.0,1.2419999999999902,0.46750000000000114,0.00391666666666642,0.00391666666666642,0.20279196282388057,0.0053945081603022325,0.0053945081603022325,-1.262999999999991,-0.06099999999999284,0,0,1,87.956,-0.36741701577902575,0.0,0.8349999999999937,0.24399999999999977,3.657499999999999,0.9945000000000022,0.0014778414936358125,7.0,16.0,36.2,25.2,0.7000000000000028,0,0,52.7,1.0,0.051136,0.130682,6.074276,0,-0.033134,1.1520000000000028,0.04909056,6.645090969505644,43,7,HARD,87.956,1.1569999999999823,1.3078333333333254,19.0,5.0,-0.012039999999999995,0
1,SAI,44,7698.659,8807.915,8807.915,MEDIUM>SOFT,SOFT,11,2,-2.9769999999999897,0.0940000000000083,-3.070999999999998,"GAS,ALB,BEA,LIN,LAW",5,0.6370000000000005,-3.7079999999999984,0.04399999999999693,0.8633756666666667,0.2787236666666667,85.39233333333334,88.36933333333333,1,11.0,0.7586206896551724,58,8,0.6269999999999882,0.0,-0.16799999999999216,0.3464999999999918,-0.22387500000000138,-0.22387500000000138,0.2888137325582818,-0.009516398122665942,-0.009516398122665942,0.24199999999999022,0.05100000000000193,0,1,0,85.529,-0.4875129206334208,0.0,-0.13666666666665606,0.5706250000000068,1.4579999999999984,0.9110000000000014,0.21435860187733544,7.0,15.0,36.2,25.1,0.0,0,0,51.4,4.2,0.736842,1.0,0.73527,0,-0.17492300000000005,0.5280000000000012,0.32421047999999997,6.672032945461067,45,7,MEDIUM,85.529,-1.1679999999999922,-0.7396666666666647,5.0,6.0,0.050475999999999965,0
1,COL,45,7782.716,8807.915,8807.915,HARD>SOFT,SOFT,45,2,1.8846666666666465,0.028333333333335986,1.8563333333333105,"ALB,LIN,BEA,OCO,LAW",5,1.2313333333333532,0.6249999999999574,0.034333333333350424,0.048836333333333336,0.42144766666666666,85.18666666666665,83.302,1,45.0,0.7758620689655172,58,8,0.7125000000000057,-0.33600000000001273,0.30100000000000193,0.9860000000000042,-0.313600000000001,-0.313600000000001,0.2436411259568132,-0.19117385121080044,-0.19117385121080044,-0.30100000000000193,-0.10200000000000387,0,0,1,84.939,-0.3921547003321848,0.33600000000001273,0.24766666666666026,1.054124999999999,0.8089999999999975,1.0919999999999987,0.12242614878920055,7.0,14.0,35.7,25.1,-0.5,0,0,51.4,3.9,0.052941,0.147059,5.427802,0,0.012005000000000002,1.2600000000000051,0.0952938,6.690842277418564,46,8,HARD,84.939,-1.9776666666666785,-1.5643333333333374,37.0,8.0,-0.272532,0
2,LIN,41,7622.713,8160.995,8160.995,HARD>MEDIUM,MEDIUM,41,2,2.5293333333333408,0.3193333333333186,2.210000000000022,"PER,SAI,HAD,BOT,LAW",5,-0.700000000000017,2.910000000000039,0.08900000000001285,,,98.70966666666668,96.18033333333334,1,41.0,0.7321428571428571,56,8,0.0589999999999975,2.024000000000001,-2.024000000000001,-2.001500000000007,-0.01399999999999461,-0.01399999999999461,-1.4237210716637492,0.10069346183331948,0.10069346183331948,2.024000000000001,-0.0034999999999953957,0,0,1,100.061,2.111744635413089,-2.024000000000001,-1.3513333333333293,-1.6847500000000082,2.6345000000000027,0.6139999999999972,0.1146934618333141,7.0,12.0,20.5,15.1,0.0,0,0,56.5,2.7,0.0,0.0,20.0,1,0.0,-23.78,0.0,6.543911845564792,42,9,HARD,100.061,0.6800000000000068,0.5320000000000059,37.0,4.0,0.0,1
2,OCO,45,8029.07,8563.141,8563.141,MEDIUM>SOFT,SOFT,16,2,2.372,-0.0023333333333539485,2.374333333333354,"SAI,HAD,LAW,BOT,BEA",5,-1.2166666666666828,3.5910000000000366,0.13733333333333064,,,98.91666666666667,96.54466666666667,1,16.0,0.8035714285714286,56,8,0.142000000000003,1.132000000000005,0.0,-1.1304999999999978,0.09649999999999892,0.09649999999999892,-0.5195051418340313,0.07275011815919345,0.07275011815919345,1.2999999999999972,0.1560000000000059,0,1,0,99.146,0.8518420158714548,-1.132000000000005,-0.2293333333333294,-0.8405000000000058,1.9179999999999922,0.6045000000000016,-0.023749881840805467,7.0,12.0,20.5,15.1,0.10000000000000142,0,0,56.5,3.9,0.0,0.0,20.0,1,0.0,-9.28,0.0,6.634633357861686,46,10,MEDIUM,99.146,0.8029999999999973,0.9131666666666688,8.0,8.0,0.0,1
3,BEA,15,5285.536,5837.922,5837.922,MEDIUM>HARD,HARD,15,2,0.8233333333333377,0.2743333333333169,0.5490000000000208,"LAW,ALB,GAS,VER,BOR",5,0.14166666666666572,0.4073333333333551,0.13066666666665583,0.10859466666666667,0.8072186666666666,96.67766666666667,95.85433333333333,1,15.0,0.2830188679245283,53,8,0.24549999999999983,-0.14000000000000057,0.021000000000000796,0.08050000000000068,0.025285714285714227,0.025285714285714227,0.13603290727051842,-0.025479876704483248,-0.025479876704483248,-0.021000000000000796,-0.054000000000002046,0,1,0,96.624,-0.21399363647545044,0.14000000000000057,0.05366666666667186,0.1634999999999991,0.007999999999995566,0.6944999999999979,-0.05076559099019748,7.0,15.0,33.4,18.8,0.10000000000000142,0,0,50.8,0.7,0.123711,0.963918,1.584209,0,0.004540000000000002,-0.9600000000000009,0.0742266,5.780743515792329,16,0,MEDIUM,96.624,-0.13033333333332564,-0.17799999999999727,5.0,10.0,-0.330137,0
3,NOR,15,5257.649,5837.922,5837.922,MEDIUM>HARD,HARD,15,2,0.9203333333333319,0.2743333333333169,0.646000000000015,"ANT,RUS,HAM,VER,GAS",5,-0.03633333333333155,0.6823333333333466,0.1256666666666746,0.39516866666666667,0.218113,95.24433333333333,94.324,1,15.0,0.2830188679245283,53,8,0.1144999999999996,-0.02400000000000091,0.0,0.012000000000000455,-0.028800000000001092,-0.028800000000001092,0.02457630200301253,-0.015650135091170893,-0.015650135091170893,-0.02400000000000091,-0.030000000000001137,0,1,0,95.315,-0.03866102946903993,0.02400000000000091,-0.07066666666666777,0.12950000000000728,-1.343500000000006,0.652000000000001,0.0131498649088302,7.0,5.0,33.2,18.8,-0.09999999999999432,0,0,51.4,1.2,0.397906,1.0,1.190665,0,-0.03367300000000001,-1.0799999999999983,0.2387436,5.749392985908253,16,0,MEDIUM,95.315,0.02033333333334042,-0.20216666666667504,5.0,10.0,-0.2556256666666667,0
3,LEC,16,5351.933,5957.899,5957.899,MEDIUM>HARD,HARD,16,2,1.2303333333333342,0.2393333333333274,0.9910000000000068,"HAM,VER,GAS,ANT",4,-0.2646666666666846,1.2556666666666914,0.20016666666666794,0.038249,0.0,95.50500000000001,94.27466666666668,1,16.0,0.3018867924528302,53,8,0.1325000000000145,0.0,0.0,-0.000999999999990564,0.029949999999998766,0.029949999999998766,0.12917764557828093,0.011075242344074197,0.011075242344074197,-0.5960000000000036,-0.04600000000000648,0,1,0,95.307,-0.20179035117106991,0.0,0.1980000000000075,0.0727499999999992,-1.3089999999999975,1.0474999999999994,-0.01887475765592457,7.0,3.0,33.4,18.8,0.19999999999999574,0,0,49.7,2.1,0.015789,0.126316,3.522088,0,-0.083169,-1.024000000000001,0.010104960000000001,5.811140992976701,17,0,MEDIUM,95.307,-0.13733333333333064,-0.23516666666666686,5.0,11.0,-0.285766,0
4,RUS,19,5514.22,6048.452,6048.452,MEDIUM>HARD,HARD,19,2,0.39000000000000057,0.3226666666666631,0.06733333333333746,"HAM,VER,COL,PIA,NOR",5,,,0.0346666666666664,0.42198566666666665,0.7155956666666666,93.97366666666666,93.58366666666666,1,19.0,0.3333333333333333,57,3,0.06800000000001205,-0.11699999999999022,0.11699999999999022,0.11699999999999022,-0.05849999999999511,-0.05849999999999511,0.0833278306039773,-0.013726925221576973,-0.013726925221576973,-0.18500000000000227,0.04449999999999932,0,1,0,93.873,-0.17405747126437632,0.11699999999999022,0.10066666666665469,0.10066666666665469,-1.3094999999999999,1.3329999999999984,0.04477307477841814,2.0,5.0,38.7,27.9,0.10000000000000142,0,0,68.8,1.3,0.409574,1.0,1.133547,0,-0.106383,2.812000000000002,0.31127624,5.8664680569332965,20,8,MEDIUM,93.873,0.0,0.0,19.0,0.0,0.0,0
4,BOT,20,5640.184,6144.901,6144.901,SOFT>MEDIUM,MEDIUM,14,2,0.41766666666666197,0.1556666666666615,0.26200000000000045,"LIN,PER,ALO,BOR,ALB",5,,,0.3776666666666557,0.20010633333333336,0.4936756666666667,97.175,96.75733333333334,1,14.0,0.3508771929824561,57,5,0.13599999999999568,1.137999999999991,-1.0019999999999953,-1.137999999999991,0.34941666666666416,0.34941666666666416,-0.5511939930543122,0.18469294913754183,0.18469294913754183,1.0019999999999953,0.09300000000000352,1,0,0,97.904,1.0498184229073075,-1.137999999999991,-0.7289999999999992,-1.0297999999999945,2.7989999999999924,1.2430000000000092,-0.16472371752912232,4.0,17.0,37.4,27.8,-1.0,0,0,67.8,1.2,0.357143,0.704082,1.31969,0,0.290133,1.3439999999999992,0.20000008000000002,5.948034989180646,21,8,SOFT,97.904,0.0,0.0,13.0,1.0,0.0,0
4,LEC,20,5605.776,6144.901,6144.901,MEDIUM>HARD,HARD,20,2,0.15333333333332178,0.10000000000000853,0.05333333333331325,"VER,HAM,PIA,ANT,NOR",5,,,0.21133333333334292,0.060502,0.7971303333333334,93.63999999999999,93.48666666666666,1,20.0,0.3508771929824561,57,4,0.0764999999999958,-0.0014999999999929514,0.0,0.0014999999999929514,-0.3711666666666626,-0.3711666666666626,-0.018115622383987784,-0.08951043397592581,-0.08951043397592581,0.14999999999999147,-0.15100000000000335,0,1,0,93.689,0.03457909990021335,0.0014999999999929514,-0.049000000000006594,0.4052499999999952,-1.180499999999995,1.1659999999999897,0.2816562326907368,3.0,3.0,37.4,27.8,-1.3000000000000043,0,0,67.8,1.2,0.058824,0.229947,3.999103,0,-0.0053470000000000045,1.9199999999999988,0.047059199999999995,5.910796644040527,21,8,MEDIUM,93.689,0.0,0.0,19.5,0.5,0.0,0
4,STR,20,5643.321,6144.901,6144.901,MEDIUM>SOFT,SOFT,20,5,0.6533333333333502,0.1556666666666615,0.4976666666666887,"LIN,PER,ALO,BOR,ALB",5,,,0.3776666666666557,0.06710966666666666,0.3346186666666666,96.80400000000002,96.15066666666667,1,20.0,0.3508771929824561,57,5,0.17100000000000648,0.0,0.0,0.0,0.0859999999999997,0.0859999999999997,-0.027606396190037685,0.06031302069764143,0.06031302069764143,-0.17100000000000648,0.08599999999999852,0,1,0,96.851,0.05257986058552433,0.0,-0.04699999999998283,-0.09959999999999525,1.7459999999999951,1.2430000000000092,-0.02568697930235827,4.0,18.0,37.4,27.8,-1.0,0,0,67.8,1.2,0.056995,0.367876,3.263742,0,-0.0148,1.9199999999999988,0.045596,5.950642552587727,21,8,MEDIUM,96.851,0.0,0.0,19.0,1.0,0.0,0
4,ANT,25,6066.067,6633.448,6633.448,MEDIUM>HARD,HARD,25,2,0.46966666666665446,-0.12400000000000944,0.5936666666666639,"VER,COL,LEC,RUS,BOR",5,0.14533333333334042,0.4483333333333235,0.6546666666666425,0.11827966666666667,0.44989799999999996,92.95466666666665,92.485,1,25.0,0.43859649122807015,57,8,0.15699999999999648,0.07399999999999807,-0.07399999999999807,-0.028499999999993975,-0.05112499999999862,-0.05112499999999862,-0.15726387852964763,-0.036761018238614454,-0.036761018238614454,0.26599999999999113,0.20299999999999585,0,1,0,93.068,0.27065871681475073,-0.07399999999999807,-0.11333333333334394,-0.018999999999991246,-1.7420000000000044,1.1304999999999978,0.014363981761384169,7.0,2.0,37.0,27.5,0.0,0,0,68.8,0.6,0.155914,0.543011,2.299924,0,0.043010999999999994,2.0,0.155914,6.126869184114185,26,8,MEDIUM,93.068,-0.21366666666668266,0.1510000000000009,20.0,5.0,0.044927666666666685,0
4,BEA,25,6098.175,6633.448,6633.448,MEDIUM>HARD,HARD,25,2,1.6683333333333366,0.4106666666666712,1.2576666666666654,"OCO,BOR,ALO,STR,RUS",5,-0.5790000000000219,1.8366666666666873,0.15000000000000568,0.3112263333333333,0.4840423333333333,95.55033333333334,93.882,1,25.0,0.43859649122807015,57,8,0.08050000000000068,-0.09199999999999875,0.09199999999999875,0.09099999999999397,-0.01258333333333302,-0.01258333333333302,0.34048268390850467,0.019268076860537504,0.019268076860537504,-0.09199999999999875,0.2389999999999901,0,1,0,95.015,-0.5859871140526707,0.09199999999999875,0.535333333333341,0.2688749999999942,0.009500000000002728,1.116500000000002,0.03185141019387053,7.0,11.0,37.4,27.5,0.3999999999999986,0,0,68.7,1.7,0.2,0.752632,1.761029,0,0.0,2.3999999999999986,0.2,6.1463292576688975,26,8,MEDIUM,95.015,0.3926666666666705,0.7116666666666683,20.0,5.0,-0.407043,0
4,ALB,26,6191.349,6742.227,6742.227,MEDIUM>HARD,HARD,26,2,1.4959999999999951,0.2503333333333444,1.2456666666666507,"BOR,STR,ALO,RUS,LEC",5,-0.19333333333334224,1.438999999999993,0.22500000000000853,0.287957,0.3636743333333334,95.32799999999999,93.832,1,26.0,0.45614035087719296,57,8,0.11999999999999744,-0.13299999999999557,0.15500000000000114,0.07399999999999807,0.014000000000000767,0.014000000000000767,0.19495167432378935,0.0007956030975121535,0.0007956030975121535,-0.15500000000000114,0.005000000000009663,0,1,0,94.964,-0.3264663434971453,0.13299999999999557,0.3639999999999901,0.1548750000000041,-0.03700000000000614,1.036999999999992,-0.013204396902488614,7.0,10.0,37.5,27.6,0.10000000000000142,0,0,68.5,0.9,0.063158,0.394737,3.040145,0,-0.305263,2.6,0.06568432,6.182084906716632,27,8,MEDIUM,94.964,0.3046666666666624,0.3671666666666624,20.0,6.0,0.16007966666666668,0
4,HAM,26,6175.193,6742.227,6742.227,MEDIUM>HARD,HARD,26,2,1.6596666666666522,0.025333333333335872,1.6343333333333163,"VER,LEC,BOR,RUS,ALO",5,-0.1530000000000058,1.7873333333333221,0.22500000000000853,0.09692066666666665,0.06297566666666667,94.41033333333333,92.75066666666667,1,26.0,0.45614035087719296,57,8,0.0799999999999983,0.8169999999999931,-0.7939999999999969,-0.805499999999995,0.017666666666665755,0.017666666666665755,-0.5313108579954644,0.05665034052175901,0.05665034052175901,0.7939999999999969,-0.09199999999999875,0,1,0,94.984,0.8897338977557041,-0.8169999999999931,-0.5736666666666679,-0.7637500000000017,-0.03100000000000591,0.9440000000000026,0.03898367385509326,7.0,5.0,36.8,27.6,-0.6000000000000014,0,0,67.9,0.9,0.168421,0.342105,3.574256,0,0.10459099999999999,1.871999999999997,0.17515784,6.171700597410915,27,8,MEDIUM,94.984,0.264333333333326,0.4909999999999949,20.0,6.0,-0.2054826666666667,0
4,NOR,26,6156.959,6742.227,6742.227,MEDIUM>HARD,HARD,26,2,0.5896666666666732,0.025333333333335872,0.5643333333333374,"LEC,VER,RUS,BOR,ALO",5,0.15333333333332178,0.4110000000000156,0.22500000000000853,0.066059,0.543914,93.17866666666667,92.589,1,26.0,0.45614035087719296,57,8,0.047999999999994714,-0.034000000000006025,0.034000000000006025,0.016999999999995907,0.01975000000000122,0.01975000000000122,0.10382990417960514,0.016798908699679975,0.016798908699679975,-0.32500000000000284,0.01950000000000074,0,1,0,93.059,-0.17387370116593104,0.034000000000006025,0.11966666666667436,0.03650000000000375,-1.9490000000000123,0.9714999999999918,-0.0029510913003212465,7.0,1.0,36.8,27.6,-0.20000000000000284,0,0,67.9,0.9,0.064171,0.128342,12.596092,0,0.005031000000000008,1.871999999999997,0.06673784,6.163314804034641,27,8,MEDIUM,93.059,0.15133333333334065,0.3803333333333303,20.0,6.0,-0.0038333333333333275,0
4,LIN,27,6303.374,6841.97,6841.97,MEDIUM>HARD,HARD,27,2,1.7773333333333312,-0.03300000000000125,1.8103333333333325,"STR,ALO,VER,LEC,RUS",5,0.061666666666667425,1.748666666666665,0.18533333333333246,0.06251,0.12222766666666668,95.981,94.20366666666666,1,27.0,0.47368421052631576,57,8,0.08949999999999392,0.17899999999998784,-0.031999999999996476,-0.08749999999999147,-0.030250000000000554,-0.030250000000000554,-0.17291946910741274,-0.03453030160786201,-0.03453030160786201,0.23499999999999943,-0.1869999999999976,0,1,0,96.07,0.283202952700492,-0.17899999999998784,-0.08899999999999864,-0.08012499999999534,0.8179999999999978,1.0100000000000051,-0.004280301607861456,7.0,13.0,37.3,27.7,-0.20000000000000284,0,0,67.4,2.4,0.067708,0.125,6.676921,0,0.00488100000000001,2.483999999999997,0.07312464,6.22455842927536,28,9,MEDIUM,96.07,-0.4519999999999982,-0.5243333333333359,20.0,7.0,-0.40624,0
4,PIA,27,6264.02,6841.97,6841.97,MEDIUM>HARD,HARD,27,2,1.928666666666686,-0.03300000000000125,1.9616666666666873,"VER,LEC,RUS,STR,ALO",5,-0.7646666666666846,2.726333333333372,0.18533333333333246,0.065379,0.36810600000000004,94.19066666666667,92.26199999999999,1,27.0,0.47368421052631576,57,8,0.2154999999999987,0.0,0.12099999999999511,-0.09799999999999898,0.07425000000000044,0.07425000000000044,0.0921692801063756,0.03105832499024664,0.03105832499024664,-0.12099999999999511,-0.12099999999999511,0,1,0,93.95,-0.15095241969652307,0.0,0.24066666666666947,-0.08325000000000671,-1.0339999999999918,1.0400000000000063,-0.0431916750097538,7.0,2.0,37.3,27.7,0.5,0,0,67.4,2.4,0.069149,0.132979,11.872433,0,0.005319000000000004,2.483999999999997,0.07468092,6.202535517187923,28,8,MEDIUM,93.95,0.612000000000009,0.7279999999999991,20.0,7.0,-0.6873900000000002,0
4,SAI,27,6283.199,6841.97,6841.97,MEDIUM>HARD,HARD,27,2,2.0670000000000073,-0.03300000000000125,2.1000000000000085,"STR,ALO,VER,LEC,RUS",5,-0.7833333333333314,2.88333333333334,0.18533333333333246,0.2334423333333333,0.156543,95.425,93.35799999999999,1,27.0,0.47368421052631576,57,8,0.18350000000000222,0.0,0.4549999999999983,-0.021000000000000796,0.04909999999999855,0.04909999999999855,0.3629062757046597,0.03946902385350173,0.03946902385350173,-1.293999999999997,-0.20550000000000068,0,1,0,94.842,-0.5943583412765037,0.0,0.5829999999999984,0.1478749999999991,-0.09550000000000125,1.036999999999999,-0.009630976146496821,7.0,9.0,37.3,27.7,-0.20000000000000284,0,0,67.4,2.4,0.2,0.752632,1.331684,0,-0.2375,2.483999999999997,0.21600000000000003,6.2166061010848646,28,8,MEDIUM,94.842,0.578000000000003,0.6093333333333296,20.0,7.0,0.152555,0
4,PER,28,6408.265,6939.657,6939.657,MEDIUM>HARD,HARD,28,2,1.4323333333333466,0.15466666666667095,1.2776666666666756,"STR,ALO,VER,RUS,LEC",5,-0.17666666666667652,1.4543333333333521,0.3613333333333344,0.07427633333333333,0.06305699999999999,96.52733333333333,95.09499999999998,1,28.0,0.49122807017543857,57,8,0.16949999999999932,0.5339999999999918,-0.5339999999999918,-0.46649999999999636,0.04875000000000185,0.04875000000000185,-0.31506440798739277,0.021740939706185517,0.021740939706185517,0.5339999999999918,-0.09949999999999903,0,1,0,96.919,0.5004758175863628,-0.5339999999999918,-0.3916666666666657,-0.4116250000000008,2.2369999999999948,1.2624999999999957,-0.02700906029381633,7.0,15.0,37.8,27.8,0.3999999999999986,0,0,66.9,2.1,0.07732,0.123711,5.742775,0,-0.0060130000000000045,3.135999999999997,0.08659839999999999,6.263398262591624,29,8,MEDIUM,96.919,0.04033333333332223,0.12333333333333485,19.0,9.0,0.003464333333333333,0
4,COL,30,6556.866,7134.628,7134.628,MEDIUM>HARD,HARD,30,2,1.213000000000008,-0.24066666666665526,1.4536666666666633,"BEA,VER,STR,RUS,ALO",5,-0.028333333333350197,1.4820000000000135,0.5410000000000394,0.06903633333333335,0.07168433333333334,94.302,93.089,1,30.0,0.5263157894736842,57,8,0.07900000000000063,-0.08300000000001262,0.13100000000000023,0.028000000000005798,0.02507142857142851,0.02507142857142851,-0.0028084976690365693,-0.023961694361626644,-0.023961694361626644,-0.13100000000000023,-0.08599999999999852,0,1,0,94.192,0.0044180532585045285,0.08300000000001262,0.11000000000001364,0.010625000000004547,0.07549999999999102,1.3699999999999974,-0.04903312293305515,7.0,4.0,38.8,27.9,0.7999999999999972,0,0,66.4,0.0,0.069149,0.12234,5.845702,0,0.005656999999999995,4.559999999999997,0.0829788,6.309918278226516,31,8,MEDIUM,94.192,-0.3856666666666513,0.14350000000000307,20.0,10.0,-0.16090899999999997,0
4,OCO,30,6576.641,7134.628,7134.628,MEDIUM>HARD,HARD,30,2,1.5846666666666493,-0.24066666666665526,1.8253333333333046,"STR,ALO,BEA,VER,RUS",5,-0.13266666666665117,1.9579999999999558,0.5410000000000394,0.13088999999999998,0.06560300000000001,95.46233333333333,93.87766666666668,1,30.0,0.5263157894736842,57,8,0.09949999999999903,-0.07500000000000284,0.07500000000000284,0.0049999999999954525,0.05699999999999607,0.05699999999999607,0.056398123170239955,0.021874615535098358,0.021874615535098358,-0.13299999999999557,-0.12100000000000932,0,1,0,95.393,-0.08871999951887233,0.07500000000000284,0.0693333333333328,-0.08250000000001023,1.3319999999999936,1.3319999999999936,-0.03512538446489771,7.0,9.0,38.8,27.9,0.7999999999999972,0,0,66.4,0.0,0.068063,0.13089,6.857833,0,-0.0052350000000000035,4.559999999999997,0.0816756,6.318968113746434,31,8,MEDIUM,95.393,0.3646666666666647,0.784499999999999,20.0,10.0,-0.17203133333333334,0
4,BOR,31,6676.028,7233.29,7233.29,MEDIUM>HARD,HARD,31,2,1.4006666666666518,-0.26233333333334485,1.6629999999999967,"STR,BEA,ALO,ALB,LEC",5,-0.3653333333333393,2.028333333333336,0.269999999999996,0.070056,0.06939533333333334,95.08433333333333,93.68366666666668,1,31.0,0.543859649122807,57,8,0.02750000000000341,0.17799999999999727,-0.17799999999999727,-0.19199999999999307,0.015999999999998238,0.015999999999998238,-0.20419716768363116,-0.02114497553486403,-0.02114497553486403,0.17799999999999727,-0.09099999999999397,0,1,0,95.204,0.3174137806913535,-0.17799999999999727,-0.11966666666666015,-0.1557499999999976,1.4199999999999875,0.9200000000000017,-0.03714497553486227,7.0,9.0,38.9,28.0,0.10000000000000142,0,0,66.6,1.7,0.068063,0.282723,3.742947,0,-0.0003579999999999972,4.835999999999998,0.08439812,6.35088571671474,32,8,MEDIUM,95.204,-0.7240000000000038,0.26783333333331905,19.0,12.0,-0.41789133333333334,0
4,STR,36,7199.423,7726.412,7726.412,SOFT>SOFT,SOFT,18,2,1.7220000000000084,-0.14400000000000546,1.8660000000000139,"BOT,LIN,BEA,OCO,ALB",5,-1.2309999999999945,3.0970000000000084,0.2463333333333253,0.09422900000000001,0.063158,96.79333333333334,95.07133333333333,1,18.0,0.631578947368421,57,8,0.2184999999999988,0.16899999999999693,0.0,-0.33100000000000307,0.08575000000000146,0.08575000000000146,-0.15405911461340338,0.005109976519886022,0.005109976519886022,-2.4950000000000045,-0.09350000000001302,1,0,0,96.018,0.2716071869875094,-0.16899999999999693,0.7753333333333359,-0.03125,2.2480000000000047,0.5024999999999977,-0.08064002348011544,7.0,17.0,39.2,27.9,0.10000000000000142,0,0,67.7,0.0,0.0625,0.302083,3.343526,0,-0.09486,3.0240000000000022,0.045,6.511745329644728,37,9,SOFT,96.018,0.8723333333333443,1.954666666666668,8.0,10.0,0.03172900000000001,0
4,ALO,40,7567.875,8122.711,8122.711,MEDIUM>SOFT,SOFT,40,2,2.441666666666663,-0.19133333333331848,2.6329999999999814,"PER,LIN,ALB,OCO,BEA",5,-0.4410000000000025,3.073999999999984,0.08133333333333326,0.15074566666666667,0.460286,96.99366666666667,94.552,1,40.0,0.7017543859649122,57,8,0.15699999999999648,1.1589999999999918,-0.8469999999999942,-1.1664999999999992,0.12657142857142828,0.12657142857142828,-0.7445714076873458,0.08714186288966748,0.08714186288966748,1.3229999999999933,0.0799999999999983,0,1,0,97.717,1.1468188760862859,-1.1589999999999918,-0.7233333333333292,-1.1063749999999999,3.7055000000000007,0.7519999999999953,-0.0394295656817608,7.0,15.0,39.4,28.0,0.19999999999999574,0,0,67.7,0.8,0.328205,0.65641,1.262288,0,0.266029,7.039999999999997,0.525128,6.610696044717759,41,8,MEDIUM,97.717,0.32833333333334735,1.4145000000000039,19.0,21.0,-0.5434300000000001,0
6,OCO,8,3976.972,4422.136,4422.136,MEDIUM>HARD,HARD,8,2,1.8826666666666512,0.48033333333333417,1.402333333333317,"COL,LIN,STR,ALO,SAI",5,,,0.31799999999999784,,,79.53699999999999,77.65433333333334,1,8.0,0.10256410256410256,78,7,0.3849999999999909,-0.2599999999999909,0.2599999999999909,0.3849999999999909,-0.33500000000000324,-0.33500000000000324,0.031047387676707672,-0.19672922315771085,-0.19672922315771085,-0.3849999999999909,-0.2049999999999983,0,1,0,79.322,-0.05698959361478728,0.2599999999999909,0.2149999999999892,0.7555714285714288,0.4609999999999985,0.9200000000000017,0.1382707768422924,6.0,15.0,43.8,24.1,0.0,0,0,58.7,1.2,0.0,0.0,20.0,1,0.0,2.815999999999999,0.0,5.099866427824199,9,1,MEDIUM,79.322,-0.21766666666667334,0.1508333333333383,5.0,3.0,-0.40471133333333337,1
6,HUL,11,4212.078,4668.054,4668.054,MEDIUM>HARD,HARD,11,2,2.879333333333335,0.1353333333333353,2.7439999999999998,"LIN,COL,SAI,STR,ALO",5,-0.3236666666666679,3.0676666666666677,0.529666666666671,,,79.279,76.39966666666666,1,11.0,0.14102564102564102,78,8,0.32150000000000034,-0.659000000000006,0.659000000000006,1.015500000000003,-0.13063333333333277,-0.13063333333333277,0.36007868339912363,-0.15815178757375717,-0.15815178757375717,-1.0360000000000014,0.3639999999999901,0,1,0,78.714,-0.6029882613130724,0.659000000000006,0.5649999999999977,0.8739999999999952,0.13599999999999568,1.0480000000000018,-0.0275184542404244,7.0,12.0,43.6,24.1,-0.29999999999999716,0,0,57.0,1.0,0.0,0.0,20.0,1,0.0,3.7840000000000007,0.0,5.4116460518550396,12,1,MEDIUM,78.714,-0.6890000000000072,0.2406666666666647,5.0,6.0,-0.6541666666666667,1
6,HAM,27,5412.943,5920.031,5920.031,MEDIUM>HARD,HARD,27,2,1.061333333333323,0.12000000000000455,0.9413333333333185,"PIA,GAS,NOR,BOR,ANT",5,-0.4746666666666641,1.4159999999999826,0.14699999999999136,,,77.98233333333333,76.921,1,27.0,0.34615384615384615,78,8,0.36950000000000216,0.44199999999999307,-0.23699999999999477,-0.6680000000000064,0.1695000000000011,0.1695000000000011,-0.24297490284742196,0.0995307924757382,0.0995307924757382,0.23699999999999477,0.05649999999999977,0,1,0,78.225,0.3742307002939782,-0.44199999999999307,-0.2426666666666648,-0.6557499999999976,-0.6020000000000039,0.30049999999999955,-0.06996920752426289,7.0,2.0,43.7,24.2,0.0,0,0,59.5,1.5,0.0,0.0,20.0,1,0.0,9.396000000000004,0.0,6.282266746896006,28,1,MEDIUM,78.225,1.036999999999992,1.9788333333333314,5.0,22.0,-0.011178333333333334,1
6,RUS,30,5680.957,6156.414,6156.414,MEDIUM>HARD,HARD,30,2,1.8996666666666613,-1.329666666666668,3.2293333333333294,"BOR,OCO,PER,PIA,LAW",5,0.6713333333333509,2.5579999999999785,0.2540000000000049,,,78.74433333333333,76.84466666666667,1,30.0,0.38461538461538464,78,8,0.11049999999999471,-0.012000000000000455,0.0,0.09149999999999636,-0.046214285714284084,-0.046214285714284084,0.17877386869416512,-0.0010341313039962125,-0.0010341313039962125,0.0379999999999967,0.0379999999999967,0,1,0,78.753,-0.27534381930873053,0.012000000000000455,-0.008666666666670153,0.20800000000001262,-0.11899999999999977,0.3790000000000049,0.04518015441028787,7.0,5.0,43.5,24.4,-0.20000000000000284,0,0,59.6,1.5,0.0,0.0,20.0,1,0.0,10.2,0.0,6.398594934535208,31,1,MEDIUM,78.753,1.093666666666664,2.1556666666666757,5.0,25.0,-0.020339333333333334,1
6,HAD,31,5759.168,6236.085,6236.085,MEDIUM>HARD,HARD,31,2,0.6216666666666697,-0.45400000000000773,1.0756666666666774,"LAW,OCO,STR,BOR,PIA",5,0.452666666666687,0.6229999999999905,0.4823333333333295,,,78.78366666666666,78.16199999999999,1,31.0,0.3974358974358974,78,8,0.09550000000000125,-0.10299999999999443,0.10299999999999443,0.12399999999999523,-0.04024999999999821,-0.04024999999999821,0.146512691750047,-0.013684442007421378,-0.013684442007421378,-0.10299999999999443,-0.021000000000000796,0,1,0,78.715,-0.2256557832431838,0.10299999999999443,0.06866666666665822,0.1980000000000075,0.0,0.33199999999999363,0.026565557992576833,7.0,4.0,43.7,24.3,0.20000000000000284,0,0,59.7,0.7,0.0,0.0,20.0,1,0.0,10.788000000000004,0.0,6.428105272684596,32,1,MEDIUM,78.715,1.2639999999999958,2.3410000000000033,5.0,26.0,-0.027925666666666668,1
6,COL,34,6032.634,6478.295,6478.295,MEDIUM>HARD,HARD,34,2,2.221333333333348,-1.046999999999997,3.268333333333345,"LIN,SAI,LAW,HUL,PER",5,-0.5980000000000132,3.8663333333333583,0.7763333333333406,,,80.33033333333334,78.109,1,34.0,0.4358974358974359,78,8,0.3509999999999991,1.9849999999999994,-1.9849999999999994,-2.094999999999999,0.20346666666666663,0.20346666666666663,-1.4307127858547801,0.14735129436085007,0.14735129436085007,1.9849999999999994,0.09250000000000114,0,1,0,81.727,1.9300119797644015,-1.9849999999999994,-1.3966666666666612,-1.9427500000000038,2.8400000000000034,0.980000000000004,-0.05611537230581656,7.0,12.0,43.6,24.3,-0.19999999999999574,0,0,60.7,0.8,0.0,0.0,20.0,1,0.0,11.696000000000002,0.0,6.530877627725885,35,1,MEDIUM,81.727,0.2860000000000156,0.8960000000000055,5.0,29.0,-0.38499733333333336,1
6,LEC,34,5958.736,6478.295,6478.295,MEDIUM>HARD,HARD,34,2,0.7996666666666528,-0.18533333333334667,0.9849999999999994,"BOR,PIA,ALO,GAS,STR",5,-0.5346666666666806,1.51966666666668,0.29299999999999216,,,77.83066666666666,77.031,1,34.0,0.4358974358974359,78,8,0.3374999999999915,0.24099999999999966,0.0,-0.33149999999999125,0.10416071428571197,0.10416071428571197,-0.16060030855179264,0.06160030855895203,0.06160030855895203,0.24099999999999966,0.21999999999999886,0,1,0,77.907,0.24735314807121256,-0.24099999999999966,-0.0763333333333378,-0.3983750000000015,-1.0395000000000039,0.8445000000000036,-0.04256040572675994,7.0,2.0,43.8,24.4,0.09999999999999432,0,0,60.1,0.9,0.0,0.0,20.0,1,0.0,11.967999999999996,0.0,6.508769136971682,35,1,MEDIUM,77.907,0.20899999999998897,1.1821666666666697,5.0,29.0,-0.29665366666666665,1
6,ANT,36,6091.995,6640.114,6640.114,MEDIUM>HARD,HARD,36,2,0.039666666666676065,-0.6720000000000113,0.7116666666666873,"RUS,HAM,HAD,GAS,PIA",5,0.6753333333333273,0.036333333333359974,0.4676666666666591,,,76.58266666666667,76.54299999999999,1,36.0,0.46153846153846156,78,8,0.1699999999999946,-0.43200000000000216,0.0,0.45699999999999363,-0.06833333333333276,-0.06833333333333276,0.21226519645125563,-0.03446782884970401,-0.03446782884970401,0.16499999999999204,0.15000000000000568,0,1,0,76.356,-0.32692630982413107,0.43200000000000216,0.22666666666667368,0.37024999999999864,-2.616500000000002,0.9924999999999997,0.03386550448362875,7.0,1.0,43.7,24.1,0.10000000000000142,0,0,60.6,0.5,0.0,0.0,20.0,1,0.0,12.528000000000004,0.0,6.551080335043404,37,1,MEDIUM,76.356,-0.22800000000000864,0.7081666666666706,5.0,31.0,-0.008686333333333332,1
6,ALB,42,6665.4,7133.13,7133.13,MEDIUM>SOFT,SOFT,42,2,-3.1666666666666714,0.1563333333333503,-3.3230000000000217,"ALO,RUS,PIA,PER,LIN",5,0.5299999999999869,-3.8530000000000086,1.3796666666666795,,,79.66866666666667,82.83533333333334,1,42.0,0.5384615384615384,78,8,0.22749999999999915,0.0,-0.12000000000000455,-0.17449999999999477,0.046357142857143936,0.046357142857143936,0.0022463049967456072,0.023815583958580203,0.023815583958580203,0.4269999999999925,-0.1939999999999884,0,1,0,79.851,-0.003540198627277391,0.0,-0.18233333333333235,0.15562500000000057,-0.29300000000000637,1.2039999999999935,-0.022541558898563734,7.0,10.0,42.8,23.9,0.19999999999999574,0,0,59.5,0.6,0.0,0.0,20.0,1,0.0,13.103999999999996,0.0,6.728628613084702,43,1,MEDIUM,79.851,0.02733333333333121,-0.011000000000005158,5.0,37.0,-0.25358200000000003,1
6,BOR,42,6722.271,7133.13,7133.13,HARD>MEDIUM,MEDIUM,41,2,4.298999999999992,2.503,1.7959999999999923,"RUS,PER,LIN,SAI,HUL",5,-0.7249999999999943,2.5209999999999866,0.8276666666666586,,,81.32533333333333,77.02633333333334,1,41.0,0.5384615384615384,78,8,0.6219999999999999,1.1310000000000002,-1.1310000000000002,-1.5759999999999934,0.2323333333333319,0.2323333333333319,-0.6818211933880605,0.2843776683386234,0.2843776683386234,1.36399999999999,0.2530000000000001,0,0,1,82.157,1.0587461274509309,-1.1310000000000002,-0.8316666666666634,-1.423249999999996,2.739999999999995,2.1569999999999965,0.05204433500529149,7.0,19.0,42.8,23.9,0.0,0,0,59.5,0.6,0.0,0.0,20.0,1,0.0,12.791999999999996,0.0,6.747586526829315,43,2,HARD,82.157,-0.07500000000000284,-0.25966666666667004,5.0,36.0,0.0,1
6,LAW,43,6731.984,7210.312,7210.312,MEDIUM>SOFT,SOFT,43,6,1.4820000000000135,-0.5433333333333223,2.025333333333336,"ALO,STR,PER,COL,RUS",5,-0.6829999999999927,2.7083333333333286,2.0093333333333163,,,79.74833333333333,78.26633333333332,1,43.0,0.5512820512820513,78,8,0.15050000000000097,0.6510000000000105,0.0,-0.7850000000000108,0.1184285714285695,0.1184285714285695,-0.24531606676913498,0.037034944127498824,0.037034944127498824,-1.6869999999999976,0.14800000000001035,0,1,0,79.403,0.40961781793606633,-0.6510000000000105,0.34533333333332905,-0.4083750000000208,-0.01099999999999568,2.1539999999999964,-0.08139362730107066,7.0,9.0,42.8,23.9,0.0,0,0,59.5,0.6,0.0,0.0,20.0,1,0.0,13.415999999999995,0.0,6.74993119378857,44,1,MEDIUM,79.403,0.2363333333333344,0.15816666666665924,5.0,38.0,-0.3058403333333333,1
6,GAS,44,6791.199,7289.665,7289.665,MEDIUM>HARD,HARD,44,2,-0.4243333333333368,0.09133333333333837,-0.5156666666666752,"HAD,STR,ALO,HAM,RUS",5,0.9429999999999978,-1.458666666666673,1.8316666666666777,,,78.78066666666666,79.205,1,44.0,0.5641025641025641,78,8,0.1045000000000087,-0.132000000000005,0.0,0.16449999999998965,-0.04658333333333312,-0.04658333333333312,0.14001088620139512,0.025017165218225557,0.025017165218225557,-0.132000000000005,-0.2149999999999963,0,1,0,78.777,-0.21564130224997768,0.132000000000005,0.0036666666666604897,0.16600000000001103,-0.6329999999999956,1.8400000000000034,0.07160049855155867,7.0,5.0,43.0,23.9,0.20000000000000284,0,0,60.3,1.0,0.0,0.0,20.0,1,0.0,14.08,0.0,6.763884908562435,45,1,MEDIUM,78.777,-0.059666666666672086,0.1383333333333402,5.0,39.0,-0.13237,1
6,PIA,47,7021.203,7529.514,7529.514,MEDIUM>HARD,HARD,47,2,2.0363333333333458,-0.2953333333333461,2.331666666666692,"PER,HAD,ALO,HAM,BOR",5,-0.8730000000000047,3.2046666666666965,0.25900000000000034,,,79.528,77.49166666666666,1,47.0,0.6025641025641025,78,8,0.24099999999999966,0.23000000000000398,0.0,-0.26300000000000523,0.14330000000000212,0.14330000000000212,-0.06092774484231711,0.10638582855908452,0.10638582855908452,0.23000000000000398,-0.1910000000000025,0,1,0,79.575,0.09383939947178987,-0.23000000000000398,-0.046999999999997044,-0.3815000000000026,0.33800000000000807,2.387999999999991,-0.036914171440917604,7.0,4.0,42.9,24.0,0.19999999999999574,0,0,59.8,0.6,0.0,0.0,20.0,1,0.0,14.851999999999999,0.0,6.823286122355687,48,1,MEDIUM,79.575,1.129333333333335,1.4356666666666769,5.0,42.0,-0.004219333333333334,1
6,SAI,51,7397.363,7857.165,7857.165,MEDIUM>SOFT,SOFT,51,2,-1.630999999999986,-0.21433333333334303,-1.416666666666643,"HAD,LAW,LIN,HAM,RUS",5,1.586666666666659,-3.003333333333302,0.21966666666664025,,,78.09500000000001,79.726,1,51.0,0.6538461538461539,78,8,0.20250000000000057,-0.07699999999999818,0.04999999999999716,0.25799999999999557,-0.15399999999999991,-0.15399999999999991,-0.13965674051101473,-0.31562622880302743,-0.31562622880302743,-0.04999999999999716,0.2594999999999956,0,1,0,78.022,0.21764265631125568,0.07699999999999818,0.0730000000000075,0.5927499999999952,-1.0249999999999915,1.6814999999999927,-0.16162622880302752,7.0,9.0,40.4,24.0,0.0,0,0,60.4,1.1,0.0,0.0,20.0,1,0.0,11.015999999999996,0.0,6.90975328164481,52,1,MEDIUM,78.022,-1.8209999999999837,-1.164333333333327,5.0,46.0,-0.08952700000000001,1
7,HAM,10,4051.855,4576.409,4576.409,SOFT>HARD,HARD,12,2,1.656666666666652,-0.07783333333333076,1.7344999999999828,"LEC,BEA,LIN,ALO",4,0.1910000000000167,1.5434999999999661,0.14649999999999608,0.006000000000000001,0.12855566666666668,83.463,81.80633333333334,1,12.0,0.15151515151515152,66,8,0.4930000000000021,0.22499999999999432,-0.11399999999999011,-0.6624999999999943,0.21407142857142789,0.21407142857142789,0.00024683232580002823,0.1910474565555198,0.1910474565555198,0.11399999999999011,0.3059999999999974,1,0,0,83.576,-0.0004248103327597619,-0.22499999999999432,-0.11299999999999955,-0.6801249999999897,-2.338000000000008,0.8149999999999977,-0.023023972015908084,7.0,2.0,50.4,30.9,-1.1000000000000014,0,0,28.0,3.1,0.005988,0.233533,3.408801,0,0.0,7.3919999999999995,0.00287424,5.2832037287379885,11,0,SOFT,83.576,0.8726666666666603,-0.2813333333333359,7.0,5.0,0.006000000000000001,0
7,LAW,10,4072.946,4576.409,4576.409,MEDIUM>HARD,HARD,10,2,0.7536666666666747,-0.07783333333333076,0.8315000000000055,"BEA,LIN,LEC,ALO",4,0.061666666666667425,0.769833333333338,0.14649999999999608,0.005859333333333334,0.033530666666666674,85.26100000000001,84.50733333333334,1,10.0,0.15151515151515152,66,8,0.3149999999999906,0.08599999999999852,0.0,-0.3049999999999926,0.22905952380952482,0.22905952380952482,0.1293376464088709,0.19505928434307399,0.19505928434307399,0.1039999999999992,0.32200000000000273,0,1,0,85.289,-0.22259632498040105,-0.08599999999999852,-0.027999999999991587,-0.5701250000000044,-0.625,0.8149999999999977,-0.03400023946645084,7.0,8.0,49.7,30.9,-1.7999999999999972,0,0,28.0,5.1,0.005848,0.017544,8.724281,0,-3.4000000000000176e-05,5.880000000000001,0.0023392,5.313205979041787,11,0,MEDIUM,85.289,0.7793333333333408,-0.3649999999999996,5.0,5.0,-2.2999999999999583e-05,0
7,COL,11,4165.659,4629.973,4629.973,SOFT>HARD,HARD,11,2,2.049666666666667,0.23600000000001842,1.8136666666666486,"LIN,BEA,ALO",3,-0.029666666666656738,1.8433333333333053,0.07166666666668675,0.24846,0.027743,85.99866666666667,83.949,1,11.0,0.16666666666666666,66,8,0.6180000000000021,-0.3920000000000101,0.3920000000000101,-0.07449999999998624,0.254549999999999,0.254549999999999,0.46313544504873505,0.1889037636314577,0.1889037636314577,-0.3920000000000101,0.02200000000000557,1,0,0,85.71,-0.7755672569288095,0.3920000000000101,0.2886666666666713,-0.17874999999999375,-0.17600000000000193,0.8419999999999987,-0.0656462363685413,7.0,12.0,49.0,30.9,-0.7000000000000028,0,0,28.3,3.9,0.263158,0.959064,1.387238,0,0.205355,6.16,0.11578952,5.429345628954441,12,0,SOFT,85.71,1.24733333333333,-0.014500000000002927,5.0,6.0,-0.3647433333333333,0
7,PER,11,4177.838,4629.973,4629.973,SOFT>HARD,HARD,11,2,2.100666666666669,0.23600000000001842,1.8646666666666505,"BEA,LIN,ALO",3,0.15066666666668027,1.7139999999999702,0.07166666666668675,0.04798133333333334,0.2695596666666667,86.87333333333333,84.77266666666667,1,11.0,0.16666666666666666,66,8,0.4799999999999969,0.26200000000000045,-0.08799999999999386,-0.7039999999999935,0.1950249999999997,0.1950249999999997,-0.022492884553699355,0.17800729220591585,0.17800729220591585,0.26200000000000045,0.02200000000000557,1,0,0,86.99,0.037666615587795604,-0.26200000000000045,-0.11666666666666003,-0.6553750000000065,1.1039999999999992,1.1039999999999992,-0.017017707794083847,7.0,19.0,49.0,30.9,-0.7000000000000028,0,0,28.3,3.9,0.017241,0.706897,2.083774,0,-0.029002,6.16,0.00758604,5.459585514144159,12,0,SOFT,86.99,1.0450000000000017,-0.07616666666667038,5.0,6.0,-0.5387066666666667,0
7,RUS,11,4132.042,4629.973,4629.973,MEDIUM>HARD,HARD,11,2,1.4953333333333347,0.23600000000001842,1.2593333333333163,"LIN,BEA,ALO",3,-0.1486666666666565,1.4079999999999728,0.07166666666668675,0.009992,0.04070033333333333,83.46966666666667,81.97433333333333,1,11.0,0.16666666666666666,66,8,0.4924999999999926,0.4479999999999933,-0.1909999999999883,-0.758499999999998,0.239190476190475,0.239190476190475,-0.0032223187231892325,0.23138489331838824,0.23138489331838824,0.1909999999999883,0.125,0,1,0,83.701,0.00539609939126251,-0.4479999999999933,-0.23133333333332473,-0.7893749999999926,-2.3540000000000134,0.7660000000000053,-0.007805582872086769,7.0,1.0,49.0,30.9,-1.3999999999999986,0,0,28.3,3.9,0.005952,0.017857,20.0,0,-0.006024000000000001,6.16,0.00261888,5.37989735354046,12,0,MEDIUM,83.701,1.1550000000000011,-0.2220000000000084,5.0,6.0,0.009992,0
7,VER,11,4143.526,4629.973,4629.973,SOFT>MEDIUM,MEDIUM,14,2,2.1466666666666754,0.23600000000001842,1.910666666666657,"LIN,BEA,ALO",3,0.09933333333331973,1.8113333333333372,0.07166666666668675,0.009909000000000001,0.08131366666666667,84.153,82.00633333333333,1,14.0,0.16666666666666666,66,8,0.46999999999999886,0.20800000000001262,0.0,-0.63900000000001,0.20084999999999695,0.20084999999999695,0.06591626396286188,0.17674675147337918,0.17674675147337918,-0.13599999999999568,0.09299999999999642,1,0,0,84.177,-0.11038346681345956,-0.20800000000001262,-0.02400000000000091,-0.5638750000000101,-1.9014999999999986,0.7194999999999965,-0.02410324852661777,7.0,5.0,49.0,30.9,-1.3999999999999986,0,0,28.3,3.9,0.005917,0.236686,3.32432,0,0.005917,7.84,0.0033135200000000004,5.3981627015177525,12,0,SOFT,84.177,1.0063333333333446,-0.3785000000000025,8.0,6.0,-0.25048566666666666,0
7,ALB,12,4261.926,4715.092,4715.092,MEDIUM>HARD,HARD,12,2,1.5390000000000157,0.3433333333333195,1.1956666666666962,"BEA,LIN,ALO",3,0.24766666666663184,0.9480000000000643,0.08800000000000807,0.069364,0.17071433333333333,86.53666666666668,84.99766666666666,1,12.0,0.18181818181818182,66,8,0.120999999999988,0.005000000000009663,-0.005000000000009663,-0.11149999999999238,0.1382500000000005,0.1382500000000005,0.14944077285382207,0.13823221060100366,0.13823221060100366,0.09199999999999875,0.08449999999999847,0,1,0,86.569,-0.24475016228366542,-0.005000000000009663,-0.032333333333326664,-0.30262500000000614,0.494000000000014,0.8160000000000096,-1.778939899685361e-05,7.0,17.0,50.7,30.9,1.7000000000000028,0,0,28.3,1.4,0.144509,0.890173,1.68137,0,0.138729,7.536000000000001,0.06936432,5.537334267018537,13,0,MEDIUM,86.569,0.9676666666666733,-0.20716666666666106,5.0,7.0,-0.31117466666666665,0
7,HUL,12,4245.254,4715.092,4715.092,SOFT>HARD,HARD,12,2,1.0703333333333234,0.3433333333333195,0.7270000000000039,"BEA,LIN,ALO",3,0.42199999999998283,0.30500000000002103,0.08800000000000807,0.4074073333333333,0.22752966666666666,85.52766666666666,84.45733333333334,1,12.0,0.18181818181818182,66,8,0.17249999999999943,0.3580000000000041,-0.29400000000001114,-0.46299999999999386,0.11883333333333349,0.11883333333333349,-0.00532858922336743,0.17485631283119873,0.17485631283119873,0.3580000000000041,0.02200000000000557,1,0,0,85.745,0.008727023102579778,-0.3580000000000041,-0.21733333333334315,-0.5276250000000005,-0.20899999999998897,0.7000000000000028,0.05602297949786525,7.0,8.0,50.7,30.9,1.7000000000000028,0,0,28.3,1.4,0.192982,0.549708,2.387024,0,-0.339182,7.536000000000001,0.09263136,5.501258210544727,13,0,SOFT,85.745,1.0513333333333321,-0.41550000000000387,5.0,7.0,-0.4901143333333334,0
7,NOR,12,4223.084,4715.092,4715.092,MEDIUM>HARD,HARD,12,2,1.3769999999999953,0.3433333333333195,1.0336666666666758,"BEA,LIN,ALO",3,0.603333333333353,0.4303333333333228,0.08800000000000807,0.021956000000000003,0.3800813333333333,83.446,82.069,1,12.0,0.18181818181818182,66,8,0.07149999999999324,0.21699999999999875,-0.21699999999999875,-0.24349999999999739,0.03699999999999809,0.03699999999999809,0.00884391504297355,0.09028787338483649,0.09028787338483649,0.21699999999999875,-0.04049999999999443,0,1,0,83.618,-0.014484331154449137,-0.21699999999999875,-0.17199999999999704,-0.2303749999999951,-2.3019999999999925,0.9020000000000081,0.0532878733848384,7.0,3.0,49.4,30.9,0.3999999999999986,0,0,28.5,2.3,0.017964,0.808383,1.948865,0,-0.023952,6.911999999999999,0.00862272,5.480638923341991,13,0,MEDIUM,83.618,0.3506666666666689,-1.1640000000000017,5.0,7.0,-0.044309,0
7,OCO,12,4258.367,4715.092,4715.092,SOFT>HARD,HARD,12,2,2.350999999999999,0.3433333333333195,2.0076666666666796,"BEA,LIN,ALO",3,-0.2773333333333312,2.285000000000011,0.08800000000000807,0.011549666666666666,0.193294,86.69266666666665,84.34166666666665,1,12.0,0.18181818181818182,66,8,0.5045000000000002,0.12899999999999068,-0.11199999999999477,-0.6765000000000043,0.23304761904761728,0.23304761904761728,0.07125450816870682,0.21306551151911446,0.21306551151911446,0.12899999999999068,0.09949999999999903,1,0,0,86.773,-0.11669875700383159,-0.12899999999999068,-0.0803333333333427,-0.6687499999999886,0.6980000000000075,0.8065000000000069,-0.019982107528502824,7.0,14.0,50.7,30.9,1.7000000000000028,0,0,28.3,1.4,0.017341,0.50289,2.47182,0,0.005779999999999999,7.536000000000001,0.00832368,5.5254529391317835,13,0,SOFT,86.773,1.47499999999998,0.2931666666666691,5.0,7.0,-0.6836686666666667,0
7,ANT,13,4304.509,4800.11,4800.11,MEDIUM>HARD,HARD,13,2,1.6576666666666569,,,"LIN,ALO",2,0.32433333333332826,,,0.009980000000000001,0.012195333333333334,83.50433333333334,81.84666666666668,1,13.0,0.19696969696969696,66,8,0.19500000000000028,0.0,0.0,0.0,0.0625,0.0625,0.24047195663452214,0.1262127074496883,0.1262127074496883,0.19299999999999784,0.12199999999999989,0,1,0,83.56,-0.38705373619485783,0.0,-0.0556666666666672,-0.08599999999999852,-2.2549999999999955,0.9579999999999984,0.0637127074496883,7.0,1.0,50.5,30.9,1.1000000000000014,0,0,28.5,2.3,0.005988,0.017964,20.0,0,0.0,8.06,0.0031137599999999997,5.556828061699537,14,0,MEDIUM,83.56,0.9339999999999975,-0.5476666666666623,5.0,8.0,-0.472933,0
7,GAS,13,4338.165,4800.11,4800.11,MEDIUM>HARD,HARD,13,2,2.595333333333329,,,"LIN,ALO",2,0.5166666666666657,,,0.5693823333333333,0.14374833333333334,85.85266666666666,83.25733333333334,1,13.0,0.19696969696969696,66,8,0.11699999999999733,-0.1559999999999917,0.007999999999995566,0.009000000000000341,0.008300000000002684,0.008300000000002684,0.3214258275886408,0.12237122588900207,0.12237122588900207,-0.007999999999995566,-0.007999999999995566,0,1,0,85.798,-0.5173537456044812,0.1559999999999917,0.05466666666666242,0.02462500000000034,-0.5614999999999952,0.7914999999999992,0.11407122588899939,7.0,11.0,50.5,30.9,-0.20000000000000284,0,0,28.5,2.3,0.127907,0.877907,1.721941,0,-0.6732630000000001,8.06,0.06651164,5.594711379601839,14,0,MEDIUM,85.798,0.7086666666666588,-0.5936666666666687,5.0,8.0,-0.3072706666666668,0
7,PIA,13,4315.354,4800.11,4800.11,MEDIUM>HARD,HARD,13,2,1.7246666666666641,,,"LIN,ALO",2,0.6033333333333388,,,0.013888666666666667,0.08511933333333332,84.071,82.34633333333333,1,13.0,0.19696969696969696,66,8,0.3674999999999997,-0.11800000000000921,0.09799999999999898,0.10800000000000409,-0.014499999999994628,-0.014499999999994628,0.3964607445699073,0.10434531294435492,0.10434531294435492,-0.11800000000000921,0.022500000000000853,0,1,0,83.999,-0.6390130319223886,0.11800000000000921,0.07200000000000273,0.19300000000001205,-2.0759999999999934,0.7075000000000102,0.11884531294434955,7.0,4.0,50.5,30.9,1.1000000000000014,0,0,28.5,2.3,0.017857,0.303571,3.045381,0,0.0,8.06,0.009285640000000001,5.568344503761097,14,0,MEDIUM,83.999,0.8730000000000047,-0.7031666666666656,5.0,8.0,-0.5335466666666667,0
7,SAI,13,4341.52,4800.11,4800.11,SOFT>HARD,HARD,13,2,2.092666666666659,,,"LIN,ALO",2,-0.11233333333331075,,,0.015436666666666666,0.03961166666666667,86.33699999999999,84.24433333333333,1,13.0,0.19696969696969696,66,8,0.23699999999999477,0.0,0.05499999999999261,-0.15149999999999864,0.16478333333333192,0.16478333333333192,0.18383011400368332,0.14409537061725838,0.14409537061725838,-0.05499999999999261,-0.007999999999995566,1,0,0,86.28,-0.2958853641233219,0.0,0.05699999999998795,-0.29624999999998636,-0.0519999999999925,0.7914999999999992,-0.020687962716073538,7.0,12.0,50.5,30.9,-0.20000000000000284,0,0,28.5,2.3,0.00578,0.32948,3.016362,0,-0.023122,8.06,0.0030056000000000006,5.598421958998375,14,0,SOFT,86.28,1.336999999999989,0.051500000000009066,5.0,8.0,-0.10809266666666666,0
7,BOR,14,4433.726,4886.446,4886.446,MEDIUM>HARD,HARD,14,2,3.0576666666666625,,,"LIN,ALO",2,-0.049000000000020805,,,0.526831,0.14907066666666666,86.70566666666667,83.64800000000001,1,14.0,0.21212121212121213,66,8,0.15200000000000102,-0.07399999999999807,0.26600000000000534,-0.04999999999999716,0.09220000000000006,0.09220000000000006,0.3519117399869458,0.13573969484134807,0.13573969484134807,-0.27300000000001035,-0.025000000000005684,0,1,0,86.526,-0.5590073373037256,0.07399999999999807,0.17966666666667663,-0.024124999999997954,1.2319999999999993,1.2980000000000018,0.04353969484134801,7.0,13.0,51.2,30.9,0.7000000000000028,0,0,27.6,0.4,0.33526,1.0,1.176374,0,-0.23945300000000003,9.072000000000001,0.1877456,5.676753802268282,15,0,MEDIUM,86.526,1.338000000000008,0.26816666666667766,5.0,9.0,-0.39712233333333335,0
7,HAD,14,4416.762,4886.446,4886.446,MEDIUM>HARD,HARD,14,2,2.86933333333333,,,"LIN,ALO",2,0.5420000000000016,,,0.4260173333333333,0.17985966666666664,85.15066666666667,82.28133333333334,1,14.0,0.21212121212121213,66,8,0.3825000000000003,0.22299999999999898,-0.20699999999999363,-0.2149999999999892,0.052166666666669435,0.052166666666669435,-0.0710941707735202,0.07117366360333248,0.07117366360333248,0.22299999999999898,0.1844999999999999,0,1,0,85.294,0.11293218891587742,-0.22299999999999898,-0.14333333333333087,-0.25337499999999125,-0.5040000000000049,1.713000000000008,0.019006996936663044,7.0,8.0,50.7,30.8,0.20000000000000284,0,0,27.7,1.4,0.323529,0.852941,1.573776,0,-0.407465,8.792000000000002,0.18117624,5.659482215759621,15,0,MEDIUM,85.294,0.5826666666666682,-0.5198333333333286,5.0,9.0,-0.5167833333333334,0
7,LEC,15,4479.933,4974.286,4974.286,MEDIUM>HARD,HARD,15,2,1.8696666666666886,-0.18616666666666504,2.0558333333333536,"LAW,HAM,LIN,ALO",4,-0.29299999999999216,2.3488333333333458,0.32116666666666305,0.017892666666666668,0.020338333333333333,83.84833333333334,81.97866666666665,1,15.0,0.22727272727272727,66,8,0.3084999999999951,0.0,-0.043000000000006366,-0.14100000000000534,0.08899999999999883,0.08899999999999883,0.08519366865073152,0.08858077106010868,0.08858077106010868,0.043000000000006366,-0.006000000000000227,0,1,0,84.039,-0.13401832927822,0.0,-0.1906666666666581,-0.1907499999999942,-0.7339999999999947,1.093500000000006,-0.00041922893989014554,7.0,1.0,50.7,31.0,0.0,0,0,27.5,2.5,0.017857,0.02381,17.481625,0,0.0,9.420000000000002,0.0107142,5.707110264748875,16,0,MEDIUM,84.039,0.5776666666666728,-0.6029999999999944,5.0,10.0,-0.7869933333333334,0
7,BEA,17,4690.763,5173.288,5173.288,MEDIUM>HARD,HARD,17,2,1.7693333333333499,-0.3226666666666773,2.092000000000027,"ALB,PER,LAW,COL,OCO",5,,,0.23733333333333917,0.04050766666666667,0.509127,86.24533333333333,84.47599999999998,1,17.0,0.25757575757575757,66,8,0.12449999999999761,0.2219999999999942,-0.2219999999999942,-0.15099999999999625,-0.007416666666667145,-0.007416666666667145,-0.16866277016434594,0.06329367888933887,0.06329367888933887,0.2219999999999942,-0.09799999999999898,0,1,0,86.707,0.2621774246285753,-0.2219999999999942,-0.4616666666666589,-0.3084999999999951,2.594999999999999,1.3605000000000018,0.07071034555600601,7.0,10.0,50.2,31.1,-1.0,0,0,27.8,3.1,0.098266,0.144509,8.476384,0,0.086705,10.336000000000002,0.06682088,5.860786223465865,18,0,MEDIUM,86.707,0.9476666666666773,1.5779999999999983,5.0,12.0,-0.8600623333333334,0
7,ALO,20,4974.286,5430.444,5430.444,HARD>HARD,HARD,20,2,2.1820000000000164,-1.0470000000000113,3.2290000000000276,"PER,ALB,COL,OCO,SAI",5,-0.4383333333333326,3.66733333333336,0.40800000000000125,0.4568736666666667,0.015526666666666666,87.90066666666667,85.71866666666665,1,20.0,0.30303030303030304,66,8,0.2704999999999984,0.5510000000000019,-0.49200000000000443,-0.8004999999999995,0.07059999999999889,0.07059999999999889,-0.4208764956601243,0.08834452426804243,0.08834452426804243,0.49200000000000443,0.1869999999999976,0,0,1,88.393,0.649629917927399,-0.5510000000000019,-0.4923333333333346,-0.7791250000000076,4.324000000000012,1.2864999999999966,0.017744524268043543,7.0,20.0,49.3,30.9,-0.5,0,0,28.6,3.6,0.570621,0.932203,0.858398,0,0.07347800000000004,11.439999999999998,0.45649680000000004,6.042632833682381,21,0,HARD,88.393,1.538666666666657,2.4988333333333417,5.0,15.0,-0.13042533333333334,0
7,LIN,21,5024.573,5516.135,5516.135,MEDIUM>HARD,HARD,21,2,2.4143333333333317,-1.1276666666666841,3.542000000000016,"ALB,PER,OCO,SAI,HUL",5,0.33466666666666356,3.2073333333333522,0.369000000000014,0.05346633333333333,0.4292126666666667,86.382,83.96766666666667,1,21.0,0.3181818181818182,66,8,0.26949999999999363,1.4039999999999964,-1.100999999999999,-1.4380000000000024,0.0822083333333321,0.0822083333333321,-0.791111529555593,0.08762400259821383,0.08762400259821383,1.100999999999999,0.14699999999999136,0,1,0,87.217,1.2199819033600647,-1.4039999999999964,-0.8349999999999937,-1.208999999999989,3.1480000000000103,1.2014999999999887,0.005415669264881726,7.0,9.0,50.1,30.9,0.5,0,0,29.0,1.7,0.137143,0.634286,2.089211,0,0.125515,12.684000000000001,0.11520011999999999,6.063785208687608,22,0,MEDIUM,87.217,1.6170000000000044,2.355333333333334,5.0,16.0,-0.11263999999999999,0
7,HAM,26,5395.331,5945.335,5945.335,HARD>MEDIUM,MEDIUM,15,2,2.4056666666666757,-0.5953333333333575,3.001000000000033,"HAD,RUS,LEC,PIA,NOR",5,-0.17600000000001614,3.1770000000000493,0.11433333333336293,0.1419446666666667,0.26175133333333334,83.16166666666668,80.756,1,15.0,0.3939393939393939,66,8,0.21700000000000585,0.40500000000000114,-0.0660000000000025,-0.4410000000000025,0.1222285714285726,0.1222285714285726,-0.03805950674373548,0.12073217581725314,0.12073217581725314,0.0660000000000025,0.042499999999996874,0,0,1,83.331,0.05987148561308686,-0.40500000000000114,-0.16933333333332712,-0.44199999999999307,-1.2194999999999965,1.2489999999999952,-0.0014963956113194649,7.0,2.0,49.0,30.8,-1.6000000000000014,0,0,27.6,3.6,0.024096,0.644578,2.265872,0,-0.287281,8.4,0.0144576,6.253828811575473,27,1,HARD,83.331,1.1406666666666752,1.3363333333333334,5.0,10.0,0.020164333333333354,0
7,ALB,28,5660.053,6122.707,6122.707,HARD>HARD,HARD,15,2,2.1173333333333204,-0.03699999999999193,2.1543333333333123,"OCO,ALO,GAS,LIN,LAW",5,-0.10333333333332462,2.257666666666637,0.1419999999999959,0.14926166666666665,0.27033433333333334,86.29233333333333,84.17500000000001,1,15.0,0.42424242424242425,66,8,0.4730000000000061,0.37300000000000466,-2.730000000000004,-2.5090000000000003,0.22450000000000614,0.22450000000000614,-1.0967235068197283,0.19664700339077668,0.19664700339077668,2.730000000000004,0.33200000000000784,0,0,1,88.197,1.7097937597204123,-0.37300000000000466,-1.904666666666671,-1.803625000000011,3.615000000000009,1.1420000000000101,-0.027852996609229463,7.0,18.0,48.7,30.6,-0.19999999999999574,0,0,28.3,4.9,0.40678,0.644068,1.313292,0,0.37754,8.220000000000002,0.24406799999999998,6.368187186350492,29,1,HARD,88.197,1.1159999999999997,0.42033333333333656,5.0,10.0,-0.16116933333333336,0
7,VER,28,5573.71,6122.707,6122.707,MEDIUM>HARD,HARD,16,2,1.8389999999999844,-0.42433333333332257,2.263333333333307,"RUS,LEC,NOR,PIA,LIN",5,-0.26866666666667527,2.5319999999999823,0.037666666666666515,0.056104666666666664,0.065453,83.33466666666666,81.49566666666668,1,16.0,0.42424242424242425,66,8,0.15649999999998698,0.0969999999999942,0.0,-0.3435000000000059,0.0913749999999999,0.0913749999999999,0.08272883985802082,0.09657227272402669,0.09657227272402669,-0.1740000000000066,0.022999999999996135,0,1,0,83.309,-0.1292319702235858,-0.0969999999999942,0.02566666666666606,-0.26224999999999454,-1.2849999999999966,1.213000000000008,0.005197272724026786,7.0,4.0,48.9,30.8,-2.1000000000000014,0,0,27.9,3.2,0.023952,0.48503,2.534949,0,-0.011976,8.895999999999999,0.01532928,6.333279628139691,29,1,MEDIUM,83.309,0.9996666666666698,0.5676666666666772,5.0,11.0,0.033820666666666666,0
7,SAI,29,5723.583,6207.995,6207.995,HARD>HARD,HARD,15,2,1.3660000000000139,-0.10199999999998965,1.4680000000000035,"LAW,ALO,GAS,BEA,RUS",5,0.08866666666665424,1.3793333333333493,0.23133333333332473,0.021442666666666665,0.17055266666666669,85.39300000000001,84.027,1,15.0,0.4393939393939394,66,8,0.2530000000000001,0.0,0.0,-0.2804999999999893,0.10150000000000267,0.10150000000000267,0.17306791183804648,0.10839178586338356,0.10839178586338356,-0.3710000000000093,0.3790000000000049,0,0,1,85.353,-0.27225347568135305,0.0,0.040000000000020464,-0.19112499999998533,0.9204999999999899,1.0494999999999948,0.006891785863380892,7.0,13.0,50.3,30.5,1.5999999999999943,0,0,28.3,3.0,0.02924,0.05848,11.05168,0,0.005847999999999999,9.179999999999998,0.017544,6.386879319362645,30,1,HARD,85.353,1.103333333333353,0.28750000000000386,5.0,10.0,0.003656333333333331,0
7,PER,30,5842.063,7057.631,7057.631,HARD>HARD,HARD,18,2,2.441666666666677,-0.34499999999999886,2.786666666666676,"ALO,LIN,GAS,BEA,LEC",5,0.3720000000000141,2.414666666666662,0.200666666666649,0.08432466666666666,0.151236,86.83933333333334,84.39766666666667,1,18.0,0.45454545454545453,66,8,0.45349999999999824,-0.2849999999999966,0.0,0.1424999999999983,-0.09849999999999995,-0.09849999999999995,0.5089214930504227,0.08121130905436386,0.08121130905436386,0.242999999999995,-0.14750000000000085,0,0,1,86.699,-0.7884336569558172,0.2849999999999966,0.14033333333334497,0.40774999999999295,2.441999999999993,1.1210000000000022,0.1797113090543638,7.0,17.0,49.0,30.3,-0.20000000000000284,0,0,28.4,2.6,0.022989,0.074713,6.595253,0,0.005648,10.08,0.01655208,6.436150368369428,31,1,HARD,86.699,1.6530000000000058,1.3380000000000034,5.0,13.0,-0.2692703333333334,0
7,HAD,31,5855.164,7140.782,7140.782,HARD>HARD,HARD,16,2,2.379666666666651,-0.27933333333332655,2.6589999999999776,"BEA,GAS,ANT,LEC,ALO",5,-0.3976666666666233,3.056666666666601,0.25,0.19022333333333333,0.185022,84.16799999999999,81.78833333333334,1,16.0,0.4696969696969697,66,8,0.2494999999999976,0.8100000000000023,-0.39000000000000057,-1.075499999999991,0.21900000000000003,0.21900000000000003,-0.31138918282091765,0.1626000562123759,0.1626000562123759,0.39000000000000057,-0.14750000000000085,0,0,1,84.568,0.4864257454996874,-0.8100000000000023,-0.4000000000000057,-0.9412499999999966,0.23199999999999932,1.3889999999999958,-0.05639994378762414,7.0,8.0,49.0,30.3,-0.20000000000000284,0,0,28.4,2.6,0.325444,0.372781,6.734273,0,0.301775,8.96,0.20828416,6.439350371100098,32,1,HARD,84.568,1.2609999999999957,0.7006666666666632,5.0,11.0,0.0013819999999999943,0
7,BOR,32,5985.048,7223.977,7223.977,HARD>HARD,HARD,17,2,3.168999999999997,-0.28899999999998727,3.457999999999984,"ALO,GAS,BEA,LEC,HAM",5,-2.00266666666667,5.460666666666654,0.31133333333333724,0.414892,0.037841,86.832,83.663,1,17.0,0.48484848484848486,66,8,0.7109999999999985,0.0,1.0889999999999986,-0.5105000000000075,0.4,0.4,0.6776588932496139,0.26056688694772706,0.26056688694772706,-1.475999999999999,0.24500000000000455,0,0,1,85.977,-1.0551413211883016,0.0,0.8549999999999898,-0.3346250000000026,1.6274999999999977,0.8485000000000014,-0.13943311305227296,7.0,13.0,49.2,29.8,0.7000000000000028,0,0,27.9,3.6,0.069767,0.790698,1.725534,0,-0.495947,9.656,0.047441559999999994,6.484635235635252,33,1,HARD,85.977,3.0136666666666656,2.5450000000000017,5.0,12.0,0.3950033333333333,0
7,COL,33,6049.924,7307.171,7307.171,HARD>HARD,HARD,21,2,0.7893333333333317,-0.394999999999996,1.1843333333333277,"GAS,BEA,LEC,VER,HAM",5,-0.1876666666666864,1.372000000000014,0.09199999999998454,0.5568873333333334,0.6272596666666667,85.00533333333334,84.21600000000001,1,21.0,0.5,66,8,0.1844999999999999,0.9909999999999997,-0.88900000000001,-1.0204999999999984,0.045224999999999224,0.045224999999999224,-0.640644185043115,0.05979550011388913,0.05979550011388913,0.88900000000001,0.17899999999999494,0,0,1,85.632,0.9879445350575367,-0.9909999999999997,-0.6266666666666652,-0.9118750000000091,1.8290000000000077,1.4669999999999987,0.014570500113889905,7.0,11.0,49.9,30.2,0.6999999999999957,0,0,28.4,3.5,0.561404,1.0,0.942463,0,-0.012560000000000016,12.515999999999998,0.47157936,6.505784060128229,34,1,HARD,85.632,0.7610000000000099,0.5753333333333378,5.0,16.0,0.47202766666666673,0
7,NOR,34,6063.1,7390.458,7390.458,HARD>HARD,HARD,21,2,2.3506666666666547,,,"VER,HAM",2,0.11700000000000443,,,0.229733,0.48978866666666665,83.187,80.83633333333334,1,21.0,0.5151515151515151,66,8,0.15350000000000108,0.0,0.0,-0.08399999999998897,0.03361428571428563,0.03361428571428563,0.11968107460388921,0.06425201698728135,0.06425201698728135,0.26599999999999113,0.09949999999999903,0,0,1,83.115,-0.18456151849215985,0.0,0.07200000000000273,-0.05412499999998488,-0.6880000000000024,1.4669999999999987,0.030637731272995718,7.0,3.0,49.9,30.2,0.6999999999999957,0,0,28.4,3.5,0.024096,0.156627,3.605236,0,-0.04819300000000001,12.515999999999998,0.02024064,6.51025834052315,35,1,HARD,83.115,1.093999999999994,1.0183333333333358,5.0,16.0,0.09157100000000001,0
7,BOR,52,7722.235,8810.457,8810.457,HARD>SOFT,SOFT,19,2,2.1573333333333267,0.14733333333333576,2.009999999999991,"LAW,COL,LIN,GAS,PIA",5,0.40166666666667084,1.60833333333332,0.1636666666666713,0.154762,0.23745433333333332,84.07633333333332,81.919,1,19.0,0.7878787878787878,66,8,0.30400000000000205,-0.06300000000000239,0.0,0.03149999999999409,0.09774999999999898,0.09774999999999898,0.259020887815808,0.07966824758815302,0.07966824758815302,0.11599999999999966,0.19900000000001228,0,0,1,84.094,-0.41790680902748534,0.06300000000000239,-0.017666666666670494,0.07637500000001296,1.0300000000000011,1.188999999999993,-0.018081752411845953,7.0,15.0,50.3,30.2,-0.20000000000000284,0,0,27.9,0.0,0.166667,0.940476,1.469969,0,0.023809999999999998,11.627999999999997,0.12666692000000002,6.926577033222725,53,4,HARD,84.094,1.211999999999989,0.2469999999999999,11.0,8.0,0.07465533333333334,0
7,SAI,54,7888.375,8810.457,8810.457,HARD>MEDIUM,MEDIUM,24,2,2.3346666666666778,-0.007000000000005002,2.3416666666666828,"COL,LAW,GAS,LIN,PIA",5,-0.03900000000001569,2.3806666666666985,0.5843333333333476,0.031558333333333334,0.23521766666666669,84.53333333333335,82.19866666666667,1,24.0,0.8181818181818182,66,8,0.2914999999999921,0.08800000000000807,-0.05500000000000682,-0.36299999999999955,0.12071428571428555,0.12071428571428555,-0.21750786764367547,0.011947036854648107,0.011947036854648107,0.08800000000000807,0.08049999999999358,0,0,1,84.581,0.3422736046916981,-0.08800000000000807,-0.04766666666665742,-0.3876249999999999,1.5085000000000122,1.0829999999999913,-0.10876724885963744,7.0,13.0,48.7,29.9,-1.5999999999999943,0,0,27.2,1.6,0.029586,0.08284,11.554065,0,-0.005916999999999999,13.152000000000003,0.02840256,6.959398512133975,55,4,HARD,84.581,0.14333333333334508,-0.766166666666668,14.0,10.0,-0.1929026666666667,0
8,HAM,11,4228.986,4651.902,4651.902,MEDIUM>HARD,HARD,11,2,0.8606666666666598,-0.19033333333334213,1.051000000000002,"VER,HAD,ANT,PIA,NOR",5,-0.3329999999999984,1.3840000000000003,0.15366666666665196,0.08547333333333333,0.305747,73.33366666666666,72.473,1,11.0,0.15492957746478872,71,8,0.2469999999999999,1.875,-1.6839999999999975,-2.0264999999999986,0.1776666666666677,0.1776666666666677,-1.0017200332051601,0.22629830060092404,0.22629830060092404,1.6839999999999975,0.19350000000000023,0,1,0,74.52,1.6506644180164045,-1.875,-1.1863333333333372,-1.8655000000000115,0.2819999999999965,1.036999999999999,0.048631633934256346,7.0,2.0,50.6,34.8,-0.29999999999999716,0,0,29.2,1.2,0.201342,0.33557,3.954419,0,0.187643,6.864000000000001,0.08859048,5.342334251964811,12,0,MEDIUM,74.52,1.245666666666665,0.9943333333333252,5.0,6.0,-0.33536,0
8,GAS,12,4328.712,4726.045,4726.045,MEDIUM>HARD,HARD,12,2,2.0363333333333458,0.49833333333333485,1.538000000000011,"OCO,HUL,BEA,ALB,COL",5,0.10233333333333405,1.4356666666666769,0.1076666666666597,0.9668873333333333,0.29219066666666665,75.22833333333334,73.192,1,12.0,0.16901408450704225,71,8,0.32049999999999557,0.0,0.21099999999999852,-0.15849999999998943,0.22237500000000132,0.22237500000000132,0.3374198564654023,0.151064036870934,0.151064036870934,-0.644999999999996,-0.05999999999998806,0,1,0,74.943,-0.552617355026797,0.0,0.285333333333341,-0.21112499999999557,1.179000000000002,0.8519999999999897,-0.07131096312906732,7.0,13.0,51.6,34.8,0.5,0,0,29.5,0.6,1.0,1.0,0.418617,0,0.09933800000000004,7.968000000000001,0.48,5.480638923341991,13,0,MEDIUM,74.943,1.1940000000000026,0.8843333333333305,5.0,7.0,-0.012857666666666656,0
8,LEC,12,4307.049,4726.045,4726.045,MEDIUM>HARD,HARD,12,2,0.5523333333333511,0.17166666666665265,0.38066666666669846,"PIA,HAD,VER,NOR,ANT",5,0.31799999999998363,0.06266666666671483,0.21066666666665412,0.065977,0.230688,73.32900000000001,72.77666666666666,1,12.0,0.16901408450704225,71,8,0.4849999999999923,0.3719999999999999,0.0,-0.4549999999999983,0.17849999999999966,0.17849999999999966,-0.04563490319262087,0.11026803679871343,0.11026803679871343,-0.05999999999998806,0.16400000000000148,0,1,0,73.433,0.0747923135957933,-0.3719999999999999,-0.1039999999999992,-0.4307500000000033,-0.5659999999999883,1.086999999999989,-0.06823196320128623,7.0,5.0,51.6,34.8,1.0,0,0,29.5,0.6,0.047619,0.442177,2.563643,0,-0.0068029999999999965,7.968000000000001,0.02285712,5.44673737166631,13,0,MEDIUM,73.433,1.1826666666666625,0.8573333333333343,5.0,7.0,-0.08427833333333333,0
8,SAI,13,4407.115,4799.91,4799.91,SOFT>MEDIUM,MEDIUM,13,2,1.1836666666666815,0.24899999999999523,0.9346666666666863,"HUL,COL,BEA,STR,ALO",5,0.027999999999991587,0.9066666666666947,0.347999999999999,0.7608536666666667,0.022507333333333334,75.28733333333334,74.10366666666665,1,13.0,0.18309859154929578,71,8,0.36350000000000904,-0.26899999999999125,0.26899999999999125,-0.08499999999999375,0.16279166666666534,0.16279166666666534,0.32663010683076266,0.1169444197748093,0.1169444197748093,-0.26899999999999125,-0.04450000000000642,1,0,0,75.069,-0.5257303386719485,0.26899999999999125,0.2183333333333337,-0.08462500000000261,0.5745000000000005,0.8030000000000044,-0.04584724689185604,7.0,15.0,51.2,34.7,-0.3999999999999986,0,0,29.6,1.0,0.666667,1.0,0.786227,0,-0.03532000000000002,8.424000000000001,0.34666684000000003,5.568344503761097,14,0,SOFT,75.069,1.0706666666666678,0.5364999999999942,5.0,8.0,0.11512233333333333,0
8,BOR,16,4618.349,5030.997,5030.997,SOFT>MEDIUM,MEDIUM,16,2,1.4193333333333413,-0.11299999999999955,1.5323333333333409,"BEA,ALO,ANT,HAM,STR",5,-0.061333333333323026,1.593666666666664,0.07066666666666777,0.16113433333333335,0.5330656666666667,74.29233333333333,72.87299999999999,1,16.0,0.22535211267605634,71,8,0.0694999999999979,0.0,0.018999999999991246,-0.060000000000002274,0.03200000000000358,0.03200000000000358,0.11183654463067683,0.030332664025765038,0.030332664025765038,-0.018999999999991246,-0.10999999999999943,1,0,0,74.072,-0.17470155547238164,0.0,0.22033333333332905,-0.018375000000006025,0.2150000000000034,1.0690000000000026,-0.001667335974238543,7.0,10.0,51.3,34.6,-0.30000000000000426,0,0,28.5,2.2,0.006757,0.277027,3.077282,0,-0.013513,10.431999999999999,0.00432448,5.75890177387728,17,0,SOFT,74.072,0.32433333333332826,-0.07466666666666794,5.0,11.0,-0.832063,0
8,ALB,17,4708.807,5105.055,5105.055,MEDIUM>MEDIUM,MEDIUM,17,2,1.0806666666666729,-0.25533333333332564,1.3359999999999985,"BEA,ALO,STR,GAS,LEC",5,0.041333333333327005,1.2946666666666715,0.3063333333333418,0.04008933333333333,0.315392,74.96966666666667,73.889,1,17.0,0.23943661971830985,71,8,0.1419999999999959,0.09300000000000352,-0.09300000000000352,0.01999999999999602,-0.05579999999999998,-0.05579999999999998,0.06554322300297599,0.022621366388170246,0.022621366388170246,0.09300000000000352,0.03900000000000148,0,1,0,75.072,-0.10188350038382055,-0.09300000000000352,-0.10233333333333405,0.09624999999999773,1.0559999999999974,1.041000000000011,0.07842136638817022,7.0,15.0,51.3,34.6,0.0,0,0,28.6,1.8,0.026667,0.42,2.620862,0,-0.026666,11.083999999999998,0.01813356,5.834810737062605,18,0,MEDIUM,75.072,0.5556666666666672,0.2923333333333318,5.0,12.0,-0.43712366666666663,0
8,HAD,17,4679.225,5105.055,5105.055,MEDIUM>MEDIUM,MEDIUM,17,2,1.9453333333333234,-0.07900000000000773,2.024333333333331,"GAS,LEC,ANT,HAM,BEA",5,-0.1486666666666565,2.1729999999999876,0.37999999999999545,0.05442199999999999,0.7468273333333334,73.58033333333333,71.635,1,17.0,0.23943661971830985,71,8,0.05349999999999966,-0.07800000000000296,0.04000000000000625,0.01999999999999602,0.052349999999999855,0.052349999999999855,0.21178935416453726,0.06135688143202481,0.06135688143202481,-0.2670000000000101,-0.07800000000000296,0,1,0,73.478,-0.3292154361303261,0.07800000000000296,0.10233333333333405,0.06700000000002149,-0.4865000000000066,0.9095000000000013,0.009006881432024952,7.0,6.0,51.3,34.6,0.0,0,0,28.6,1.8,0.034014,0.503401,2.462605,0,-0.020407999999999996,11.083999999999998,0.02312952,5.808142489980444,18,0,MEDIUM,73.478,0.9206666666666621,0.669999999999997,5.0,12.0,-0.137595,0
8,LIN,17,4689.386,5105.055,5105.055,MEDIUM>HARD,HARD,17,2,1.5476666666666858,-0.3293333333333237,1.8770000000000095,"BEA,ANT,STR,GAS,HAM",5,-0.6100000000000136,2.487000000000023,0.250333333333316,0.11561566666666667,0.5105636666666666,74.44333333333334,72.89566666666666,1,17.0,0.23943661971830985,71,8,0.2184999999999988,0.0,0.3780000000000001,-0.029000000000010573,0.11737499999999912,0.11737499999999912,0.33203019970746084,0.07215485129026153,0.07215485129026153,-0.9039999999999964,-0.018999999999991246,0,1,0,74.016,-0.5161235201662322,0.0,0.4273333333333369,0.049875000000000114,-0.028000000000005798,0.9110000000000014,-0.04522014870973759,7.0,9.0,51.3,34.6,0.0,0,0,28.6,1.8,0.006757,0.243243,3.307515,0,-0.31990999999999997,11.083999999999998,0.00459476,5.817111159963204,18,0,MEDIUM,74.016,0.9066666666666663,0.43633333333333724,5.0,12.0,-0.7664046666666666,0
8,OCO,17,4705.105,5105.055,5105.055,MEDIUM>MEDIUM,MEDIUM,17,2,1.2800000000000011,-0.25533333333332564,1.5353333333333268,"ALO,STR,BEA,GAS,LEC",5,-0.7306666666666786,2.2660000000000053,0.3063333333333418,0.4039736666666667,0.39943466666666666,75.44066666666667,74.16066666666667,1,17.0,0.23943661971830985,71,8,0.17499999999999716,0.0,0.0,-0.16100000000000136,0.0608333333333318,0.0608333333333318,0.16236970131475914,0.10561145453807352,0.10561145453807352,-0.21399999999999864,0.045999999999999375,0,1,0,75.477,-0.2523951793684631,0.0,-0.03633333333333155,-0.15387499999999932,1.4609999999999985,0.9629999999999939,0.04477812120474172,7.0,13.0,51.3,34.6,0.0,0,0,28.6,1.8,0.794702,1.0,0.7378,0,0.384106,11.083999999999998,0.54039736,5.8289456176102075,18,0,MEDIUM,75.477,1.4336666666666673,1.1859999999999928,5.0,12.0,0.07064033333333336,0
8,VER,17,4666.383,5105.055,5105.055,MEDIUM>HARD,HARD,17,2,0.9170000000000158,-0.07900000000000773,0.9960000000000235,"LEC,HAM,ANT,GAS,BEA",5,1.0223333333333215,-0.026333333333298015,0.37999999999999545,0.011446999999999999,0.5991479999999999,72.70800000000001,71.791,1,17.0,0.23943661971830985,71,8,0.12449999999999761,0.0,0.0,0.04399999999999693,-0.0606666666666662,-0.0606666666666662,0.183992482027179,0.031623061330410845,0.031623061330410845,0.10699999999999932,-0.018999999999991246,0,1,0,72.733,-0.28604767778728046,0.0,-0.024999999999991473,0.285499999999999,-1.231499999999997,0.8710000000000022,0.09228972799707705,7.0,2.0,51.3,34.6,-0.30000000000000426,0,0,28.6,1.8,0.013699,0.054795,4.799097,0,-9.400000000000033e-05,11.083999999999998,0.009315319999999998,5.796057750765372,18,0,MEDIUM,72.733,0.9000000000000057,0.6493333333333311,5.0,12.0,-0.07690433333333334,0
8,LAW,18,4760.302,5182.324,5182.324,MEDIUM>HARD,HARD,18,2,1.214333333333343,-0.08299999999999841,1.2973333333333414,"BEA,SAI,GAS,LEC,ANT",5,-0.8776666666666699,2.1750000000000114,0.45766666666668243,0.11564599999999998,0.674563,74.349,73.13466666666666,1,18.0,0.2535211267605634,71,8,0.13700000000000045,1.1099999999999994,-1.0060000000000002,-1.2575000000000074,0.08591666666666833,0.08591666666666833,-0.69178621052572,0.10577776998912167,0.10577776998912167,1.0060000000000002,-0.007000000000005002,0,1,0,75.098,1.0717321615307611,-1.1099999999999994,-0.7489999999999952,-1.0955000000000013,0.9549999999999983,0.9549999999999983,0.019861103322453333,7.0,8.0,51.1,34.5,-0.19999999999999574,0,0,29.6,0.6,0.326667,0.706667,1.546844,0,0.31315299999999996,11.592,0.23520024,5.872117789475416,19,0,MEDIUM,75.098,0.7823333333333409,0.4816666666666644,5.0,13.0,-0.1954233333333334,0
8,PIA,18,4748.455,5182.324,5182.324,MEDIUM>HARD,HARD,18,2,1.7540000000000049,-0.38466666666667493,2.13866666666668,"GAS,LEC,ANT,HAM,SAI",5,0.14633333333333098,1.9923333333333488,0.18833333333331836,0.009085666666666667,0.011655,73.24366666666667,71.48966666666666,1,18.0,0.2535211267605634,71,8,0.10799999999999699,0.21599999999999397,-0.27199999999999136,-0.04999999999998295,-0.04598333333333381,-0.04598333333333381,-0.04129602274475985,0.034885210000943356,0.034885210000943356,0.3499999999999943,-0.024500000000003297,0,1,0,73.451,0.06397681110937015,-0.21599999999999397,-0.20733333333332382,-0.09237499999998988,-0.6030000000000086,0.9575000000000031,0.08086854333427718,7.0,4.0,51.1,34.5,-0.19999999999999574,0,0,29.6,0.6,0.013605,0.034014,6.667105,0,0.006756000000000001,11.592,0.009795600000000002,5.860786223465865,19,0,MEDIUM,73.451,0.9156666666666808,0.6386666666666608,5.0,13.0,-0.6381206666666666,0
8,RUS,18,4734.252,5182.324,5182.324,MEDIUM>HARD,HARD,18,2,1.3269999999999982,-0.38466666666667493,1.711666666666673,"LEC,ANT,HAM,GAS,SAI",5,-0.2046666666666539,1.916333333333327,0.18833333333331836,0.0068650000000000004,0.11188800000000003,72.865,71.538,1,18.0,0.2535211267605634,71,8,0.08950000000000102,0.0,0.0,0.003500000000002501,-0.000766666666667959,-0.000766666666667959,0.1354219017486713,0.06698462803152921,0.06698462803152921,-0.007000000000005002,-0.07800000000000296,0,1,0,72.904,-0.20979893104463088,0.0,-0.03900000000000148,-0.019749999999987722,-1.112000000000009,1.041000000000011,0.06775129469819717,7.0,1.0,51.1,34.5,-0.19999999999999574,0,0,29.6,0.6,0.006849,0.020548,8.44998,0,-4.80000000000003e-05,11.592,0.00493128,5.8522024797744745,19,0,MEDIUM,72.904,1.0609999999999928,0.7966666666666575,5.0,13.0,-0.025558666666666664,0
8,OCO,32,5873.977,6283.736,6283.736,MEDIUM>HARD,HARD,14,2,0.2750000000000057,-0.5506666666666717,0.8256666666666774,"GAS,BEA,BOR,COL,LAW",5,,,0.016000000000005343,0.020439333333333334,0.027397333333333333,73.345,73.07,1,14.0,0.4507042253521127,71,6,0.09849999999999426,0.19900000000001228,0.0,-0.14850000000001273,0.019599999999999795,0.019599999999999795,-0.07544853856900602,0.02430551506415537,0.02430551506415537,0.2050000000000125,0.027999999999991587,0,1,0,73.406,0.14220812501109492,-0.19900000000001228,-0.06100000000000705,-0.1281666666666723,0.936000000000007,0.7639999999999958,0.004705515064155574,5.0,15.0,50.5,34.5,-0.8999999999999986,0,0,32.0,2.3,0.027211,0.22449,3.177748,0,0.013512,8.68,0.01523816,6.453624998892692,33,4,MEDIUM,73.406,0.09633333333333383,0.01533333333333553,12.0,2.0,0.004535333333333332,0
8,ALB,36,6178.496,6585.783,6585.783,MEDIUM>HARD,HARD,18,2,0.9356666666666626,-0.6829999999999927,1.6186666666666554,"STR,BOR,BEA,ALO,COL",5,0.1039999999999992,1.5146666666666562,0.44000000000001194,0.08696599999999999,0.15451066666666666,74.38199999999999,73.44633333333333,1,18.0,0.5070422535211268,71,8,0.34949999999999903,-0.1629999999999967,0.0,0.15850000000000364,0.0712500000000027,0.0712500000000027,0.4447449943565971,0.08745719755978104,0.08745719755978104,-0.882000000000005,0.15450000000000585,0,1,0,74.131,-0.7447705827604381,0.1629999999999967,0.25099999999999056,0.19325000000000614,1.269999999999996,0.7129999999999939,0.01620719755977834,7.0,16.0,51.3,34.6,0.19999999999999574,0,0,32.3,2.2,0.047297,0.310811,3.131493,0,-0.12603599999999998,11.735999999999999,0.034053839999999995,6.5722825426940075,37,4,MEDIUM,74.131,0.25199999999999534,-0.05299999999999727,12.0,6.0,-0.23308266666666666,0
8,LEC,36,6108.594,6585.783,6585.783,HARD>HARD,HARD,23,2,0.9089999999999918,-0.24533333333333474,1.1543333333333266,"PIA,RUS,HUL,LAW,LIN",5,-0.03299999999998704,1.1873333333333136,0.26866666666666106,0.020753666666666667,0.08585933333333333,72.36466666666666,71.45566666666667,1,23.0,0.5070422535211268,71,8,0.23349999999999937,0.27199999999999136,-0.27199999999999136,-0.33499999999999375,0.07259999999999897,0.07259999999999897,-0.15794289399599393,0.05822316972675129,0.05822316972675129,0.39799999999999613,0.15749999999999886,0,0,1,72.588,0.26449138876637335,-0.27199999999999136,-0.22333333333332916,-0.3356249999999932,-0.2510000000000048,0.7224999999999966,-0.014376830273247682,7.0,4.0,51.1,34.7,-0.29999999999999716,0,0,31.7,1.0,0.02069,0.075862,4.308043,0,0.006897,14.812000000000001,0.0190348,6.546785410760524,37,4,HARD,72.588,0.18599999999999284,-0.04616666666667868,17.0,6.0,-0.43850533333333336,0
8,GAS,37,6226.396,6660.7,6660.7,HARD>MEDIUM,MEDIUM,24,2,1.4966666666666555,-0.48166666666666913,1.9783333333333246,"BOR,LAW,LIN,STR,OCO",5,-0.1733333333333178,2.1516666666666424,0.1250000000000142,0.018018,0.255866,73.87433333333333,72.37766666666667,1,24.0,0.5211267605633803,71,8,0.3575000000000017,0.1980000000000075,-0.01999999999999602,-0.4194999999999993,0.13716666666666555,0.13716666666666555,-0.019874214824923797,0.10918749762454211,0.10918749762454211,0.01999999999999602,0.18149999999999977,0,0,1,73.947,0.032549465656316556,-0.1980000000000075,-0.07266666666667732,-0.4265000000000043,0.7565000000000026,0.6424999999999983,-0.027979169042123442,7.0,12.0,51.1,34.5,0.0,0,0,32.1,1.8,0.013514,0.047297,9.913295,0,-0.006756,15.456000000000001,0.012973440000000001,6.588926477533519,38,4,HARD,73.947,0.7423333333333204,0.3096666666666673,17.0,7.0,0.0020826666666666667,0
8,HAD,39,6331.068,6809.817,6809.817,MEDIUM>HARD,HARD,21,2,0.9996666666666556,-0.12000000000000455,1.1196666666666601,"NOR,HUL,OCO,VER,ANT",5,0.38733333333333064,0.7323333333333295,0.031999999999982265,0.032169333333333335,0.4254006666666667,72.45666666666666,71.45700000000001,1,21.0,0.5492957746478874,71,8,0.12000000000001165,0.0,0.0,-0.1284999999999883,0.03895833333333283,0.03895833333333283,0.06924040473921877,0.040220070152107025,0.040220070152107025,0.2150000000000034,0.1490000000000009,0,1,0,72.443,-0.10998750507310717,0.0,0.013666666666665606,-0.07424999999999216,-0.5259999999999962,0.8344999999999914,0.0012617368187741937,7.0,6.0,50.8,34.5,-0.30000000000000426,0,0,32.1,1.9,0.02069,0.144828,3.995947,0,-0.014032000000000003,13.271999999999998,0.0173796,6.626717749249025,40,4,MEDIUM,72.443,0.21266666666666367,-0.22866666666666902,12.0,9.0,-0.6593773333333333,0
8,HAM,41,6471.312,6959.489,6959.489,SOFT>HARD,HARD,18,2,1.0803333333333427,0.07766666666667277,1.00266666666667,"VER,NOR,ANT,LEC,ALB",5,-0.20299999999998875,1.2056666666666587,0.2816666666666663,0.5280333333333332,0.17513700000000001,72.28266666666667,71.20233333333333,1,18.0,0.5774647887323944,71,8,0.20549999999999358,-0.06399999999999295,0.0,-0.012000000000000455,0.09227142857142964,0.09227142857142964,0.19711598468087743,0.07160148178475709,0.07160148178475709,0.02400000000000091,-0.20600000000000307,1,0,0,72.183,-0.3079178567787437,0.06399999999999295,0.09966666666666413,-0.058000000000006935,-0.7424999999999926,0.8019999999999996,-0.020669946786672555,7.0,5.0,51.6,34.4,0.6000000000000014,0,0,32.2,1.4,0.291667,1.0,1.159202,0,-0.11111100000000002,11.952,0.21000024,6.674561391814426,42,4,SOFT,72.183,0.6323333333333352,0.19983333333334008,7.0,11.0,-0.024204000000000114,0
8,PIA,41,6470.112,6959.489,6959.489,HARD>HARD,HARD,22,2,1.3216666666666583,0.07766666666667277,1.2439999999999856,"NOR,ANT,VER,LEC,ALB",5,0.3453333333333575,0.8986666666666281,0.2816666666666663,0.060184999999999995,0.21381466666666668,72.05233333333332,70.73066666666666,1,22.0,0.5774647887323944,71,8,0.10299999999999443,0.0,-0.09199999999999875,-0.034000000000006025,0.0024571428571426124,0.0024571428571426124,0.13598500120490087,0.040793103865729964,0.040793103865729964,0.09900000000000375,-0.23550000000000182,0,0,1,72.116,-0.21242422420918672,0.0,-0.06366666666667697,0.05812500000000398,-0.8094999999999999,0.8019999999999996,0.038335961008587355,7.0,4.0,51.6,34.4,0.6000000000000014,0,0,32.2,1.4,0.145833,0.833333,1.510599,0,0.13194399999999998,14.608000000000002,0.12833303999999998,6.673297967767654,42,4,HARD,72.116,0.4406666666666581,0.008166666666663103,11.0,11.0,-0.06038100000000001,0
8,RUS,42,6525.961,7034.622,7034.622,HARD>HARD,HARD,23,2,1.1949999999999932,-0.3059999999999974,1.5009999999999906,"VER,GAS,ANT,LEC,ALB",5,0.4613333333333429,1.0396666666666476,0.08533333333332394,0.020801333333333335,0.09872500000000001,72.13133333333333,70.93633333333334,1,23.0,0.5915492957746479,71,8,0.1454999999999984,-0.009000000000000341,0.0,0.004500000000007276,-0.028083333333333606,-0.028083333333333606,0.13113588354848105,0.04732187098228214,0.04732187098228214,0.28999999999999204,0.05500000000000682,0,0,1,72.225,-0.20384384883298878,0.009000000000000341,-0.0936666666666639,0.06337500000000773,-0.8569999999999993,0.8954999999999984,0.07540520431561575,7.0,1.0,51.9,34.5,0.6000000000000014,0,0,31.6,1.3,0.013793,0.165517,3.479628,0,-0.007040000000000001,15.548,0.012689559999999999,6.6895992691789665,43,4,HARD,72.225,0.7710000000000008,0.15800000000000125,11.0,12.0,-0.046847,0
8,BOR,43,6658.511,7111.717,7111.717,MEDIUM>HARD,HARD,26,2,1.9156666666666666,-0.416333333333327,2.3319999999999936,"ALB,ALO,GAS,OCO,VER",5,-0.4853333333333296,2.8173333333333233,0.22333333333332916,0.2995043333333333,0.05314466666666667,74.109,72.19333333333333,1,26.0,0.6056338028169014,71,8,0.2354999999999947,0.561000000000007,-0.1770000000000067,-0.7535000000000025,0.15208333333333002,0.15208333333333002,-0.18691443187671553,0.12446535342706799,0.12446535342706799,0.1770000000000067,0.2740000000000009,0,1,0,74.387,0.2895724214339168,-0.561000000000007,-0.2780000000000058,-0.6580000000000155,0.8245000000000005,1.099499999999999,-0.027617979906262025,7.0,11.0,52.1,34.5,0.10000000000000142,0,0,30.7,1.6,0.020134,0.053691,6.02492,0,-0.209596,17.784000000000002,0.020939359999999997,6.731018100482083,44,4,MEDIUM,74.387,1.3933333333333309,0.7006666666666728,13.0,13.0,0.265069,0
8,BEA,44,6759.153,7191.931,7191.931,HARD>MEDIUM,MEDIUM,20,2,1.2950000000000017,-0.3849999999999909,1.6799999999999926,"ALB,GAS,OCO,ANT,LEC",5,0.548333333333332,1.1316666666666606,0.11033333333331541,0.15906366666666666,0.08644933333333334,74.13033333333334,72.83533333333334,1,20.0,0.6197183098591549,71,8,0.26850000000000307,0.0,0.0,0.16500000000000625,-0.09583333333333441,-0.09583333333333441,0.4678983808947521,0.06995354589658989,0.06995354589658989,-0.929000000000002,0.046999999999997044,0,0,1,73.877,-0.7235124774964419,0.0,0.2533333333333445,0.599250000000012,0.7719999999999914,0.9080000000000013,0.1657868792299243,7.0,14.0,51.9,34.5,-0.20000000000000284,0,0,30.7,2.6,0.067568,0.418919,2.682309,0,-0.30827099999999996,13.52,0.0540544,6.761572768804055,45,3,HARD,73.877,1.0520000000000067,0.27283333333332394,6.0,14.0,0.04947466666666665,0
8,HUL,44,6741.573,7191.931,7191.931,MEDIUM>HARD,HARD,23,2,0.6063333333333389,-0.3849999999999909,0.9913333333333298,"ALB,GAS,ANT,LEC,HAD",5,0.031999999999982265,0.9593333333333476,0.11033333333331541,0.025114333333333332,0.029885,73.01800000000001,72.41166666666668,1,23.0,0.6197183098591549,71,8,0.10350000000000392,0.046999999999997044,-0.046999999999997044,-0.13150000000000261,0.037333333333331595,0.037333333333331595,-0.05032147645448504,0.031428879926761674,0.031428879926761674,0.046999999999997044,0.09900000000000375,0,1,0,73.105,0.07778477063519063,-0.046999999999997044,-0.08699999999998909,-0.15487499999998988,0.0,1.382000000000005,-0.005904453406569921,7.0,12.0,51.9,34.5,-0.20000000000000284,0,0,30.7,2.6,0.034247,0.082192,6.457045,0,0.020548,15.548,0.03150724,6.756932389247553,45,4,MEDIUM,73.105,0.33233333333333803,-0.4274999999999949,9.0,14.0,0.004472,0
8,LAW,44,6725.685,7191.931,7191.931,HARD>MEDIUM,MEDIUM,25,2,1.5086666666666702,-0.3849999999999909,1.893666666666661,"ALB,GAS,ANT,HAD,LEC",5,0.4473333333333187,1.4463333333333424,0.11033333333331541,0.5244836666666667,0.30470933333333333,73.63566666666667,72.127,1,25.0,0.6197183098591549,71,8,0.3639999999999972,0.7139999999999986,-0.3579999999999899,-0.5360000000000014,0.04213333333333367,0.04213333333333367,-0.20186325892544232,0.08090587840055395,0.08090587840055395,0.3579999999999899,0.1629999999999967,0,0,1,73.993,0.3120315301040222,-0.7139999999999986,-0.3573333333333295,-0.3822499999999991,0.8954999999999984,1.3320000000000007,0.03877254506722028,7.0,10.0,51.9,34.5,-0.20000000000000284,0,0,30.7,2.6,0.702703,1.0,0.826622,0,0.138077,16.9,0.702703,6.752270376141742,45,4,HARD,73.993,1.1906666666666723,0.4333333333333371,11.0,14.0,0.1616183333333333,0
8,COL,45,6841.776,7300.416,7300.416,HARD>MEDIUM,MEDIUM,25,2,2.1000000000000085,-0.2806666666666615,2.38066666666667,"OCO,ALB,GAS,HAD,ANT",5,-0.2960000000000065,2.6766666666666765,0.17500000000001137,0.2792576666666667,0.33552033333333336,74.305,72.205,1,25.0,0.6338028169014085,71,8,0.25,0.0,0.0,-0.23900000000000432,0.015874999999999417,0.015874999999999417,0.19573299975243685,0.04410874865055714,0.04410874865055714,0.41500000000000625,-0.03499999999999659,0,0,1,74.111,-0.30432224640011896,0.0,0.19400000000000261,0.15824999999999534,1.6460000000000008,1.4200000000000017,0.028233748650557722,7.0,15.0,51.9,34.8,-0.10000000000000142,0,0,30.1,0.8,0.047297,0.317568,3.234141,0,-0.143179,16.9,0.047297000000000006,6.786716950605081,46,5,HARD,74.111,0.9203333333333461,0.49316666666667197,10.0,15.0,-0.16884899999999997,0
8,LIN,45,6798.667,7300.416,7300.416,HARD>MEDIUM,MEDIUM,27,2,1.9066666666666663,-0.31466666666666754,2.221333333333334,"ALB,GAS,ANT,OCO,LEC",5,-0.059666666666672086,2.281000000000006,0.14100000000000534,0.018018,0.42824100000000004,73.95433333333334,72.04766666666667,1,27.0,0.6338028169014085,71,8,0.31150000000000233,0.06100000000000705,0.0,-0.21099999999999852,0.11058333333333437,0.11058333333333437,0.032518544677643035,0.09597284544703909,0.09597284544703909,-0.0379999999999967,-0.07899999999999352,0,0,1,73.962,-0.050192918178822765,-0.06100000000000705,-0.007666666666665378,-0.23712500000000603,1.2240000000000038,1.1814999999999998,-0.014610487886295279,7.0,9.0,52.0,34.7,0.10000000000000142,0,0,30.2,0.9,0.013514,0.054054,9.114851,0,-0.006756,18.36,0.01459512,6.773080375655535,46,4,HARD,73.962,1.4323333333333323,0.9329999999999975,12.0,15.0,-0.002704333333333333,0
8,NOR,46,6837.604,7374.769,7374.769,HARD>HARD,HARD,25,2,1.3543333333333436,-0.10099999999999199,1.4553333333333356,"HAM,LEC,PIA,HAD",4,-0.2946666666666715,1.750000000000007,0.11733333333332752,0.19774899999999998,0.15962466666666666,72.364,71.00966666666666,1,25.0,0.647887323943662,71,8,0.10549999999999926,0.1910000000000025,-0.11200000000000898,-0.2535000000000025,0.03959999999999937,0.03959999999999937,-0.10691176486119502,0.0505683395300549,0.0505683395300549,0.1910000000000025,-0.0379999999999967,0,0,1,72.465,0.1648698236773356,-0.1910000000000025,-0.10099999999999909,-0.28087500000000887,0.0,1.2309999999999945,0.010968339530055528,7.0,4.0,51.9,34.8,-0.10000000000000142,0,0,30.1,0.8,0.048276,0.17931,3.642982,0,0.027443,16.9,0.048276000000000006,6.785587645007929,47,4,HARD,72.465,0.5953333333333433,0.23216666666666674,9.0,16.0,0.09583233333333331,0
8,LEC,58,7724.289,8258.07,8258.07,HARD>SOFT,SOFT,21,5,1.9506666666666774,-0.4963333333333253,2.4470000000000027,"BOR,BEA,HAD,LAW,ALO",5,,,0.45666666666666345,0.3880666666666667,0.262911,72.91866666666668,70.968,1,21.0,0.8169014084507042,71,5,0.06400000000000716,0.5759999999999934,0.0,-0.5759999999999934,0.08950000000000102,0.08950000000000102,-0.00935840141696076,0.03372133511241736,0.03372133511241736,0.5759999999999934,0.13400000000000034,0,0,1,72.651,0.018040894525455542,-0.5759999999999934,0.2676666666666847,-0.08499999999999375,0.6340000000000003,0.9024999999999963,-0.055778664887583665,4.0,7.0,50.7,34.3,-0.09999999999999432,0,0,31.1,1.5,0.193103,0.903448,1.826166,0,-0.237453,13.188000000000002,0.16220652000000002,7.004881989712859,59,7,HARD,72.651,0.0,0.0,20.0,1.0,0.0,0
9,ALB,13,4696.511,5212.775,5212.775,HARD>MEDIUM,MEDIUM,12,9,2.509999999999991,0.05700000000000216,2.4529999999999887,"ALO,BOT,PER,BEA,BOR",5,1.2396666666666647,1.213333333333324,0.09599999999998943,0.16141233333333335,0.020708,99.005,96.495,1,12.0,0.25,52,8,0.8400000000000034,2.1430000000000007,0.0,-1.3520000000000039,-0.07750000000000057,-0.07750000000000057,-0.6229094160417361,0.24515803052470256,0.24515803052470256,-1.2109999999999985,-0.3365000000000009,0,0,1,99.328,1.16063087155743,-2.1430000000000007,-0.3230000000000075,-0.2775000000000034,3.3400000000000034,1.0450000000000017,0.3226580305247031,7.0,22.0,43.8,25.0,1.3999999999999986,0,0,48.3,0.4,0.165829,0.78392,1.431165,0,-0.15257900000000002,4.223999999999998,0.07959792,5.6937321388027,14,2,HARD,99.328,-0.8273333333333426,-0.5781666666666707,5.0,7.0,-0.04232899999999998,0
9,VER,16,4861.1,5515.228,5515.228,MEDIUM>HARD,HARD,16,2,0.8539999999999992,0.20000000000001705,0.6539999999999822,"RUS,LEC,ANT,NOR,HAM",5,0.0519999999999925,0.6019999999999897,0.23166666666669755,0.9207093333333334,0.06382966666666666,94.62599999999999,93.77199999999999,1,16.0,0.3076923076923077,52,8,0.11050000000000182,0.0,-0.1880000000000024,0.11400000000000432,-0.05699999999999979,-0.05699999999999979,-0.025882547418973445,-0.009474353322550241,-0.009474353322550241,0.1880000000000024,0.1880000000000024,0,1,0,94.758,0.04071588672599091,0.0,-0.132000000000005,0.07349999999999568,-1.0949999999999989,0.7129999999999939,0.047525646677449546,7.0,5.0,42.9,25.0,-0.8000000000000043,0,0,48.6,3.7,0.994709,1.0,0.536375,0,0.0368139999999999,5.055999999999999,0.6366137599999999,5.814130531825066,17,2,MEDIUM,94.758,-0.008333333333354176,0.36683333333333223,6.0,10.0,0.737288,0
9,BOR,25,5758.687,6412.729,6412.729,MEDIUM>HARD,HARD,25,2,1.8033333333333417,0.1670000000000158,1.6363333333333259,"HUL,OCO,PIA,HAD,VER",5,,,0.5799999999999841,0.013961666666666666,0.617808,95.63533333333334,93.832,1,25.0,0.4807692307692308,52,3,0.05500000000000682,-0.13799999999999102,0.13799999999999102,0.13799999999999102,-0.09649999999999892,-0.09649999999999892,0.07030287022362813,-0.015025591359981483,-0.015025591359981483,-0.13799999999999102,0.17150000000000176,0,1,0,95.525,-0.1468505747126443,0.13799999999999102,0.11033333333332962,0.11033333333332962,-0.007999999999995566,1.203000000000003,0.08147440864001744,2.0,10.0,39.3,25.4,-2.0,0,0,48.5,2.8,0.041885,0.455497,2.752739,0,0.041885,4.299999999999997,0.04188499999999999,6.2878585601617845,26,4,MEDIUM,95.525,0.0,0.0,25.0,0.0,0.0,0
9,LIN,26,5851.666,6510.579,6510.579,MEDIUM>HARD,HARD,26,2,1.8526666666666642,-0.30800000000000693,2.160666666666671,"OCO,COL,PIA,HUL,HAD",5,,,0.3056666666666672,0.20572466666666667,0.25542366666666666,95.622,93.76933333333334,1,26.0,0.5,52,4,0.14849999999999852,-0.14849999999999852,0.0,0.14849999999999852,-0.32933333333333314,-0.32933333333333314,0.1132982188269267,-0.04895530186283528,-0.04895530186283528,-0.29699999999999704,0.049000000000006594,0,1,0,95.523,-0.2162636394318156,0.14849999999999852,0.09900000000000375,0.34550000000001546,0.27949999999998454,0.8150000000000119,0.2803780314704979,3.0,9.0,39.3,25.6,0.0,0,0,48.5,2.8,0.246073,0.874346,1.425496,0,-0.005236000000000018,4.471999999999997,0.25591591999999996,6.322565239927284,27,4,MEDIUM,95.523,0.0,0.0,25.5,0.5,0.0,0
9,LAW,27,5943.73,6606.407,6606.407,MEDIUM>HARD,HARD,27,2,1.5286666666666662,-0.10933333333335327,1.6380000000000194,"SAI,OCO,HUL,GAS,ALB",5,,,0.27966666666668516,0.25567100000000004,0.11683366666666667,95.68933333333332,94.16066666666666,1,27.0,0.5192307692307693,52,5,0.340999999999994,-0.6049999999999898,0.2639999999999958,0.6049999999999898,-0.20933333333333098,-0.20933333333333098,0.3202427324425372,-0.12382171687004989,-0.12382171687004989,-0.2639999999999958,-0.06900000000000261,0,1,0,95.183,-0.6099426418952589,0.6049999999999898,0.5063333333333162,0.5983999999999838,0.11000000000001364,0.5880000000000081,0.08551161646328109,4.0,8.0,39.3,25.1,0.0,0,0,49.5,1.7,0.131579,0.931579,1.910222,0,-0.187793,4.643999999999997,0.14210532,6.359573868672378,28,3,MEDIUM,95.183,0.0,0.0,26.0,1.0,0.0,0
9,NOR,27,5921.548,6606.407,6606.407,MEDIUM>HARD,HARD,27,2,1.4056666666666757,-0.25833333333333997,1.6640000000000157,"HAD,COL,PIA,HUL,GAS",5,,,0.4309999999999974,0.0,0.163251,94.58933333333334,93.18366666666667,1,27.0,0.5192307692307693,52,5,0.15800000000000125,-0.19899999999999807,0.0,0.19899999999999807,-0.0651250000000001,-0.0651250000000001,0.07629083643661261,-0.036188705232407685,-0.036188705232407685,-0.19899999999999807,-0.06900000000000261,0,1,0,94.525,-0.14530551239566591,0.19899999999999807,0.06433333333333735,0.15099999999999625,-0.7349999999999852,0.6894999999999882,0.028936294767592415,4.0,3.0,39.3,25.2,0.0,0,0,48.5,2.8,0.0,0.0,6.907087,0,0.0,4.643999999999997,0.0,6.349138991379798,28,3,MEDIUM,94.525,0.0,0.0,26.0,1.0,0.0,0
9,BEA,28,6080.448,6702.144,6702.144,MEDIUM>HARD,HARD,28,2,2.2690000000000055,-0.2563333333333446,2.52533333333335,"ALO,PER,STR,OCO,SAI",5,,,0.5253333333333217,0.38382233333333327,0.37453833333333336,97.04066666666667,94.77166666666666,1,28.0,0.5384615384615384,52,7,0.23799999999999955,0.2289999999999992,0.0,-0.5280000000000058,0.12199999999999989,0.12199999999999989,-0.0866687653286391,0.08660394086715685,0.08660394086715685,-0.1349999999999909,0.0975000000000037,0,1,0,97.185,0.15908641869020812,-0.2289999999999992,-0.14433333333333564,-0.3780000000000143,2.5330000000000013,1.132000000000005,-0.035396059132843036,6.0,15.0,38.4,24.8,-0.8999999999999986,0,0,50.8,2.3,0.615385,0.979487,0.800164,0,0.07930300000000001,3.8079999999999985,0.6892311999999999,6.411818267709897,29,3,MEDIUM,97.185,0.35133333333331507,0.8813333333333306,25.0,3.0,0.29098533333333326,0
9,BOT,28,6104.766,6702.144,6702.144,MEDIUM>HARD,HARD,28,2,1.9116666666666617,-0.2563333333333446,2.1680000000000064,"ALO,STR,PER,PIA,OCO",5,,,0.47633333333331507,0.12084666666666666,0.0,98.008,96.09633333333333,1,28.0,0.5384615384615384,52,7,0.671999999999997,0.0,-0.671999999999997,0.0,-0.11233333333333444,-0.11233333333333444,-0.1599832430029977,-0.07485325042882653,-0.07485325042882653,0.671999999999997,0.02400000000000091,0,1,0,98.598,0.30308004728158267,0.0,-0.5900000000000034,0.06842857142856928,3.945999999999998,1.2420000000000044,0.03748008290450791,6.0,19.0,38.4,24.8,-0.30000000000000426,0,0,50.8,2.3,0.152284,0.461929,2.587606,0,0.152284,3.8079999999999985,0.17055808,6.421622267806518,29,3,MEDIUM,98.598,-0.9510000000000076,-0.45933333333333337,25.0,3.0,-0.20563599999999999,0
10,NOR,29,6798.802,7527.908,7527.908,HARD>MEDIUM,MEDIUM,29,2,1.7723333333333215,0.21800000000000352,1.554333333333318,"BOR,PIA,LAW,LIN,GAS",5,0.41166666666669016,1.1426666666666279,0.3613333333333486,0.2654316666666667,0.09623933333333334,111.17099999999999,109.39866666666667,1,29.0,0.6590909090909091,44,8,0.20050000000000523,0.8220000000000027,-0.8220000000000027,-0.8575000000000017,0.06770833333333333,0.06770833333333333,-0.5338411567019534,0.0726560583854416,0.0726560583854416,1.0530000000000115,0.0030000000000001137,0,0,1,111.796,0.9483253137764933,-0.8220000000000027,-0.6250000000000142,-0.8061249999999944,-0.031999999999996476,0.9429999999999978,0.004947725052108276,7.0,4.0,33.3,18.9,0.7999999999999972,0,0,43.7,1.3,0.642857,0.816964,0.844467,0,0.579509,-1.9720000000000033,0.7457141199999999,6.354370040797351,30,8,HARD,111.796,0.3716666666666555,0.0681666666666747,25.0,4.0,0.06703633333333334,0
10,ALO,30,7041.996,7645.811,7645.811,SOFT>HARD,HARD,11,2,3.6686666666666667,-0.12633333333332075,3.7949999999999875,"ALB,HUL,OCO,COL,SAI",5,-4.72766666666665,8.522666666666638,0.03300000000001546,0.09314499999999999,0.269304,119.21933333333332,115.55066666666666,1,11.0,0.6818181818181818,44,8,1.0429999999999993,0.0,1.875,-1.454499999999996,0.4,0.4,0.17861742825746774,0.37865714730988675,0.37865714730988675,-5.170000000000002,0.10649999999999693,1,0,0,116.871,-0.42569930914525855,0.0,2.348333333333329,-0.3966250000000002,4.885000000000005,1.707499999999996,-0.021342852690113268,7.0,19.0,32.5,19.0,-0.6000000000000014,0,0,40.6,2.3,0.038462,0.106838,6.105691,0,-0.088587,-1.1,0.01692328,6.423246963533519,31,9,SOFT,116.871,4.71866666666665,4.357000000000004,5.0,6.0,0.07424766666666666,0
10,BOT,31,7117.066,7759.042,7759.042,HARD>SOFT,SOFT,30,2,2.063999999999993,0.23166666666665492,1.832333333333338,"SAI,ALB,OCO,HUL,GAS",5,0.1113333333333344,1.7210000000000036,0.16166666666666174,0.02902366666666667,0.09721766666666669,114.83666666666666,112.77266666666667,1,30.0,0.7045454545454546,44,8,0.14350000000001017,0.3020000000000067,-0.2120000000000033,-0.31450000000000955,0.02937499999999993,0.02937499999999993,-0.2503048907399119,0.025407977205455023,0.025407977205455023,0.2120000000000033,-0.05100000000000193,0,0,1,115.161,0.4099427583187918,-0.3020000000000067,-0.32433333333334247,-0.35437500000000455,3.4325000000000045,0.9920000000000044,-0.003967022794544906,7.0,18.0,33.5,19.0,1.0,0,0,37.8,3.7,0.034783,0.06087,20.0,0,0.008696000000000002,-1.8,0.0417396,6.4425401664681985,32,7,HARD,115.161,0.10499999999998977,-0.22333333333331984,23.0,7.0,0.010126333333333334,0
11,STR,7,3879.805,4336.362,4336.362,SOFT>MEDIUM,MEDIUM,7,2,0.9923333333333488,-0.521333333333331,1.5136666666666798,"OCO,BOR,BEA,PER,SAI",5,,,0.08800000000002228,0.7142749999999999,0.09165233333333334,88.13733333333334,87.145,1,7.0,0.1,70,6,0.31349999999999767,0.0,0.0,0.0014999999999929514,-0.0030000000000001137,-0.0030000000000001137,-0.19212958237297073,-0.038827961583268546,-0.038827961583268546,-0.0030000000000001137,0.04350000000000165,1,0,0,88.362,0.3621859946618855,0.0,-0.22466666666664992,0.18266666666667675,1.0454999999999899,0.9384999999999977,-0.03582796158326843,5.0,19.0,51.7,30.7,-0.5999999999999943,0,0,25.1,1.7,0.559322,0.853107,0.79247,0,-0.384181,4.676000000000001,0.15661016,5.0238805208462765,8,0,SOFT,88.362,-0.001333333333320752,0.05416666666666481,5.0,2.0,-0.1468926666666669,0
11,HAM,12,4282.512,4782.066,4782.066,SOFT>HARD,HARD,12,2,0.2810000000000059,-0.33166666666666345,0.6126666666666694,"ANT,HAD,LAW,LIN,RUS",5,0.07366666666665367,0.5390000000000157,0.2463333333333111,0.25082733333333335,0.07444166666666667,85.64533333333333,85.36433333333332,1,12.0,0.17142857142857143,70,8,0.20250000000000057,0.07099999999999795,-0.07099999999999795,-0.19999999999998863,0.05387499999999967,0.05387499999999967,-0.1287615586059303,0.015388308378274037,0.015388308378274037,0.07099999999999795,0.08850000000000335,1,0,0,85.803,0.21088228977191648,-0.07099999999999795,-0.15766666666667106,-0.21262500000000273,-1.7315000000000111,0.6920000000000002,-0.03848669162172563,7.0,4.0,50.5,30.8,-0.6000000000000014,0,0,25.9,0.5,0.128655,0.438596,2.604529,0,-0.19692600000000002,7.44,0.0617544,5.5093883366279774,13,0,SOFT,85.803,0.09533333333332905,0.15466666666666606,5.0,7.0,-0.634163,0
11,VER,13,4367.763,4871.622,4871.622,MEDIUM>HARD,HARD,13,2,0.4613333333333429,-0.24066666666666947,0.7020000000000124,"ANT,HAD,LAW,LIN,STR",5,0.00733333333333519,0.6946666666666772,0.5393333333333601,0.287445,0.015618,85.77233333333334,85.31099999999999,1,13.0,0.18571428571428572,70,8,0.12950000000000017,0.3219999999999885,-0.22399999999998954,-0.332499999999996,0.07149999999999893,0.07149999999999893,-0.18486050532385434,0.033618414421893006,0.033618414421893006,0.22399999999998954,0.22699999999998965,0,1,0,85.957,0.2975438394640406,-0.3219999999999885,-0.18466666666665787,-0.35299999999999443,-1.6570000000000107,1.0869999999999962,-0.03788158557810592,7.0,3.0,51.0,30.9,0.5,0,0,25.4,2.8,0.30814,0.552326,2.045853,0,0.07558200000000004,8.32,0.1602328,5.5909869805108565,14,0,MEDIUM,85.957,0.27300000000001035,0.16799999999999682,5.0,8.0,0.06327333333333335,0
11,COL,14,4492.313,4961.545,4961.545,MEDIUM>HARD,HARD,14,2,1.9783333333333246,0.7753333333333359,1.2029999999999887,"ALO,BEA,LIN,STR,BOR",5,-0.11233333333332496,1.3153333333333137,0.3956666666666706,0.27641299999999996,0.019213333333333332,88.58666666666666,86.60833333333333,1,14.0,0.2,70,8,0.1909999999999954,0.8689999999999998,-0.7879999999999967,-1.0694999999999908,0.1424999999999959,0.1424999999999959,-0.5850722169187321,0.07806412815491795,0.07806412815491795,0.7879999999999967,0.13100000000000733,0,1,0,89.139,0.9293797988161998,-0.8689999999999998,-0.5523333333333369,-0.9802499999999981,1.2069999999999936,0.9209999999999994,-0.06443587184507796,7.0,15.0,52.5,30.8,1.5,0,0,25.8,1.3,0.224719,0.44382,3.013269,0,-0.10296499999999997,9.8,0.12584264,5.71042701737487,15,0,MEDIUM,89.139,0.500333333333316,0.0671666666666606,5.0,9.0,-0.1064263333333334,0
11,GAS,15,4573.468,5050.88,5050.88,MEDIUM>HARD,HARD,15,2,1.9383333333333326,0.8039999999999878,1.1343333333333447,"ALB,BOR,BEA,ALO,STR",5,-0.24333333333332519,1.37766666666667,0.3300000000000125,0.21601133333333333,0.011594333333333331,88.06700000000001,86.12866666666667,1,15.0,0.21428571428571427,70,8,0.44200000000000017,-0.16200000000000614,0.0,-0.2804999999999893,0.12949999999999864,0.12949999999999864,0.14921419661416735,0.07434347167579493,0.07434347167579493,0.5609999999999928,0.016999999999995907,0,1,0,88.083,-0.2347291489090253,0.16200000000000614,-0.015999999999991132,-0.1301249999999925,0.2715000000000032,1.0095000000000027,-0.055156528324203716,7.0,12.0,51.4,30.9,-1.1000000000000014,0,0,25.4,1.4,0.142045,0.301136,4.587892,0,-0.13795500000000002,9.839999999999998,0.085227,5.771441123130016,16,0,MEDIUM,88.083,0.6926666666666819,0.1831666666666744,5.0,10.0,-0.23824166666666668,0
11,LEC,15,4542.143,5050.88,5050.88,SOFT>HARD,HARD,18,2,1.245999999999981,0.42533333333334156,0.8206666666666393,"ANT,RUS,LAW,BEA,ALO",5,-0.003333333333316091,0.8239999999999554,0.2463333333333253,0.23211,0.009792666666666667,86.06133333333332,84.81533333333334,1,18.0,0.21428571428571427,70,8,0.13100000000000733,0.01099999999999568,0.0,-0.12950000000000728,0.09383333333333135,0.09383333333333135,-0.007850308212184132,0.04854303329707602,0.04854303329707602,0.016999999999995907,0.16400000000000858,1,0,0,86.066,0.01234933543275929,-0.01099999999999568,-0.004666666666679475,-0.21262500000000273,-2.055499999999995,1.0139999999999958,-0.04529030003625533,7.0,3.0,51.4,30.9,-0.20000000000000284,0,0,25.4,1.4,0.231214,0.49711,2.553137,0,-0.042041999999999996,11.808,0.16647408,5.739792912179234,16,0,SOFT,86.066,0.4126666666666523,-0.014499999999998181,8.0,10.0,-0.62576,0
11,PIA,15,4534.84,5050.88,5050.88,MEDIUM>HARD,HARD,15,2,0.47433333333333394,0.17900000000001626,0.2953333333333177,"ANT,RUS,LAW,ALB,BEA",5,0.18833333333331836,0.10699999999999932,0.30033333333334156,0.20584566666666668,0.0077410000000000005,85.74966666666667,85.27533333333334,1,15.0,0.21428571428571427,70,8,0.18999999999999773,-0.0379999999999967,0.0379999999999967,0.011499999999998067,0.05662499999999919,0.05662499999999919,0.12087538423858746,0.0539397660489223,0.0539397660489223,-0.0379999999999967,0.16400000000000858,0,1,0,85.643,-0.1901493069036917,0.0379999999999967,0.10666666666666913,-0.03562499999999602,-2.478499999999997,1.0139999999999958,-0.002685233951076893,7.0,1.0,51.4,30.9,-0.20000000000000284,0,0,25.4,1.4,0.216374,0.350877,4.076759,0,0.08846700000000002,9.839999999999998,0.1298244,5.733341276897746,16,0,MEDIUM,85.643,0.6566666666666663,0.2294999999999967,5.0,10.0,0.20584566666666668,0
11,NOR,16,4621.685,5143.218,5143.218,MEDIUM>HARD,HARD,16,2,0.998666666666665,0.3776666666666557,0.6210000000000093,"ANT,RUS,ALB,BOR,BEA",5,-0.022333333333321548,0.6433333333333309,0.16900000000001114,0.11056733333333334,0.017706,85.69,84.69133333333333,1,16.0,0.22857142857142856,70,8,0.25500000000000256,0.15900000000000603,-0.26500000000000057,-0.2819999999999965,0.0772499999999976,0.0772499999999976,-0.1205382728770985,0.047972865217582775,0.047972865217582775,0.26500000000000057,-0.0030000000000001137,0,1,0,85.878,0.1882946565912249,-0.15900000000000603,-0.1880000000000024,-0.32399999999999807,-1.6159999999999997,1.0060000000000002,-0.029277134782414824,7.0,1.0,52.9,30.9,1.5,0,0,25.8,0.6,0.023256,0.046512,19.167464,0,-0.029376,11.456,0.014883839999999999,5.802118375377063,17,0,MEDIUM,85.878,0.5240000000000009,0.13683333333333314,5.0,11.0,-0.5215163333333332,0
11,OCO,16,4667.693,5143.218,5143.218,MEDIUM>HARD,HARD,16,2,1.6373333333333164,0.3776666666666557,1.2596666666666607,"ALO,STR,BEA,BOR,ALB",5,-0.2596666666666607,1.5193333333333214,0.4316666666666862,0.11360433333333332,0.017208333333333332,88.74933333333333,87.11200000000001,1,16.0,0.22857142857142856,70,8,0.24600000000000222,-0.018000000000000682,0.0,0.009000000000000341,0.009774999999999779,0.009774999999999779,0.3843963501645504,0.0716896772648806,0.0716896772648806,0.10000000000000853,0.1290000000000049,0,1,0,88.293,-0.600471344258878,0.018000000000000682,0.45633333333331905,0.2023749999999893,0.6670000000000016,0.9080000000000013,0.06191467726488082,7.0,14.0,52.3,31.0,0.8999999999999986,0,0,24.8,2.2,0.016949,0.045198,4.385639,0,-0.056915,11.071999999999997,0.010847359999999999,5.840641657373398,17,0,MEDIUM,88.293,1.141999999999996,0.8058333333333345,5.0,11.0,-0.14734799999999998,0
11,SAI,17,4761.854,5251.969,5251.969,SOFT>MEDIUM,MEDIUM,17,2,1.2560000000000144,0.4440000000000026,0.8120000000000118,"ALB,ALO,STR,BOR,RUS",5,-0.3149999999999835,1.1269999999999953,0.28366666666667584,0.05652933333333334,0.0,88.298,87.04199999999999,1,17.0,0.24285714285714285,70,8,0.12349999999999284,-0.2920000000000016,0.07200000000000273,0.055499999999995,0.03213333333333281,0.03213333333333281,0.12853455432797034,-0.02014670949290364,-0.02014670949290364,-0.07200000000000273,-0.01999999999999602,1,0,0,88.082,-0.19980021908006051,0.2920000000000016,0.21600000000000819,0.16875000000001705,0.3219999999999885,0.5489999999999924,-0.05228004282623645,7.0,16.0,52.3,31.1,0.0,0,0,25.1,3.0,0.017045,0.051136,4.375158,0,-0.011203999999999999,11.764,0.0115906,5.905361848054571,18,0,SOFT,88.082,-0.13633333333332587,-0.5070000000000049,5.0,12.0,-0.2247153333333333,0
11,HAD,18,4814.36,5338.311,5338.311,MEDIUM>HARD,HARD,18,2,2.266999999999996,0.08533333333333815,2.1816666666666578,"BOR,STR,ALO,ALB,RUS",5,0.37999999999999545,1.8016666666666623,0.3333333333333286,0.0,0.0,87.045,84.778,1,18.0,0.2571428571428571,70,8,0.07899999999999352,0.0,0.0,-0.07749999999998636,0.02758333333333004,0.02758333333333004,0.17326328657004808,0.06545510375258659,0.06545510375258659,-0.3780000000000001,-0.21599999999999397,0,1,0,86.939,-0.2684237323674381,0.0,0.10600000000000875,-0.02637500000000159,-0.6060000000000088,0.7120000000000033,0.03787177041925655,7.0,2.0,52.3,31.1,0.0,0,0,25.1,3.0,0.0,0.0,12.055489,0,0.0,12.456,0.0,5.924255797414532,19,0,MEDIUM,86.939,0.8943333333333356,0.6418333333333236,5.0,13.0,-0.37382966666666667,0
11,HUL,18,4829.793,5338.311,5338.311,MEDIUM>HARD,HARD,18,2,1.0423333333333176,0.08533333333333815,0.9569999999999794,"ALB,ALO,BOR,STR,RUS",5,-0.37999999999999545,1.3369999999999749,0.3333333333333286,0.018939,0.019204333333333334,87.92333333333333,86.88100000000001,1,18.0,0.2571428571428571,70,8,0.15149999999999864,0.0,0.0,-0.11549999999999727,0.06829166666666649,0.06829166666666649,0.2162654382100726,0.0766315733733888,0.0766315733733888,-0.7980000000000018,-0.2050000000000125,0,1,0,87.673,-0.3350437201995504,0.0,0.2503333333333302,-0.0589999999999975,0.508499999999998,1.0,0.008339906706722314,7.0,11.0,52.3,31.1,0.0,0,0,25.1,3.0,0.022727,0.073864,4.052423,0,0.0056819999999999996,12.456,0.01636344,5.948034989180646,19,0,MEDIUM,87.673,0.8776666666666699,0.6418333333333333,5.0,13.0,-0.7738849999999999,0
11,LIN,19,4915.876,5425.67,5425.67,MEDIUM>HARD,HARD,19,2,0.9689999999999941,-0.050333333333313135,1.0193333333333072,"ALO,BOR,STR,RUS,ALB",5,-0.644999999999996,1.6643333333333032,0.25633333333335884,0.013268666666666665,0.024893666666666665,87.871,86.902,1,19.0,0.2714285714285714,70,8,0.18350000000000222,-0.14100000000000534,0.39500000000001023,0.13500000000000512,0.045000000000001227,0.045000000000001227,0.49163630937667335,0.06531309947896945,0.06531309947896945,-1.1230000000000047,-0.2364999999999995,0,1,0,87.365,-0.7599502291110696,0.14100000000000534,0.5060000000000002,0.3137500000000131,0.5884999999999962,0.839500000000001,0.02031309947896822,7.0,10.0,51.6,31.5,-0.6999999999999957,0,0,24.6,1.8,0.022857,0.051429,4.038187,0,0.005908,12.616000000000001,0.01737132,5.998936561946683,20,0,MEDIUM,87.365,0.9069999999999965,1.0393333333333317,5.0,14.0,-0.027050000000000005,0
11,LAW,20,4999.179,5512.916,5512.916,MEDIUM>HARD,HARD,20,2,1.5786666666666633,-0.4956666666666507,2.074333333333314,"ALO,STR,BOR,COL,ALB",5,-0.9909999999999997,3.0653333333333137,0.48366666666665026,0.0019046666666666667,0.01351,87.64766666666667,86.069,1,20.0,0.2857142857142857,70,8,0.18299999999999983,-0.01799999999998647,0.0,-0.06199999999999761,0.10108333333333282,0.10108333333333282,0.20465871258858215,0.07785603299349084,0.07785603299349084,0.12400000000000944,0.13000000000000966,0,1,0,87.683,-0.3158941495497771,0.01799999999998647,-0.03533333333334099,-0.02512500000000273,0.7385000000000019,1.2224999999999966,-0.02322730033984198,7.0,7.0,52.4,31.1,0.7999999999999972,0,0,24.7,1.1,0.0,0.0,7.682335,0,0.0,13.92,0.0,6.042632833682381,21,0,MEDIUM,87.683,0.9263333333333321,1.2918333333333294,5.0,15.0,0.0019046666666666667,0
11,ANT,21,5058.031,5600.773,5600.773,MEDIUM>HARD,HARD,21,2,1.26100000000001,-0.1213333333333253,1.3823333333333352,"LEC,VER,RUS,GAS,HAM",5,0.043000000000006366,1.3393333333333288,0.2226666666666688,0.0,0.0,85.61466666666666,84.35366666666665,1,21.0,0.3,70,8,0.20399999999998641,0.06999999999999318,-0.06999999999999318,0.033999999999991815,-0.08813333333333115,-0.08813333333333115,-0.046346928058355275,-0.025632058030553836,-0.025632058030553836,0.19199999999999307,0.006999999999990791,0,1,0,85.702,0.07147211410165255,-0.06999999999999318,-0.08733333333333348,0.08225000000000193,-1.2475000000000023,1.1024999999999991,0.06250127530277731,7.0,1.0,52.4,30.9,0.0,0,0,24.7,1.1,0.0,0.0,7.863515,0,0.0,14.616,0.0,6.077642243349034,22,0,MEDIUM,85.702,-0.0829999999999842,0.32366666666667254,5.0,16.0,-0.4435263333333333,0
11,BEA,21,5114.156,5600.773,5600.773,MEDIUM>HARD,HARD,21,2,2.048333333333346,-0.6823333333333466,2.7306666666666928,"COL,STR,ALO,OCO,BOR",5,-0.6299999999999955,3.3606666666666882,0.6706666666666763,0.005607666666666667,0.0038313333333333337,88.54466666666667,86.49633333333333,1,21.0,0.3,70,8,0.12750000000001194,0.8389999999999986,-0.8389999999999986,-0.8220000000000027,-0.024499999999998558,-0.024499999999998558,-0.6331657680707536,0.03881062319033349,0.03881062319033349,0.8389999999999986,-0.01749999999999119,0,1,0,89.195,0.9764119849287596,-0.8389999999999986,-0.6503333333333217,-0.7851249999999936,3.2029999999999887,1.1210000000000093,0.06331062319033204,7.0,14.0,52.1,31.1,-0.29999999999999716,0,0,25.1,3.5,0.011173,0.050279,4.430443,0,0.005523000000000001,14.364,0.00938532,6.1070228877422545,22,0,MEDIUM,89.195,0.11233333333332496,0.7983333333333273,5.0,16.0,-0.7534196666666667,0
11,ALB,25,5477.249,5953.165,5953.165,MEDIUM>HARD,HARD,25,2,2.187999999999988,0.6189999999999856,1.5690000000000026,"ALO,COL,OCO,SAI,HUL",5,0.2749999999999915,1.2940000000000111,0.2230000000000132,0.0037036666666666663,0.0038536666666666667,88.87033333333333,86.68233333333335,1,25.0,0.35714285714285715,70,8,0.19699999999999562,1.4819999999999993,-1.3399999999999892,-1.4110000000000014,0.016958333333333186,0.016958333333333186,-0.975543212350928,0.06062399008177029,0.06062399008177029,1.634999999999991,0.16499999999999204,0,1,0,89.862,1.5029709680483307,-1.4819999999999993,-0.99166666666666,-1.2018750000000011,3.352000000000004,1.2704999999999984,0.0436656567484371,7.0,16.0,50.7,31.0,0.9000000000000057,0,0,26.1,1.7,0.011111,0.044444,12.336821,0,0.011111,15.700000000000003,0.011111,6.282266746896006,26,0,MEDIUM,89.862,0.0660000000000025,0.7683333333333355,5.0,20.0,-0.593664,0
11,RUS,26,5516.243,6040.764,6040.764,MEDIUM>HARD,HARD,26,2,2.2809999999999917,-0.4086666666666616,2.6896666666666533,"BEA,GAS,LAW,HAD,VER",5,0.8006666666666717,1.8889999999999816,0.30433333333333223,0.0038313333333333337,0.001984,86.42233333333333,84.14133333333334,1,26.0,0.37142857142857144,70,8,0.21100000000000563,0.5309999999999917,-0.4129999999999967,-0.5109999999999957,0.07707142857143014,0.07707142857143014,-0.4689946009963961,-0.007923327563818652,-0.007923327563818652,0.4129999999999967,0.4239999999999995,0,1,0,86.737,0.7223643772137365,-0.5309999999999917,-0.31466666666666754,-0.5051249999999925,0.02049999999999841,1.0714999999999932,-0.08499475613524879,7.0,7.0,50.7,30.9,0.9000000000000057,0,0,26.1,2.5,0.011494,0.034483,4.30835,0,0.011494,16.328000000000003,0.01195376,6.304448802421981,27,0,MEDIUM,86.737,-0.63066666666667,0.1180000000000092,5.0,21.0,-0.6850223333333334,0
11,BOR,28,5710.018,6217.757,6217.757,SOFT>HARD,HARD,28,2,1.7806666666666473,0.15566666666668993,1.6249999999999574,"STR,GAS,BEA,COL,SAI",5,0.17866666666665765,1.4463333333332997,0.2183333333333053,0.0,0.015461,87.353,85.57233333333335,1,28.0,0.4,70,8,0.18849999999999767,0.4370000000000118,-0.4370000000000118,-0.5395000000000039,0.10475000000000242,0.10475000000000242,-0.4473773865732511,0.008054354622249245,0.008054354622249245,0.5440000000000111,-0.33899999999999864,1,0,0,87.68,0.6890448555301845,-0.4370000000000118,-0.3270000000000124,-0.5575000000000045,1.3445000000000107,0.8135000000000048,-0.09669564537775319,7.0,8.0,50.0,30.9,-1.2999999999999972,0,0,25.6,3.7,0.0,0.0,17.844183,0,0.0,16.8,0.0,6.380122536899765,29,0,SOFT,87.68,-0.28333333333333144,0.6516666666666708,5.0,23.0,-0.9790476666666666,0
11,HAM,29,5756.635,6305.75,6305.75,HARD>HARD,HARD,16,2,1.659000000000006,-0.20266666666667277,1.8616666666666788,"HAD,LEC,VER,ANT,HUL",5,0.37566666666664617,1.4860000000000326,0.07066666666665355,0.009723999999999998,0.001996,85.68533333333335,84.02633333333334,1,16.0,0.4142857142857143,70,8,0.1844999999999999,0.07899999999999352,0.0,-0.09350000000000591,0.06033928571428555,0.06033928571428555,-0.05762978779912942,0.010693733182047614,0.010693733182047614,0.10800000000000409,0.28599999999999426,0,0,1,85.619,0.09002436192301388,-0.07899999999999352,0.0663333333333469,-0.14337499999999181,-1.211500000000001,0.9840000000000018,-0.04964555253223793,7.0,4.0,50.5,31.0,-0.7999999999999972,0,0,25.6,2.0,0.005848,0.040936,4.252818,0,-0.005848,9.92,0.0037427199999999997,6.405228458030842,30,1,HARD,85.619,-0.015333333333316546,0.7331666666666716,5.0,11.0,-0.013635000000000003,0
11,PIA,32,6006.097,6569.051,6569.051,HARD>HARD,HARD,16,2,1.2906666666666666,0.039666666666661854,1.2510000000000048,"HUL,ANT,LAW,NOR,VER",5,-0.2836666666666616,1.5346666666666664,0.45266666666667277,0.011662,0.011719,85.803,84.51233333333333,1,16.0,0.45714285714285713,70,8,0.23150000000000404,0.0,0.0,-0.23100000000000875,0.09224999999999936,0.09224999999999936,0.04435097062088289,0.11080505241327938,0.11080505241327938,-0.012000000000000455,0.07100000000000506,0,0,1,85.831,-0.06928132105444718,0.0,-0.028000000000005798,-0.30725000000001046,-0.5720000000000027,0.9789999999999992,0.018555052413280024,7.0,1.0,51.1,31.0,0.8000000000000043,0,0,25.9,1.3,0.017544,0.05848,3.967282,0,0.0001020000000000014,10.304,0.011228160000000001,6.4967749901858625,33,1,HARD,85.831,1.3913333333333213,1.6886666666666628,5.0,11.0,0.011662,0
11,BEA,41,6904.63,7377.768,7377.768,HARD>HARD,HARD,19,2,2.299666666666667,0.6276666666666841,1.6719999999999828,"STR,OCO,LIN,ALB,COL",5,,,0.42233333333332723,0.015045999999999999,0.01929033333333333,88.54,86.24033333333334,1,19.0,0.5857142857142857,70,3,1.0600000000000023,1.0600000000000023,-1.0600000000000023,-1.0600000000000023,0.4,0.4,-0.6108469801021386,0.15704055878382422,0.15704055878382422,1.0600000000000023,0.051499999999997215,0,0,1,89.694,1.2759540229885147,-1.0600000000000023,-1.1539999999999964,-1.1539999999999964,4.1625000000000085,0.880500000000005,-0.2429594412161758,2.0,19.0,49.9,31.0,0.29999999999999716,0,0,26.1,1.9,0.01676,0.061453,4.455229,0,-0.0001889999999999982,11.323999999999998,0.0127376,6.782192056006791,42,2,HARD,89.694,0.0,0.0,19.0,0.0,0.0,0
11,LAW,41,6835.414,7377.768,7377.768,HARD>SOFT,SOFT,20,2,1.4193333333333413,-0.4796666666666738,1.8990000000000151,"LIN,OCO,BOR,ALO,COL",5,,,0.20766666666666822,0.0019266666666666668,0.005859333333333334,86.55433333333333,85.13499999999999,1,20.0,0.5857142857142857,70,3,0.06900000000000261,0.0,0.0,0.0,0.03450000000000131,0.03450000000000131,0.05293075365381128,-0.0034840714327639462,-0.0034840714327639462,-0.14500000000001023,-0.21699999999999875,0,0,1,86.529,-0.11056321839080852,0.0,0.025333333333335872,0.025333333333335872,0.9359999999999928,1.0489999999999924,-0.037984071432765255,2.0,9.0,49.6,31.0,0.30000000000000426,0,0,26.0,2.2,0.00578,0.046243,4.656187,0,0.00578,11.68,0.0046240000000000005,6.761572768804055,42,2,HARD,86.529,0.0,0.0,20.0,0.0,0.0,0
11,SAI,42,6982.468,7489.188,7489.188,MEDIUM>SOFT,SOFT,24,5,1.9456666666666678,0.6723333333333272,1.2733333333333405,"ALB,OCO,LIN,RUS,STR",5,,,0.26166666666667027,0.013247333333333333,0.017408666666666666,88.146,86.20033333333333,1,24.0,0.6,70,4,0.16799999999999926,-0.8495000000000061,0.7560000000000002,0.8495000000000061,-0.25066666666666515,-0.25066666666666515,0.5069189864627504,-0.09793031143034404,-0.09793031143034404,-1.0919999999999987,-0.04599999999999227,0,1,0,87.53,-0.9676069583846925,0.8495000000000061,0.6159999999999997,0.6977500000000134,2.2590000000000003,0.7905000000000015,0.15273635523632112,3.0,17.0,49.9,31.4,0.0,0,0,26.1,1.9,0.017143,0.04,4.34774,0,0.011493,14.303999999999998,0.016457279999999998,6.80128303447162,43,2,MEDIUM,87.53,0.0,0.0,23.5,0.5,0.0,0
12,BOR,10,6061.59,6470.732,6470.732,SOFT>MEDIUM,MEDIUM,11,2,1.0156666666666467,-0.3426666666666591,1.3583333333333059,"OCO,ALB,ALO,LIN,GAS",5,,,0.13599999999998147,0.9978903333333333,0.234463,78.96333333333332,77.94766666666668,1,11.0,0.1388888888888889,72,5,0.22399999999998954,0.06300000000000239,-0.06300000000000239,-0.06300000000000239,-0.10624999999999218,-0.10624999999999218,-0.13768957854976804,-0.03375251983486479,-0.03375251983486479,0.28699999999999193,0.16199999999999193,1,0,0,79.08,0.26224715440548607,-0.06300000000000239,-0.11666666666667425,0.10660000000000025,0.41499999999999204,0.5299999999999869,0.07249748016512739,4.0,13.0,35.0,19.2,-0.8999999999999986,0,0,57.6,1.7,0.993671,1.0,0.447923,0,-0.006329000000000029,0.0,0.43721524,5.2832037287379885,11,4,SOFT,79.08,0.0,0.0,10.0,1.0,0.0,0
12,STR,14,6381.364,6794.609,6794.609,SOFT>HARD,HARD,12,2,0.5866666666666731,0.09600000000000364,0.49066666666666947,"ALB,SAI,ALO,LIN,COL",5,0.10566666666669278,0.3849999999999767,0.07099999999998374,0.117959,0.06544100000000001,79.36166666666666,78.77499999999999,1,12.0,0.19444444444444445,72,8,0.10799999999999699,0.0,0.0,-0.04949999999999477,-0.007333333333335191,-0.007333333333335191,-0.00038254771595802595,-0.022609367596497572,-0.022609367596497572,-0.40099999999999625,0.03999999999999204,1,0,0,79.291,0.0006583830622020059,0.0,0.07066666666666777,0.03700000000000614,0.23850000000000193,0.5859999999999914,-0.015276034263162382,7.0,14.0,33.7,19.1,-1.1999999999999957,0,0,59.5,0.8,0.0,0.632911,2.189453,0,-0.04375,-0.6239999999999987,0.0,5.627621113690637,15,4,SOFT,79.291,0.12699999999999534,-0.14783333333333343,7.0,5.0,-0.5208306666666667,0
12,OCO,15,6457.424,6874.532,6874.532,SOFT>HARD,HARD,16,2,-0.2539999999999907,0.06666666666666288,-0.32066666666665355,"LIN,ALB,SAI,ALO,COL",5,-0.010000000000019327,-0.31066666666663423,0.05933333333332769,0.5503146666666666,0.552902,79.30300000000001,79.557,1,16.0,0.20833333333333334,72,8,0.13649999999999807,-0.01300000000000523,0.01300000000000523,-0.04949999999999477,0.06325000000000003,0.06325000000000003,0.03410614931314626,0.02351352582220718,0.02351352582220718,-0.01300000000000523,0.04099999999999682,1,0,0,79.244,-0.05711420481844698,0.01300000000000523,0.05900000000001171,-0.09262499999999818,0.24899999999999523,0.7944999999999993,-0.039736474177792844,7.0,12.0,35.2,19.3,1.5,0,0,58.5,1.5,0.522013,1.0,0.953811,0,0.02201299999999995,0.1280000000000018,0.33408832,5.69035945432406,16,4,SOFT,79.244,0.35266666666667845,4.718447854656915e-15,10.0,6.0,-0.21550800000000003,0
12,RUS,16,6512.608,6957.451,6957.451,MEDIUM>HARD,HARD,16,2,1.2576666666666654,0.1043333333333436,1.1533333333333218,"HAM,ALB,LIN,SAI,ALO",5,-0.06200000000001182,1.2153333333333336,0.052333333333351106,0.021505333333333335,0.021929666666666667,77.68966666666667,76.432,1,16.0,0.2222222222222222,72,8,0.16049999999999187,0.0350000000000108,0.0,-0.17799999999999727,0.09408928571428708,0.09408928571428708,-0.014526729794582138,0.036638319600141134,0.036638319600141134,-0.13599999999999568,0.057999999999992724,0,1,0,77.656,0.023791495498699078,-0.0350000000000108,0.03366666666666163,-0.20050000000000523,-1.3419999999999987,1.031000000000006,-0.05745096611414595,7.0,4.0,36.1,19.2,1.3000000000000043,0,0,58.6,1.3,0.0,0.554839,2.364235,0,0.0,0.704000000000001,0.0,5.730099782973574,17,4,MEDIUM,77.656,0.4749999999999943,0.19066666666666277,9.0,7.0,-0.35873466666666665,0
12,GAS,17,6606.811,7054.249,7054.249,MEDIUM>HARD,HARD,18,2,0.24833333333334906,0.11966666666667436,0.1286666666666747,"LIN,ALB,ALO,SAI,BOR",5,-0.10133333333334349,0.2300000000000182,0.08166666666667766,0.0,0.7750406666666666,78.91933333333334,78.67099999999999,1,18.0,0.2361111111111111,72,8,0.19550000000000267,0.1280000000000001,0.0,-0.24200000000000443,0.05991666666666854,0.05991666666666854,-0.05838011623244199,0.039967251713153636,0.039967251713153636,0.1280000000000001,0.04099999999999682,0,1,0,78.944,0.09396622551544453,-0.1280000000000001,-0.024666666666661285,-0.20999999999999375,0.0,0.8220000000000027,-0.019949414953514905,7.0,8.0,36.3,19.2,0.19999999999999574,0,0,58.6,0.7,0.0,0.0,7.43392,0,0.0,0.935999999999998,0.0,5.805134968916488,18,4,MEDIUM,78.944,0.41533333333335065,0.12250000000000229,10.0,8.0,-0.061570999999999994,0
12,PIA,17,6587.595,7054.249,7054.249,HARD>HARD,HARD,15,2,1.1583333333333314,0.11966666666667436,1.038666666666657,"HAM,LIN,ALB,ALO,SAI",5,0.11566666666665526,0.9230000000000018,0.06199999999999761,0.0,0.6697196666666666,77.47099999999999,76.31266666666666,1,15.0,0.2361111111111111,72,8,0.11049999999999471,0.023000000000010346,0.0,-0.15050000000000807,0.02850000000000108,0.02850000000000108,-0.01779544460352156,0.03174670857419846,0.03174670857419846,-0.04099999999999682,-0.09449999999999648,0,0,1,77.465,0.028642813147271795,-0.023000000000010346,0.0059999999999860165,-0.12999999999999545,-1.4089999999999918,1.0075000000000003,0.003246708574197378,7.0,3.0,36.3,19.2,0.19999999999999574,0,0,58.6,0.7,0.0,0.0,4.991074,0,0.0,0.7799999999999983,0.0,5.7899601708972535,18,4,HARD,77.465,0.2603333333333211,0.026166666666663785,7.0,8.0,0.0,0
12,TSU,17,6611.143,7054.249,7054.249,SOFT>HARD,HARD,15,2,0.6586666666666616,0.11966666666667436,0.5389999999999873,"ALB,LIN,ALO,SAI,HAM",5,-0.07699999999999818,0.6159999999999854,0.06199999999999761,0.0,0.006369333333333334,78.93733333333333,78.27866666666667,1,15.0,0.2361111111111111,72,8,0.16499999999999915,-0.31400000000000716,0.2670000000000101,0.19700000000000273,0.0537083333333328,0.0537083333333328,0.19208120253505,0.003023156420668884,0.003023156420668884,-0.37000000000000455,0.04099999999999682,1,0,0,78.725,-0.30916597566920245,0.31400000000000716,0.21233333333333348,0.15462500000001,-0.20700000000000784,0.8340000000000032,-0.050685176912663915,7.0,10.0,36.3,19.2,0.19999999999999574,0,0,58.6,0.7,0.0,0.356688,2.842693,0,0.0,0.7799999999999983,0.0,5.811140992976701,18,4,SOFT,78.725,0.16866666666665253,-0.16450000000000387,7.0,8.0,-0.26794566666666664,0
12,HUL,18,6687.226,7132.495,7132.495,SOFT>SOFT,SOFT,19,2,-0.25133333333333496,-0.1729999999999876,-0.07833333333334735,"ALB,LIN,SAI,BOR,ALO",5,0.1353333333333353,-0.21366666666668266,0.08166666666669187,0.310933,0.9957806666666666,78.76466666666667,79.016,1,19.0,0.25,72,8,0.23050000000001347,0.33500000000000796,-0.3960000000000008,-0.36549999999999727,0.03575000000000135,0.03575000000000135,-0.17429123358505194,0.01970462426210846,0.01970462426210846,0.3960000000000008,-0.014500000000005286,1,0,0,79.061,0.2768594148219421,-0.33500000000000796,-0.29633333333333667,-0.23387500000001182,0.11700000000000443,0.38700000000000045,-0.01604537573789289,7.0,8.0,37.3,19.5,1.0,0,1,58.1,1.1,0.550633,1.0,0.895632,0,0.28311700000000006,1.7479999999999978,0.41848108000000006,5.863631175598097,19,4,SOFT,79.061,0.16466666666666185,-0.10616666666666673,10.0,9.0,-0.05556433333333327,0
12,ANT,20,6812.883,7287.437,7287.437,MEDIUM>HARD,HARD,20,2,1.3910000000000053,-0.3506666666666547,1.74166666666666,"LIN,ALO,ALB,SAI,STR",5,-0.3823333333333352,2.1239999999999952,0.09199999999998454,0.0,0.0,77.46233333333333,76.07133333333333,1,20.0,0.2777777777777778,72,8,0.10949999999999704,0.23499999999999943,-0.15900000000000603,-0.27250000000000796,0.07658571428571373,0.07658571428571373,-0.06194653840968556,0.0744500094677138,0.0744500094677138,0.15900000000000603,0.15900000000000603,0,1,0,77.601,0.09676762324909305,-0.23499999999999943,-0.1386666666666656,-0.3100000000000023,-1.397500000000008,0.9074999999999989,-0.002135704817999934,7.0,1.0,38.0,19.5,0.7000000000000028,0,0,55.6,0.7,0.0,0.0,18.405993,0,0.0,2.4,0.0,5.953243334287785,21,4,MEDIUM,77.601,0.7710000000000008,0.6078333333333226,9.0,11.0,0.0,0
12,COL,20,6873.082,7287.437,7287.437,MEDIUM>HARD,HARD,18,2,2.715666666666678,-0.25866666666667015,2.974333333333348,"PER,BOT,SAI,LIN,ALO",5,-0.9226666666666716,3.89700000000002,0.09199999999998454,0.890269,0.0,80.44500000000001,77.72933333333333,1,18.0,0.2777777777777778,72,8,0.30100000000000904,0.0,-0.13300000000000978,-0.26200000000001467,0.1939761904761901,0.1939761904761901,0.06788404663330994,0.13626177232854791,0.13626177232854791,0.13300000000000978,0.054999999999999716,0,1,0,80.641,-0.11117870386168249,0.0,-0.19599999999999795,-0.44137500000000784,1.9040000000000106,0.6749999999999972,-0.057714418147642194,7.0,18.0,38.2,19.5,0.4000000000000057,0,0,56.3,0.9,0.968944,1.0,0.456765,0,0.024845000000000006,2.304000000000002,0.6976396800000001,5.996452088619021,21,5,MEDIUM,80.641,1.0206666666666706,1.0940000000000036,11.0,7.0,0.598652,0
12,LAW,20,6834.993,7287.437,7287.437,SOFT>MEDIUM,MEDIUM,18,2,1.403333333333336,-0.3506666666666547,1.7539999999999907,"ALO,LIN,ALB,SAI,STR",5,-0.7670000000000101,2.521000000000001,0.09199999999998454,0.004232666666666667,0.3018996666666666,78.829,77.42566666666666,1,18.0,0.2777777777777778,72,8,0.3819999999999908,0.0,0.01300000000000523,-0.3754999999999882,0.14374999999999857,0.14374999999999857,0.028953324177933837,0.09159196823517166,0.09159196823517166,-0.26300000000000523,0.15900000000000603,1,0,0,78.737,-0.045228424990099825,0.0,0.09199999999999875,-0.32450000000000045,-0.194500000000005,0.7974999999999994,-0.05215803176482692,7.0,5.0,38.0,19.5,0.20000000000000284,0,0,55.6,0.7,0.0,0.0,9.616457,0,-0.006329,2.16,0.0,5.963579343618446,21,5,SOFT,78.737,1.103999999999985,0.9394999999999906,7.0,11.0,-0.03232633333333333,0
12,LEC,20,6823.06,7287.437,7287.437,SOFT>MEDIUM,MEDIUM,18,2,1.5660000000000167,-0.3506666666666547,1.9166666666666714,"LIN,ALO,ALB,SAI,STR",5,0.6316666666666606,1.2850000000000108,0.09199999999998454,0.006451666666666667,0.0,77.39966666666668,75.83366666666666,1,18.0,0.2777777777777778,72,8,0.18200000000000216,0.0,0.0,0.039500000000003865,-0.004150000000000631,-0.004150000000000631,0.08818626446975486,0.0044985618187224664,0.0044985618187224664,-0.07899999999999352,0.15900000000000603,1,0,0,77.435,-0.13775709563489613,0.0,-0.03533333333332678,0.10174999999999557,-1.5635000000000048,0.7974999999999994,0.008648561818723097,7.0,3.0,38.0,19.5,0.20000000000000284,0,0,55.6,0.7,0.0,0.0,7.785254,0,-0.012903,2.16,0.0,5.958424693029782,21,4,SOFT,77.435,0.2220000000000084,0.0588333333333253,7.0,11.0,-0.980575,0
12,NOR,20,6815.18,7287.437,7287.437,SOFT>HARD,HARD,21,2,1.4639999999999986,-0.3506666666666547,1.8146666666666533,"LIN,ALO,ALB,SAI,STR",5,-0.43166666666667197,2.2463333333333253,0.09199999999998454,0.06897166666666667,0.18601666666666664,77.59033333333333,76.12633333333333,1,21.0,0.2777777777777778,72,8,0.1355000000000075,0.3790000000000049,-0.3130000000000024,-0.4934999999999974,0.08116666666666697,0.08116666666666697,-0.17793629890293516,0.07666613567048673,0.07666613567048673,0.3130000000000024,0.20400000000000773,1,0,0,77.821,0.27795697994780255,-0.3790000000000049,-0.23066666666666436,-0.46162499999999795,-1.177500000000009,0.7974999999999994,-0.004500530996180238,7.0,2.0,38.0,19.5,0.7000000000000028,0,0,55.6,0.7,0.025641,0.730769,2.066214,0,-0.058230000000000004,2.52,0.02153844,5.955837369464831,21,4,SOFT,77.821,0.820999999999998,0.6578333333333244,10.0,11.0,-0.5969453333333333,0
12,HAM,24,7135.403,7617.105,7617.105,SOFT>HARD,HARD,25,2,1.9906666666666553,-0.7649999999999864,2.7556666666666416,"PIA,BOR,TSU,RUS,LIN",5,0.12366666666666504,2.6319999999999766,0.35300000000002285,0.006451666666666667,0.0,77.678,75.68733333333334,1,25.0,0.3333333333333333,72,8,0.12049999999999272,-0.006000000000000227,0.0,0.0030000000000001137,0.01008333333333174,0.01008333333333174,0.007804642950105745,0.01732331029370511,0.01732331029370511,-0.1559999999999917,0.32500000000000284,1,0,0,77.715,-0.012046597069229392,0.006000000000000227,-0.03700000000000614,-0.06212500000000887,-1.399499999999989,0.8900000000000006,0.00723997696037337,7.0,1.0,36.1,19.3,0.3999999999999986,0,0,57.1,0.9,0.0,0.374194,2.916271,0,0.0,1.1000000000000014,0.0,6.142037405587356,25,4,SOFT,77.715,0.4129999999999967,0.15349999999999397,10.0,15.0,-0.48392666666666667,0
12,ALB,25,7248.96,7696.471,7696.471,HARD>HARD,HARD,23,2,0.9423333333333233,-0.8353333333333524,1.7776666666666756,"HUL,STR,GAS,LIN,BOR",5,0.009666666666674928,1.7680000000000007,0.21633333333332416,0.12083333333333333,0.137265,79.484,78.54166666666667,1,23.0,0.3472222222222222,72,8,0.11299999999999955,0.0,0.10699999999999932,0.028999999999996362,-0.0038333333333322155,-0.0038333333333322155,0.24142919777484906,0.024737812167247544,0.024737812167247544,-0.9339999999999975,-0.10999999999999943,0,0,1,79.137,-0.3723106556082172,0.0,0.3469999999999942,0.1349999999999909,0.012000000000000455,0.7789999999999964,0.028571145500579757,7.0,8.0,34.3,19.1,-0.30000000000000426,0,1,56.1,1.5,0.0,0.220126,3.698032,0,-0.3625,-0.6440000000000026,0.0,6.198478716492308,26,4,HARD,79.137,0.5249999999999915,0.1426666666666752,7.0,16.0,-0.4119543333333333,0
12,BOT,27,7434.852,7854.102,7854.102,HARD>HARD,HARD,25,4,1.7966666666666526,0.7706666666666706,1.025999999999982,"GAS,ALO,STR,HUL,LIN",5,-0.6210000000000093,1.6469999999999914,0.7233333333333434,0.2849733333333333,0.30473100000000003,80.79566666666666,78.99900000000001,1,25.0,0.375,72,8,0.16499999999999915,0.0,0.26200000000000045,-0.15399999999999636,0.09191666666666502,0.09191666666666502,0.150371178685603,0.03239443612719733,0.03239443612719733,-0.5110000000000099,-0.1944999999999979,0,0,1,80.538,-0.23168510680000054,0.0,0.2576666666666654,-0.07724999999999227,1.6769999999999925,1.5009999999999906,-0.059522230539467695,7.0,18.0,33.0,19.2,-0.6000000000000014,0,0,54.8,2.8,0.304348,0.857143,1.197477,0,-0.053676999999999975,-2.0,0.304348,6.295266001439646,28,4,HARD,80.538,0.9893333333333203,0.5843333333333383,7.0,18.0,-0.10750566666666672,0
12,PER,28,7516.586,7932.734,7932.734,HARD>HARD,HARD,26,2,2.103666666666655,1.5626666666666722,0.5409999999999826,"GAS,TSU,LIN,HUL,ALO",5,0.42900000000001626,0.11199999999996635,0.28999999999999204,0.18669766666666665,0.0,80.27699999999999,78.17333333333333,1,26.0,0.3888888888888889,72,8,0.21600000000000819,-0.031999999999996476,0.0,0.07549999999999102,-0.03835714285714363,-0.03835714285714363,0.1062670570533868,-0.014551112848812579,-0.014551112848812579,0.1910000000000025,0.07099999999999795,0,0,1,80.33,-0.16370135521580664,0.031999999999996476,-0.05300000000001148,0.17524999999999125,1.880999999999986,1.5524999999999949,0.02380603000833105,7.0,18.0,32.3,19.1,-0.7000000000000028,0,0,54.0,1.1,0.360248,1.0,1.137509,0,0.18524800000000002,-2.808000000000003,0.37465792,6.331501849893691,29,4,HARD,80.33,0.32099999999998374,0.13433333333333053,7.0,19.0,-0.4445523333333333,0
12,SAI,29,7579.364,8011.771,8011.771,SOFT>HARD,HARD,27,2,0.7596666666666749,1.2710000000000008,-0.5113333333333259,"LIN,GAS,STR,COL,TSU",5,-0.9763333333333293,0.4650000000000034,0.37333333333332064,0.084912,0.14307666666666666,80.10933333333334,79.34966666666666,1,27.0,0.4027777777777778,72,8,0.15800000000000125,0.7630000000000052,-0.7630000000000052,-1.0045000000000073,0.10150000000000148,0.10150000000000148,-0.5351120821911479,0.08364067781378726,0.08364067781378726,0.7630000000000052,-0.036999999999999034,1,0,0,80.706,0.8242429826307784,-0.7630000000000052,-0.596666666666664,-0.8661250000000109,2.4039999999999964,1.703000000000003,-0.01785932218621422,7.0,11.0,32.0,19.0,-0.29999999999999716,0,1,55.3,1.2,0.248447,0.732919,1.428542,0,0.248447,-3.24,0.26832276,6.354370040797351,30,4,SOFT,80.706,0.798000000000016,0.7820000000000012,7.0,20.0,-0.15926966666666664,0
12,ALO,33,7881.98,8330.534,8330.534,SOFT>HARD,HARD,31,2,0.39100000000000534,-0.2193333333333385,0.6103333333333438,"GAS,ALB,BOT,COL,PER",5,-1.2346666666666835,1.8450000000000273,0.9903333333333251,0.0,0.50449,79.009,78.618,1,31.0,0.4583333333333333,72,8,0.04800000000000182,0.06499999999999773,-0.09000000000000341,-0.04800000000000182,-0.01191666666666909,-0.01191666666666909,-0.06303010782934848,-0.012285239808937254,-0.012285239808937254,0.09000000000000341,0.1599999999999966,1,0,0,79.071,0.09707777814065821,-0.06499999999999773,-0.06199999999999761,-0.035124999999993634,0.5819999999999936,1.0535000000000068,-0.00036857314226816304,7.0,8.0,30.7,18.9,-0.5,0,0,55.9,3.2,0.0,0.0,20.0,0,0.0,-5.332000000000001,0.0,6.480044561926653,34,4,SOFT,79.071,-0.0796666666666539,0.31433333333333263,7.0,24.0,-0.3833956666666667,0
12,BOR,33,7897.34,8330.534,8330.534,MEDIUM>HARD,HARD,22,2,1.7376666666666694,0.14000000000001478,1.5976666666666546,"BOT,GAS,ALB,TSU,COL",5,-0.9473333333333471,2.5450000000000017,1.2643333333333544,0.48318900000000004,0.03440866666666667,79.01333333333334,77.27566666666667,1,22.0,0.4583333333333333,72,8,0.39700000000000557,-0.23999999999999488,0.08499999999999375,0.5219999999999914,-0.11983333333333235,-0.11983333333333235,0.4025712235056176,-0.00816377272256242,-0.00816377272256242,-0.08499999999999375,0.1150000000000091,0,1,0,78.905,-0.6204655468770994,0.23999999999999488,0.10833333333333428,0.5858749999999873,0.4159999999999968,1.0535000000000068,0.11166956061076994,7.0,13.0,30.7,18.9,-0.5,0,0,55.9,3.2,0.503185,1.0,0.949731,0,0.028501,-3.7840000000000007,0.4428028,6.48768401848461,34,5,MEDIUM,78.905,-0.4089999999999918,0.2836666666666616,5.0,17.0,-0.3567656666666667,0
12,STR,34,7987.078,8409.963,8409.963,HARD>HARD,HARD,19,2,1.7000000000000028,0.4576666666666682,1.2423333333333346,"COL,ALB,GAS,SAI,BOT",5,-2.3046666666666766,3.5470000000000113,0.9333333333333229,0.10109466666666667,0.0,79.83866666666667,78.13866666666667,1,19.0,0.4722222222222222,72,8,0.14850000000000563,0.0,0.7700000000000102,-0.024499999999989086,0.050416666666664625,0.050416666666664625,0.29728211905609214,-0.010037166354325094,-0.010037166354325094,-0.7700000000000102,0.08400000000000318,0,0,1,78.91,-0.47458646091659773,0.0,0.9286666666666719,0.265625,0.5704999999999956,0.7974999999999994,-0.06045383302098972,7.0,16.0,31.1,18.8,0.40000000000000213,0,1,56.3,1.8,0.0,0.0,5.419396,0,-0.044025,-2.9639999999999986,0.0,6.525029657843462,35,5,HARD,78.91,-0.021000000000000796,0.6721666666666645,5.0,14.0,-0.23096299999999997,0
12,LIN,35,8054.973,8489.45,8489.45,MEDIUM>HARD,HARD,30,2,0.8196666666666488,-0.4936666666666696,1.3133333333333184,"ALB,BOT,PIA,PER,COL",5,1.3200000000000216,-0.006666666666703236,0.11866666666665537,0.13333333333333333,0.7961783333333333,79.31933333333332,78.49966666666667,1,30.0,0.4861111111111111,72,8,0.45599999999999596,0.9119999999999919,-0.8250000000000028,-0.44899999999999807,-0.09408333333333967,-0.09408333333333967,-0.49216904330825173,-0.02146614180859345,-0.02146614180859345,0.8250000000000028,-0.04650000000000176,0,1,0,79.919,0.7594423243267556,-0.9119999999999919,-0.5996666666666783,-0.3747499999999917,1.69850000000001,0.892000000000003,0.07261719152474622,7.0,11.0,30.5,18.8,-0.6000000000000014,0,1,56.8,1.0,0.4,0.80625,1.131689,0,0.4,-5.4,0.48,6.543911845564792,36,5,MEDIUM,79.919,0.23299999999997567,0.604833333333327,5.0,25.0,-0.27403866666666665,0
12,OCO,35,8060.861,8489.45,8489.45,HARD>HARD,HARD,19,2,1.3559999999999945,-0.4936666666666696,1.8496666666666641,"ALB,BOT,PIA,PER,SAI",5,-0.7616666666666845,2.6113333333333486,0.32699999999998397,0.29675833333333335,0.223872,79.586,78.23,1,19.0,0.4861111111111111,72,8,0.2785000000000011,0.6709999999999923,0.0,-0.8319999999999936,0.17457142857142827,0.17457142857142827,-0.4734554068302259,0.019321280196859983,0.019321280196859983,-1.3140000000000072,-0.04650000000000176,0,0,1,79.499,0.793721986662618,-0.6709999999999923,0.0870000000000033,-0.5584999999999951,1.2254999999999967,0.866500000000002,-0.1552501483745683,7.0,14.0,30.5,18.8,-0.6000000000000014,0,1,56.8,1.0,0.628931,0.968553,0.844306,0,0.386695,-3.42,0.47798756000000003,6.551080335043404,36,5,HARD,79.499,-0.6226666666666745,-0.03683333333333394,5.0,14.0,-0.663684,0
12,ANT,39,8287.121,8809.268,8809.268,HARD>HARD,HARD,18,2,0.8123333333333278,-0.29000000000000625,1.102333333333334,"NOR,HUL,BOR,LAW,HAM",5,-0.34866666666667356,1.4510000000000076,0.22699999999998965,0.12297400000000001,0.09710133333333333,76.75466666666667,75.94233333333334,1,18.0,0.5416666666666666,72,8,0.23399999999998755,-0.12399999999999523,0.0,-0.05500000000000682,0.050285714285714225,0.050285714285714225,0.16985258413772897,0.04810012117242893,0.04810012117242893,0.3079999999999927,-0.16699999999998738,0,0,1,76.714,-0.2631397885210447,0.12399999999999523,0.04066666666666663,0.039500000000003865,-0.9509999999999934,0.603500000000011,-0.0021855931132852974,7.0,1.0,31.6,19.0,-1.3999999999999986,0,0,55.4,1.8,0.091503,0.895425,1.738088,0,0.091503,-2.447999999999999,0.06588216,6.626717749249025,40,5,HARD,76.714,0.5556666666666672,1.9005000000000083,5.0,13.0,0.11861666666666668,0
12,RUS,39,8297.192,8809.268,8809.268,HARD>HARD,HARD,22,2,1.0486666666666622,-0.29000000000000625,1.3386666666666684,"BOR,LAW,HAM,STR,HUL",5,-0.22000000000001307,1.5586666666666815,0.22699999999998965,0.10551666666666666,0.3210496666666667,77.02733333333333,75.97866666666667,1,22.0,0.5416666666666666,72,8,0.08200000000001495,0.4579999999999984,-0.48399999999999466,-0.4709999999999894,0.019791666666669393,0.019791666666669393,-0.27450227524116144,0.04785245066385529,0.04785245066385529,0.6400000000000006,-0.14799999999999613,0,0,1,77.402,0.4230784377565726,-0.4579999999999984,-0.3746666666666698,-0.4197500000000076,-0.262999999999991,0.40800000000000836,0.028060783997185895,7.0,3.0,31.6,19.0,-1.3999999999999986,0,0,55.4,1.8,0.277419,0.812903,1.534466,0,0.251275,-2.9919999999999987,0.24412872000000005,6.630683385642372,40,5,HARD,77.402,0.6083333333333343,1.814666666666663,5.0,17.0,0.09898066666666666,0
12,LEC,42,8528.528,9049.867,9049.867,MEDIUM>HARD,HARD,21,2,1.5546666666666624,-0.032333333333340875,1.5870000000000033,"HAM,HUL,LIN,SAI,OCO",5,-0.4236666666666622,2.0106666666666655,0.5949999999999989,0.3638343333333333,0.256718,76.846,75.29133333333334,1,21.0,0.5833333333333334,72,8,0.20949999999999136,0.02400000000000091,0.0,-0.22149999999999181,0.06610000000000156,0.06610000000000156,-0.028337174108344243,0.02950769933016326,0.02950769933016326,0.17399999999999238,0.12950000000000017,0,1,0,76.889,0.04369907189187927,-0.02400000000000091,-0.042999999999992156,-0.2238750000000067,-1.096500000000006,0.7424999999999997,-0.036592300669838304,7.0,2.0,33.4,19.0,0.3999999999999986,0,0,55.7,0.0,0.201299,0.902597,1.388198,0,0.109796,-1.3440000000000012,0.16909116000000002,6.705639094860003,43,5,MEDIUM,76.889,0.9126666666666807,2.2056666666666636,5.0,16.0,0.3419043333333333,0
12,PIA,43,8616.581,9129.67,9129.67,HARD>SOFT,SOFT,25,5,1.8856666666666655,-0.14066666666667516,2.0263333333333406,"OCO,ALO,PER,SAI,HAM",5,0.3446666666666687,1.681666666666672,0.4863333333333344,0.23871,0.40684899999999996,77.528,75.64233333333334,1,25.0,0.5972222222222222,72,8,0.16599999999999682,0.2120000000000033,0.0,-0.10600000000000875,-0.029041666666667375,-0.029041666666667375,-0.018177854541690408,0.0011896978399850106,0.0011896978399850106,0.2120000000000033,-0.07150000000000745,0,0,1,77.58,0.028000068031758474,-0.2120000000000033,-0.0519999999999925,-0.07325000000000159,-0.2120000000000033,0.6260000000000048,0.030231364506652387,7.0,5.0,32.9,19.1,-0.5,0,0,56.8,1.2,0.270968,0.56129,1.592923,0,0.19999999999999998,-2.1000000000000014,0.270968,6.733401891837359,44,5,HARD,77.58,0.9083333333333456,2.042666666666657,5.0,20.0,-0.3793190000000001,0
12,TSU,43,8675.486,9129.67,9129.67,HARD>SOFT,SOFT,25,4,2.3556666666666644,0.4753333333333387,1.8803333333333256,"BOR,LIN,BOT,SAI,ALB",5,-2.0300000000000153,3.910333333333341,0.5243333333333453,0.003944666666666667,0.04675066666666666,79.95366666666666,77.598,1,25.0,0.5972222222222222,72,8,0.07799999999999585,6.210000000000008,-6.171999999999997,-6.1910000000000025,0.02037499999999426,0.02037499999999426,-6.225536483731844,-0.026393100000151253,-0.026393100000151253,6.210000000000008,0.09900000000000375,0,0,1,84.081,5.0,-6.210000000000008,-4.12733333333334,-5.444625000000002,6.189999999999998,0.4829999999999899,-0.046768100000145515,7.0,9.0,33.5,19.2,0.10000000000000142,0,0,56.3,2.2,0.011834,0.029586,7.560469,0,0.011834,-1.5,0.011834,6.74993119378857,44,5,HARD,84.081,1.112333333333325,2.323666666666668,5.0,20.0,-0.16698166666666664,0
12,COL,44,8787.387,9209.847,9209.847,HARD>SOFT,SOFT,23,2,1.8796666666666795,0.20266666666667277,1.6770000000000067,"BOR,PER,OCO,LIN,BOT",5,0.3743333333333396,1.302666666666667,0.48433333333332484,0.027601,0.1689463333333333,78.51766666666667,76.63799999999999,1,23.0,0.6111111111111112,72,8,0.3480000000000061,0.0,-0.02400000000000091,-0.012000000000000455,0.04400000000000119,0.04400000000000119,0.04506682152171493,-0.02344501132732723,-0.02344501132732723,0.02400000000000091,0.04899999999999238,0,0,1,78.659,-0.07018995906052794,0.0,-0.14133333333333553,0.32312500000000455,0.5760000000000076,0.9265000000000043,-0.06744501132732841,7.0,17.0,33.7,19.2,0.20000000000000284,0,0,56.3,0.8,0.012739,0.522293,2.450463,0,0.012739,-1.1959999999999973,0.01171988,6.786716950605081,45,6,HARD,78.659,1.0323333333333267,2.1153333333333344,5.0,18.0,0.027601,0
12,GAS,45,8833.558,9290.13,9290.13,HARD>MEDIUM,MEDIUM,27,4,1.63600000000001,0.0899999999999892,1.5460000000000207,"OCO,PER,ALO,ANT,BOT",5,0.7453333333333205,0.8006666666667002,0.06533333333334213,0.24203833333333333,0.7494553333333333,78.15133333333334,76.51533333333333,1,27.0,0.625,72,8,0.3205000000000098,0.17100000000000648,0.0,-0.08549999999999613,0.017433333333335098,0.017433333333335098,-0.1513326817379692,-0.041626559235364305,-0.041626559235364305,-0.5139999999999958,-0.0870000000000033,0,0,1,78.037,0.23339085127842907,-0.17100000000000648,0.11433333333333451,0.15312499999998863,0.030000000000001137,0.8830000000000027,-0.0590598925686994,7.0,9.0,33.7,19.2,-1.0999999999999943,0,0,56.3,0.8,0.0,0.0,8.343046,0,-0.726115,-1.403999999999997,0.0,6.795705775173514,46,5,HARD,78.037,-1.038666666666657,-0.1939999999999979,5.0,22.0,-0.7327116666666665,0
12,LAW,46,8868.683,9376.799,9376.799,MEDIUM>MEDIUM,MEDIUM,25,2,2.0123333333333306,0.021000000000000796,1.9913333333333298,"BOR,OCO,ALO,PER,LIN",5,-0.3783333333333445,2.3696666666666744,0.4580000000000126,0.142346,0.08884466666666667,78.10966666666667,76.09733333333334,1,25.0,0.6388888888888888,72,8,0.177500000000002,1.0250000000000057,-0.7169999999999987,-1.0720000000000027,0.11732500000000137,0.11732500000000137,-0.5632991862853771,0.09778648892773024,0.09778648892773024,0.7169999999999987,-0.14100000000000534,0,1,0,78.694,0.8676600975185806,-1.0250000000000057,-0.5843333333333334,-0.9673750000000041,0.7809999999999917,0.8584999999999923,-0.019538511072271128,7.0,7.0,34.3,19.2,0.5999999999999943,0,0,55.4,1.7,0.382166,0.828025,1.448645,0,0.337294,-0.7000000000000028,0.382166,6.811244378601294,47,6,MEDIUM,78.694,1.2759999999999962,2.2973333333333272,5.0,20.0,0.142346,0
12,NOR,46,8824.505,9376.799,9376.799,HARD>HARD,HARD,25,2,2.3923333333333403,0.11900000000001398,2.2733333333333263,"LIN,ANT,HAM,ALO,RUS",5,0.08566666666666833,2.187666666666658,0.09800000000001319,0.05844166666666667,0.2260416666666667,76.80966666666667,74.41733333333333,1,25.0,0.6388888888888888,72,8,0.2119999999999962,0.125,0.0,-0.12600000000000477,0.03237500000000004,0.03237500000000004,-0.006997740230971772,0.009548224686328148,0.009548224686328148,0.12699999999999534,0.02400000000000091,0,0,1,76.72,0.01077874798870937,-0.125,0.08966666666667322,-0.08637500000000387,-1.3675000000000068,0.8830000000000027,-0.022826775313671895,7.0,1.0,33.7,19.2,-1.0999999999999943,0,0,56.3,0.8,0.0,0.0,7.360292,0,0.0,-1.2999999999999972,0.0,6.794586580876499,47,5,HARD,76.72,0.7439999999999998,1.7829999999999917,5.0,20.0,-0.14511866666666667,0
12,HUL,47,8973.127,9482.251,9482.251,SOFT>HARD,HARD,28,2,0.05366666666667186,-0.03999999999997783,0.09366666666664969,"BOR,LIN,OCO,HAM,ALO",5,0.43599999999999284,-0.34233333333334315,0.20633333333336168,0.0021366666666666665,0.225503,77.91533333333334,77.86166666666666,1,28.0,0.6527777777777778,72,8,0.07100000000000506,0.23999999999999488,-0.3050000000000068,-0.23699999999999477,0.0005000000000012031,0.0005000000000012031,-0.19131533028172498,0.0253756805885374,0.0253756805885374,0.3050000000000068,0.08449999999999847,1,0,0,78.131,0.2946678935893772,-0.23999999999999488,-0.2156666666666638,-0.22425000000001205,0.7789999999999964,1.4120000000000061,0.024875680588536196,7.0,8.0,34.8,19.2,0.5,0,0,54.7,0.8,0.00641,0.121795,3.910584,0,0.00641,-0.2240000000000032,0.0071792,6.836259277277067,48,5,SOFT,78.131,-1.529999999999987,-0.18283333333333476,5.0,23.0,-0.9601276666666666,0
